data_inversa;dia_semana;horario;uf;br;municipio;causa_acidente;tipo_acidente;classificacao_acidente;fase_dia;condicao_metereologica;tipo_pista;tracado_via;uso_solo;mortos;acidente_fatal
2025-01-10;sexta-feira;07:00:00;MT;163;SINOP;Reaï¿½ï¿½o tardia ou ineficiente do condutor;Colisï¿½o traseira;Sem Vï¿½timas;Pleno dia;Chuva;Simples;Curva;Nï¿½o;0;0
2025-01-10;sexta-feira;06:10:00;BA;101;CAMACAN;Velocidade Incompatï¿½vel;Colisï¿½o frontal;Com Vï¿½timas Feridas;Pleno dia;Chuva;Simples;Curva;Nï¿½o;0;0
2025-01-10;sexta-feira;04:40:00;RJ;116;RESENDE;Transitar na contramï¿½o;Colisï¿½o frontal;Com Vï¿½timas Fatais;Amanhecer;Cï¿½u Claro;Dupla;Reta;Sim;1;1
2025-01-10;sexta-feira;04:40:00;MG;262;RIO CASCA;Velocidade Incompatï¿½vel;Saï¿½da de leito carroï¿½ï¿½vel;Com Vï¿½timas Feridas;Plena Noite;Ignorado;Simples;Curva;Nï¿½o;0;0
2025-01-10;sexta-feira;09:15:00;PR;376;APUCARANA;Acessar a via sem observar a presenï¿½a dos outros veï¿½culos;Colisï¿½o transversal;Sem Vï¿½timas;Pleno dia;Cï¿½u Claro;Simples;"Reta;Declive";Sim;0;0
2025-01-10;sexta-feira;08:10:00;MT;158;BARRA DO GARCAS;Ausï¿½ncia de reaï¿½ï¿½o do condutor;Colisï¿½o lateral sentido oposto;Com Vï¿½timas Feridas;Pleno dia;Nublado;Simples;Reta;Nï¿½o;0;0
2025-01-10;sexta-feira;07:00:00;RJ;40;DUQUE DE CAXIAS;Reaï¿½ï¿½o tardia ou ineficiente do condutor;Colisï¿½o traseira;Com Vï¿½timas Feridas;Pleno dia;Nublado;Mï¿½ltipla;Reta;Sim;0;0
2025-01-10;sexta-feira;09:00:00;PB;412;SERRA BRANCA;Manobra de mudanï¿½a de faixa;Colisï¿½o frontal;Com Vï¿½timas Fatais;Pleno dia;Cï¿½u Claro;Simples;Reta;Nï¿½o;1;1
2025-01-10;sexta-feira;09:40:00;RJ;393;VOLTA REDONDA;Reaï¿½ï¿½o tardia ou ineficiente do condutor;Colisï¿½o traseira;Com Vï¿½timas Feridas;Pleno dia;Sol;Simples;Reta;Sim;0;0
2025-01-10;sexta-feira;10:50:00;PI;402;BURITI DOS LOPES;Curva acentuada;Tombamento;Com Vï¿½timas Feridas;Pleno dia;Cï¿½u Claro;Simples;Curva;Nï¿½o;0;0
2025-01-10;sexta-feira;09:20:00;SC;116;LAGES;Manobra de mudanï¿½a de faixa;Colisï¿½o frontal;Com Vï¿½timas Fatais;Pleno dia;Cï¿½u Claro;Simples;Reta;Nï¿½o;1;1
2025-01-10;sexta-feira;10:15:00;MG;251;PADRE CARVALHO;Reaï¿½ï¿½o tardia ou ineficiente do condutor;Colisï¿½o traseira;Com Vï¿½timas Feridas;Pleno dia;Nublado;Simples;"Curva;Declive";Nï¿½o;0;0
2025-01-10;sexta-feira;14:15:00;ES;101;IBIRACU;Reaï¿½ï¿½o tardia ou ineficiente do condutor;Colisï¿½o com objeto;Com Vï¿½timas Fatais;Pleno dia;Chuva;Simples;"Aclive;Reta";Sim;1;1
2025-01-10;sexta-feira;14:30:00;SE;101;SAO FRANCISCO;Retorno proibido;Colisï¿½o lateral mesmo sentido;Sem Vï¿½timas;Pleno dia;Nublado;Dupla;"Retorno Regulamentado;Reta";Nï¿½o;0;0
2025-01-10;sexta-feira;05:30:00;MA;222;BOM JESUS DAS SELVAS;Velocidade Incompatï¿½vel;Tombamento;Com Vï¿½timas Feridas;Amanhecer;Cï¿½u Claro;Simples;"Declive;Curva";Nï¿½o;0;0
2025-01-10;sexta-feira;13:57:00;RS;116;CANOAS;Manobra de mudanï¿½a de faixa;Colisï¿½o traseira;Com Vï¿½timas Feridas;Pleno dia;Cï¿½u Claro;Dupla;Reta;Sim;0;0
2025-01-10;sexta-feira;15:15:00;GO;414;COCALZINHO DE GOIAS;Transitar na contramï¿½o;Colisï¿½o frontal;Com Vï¿½timas Fatais;Pleno dia;Nublado;Simples;Curva;Sim;1;1
2025-01-10;sexta-feira;15:20:00;SE;235;LARANJEIRAS;Chuva;Colisï¿½o frontal;Com Vï¿½timas Feridas;Pleno dia;Chuva;Simples;Reta;Nï¿½o;0;0
2025-01-10;sexta-feira;15:00:00;BA;101;ESPLANADA;Condutor deixou de manter distï¿½ncia do veï¿½culo da frente;Colisï¿½o com objeto;Com Vï¿½timas Feridas;Pleno dia;Chuva;Simples;Desvio Temporï¿½rio;Nï¿½o;0;0
2025-01-10;sexta-feira;14:15:00;MS;163;CAARAPO;Ausï¿½ncia de reaï¿½ï¿½o do condutor;Saï¿½da de leito carroï¿½ï¿½vel;Com Vï¿½timas Feridas;Pleno dia;Cï¿½u Claro;Simples;Reta;Nï¿½o;0;0
2025-01-10;sexta-feira;16:30:00;SE;101;CRISTINAPOLIS;Velocidade Incompatï¿½vel;Colisï¿½o transversal;Com Vï¿½timas Feridas;Pleno dia;Chuva;Simples;Curva;Nï¿½o;0;0
2025-01-10;sexta-feira;17:45:00;RS;116;PELOTAS;Reaï¿½ï¿½o tardia ou ineficiente do condutor;Colisï¿½o lateral mesmo sentido;Com Vï¿½timas Feridas;Pleno dia;Cï¿½u Claro;Dupla;Reta;Nï¿½o;0;0
2025-01-10;sexta-feira;17:30:00;CE;222;SAO GONCALO DO AMARANTE;Condutor deixou de manter distï¿½ncia do veï¿½culo da frente;Colisï¿½o traseira;Com Vï¿½timas Feridas;Pleno dia;Cï¿½u Claro;Simples;Reta;Nï¿½o;0;0
2025-01-10;sexta-feira;16:00:00;AL;101;PORTO REAL DO COLEGIO;Condutor deixou de manter distï¿½ncia do veï¿½culo da frente;Colisï¿½o lateral mesmo sentido;Sem Vï¿½timas;Pleno dia;Chuva;Dupla;Curva;Nï¿½o;0;0
2025-01-10;sexta-feira;14:00:00;MT;163;SORRISO;Ingestï¿½o de ï¿½lcool pelo condutor;Colisï¿½o transversal;Sem Vï¿½timas;Pleno dia;Chuva;Simples;Reta;Nï¿½o;0;0
2025-01-10;sexta-feira;09:00:00;CE;116;JATI;Chuva;Colisï¿½o lateral sentido oposto;Com Vï¿½timas Fatais;Pleno dia;Chuva;Simples;"Curva;Declive";Nï¿½o;1;1
2025-01-10;sexta-feira;20:51:00;MS;163;RIO VERDE DE MATO GROSSO;Acessar a via sem observar a presenï¿½a dos outros veï¿½culos;Colisï¿½o transversal;Com Vï¿½timas Feridas;Plena Noite;Cï¿½u Claro;Simples;Interseï¿½ï¿½o de Vias;Sim;0;0
2025-01-10;sexta-feira;20:00:00;SC;116;PAPANDUVA;Conversï¿½o proibida;Colisï¿½o transversal;Com Vï¿½timas Feridas;Plena Noite;Cï¿½u Claro;Simples;Reta;Nï¿½o;0;0
2025-01-10;sexta-feira;20:55:00;SE;101;MALHADA DOS BOIS;Manobra de mudanï¿½a de faixa;Colisï¿½o traseira;Sem Vï¿½timas;Plena Noite;Cï¿½u Claro;Dupla;Reta;Nï¿½o;0;0
2025-01-10;sexta-feira;20:30:00;SC;280;RIO NEGRINHO;Acessar a via sem observar a presenï¿½a dos outros veï¿½culos;Colisï¿½o transversal;Com Vï¿½timas Feridas;Plena Noite;Cï¿½u Claro;Simples;Interseï¿½ï¿½o de Vias;Sim;0;0
2025-01-10;sexta-feira;18:00:00;SC;116;SANTA CECILIA;Velocidade Incompatï¿½vel;Saï¿½da de leito carroï¿½ï¿½vel;Com Vï¿½timas Feridas;Pleno dia;Nublado;Simples;"Curva;Declive";Nï¿½o;0;0
2025-01-10;sexta-feira;22:20:00;BA;101;EUNAPOLIS;Pista Escorregadia;Colisï¿½o com objeto;Com Vï¿½timas Feridas;Plena Noite;Nublado;Simples;Reta;Nï¿½o;0;0
2025-01-10;sexta-feira;23:25:00;SP;116;GUARULHOS;Ausï¿½ncia de reaï¿½ï¿½o do condutor;Colisï¿½o com objeto;Com Vï¿½timas Feridas;Plena Noite;Nublado;Dupla;Declive;Sim;0;0
2025-01-10;sexta-feira;22:15:00;GO;20;POSSE;Condutor Dormindo;Tombamento;Com Vï¿½timas Feridas;Plena Noite;Garoa/Chuvisco;Simples;"Aclive;Curva";Nï¿½o;0;0
2025-01-11;sï¿½bado;01:00:00;TO;153;CARIRI DO TOCANTINS;Animais na Pista;Atropelamento de Animal;Com Vï¿½timas Feridas;Plena Noite;Nublado;Simples;Reta;Nï¿½o;0;0
2025-01-10;sexta-feira;22:40:00;MG;116;SAO FRANCISCO DO GLORIA;Ausï¿½ncia de reaï¿½ï¿½o do condutor;Saï¿½da de leito carroï¿½ï¿½vel;Com Vï¿½timas Feridas;Plena Noite;Cï¿½u Claro;Simples;Reta;Nï¿½o;0;0
2025-01-10;sexta-feira;23:00:00;MG;381;EXTREMA;Velocidade Incompatï¿½vel;Colisï¿½o lateral mesmo sentido;Com Vï¿½timas Feridas;Plena Noite;Nublado;Dupla;"Aclive;Reta";Nï¿½o;0;0
2025-01-11;sï¿½bado;02:30:00;MG;381;NOVA ERA;Condutor Dormindo;Colisï¿½o traseira;Com Vï¿½timas Feridas;Plena Noite;Nublado;Simples;"Curva;Declive";Sim;0;0
2025-01-11;sï¿½bado;04:40:00;AL;101;PORTO REAL DO COLEGIO;Condutor Dormindo;Saï¿½da de leito carroï¿½ï¿½vel;Com Vï¿½timas Feridas;Amanhecer;Nublado;Dupla;Curva;Nï¿½o;0;0
2025-01-11;sï¿½bado;04:00:00;SC;116;CORREIA PINTO;Ingestï¿½o de ï¿½lcool pelo condutor;Colisï¿½o traseira;Com Vï¿½timas Feridas;Plena Noite;Nublado;Simples;Rotatï¿½ria;Sim;0;0
2025-01-10;sexta-feira;22:00:00;BA;407;JAGUARARI;Ingestï¿½o de ï¿½lcool pelo condutor;Colisï¿½o traseira;Com Vï¿½timas Feridas;Plena Noite;Cï¿½u Claro;Simples;Reta;Nï¿½o;0;0
2025-01-11;sï¿½bado;06:10:00;SP;116;GUARULHOS;Manobra de mudanï¿½a de faixa;Colisï¿½o lateral mesmo sentido;Com Vï¿½timas Feridas;Pleno dia;Cï¿½u Claro;Mï¿½ltipla;Reta;Sim;0;0
2025-01-11;sï¿½bado;06:04:00;PR;376;PALMEIRA;Condutor deixou de manter distï¿½ncia do veï¿½culo da frente;Colisï¿½o traseira;Sem Vï¿½timas;Amanhecer;Nublado;Dupla;"Reta;Declive";Nï¿½o;0;0
2025-01-10;sexta-feira;13:40:00;MT;70;GENERAL CARNEIRO;Acostamento em desnï¿½vel;Tombamento;Sem Vï¿½timas;Pleno dia;Nublado;Simples;Curva;Nï¿½o;0;0
2025-01-11;sï¿½bado;07:47:00;PE;101;RECIFE;Condutor deixou de manter distï¿½ncia do veï¿½culo da frente;Colisï¿½o traseira;Com Vï¿½timas Feridas;Pleno dia;Cï¿½u Claro;Mï¿½ltipla;"Reta;Viaduto";Sim;0;0
2025-01-11;sï¿½bado;07:40:00;BA;324;AMELIA RODRIGUES;Carga excessiva e/ou mal acondicionada;Colisï¿½o com objeto;Com Vï¿½timas Feridas;Pleno dia;Nublado;Mï¿½ltipla;Reta;Nï¿½o;0;0
2025-01-07;terï¿½a-feira;18:40:00;MG;50;UBERLANDIA;Condutor Dormindo;Tombamento;Com Vï¿½timas Feridas;Anoitecer;Nublado;Dupla;Curva;Nï¿½o;0;0
2025-01-11;sï¿½bado;05:57:00;CE;222;FORQUILHA;Carga excessiva e/ou mal acondicionada;Tombamento;Com Vï¿½timas Feridas;Pleno dia;Cï¿½u Claro;Simples;Reta;Nï¿½o;0;0
2025-01-11;sï¿½bado;05:40:00;BA;101;ARATACA;Curva acentuada;Capotamento;Com Vï¿½timas Fatais;Amanhecer;Garoa/Chuvisco;Simples;Curva;Nï¿½o;1;1
2025-01-10;sexta-feira;16:30:00;RJ;493;NOVA IGUACU;Demais falhas mecï¿½nicas ou elï¿½tricas;Incï¿½ndio;Sem Vï¿½timas;Pleno dia;Cï¿½u Claro;Dupla;Reta;Nï¿½o;0;0
2025-01-11;sï¿½bado;08:33:00;MT;364;SANTO ANTONIO DO LEVERGER;Reaï¿½ï¿½o tardia ou ineficiente do condutor;Colisï¿½o traseira;Com Vï¿½timas Feridas;Pleno dia;Chuva;Dupla;"Curva;Declive";Nï¿½o;0;0
2025-01-11;sï¿½bado;09:50:00;PR;277;PARANAGUA;Demais falhas mecï¿½nicas ou elï¿½tricas;Colisï¿½o traseira;Com Vï¿½timas Feridas;Pleno dia;Cï¿½u Claro;Dupla;Reta;Nï¿½o;0;0
2025-01-11;sï¿½bado;09:20:00;SC;282;PALHOCA;Reaï¿½ï¿½o tardia ou ineficiente do condutor;Colisï¿½o traseira;Com Vï¿½timas Feridas;Pleno dia;Chuva;Simples;Reta;Nï¿½o;0;0
2025-01-11;sï¿½bado;07:00:00;PE;316;PETROLANDIA;Transitar na contramï¿½o;Colisï¿½o transversal;Com Vï¿½timas Fatais;Pleno dia;Cï¿½u Claro;Simples;Reta;Nï¿½o;1;1
2025-01-10;sexta-feira;23:00:00;BA;101;URUCUCA;Demais Fenï¿½menos da natureza;Tombamento;Com Vï¿½timas Feridas;Plena Noite;Chuva;Simples;Reta;Nï¿½o;0;0
2025-01-11;sï¿½bado;06:00:00;RS;290;SAO GABRIEL;Ultrapassagem Indevida;Colisï¿½o traseira;Com Vï¿½timas Fatais;Amanhecer;Cï¿½u Claro;Simples;Reta;Nï¿½o;3;1
2025-01-11;sï¿½bado;11:30:00;PR;116;CURITIBA;Ausï¿½ncia de reaï¿½ï¿½o do condutor;Colisï¿½o traseira;Sem Vï¿½timas;Pleno dia;Nublado;Dupla;Reta;Nï¿½o;0;0
2025-01-11;sï¿½bado;12:00:00;MG;381;LAVRAS;Manobra de mudanï¿½a de faixa;Colisï¿½o traseira;Com Vï¿½timas Feridas;Pleno dia;Cï¿½u Claro;Dupla;"Reta;Aclive";Nï¿½o;0;0
2025-01-10;sexta-feira;17:00:00;MT;174;PONTES E LACERDA;Falta de elemento de contenï¿½ï¿½o que evite a saï¿½da do leito carroï¿½ï¿½vel;Saï¿½da de leito carroï¿½ï¿½vel;Sem Vï¿½timas;Pleno dia;Cï¿½u Claro;Simples;Reta;Nï¿½o;0;0
2025-01-11;sï¿½bado;14:00:00;CE;116;RUSSAS;Condutor Dormindo;Colisï¿½o lateral sentido oposto;Com Vï¿½timas Feridas;Pleno dia;Cï¿½u Claro;Simples;Reta;Nï¿½o;0;0
2025-01-11;sï¿½bado;13:50:00;MG;116;CARATINGA;Ausï¿½ncia de reaï¿½ï¿½o do condutor;Colisï¿½o traseira;Com Vï¿½timas Feridas;Pleno dia;Cï¿½u Claro;Simples;Reta;Sim;0;0
2025-01-11;sï¿½bado;13:45:00;BA;116;VITORIA DA CONQUISTA;Ultrapassagem Indevida;Colisï¿½o frontal;Com Vï¿½timas Feridas;Pleno dia;Nublado;Simples;Reta;Nï¿½o;0;0
2025-01-11;sï¿½bado;15:00:00;SC;101;IMBITUBA;Transitar na contramï¿½o;Colisï¿½o lateral sentido oposto;Com Vï¿½timas Feridas;Pleno dia;Nublado;Mï¿½ltipla;Interseï¿½ï¿½o de Vias;Nï¿½o;0;0
2025-01-11;sï¿½bado;13:30:00;RS;290;CACAPAVA DO SUL;Transitar na contramï¿½o;Colisï¿½o frontal;Com Vï¿½timas Feridas;Pleno dia;Cï¿½u Claro;Simples;Reta;Nï¿½o;0;0
2025-01-11;sï¿½bado;15:15:00;MT;163;SORRISO;Reaï¿½ï¿½o tardia ou ineficiente do condutor;Colisï¿½o traseira;Com Vï¿½timas Feridas;Pleno dia;Chuva;Dupla;Retorno Regulamentado;Sim;0;0
2025-01-11;sï¿½bado;16:55:00;SE;101;ESTANCIA;Condutor deixou de manter distï¿½ncia do veï¿½culo da frente;Colisï¿½o traseira;Sem Vï¿½timas;Anoitecer;Nublado;Simples;Reta;Sim;0;0
2025-01-11;sï¿½bado;16:10:00;SC;116;SANTA CECILIA;Ultrapassagem Indevida;Colisï¿½o traseira;Com Vï¿½timas Feridas;Pleno dia;Cï¿½u Claro;Simples;"Declive;Reta";Nï¿½o;0;0
2025-01-11;sï¿½bado;12:00:00;RJ;356;ITAPERUNA;Velocidade Incompatï¿½vel;Colisï¿½o lateral sentido oposto;Sem Vï¿½timas;Pleno dia;Cï¿½u Claro;Simples;"Declive;Curva";Nï¿½o;0;0
2025-01-11;sï¿½bado;20:00:00;RO;319;PORTO VELHO;Velocidade Incompatï¿½vel;Colisï¿½o traseira;Com Vï¿½timas Feridas;Plena Noite;Cï¿½u Claro;Simples;Reta;Sim;0;0
2025-01-11;sï¿½bado;21:40:00;BA;415;VITORIA DA CONQUISTA;Ausï¿½ncia de reaï¿½ï¿½o do condutor;Colisï¿½o frontal;Com Vï¿½timas Feridas;Plena Noite;Chuva;Simples;Reta;Sim;0;0
2025-01-11;sï¿½bado;22:10:00;MG;40;RIBEIRAO DAS NEVES;Manobra de mudanï¿½a de faixa;Colisï¿½o lateral mesmo sentido;Sem Vï¿½timas;Plena Noite;Cï¿½u Claro;Dupla;Reta;Sim;0;0
2025-01-11;sï¿½bado;17:15:00;MG;354;CAXAMBU;Afundamento ou ondulaï¿½ï¿½o no pavimento;Tombamento;Com Vï¿½timas Feridas;Pleno dia;Nublado;Simples;Curva;Nï¿½o;0;0
2025-01-11;sï¿½bado;19:20:00;MG;251;PADRE CARVALHO;Acessar a via sem observar a presenï¿½a dos outros veï¿½culos;Colisï¿½o transversal;Com Vï¿½timas Feridas;Plena Noite;Nublado;Simples;"Declive;Reta";Nï¿½o;0;0
2025-01-11;sï¿½bado;22:00:00;BA;116;POCOES;Frear bruscamente;Tombamento;Sem Vï¿½timas;Plena Noite;Garoa/Chuvisco;Simples;Reta;Nï¿½o;0;0
2025-01-12;domingo;04:40:00;GO;153;JARAGUA;Condutor Dormindo;Colisï¿½o lateral sentido oposto;Com Vï¿½timas Feridas;Amanhecer;Cï¿½u Claro;Simples;Reta;Nï¿½o;0;0
2025-01-12;domingo;05:20:00;MS;163;CAMPO GRANDE;Suicï¿½dio (presumido);Colisï¿½o lateral sentido oposto;Com Vï¿½timas Feridas;Amanhecer;Cï¿½u Claro;Simples;Reta;Nï¿½o;0;0
2025-01-12;domingo;05:54:00;TO;153;CARIRI DO TOCANTINS;Ausï¿½ncia de reaï¿½ï¿½o do condutor;Colisï¿½o lateral sentido oposto;Sem Vï¿½timas;Amanhecer;Garoa/Chuvisco;Simples;Reta;Nï¿½o;0;0
2025-01-12;domingo;07:00:00;MG;365;JEQUITAI;Reaï¿½ï¿½o tardia ou ineficiente do condutor;Colisï¿½o transversal;Com Vï¿½timas Feridas;Pleno dia;Chuva;Simples;Reta;Nï¿½o;0;0
2025-01-12;domingo;10:10:00;PE;232;RECIFE;Ausï¿½ncia de reaï¿½ï¿½o do condutor;Colisï¿½o traseira;Com Vï¿½timas Feridas;Pleno dia;Nublado;Dupla;Reta;Sim;0;0
2025-01-12;domingo;08:45:00;MS;262;MIRANDA;Transitar na contramï¿½o;Colisï¿½o frontal;Com Vï¿½timas Feridas;Pleno dia;Cï¿½u Claro;Simples;"Reta;Declive";Sim;0;0
2025-01-12;domingo;08:20:00;MS;163;CAMPO GRANDE;Acessar a via sem observar a presenï¿½a dos outros veï¿½culos;Colisï¿½o transversal;Com Vï¿½timas Feridas;Pleno dia;Cï¿½u Claro;Simples;"Reta;Interseï¿½ï¿½o de Vias";Sim;0;0
2025-01-12;domingo;10:00:00;BA;324;FEIRA DE SANTANA;Condutor deixou de manter distï¿½ncia do veï¿½culo da frente;Colisï¿½o traseira;Com Vï¿½timas Feridas;Pleno dia;Cï¿½u Claro;Dupla;Reta;Sim;0;0
2025-01-12;domingo;05:30:00;MG;116;GOVERNADOR VALADARES;Acessar a via sem observar a presenï¿½a dos outros veï¿½culos;Colisï¿½o lateral mesmo sentido;Com Vï¿½timas Feridas;Amanhecer;Chuva;Simples;Reta;Sim;0;0
2025-01-12;domingo;10:29:00;RS;158;SANTA MARIA;Acessar a via sem observar a presenï¿½a dos outros veï¿½culos;Colisï¿½o transversal;Com Vï¿½timas Fatais;Pleno dia;Cï¿½u Claro;Dupla;"Interseï¿½ï¿½o de Vias;Viaduto;Rotatï¿½ria";Sim;1;1
2025-01-12;domingo;11:47:00;SC;101;BIGUACU;Suicï¿½dio (presumido);Atropelamento de Pedestre;Com Vï¿½timas Fatais;Pleno dia;Cï¿½u Claro;Mï¿½ltipla;"Reta;Ponte";Sim;1;1
2025-01-12;domingo;11:10:00;PR;373;PONTA GROSSA;Acessar a via sem observar a presenï¿½a dos outros veï¿½culos;Colisï¿½o lateral mesmo sentido;Com Vï¿½timas Feridas;Pleno dia;Nublado;Dupla;"Aclive;Reta";Sim;0;0
2025-01-12;domingo;10:25:00;SC;101;BALNEARIO CAMBORIU;Reaï¿½ï¿½o tardia ou ineficiente do condutor;Tombamento;Com Vï¿½timas Fatais;Pleno dia;Nublado;Mï¿½ltipla;Reta;Sim;1;1
2025-01-12;domingo;13:30:00;GO;153;PIRACANJUBA;Ausï¿½ncia de reaï¿½ï¿½o do condutor;Colisï¿½o traseira;Com Vï¿½timas Feridas;Pleno dia;Cï¿½u Claro;Dupla;Reta;Sim;0;0
2025-01-12;domingo;11:50:00;MG;381;CARMO DA CACHOEIRA;Reaï¿½ï¿½o tardia ou ineficiente do condutor;Colisï¿½o traseira;Com Vï¿½timas Feridas;Pleno dia;Chuva;Dupla;Curva;Nï¿½o;0;0
2025-01-12;domingo;10:00:00;BA;116;TUCANO;Demais falhas mecï¿½nicas ou elï¿½tricas;Tombamento;Sem Vï¿½timas;Pleno dia;Chuva;Simples;Reta;Nï¿½o;0;0
2025-01-12;domingo;05:30:00;MG;251;GRAO MOGOL;Demais falhas mecï¿½nicas ou elï¿½tricas;Incï¿½ndio;Sem Vï¿½timas;Amanhecer;Nublado;Simples;Reta;Nï¿½o;0;0
2025-01-12;domingo;06:45:00;BA;116;QUIJINGUE;Acostamento em desnï¿½vel;Saï¿½da de leito carroï¿½ï¿½vel;Com Vï¿½timas Feridas;Pleno dia;Nublado;Simples;Declive;Nï¿½o;0;0
2025-01-12;domingo;14:00:00;AL;101;JEQUIA DA PRAIA;Ausï¿½ncia de reaï¿½ï¿½o do condutor;Tombamento;Com Vï¿½timas Feridas;Pleno dia;Cï¿½u Claro;Dupla;"Curva;Aclive";Nï¿½o;0;0
2025-01-12;domingo;18:30:00;PR;116;CURITIBA;Reaï¿½ï¿½o tardia ou ineficiente do condutor;Colisï¿½o com objeto;Com Vï¿½timas Fatais;Pleno dia;Nublado;Dupla;Reta;Sim;1;1
2025-01-12;domingo;17:15:00;MS;267;CARACOL;Objeto estï¿½tico sobre o leito carroï¿½ï¿½vel;Colisï¿½o com objeto;Com Vï¿½timas Feridas;Pleno dia;Cï¿½u Claro;Simples;"Aclive;Curva";Nï¿½o;0;0
2025-01-12;domingo;08:00:00;BA;101;GOVERNADOR MANGABEIRA;Reaï¿½ï¿½o tardia ou ineficiente do condutor;Tombamento;Sem Vï¿½timas;Pleno dia;Chuva;Dupla;"Curva;Aclive";Nï¿½o;0;0
2025-01-12;domingo;20:30:00;MG;153;PRATA;Acumulo de ï¿½gua sobre o pavimento;Saï¿½da de leito carroï¿½ï¿½vel;Com Vï¿½timas Feridas;Plena Noite;Nublado;Simples;"Declive;Reta";Nï¿½o;0;0
2025-01-12;domingo;20:50:00;RN;304;ACU;Condutor Dormindo;Colisï¿½o frontal;Com Vï¿½timas Feridas;Plena Noite;Cï¿½u Claro;Simples;Reta;Nï¿½o;0;0
2025-01-12;domingo;20:50:00;SP;116;JUQUIA;Ausï¿½ncia de reaï¿½ï¿½o do condutor;Colisï¿½o traseira;Com Vï¿½timas Feridas;Plena Noite;Cï¿½u Claro;Dupla;Reta;Nï¿½o;0;0
2025-01-12;domingo;21:45:00;PR;376;MAUA DA SERRA;Reaï¿½ï¿½o tardia ou ineficiente do condutor;Tombamento;Com Vï¿½timas Fatais;Plena Noite;Cï¿½u Claro;Dupla;Reta;Nï¿½o;1;1
2025-01-12;domingo;22:06:00;MT;364;RONDONOPOLIS;Ausï¿½ncia de reaï¿½ï¿½o do condutor;Saï¿½da de leito carroï¿½ï¿½vel;Com Vï¿½timas Feridas;Plena Noite;Cï¿½u Claro;Dupla;"Rotatï¿½ria;Interseï¿½ï¿½o de Vias";Sim;0;0
2025-01-12;domingo;23:40:00;ES;101;SAO MATEUS;Ingestï¿½o de ï¿½lcool pelo condutor;Colisï¿½o frontal;Com Vï¿½timas Feridas;Plena Noite;Garoa/Chuvisco;Simples;Reta;Nï¿½o;0;0
2025-01-12;domingo;22:05:00;MG;116;CATUJI;Velocidade Incompatï¿½vel;Saï¿½da de leito carroï¿½ï¿½vel;Com Vï¿½timas Feridas;Plena Noite;Cï¿½u Claro;Simples;"Declive;Curva";Nï¿½o;0;0
2025-01-13;segunda-feira;00:00:00;PR;376;TIBAGI;Ausï¿½ncia de reaï¿½ï¿½o do condutor;Colisï¿½o traseira;Com Vï¿½timas Feridas;Plena Noite;Cï¿½u Claro;Dupla;"Aclive;Reta";Nï¿½o;0;0
2025-01-12;domingo;21:00:00;MT;364;JANGADA;Ingestï¿½o de ï¿½lcool pelo condutor;Saï¿½da de leito carroï¿½ï¿½vel;Sem Vï¿½timas;Plena Noite;Nublado;Simples;Curva;Nï¿½o;0;0
2025-01-12;domingo;22:30:00;RO;364;PRESIDENTE MEDICI;Reaï¿½ï¿½o tardia ou ineficiente do condutor;Colisï¿½o traseira;Com Vï¿½timas Feridas;Plena Noite;Cï¿½u Claro;Simples;Reta;Nï¿½o;0;0
2025-01-13;segunda-feira;04:00:00;GO;153;SAO LUIZ DO NORTE;Ausï¿½ncia de reaï¿½ï¿½o do condutor;Colisï¿½o transversal;Com Vï¿½timas Fatais;Plena Noite;Nevoeiro/Neblina;Simples;"Retorno Regulamentado;Reta";Nï¿½o;3;1
2025-01-13;segunda-feira;01:50:00;PB;230;POMBAL;Ausï¿½ncia de reaï¿½ï¿½o do condutor;Tombamento;Com Vï¿½timas Fatais;Plena Noite;Cï¿½u Claro;Simples;Reta;Nï¿½o;1;1
2025-01-13;segunda-feira;05:10:00;PB;230;SOBRADO;Ausï¿½ncia de reaï¿½ï¿½o do condutor;Colisï¿½o lateral mesmo sentido;Com Vï¿½timas Feridas;Amanhecer;Nublado;Dupla;"Reta;Declive";Sim;0;0
2025-01-13;segunda-feira;00:30:00;PR;163;PRANCHITA;Velocidade Incompatï¿½vel;Tombamento;Com Vï¿½timas Fatais;Plena Noite;Cï¿½u Claro;Simples;"Curva;Declive";Nï¿½o;1;1
2025-01-13;segunda-feira;00:05:00;RS;290;BUTIA;Reaï¿½ï¿½o tardia ou ineficiente do condutor;Colisï¿½o traseira;Com Vï¿½timas Feridas;Plena Noite;Cï¿½u Claro;Simples;Reta;Nï¿½o;0;0
2025-01-13;segunda-feira;07:15:00;SC;470;POUSO REDONDO;Ausï¿½ncia de reaï¿½ï¿½o do condutor;Colisï¿½o lateral mesmo sentido;Sem Vï¿½timas;Pleno dia;Nublado;Simples;"Interseï¿½ï¿½o de Vias;Reta";Sim;0;0
2025-01-12;domingo;19:00:00;BA;116;TUCANO;Condutor Dormindo;Saï¿½da de leito carroï¿½ï¿½vel;Com Vï¿½timas Feridas;Plena Noite;Cï¿½u Claro;Simples;Reta;Nï¿½o;0;0
2025-01-13;segunda-feira;07:40:00;RJ;101;PARATY;Transitar na contramï¿½o;Colisï¿½o lateral sentido oposto;Com Vï¿½timas Feridas;Pleno dia;Cï¿½u Claro;Simples;Curva;Nï¿½o;0;0
2025-01-13;segunda-feira;07:30:00;MG;365;JEQUITAI;Velocidade Incompatï¿½vel;Capotamento;Com Vï¿½timas Fatais;Amanhecer;Nublado;Simples;Reta;Nï¿½o;1;1