data_inversa;dia_semana;horario;uf;br;municipio;causa_acidente;tipo_acidente;classificacao_acidente;fase_dia;condicao_metereologica;tipo_pista;tracado_via;uso_solo;mortos;acidente_fatal
2025-01-26;domingo;08:50:00;RS;285;CIRIACO;Ausï¿½ncia de reaï¿½ï¿½o do condutor;Colisï¿½o lateral sentido oposto;Com Vï¿½timas Feridas;Pleno dia;Cï¿½u Claro;Simples;Reta;Nï¿½o;0;0
2025-01-26;domingo;09:40:00;PB;101;SANTA RITA;Velocidade Incompatï¿½vel;Tombamento;Com Vï¿½timas Feridas;Pleno dia;Cï¿½u Claro;Dupla;Curva;Sim;0;0
2025-01-26;domingo;09:00:00;PA;230;MARABA;Ingestï¿½o de ï¿½lcool pelo condutor;Colisï¿½o transversal;Sem Vï¿½timas;Pleno dia;Cï¿½u Claro;Dupla;Reta;Sim;0;0
2025-01-26;domingo;09:04:00;MT;364;JACIARA;Ausï¿½ncia de reaï¿½ï¿½o do condutor;Colisï¿½o lateral mesmo sentido;Com Vï¿½timas Fatais;Pleno dia;Sol;Dupla;"Declive;Reta";Sim;1;1
2025-01-26;domingo;11:00:00;PB;101;ALHANDRA;Velocidade Incompatï¿½vel;Colisï¿½o traseira;Com Vï¿½timas Feridas;Pleno dia;Cï¿½u Claro;Dupla;"Reta;Aclive";Nï¿½o;0;0
2025-01-26;domingo;10:00:00;PR;277;PRUDENTOPOLIS;Acessar a via sem observar a presenï¿½a dos outros veï¿½culos;Colisï¿½o lateral mesmo sentido;Com Vï¿½timas Feridas;Pleno dia;Cï¿½u Claro;Dupla;Reta;Nï¿½o;0;0
2025-01-26;domingo;09:30:00;SC;470;POUSO REDONDO;Reaï¿½ï¿½o tardia ou ineficiente do condutor;Tombamento;Com Vï¿½timas Feridas;Pleno dia;Cï¿½u Claro;Simples;Curva;Nï¿½o;0;0
2025-01-26;domingo;11:10:00;MG;40;CONTAGEM;Transitar no Acostamento;Colisï¿½o traseira;Com Vï¿½timas Feridas;Pleno dia;Cï¿½u Claro;Dupla;Curva;Sim;0;0
2025-01-26;domingo;12:25:00;BA;324;CANDEIAS;Ausï¿½ncia de reaï¿½ï¿½o do condutor;Colisï¿½o traseira;Com Vï¿½timas Feridas;Pleno dia;Cï¿½u Claro;Dupla;Reta;Nï¿½o;0;0
2025-01-26;domingo;11:15:00;MG;116;MATHIAS LOBATO;Ausï¿½ncia de reaï¿½ï¿½o do condutor;Colisï¿½o lateral sentido oposto;Com Vï¿½timas Fatais;Pleno dia;Cï¿½u Claro;Simples;Curva;Nï¿½o;3;1
2025-01-26;domingo;07:10:00;BA;242;OLIVEIRA DOS BREJINHOS;Velocidade Incompatï¿½vel;Tombamento;Com Vï¿½timas Feridas;Pleno dia;Cï¿½u Claro;Simples;Curva;Nï¿½o;0;0
2025-01-26;domingo;12:30:00;SC;101;PALHOCA;Reaï¿½ï¿½o tardia ou ineficiente do condutor;Colisï¿½o traseira;Com Vï¿½timas Feridas;Pleno dia;Garoa/Chuvisco;Dupla;"Aclive;Curva";Nï¿½o;0;0
2025-01-26;domingo;13:20:00;RJ;101;MANGARATIBA;Desrespeitar a preferï¿½ncia no cruzamento;Colisï¿½o transversal;Com Vï¿½timas Feridas;Pleno dia;Cï¿½u Claro;Dupla;"Retorno Regulamentado;Interseï¿½ï¿½o de Vias";Sim;0;0
2025-01-26;domingo;09:25:00;SC;101;LAGUNA;Condutor deixou de manter distï¿½ncia do veï¿½culo da frente;Colisï¿½o com objeto;Com Vï¿½timas Feridas;Pleno dia;Cï¿½u Claro;Dupla;Reta;Nï¿½o;0;0
2025-01-26;domingo;14:20:00;MG;381;CAETE;Ausï¿½ncia de reaï¿½ï¿½o do condutor;Colisï¿½o com objeto;Com Vï¿½timas Feridas;Pleno dia;Cï¿½u Claro;Dupla;Curva;Sim;0;0
2025-01-26;domingo;14:10:00;SP;116;SAO LOURENCO DA SERRA;Pista Escorregadia;Colisï¿½o traseira;Com Vï¿½timas Feridas;Pleno dia;Chuva;Dupla;Curva;Sim;0;0
2025-01-26;domingo;14:27:00;RO;364;PORTO VELHO;Entrada inopinada do pedestre;Atropelamento de Pedestre;Com Vï¿½timas Feridas;Pleno dia;Nublado;Dupla;Reta;Sim;0;0
2025-01-26;domingo;15:07:00;CE;116;PENAFORTE;Manobra de mudanï¿½a de faixa;Colisï¿½o lateral mesmo sentido;Com Vï¿½timas Feridas;Pleno dia;Cï¿½u Claro;Simples;Reta;Nï¿½o;0;0
2025-01-26;domingo;15:20:00;PR;277;CAMPO LARGO;Ausï¿½ncia de reaï¿½ï¿½o do condutor;Colisï¿½o traseira;Sem Vï¿½timas;Pleno dia;Nublado;Simples;Curva;Nï¿½o;0;0
2025-01-26;domingo;16:00:00;MG;381;CAMANDUCAIA;Reaï¿½ï¿½o tardia ou ineficiente do condutor;Colisï¿½o lateral mesmo sentido;Com Vï¿½timas Feridas;Pleno dia;Chuva;Dupla;Reta;Nï¿½o;0;0
2025-01-26;domingo;13:30:00;MG;116;PONTO DOS VOLANTES;Transitar na contramï¿½o;Colisï¿½o frontal;Com Vï¿½timas Fatais;Pleno dia;Cï¿½u Claro;Simples;"Curva;Declive";Nï¿½o;1;1
2025-01-26;domingo;17:50:00;SP;116;APARECIDA;Condutor Dormindo;Colisï¿½o lateral mesmo sentido;Com Vï¿½timas Feridas;Pleno dia;Garoa/Chuvisco;Dupla;Reta;Nï¿½o;0;0
2025-01-26;domingo;17:20:00;RJ;116;QUEIMADOS;Reaï¿½ï¿½o tardia ou ineficiente do condutor;Colisï¿½o traseira;Com Vï¿½timas Feridas;Anoitecer;Garoa/Chuvisco;Dupla;Curva;Sim;0;0
2025-01-26;domingo;17:00:00;MS;262;CAMPO GRANDE;Ingestï¿½o de ï¿½lcool pelo condutor;Colisï¿½o lateral sentido oposto;Sem Vï¿½timas;Pleno dia;Cï¿½u Claro;Simples;Reta;Nï¿½o;0;0
2025-01-26;domingo;15:30:00;RJ;40;PETROPOLIS;Reaï¿½ï¿½o tardia ou ineficiente do condutor;Tombamento;Com Vï¿½timas Feridas;Pleno dia;Chuva;Simples;"Curva;Declive";Nï¿½o;0;0
2025-01-26;domingo;03:30:00;BA;407;CAPIM GROSSO;Ausï¿½ncia de reaï¿½ï¿½o do condutor;Colisï¿½o traseira;Com Vï¿½timas Feridas;Plena Noite;Garoa/Chuvisco;Simples;Reta;Sim;0;0
2025-01-26;domingo;18:39:00;GO;20;FORMOSA;Reaï¿½ï¿½o tardia ou ineficiente do condutor;Colisï¿½o frontal;Com Vï¿½timas Feridas;Pleno dia;Cï¿½u Claro;Simples;Reta;Nï¿½o;0;0
2025-01-26;domingo;19:00:00;MG;381;IGARAPE;Velocidade Incompatï¿½vel;Saï¿½da de leito carroï¿½ï¿½vel;Com Vï¿½timas Feridas;Plena Noite;Nublado;Dupla;"Curva;Declive";Nï¿½o;0;0
2025-01-26;domingo;17:46:00;MA;10;IMPERATRIZ;Transitar na contramï¿½o;Colisï¿½o frontal;Com Vï¿½timas Fatais;Pleno dia;Cï¿½u Claro;Simples;Reta;Nï¿½o;1;1
2025-01-26;domingo;19:27:00;MG;365;UBERLANDIA;Reaï¿½ï¿½o tardia ou ineficiente do condutor;Tombamento;Com Vï¿½timas Feridas;Plena Noite;Chuva;Dupla;Declive;Nï¿½o;0;0
2025-01-26;domingo;20:20:00;MG;381;IGARAPE;Velocidade Incompatï¿½vel;Colisï¿½o lateral mesmo sentido;Com Vï¿½timas Feridas;Plena Noite;Cï¿½u Claro;Dupla;"Reta;Declive";Nï¿½o;0;0
2025-01-26;domingo;20:50:00;RS;153;ERECHIM;Retorno proibido;Colisï¿½o transversal;Sem Vï¿½timas;Plena Noite;Cï¿½u Claro;Simples;"Reta;Interseï¿½ï¿½o de Vias";Sim;0;0
2025-01-26;domingo;21:30:00;MG;40;SETE LAGOAS;Chuva;Saï¿½da de leito carroï¿½ï¿½vel;Com Vï¿½timas Feridas;Plena Noite;Chuva;Dupla;Declive;Nï¿½o;0;0
2025-01-26;domingo;19:15:00;RS;116;CAMPESTRE DA SERRA;Acessar a via sem observar a presenï¿½a dos outros veï¿½culos;Colisï¿½o traseira;Sem Vï¿½timas;Anoitecer;Cï¿½u Claro;Simples;Reta;Nï¿½o;0;0
2025-01-26;domingo;19:00:00;MG;381;CARMOPOLIS DE MINAS;Reaï¿½ï¿½o tardia ou ineficiente do condutor;Colisï¿½o lateral mesmo sentido;Com Vï¿½timas Feridas;Plena Noite;Chuva;Dupla;Curva;Sim;0;0
2025-01-26;domingo;08:40:00;MT;364;ALTO ARAGUAIA;Demais falhas mecï¿½nicas ou elï¿½tricas;Incï¿½ndio;Sem Vï¿½timas;Pleno dia;Cï¿½u Claro;Dupla;Reta;Sim;0;0
2025-01-27;segunda-feira;00:50:00;SC;282;CAMPOS NOVOS;Ingestï¿½o de ï¿½lcool pelo condutor;Colisï¿½o lateral sentido oposto;Com Vï¿½timas Feridas;Plena Noite;Cï¿½u Claro;Simples;Reta;Nï¿½o;0;0
2025-01-27;segunda-feira;02:30:00;PR;277;GUARAPUAVA;Ausï¿½ncia de reaï¿½ï¿½o do condutor;Colisï¿½o traseira;Com Vï¿½timas Fatais;Plena Noite;Chuva;Mï¿½ltipla;Reta;Sim;1;1
2025-01-27;segunda-feira;03:00:00;AL;101;JUNQUEIRO;Transitar na contramï¿½o;Colisï¿½o frontal;Com Vï¿½timas Fatais;Plena Noite;Cï¿½u Claro;Dupla;"Reta;Declive";Nï¿½o;1;1
2025-01-27;segunda-feira;05:08:00;PB;230;CAMPINA GRANDE;Conversï¿½o proibida;Colisï¿½o transversal;Com Vï¿½timas Feridas;Amanhecer;Nublado;Dupla;"Aclive;Reta";Sim;0;0
2025-01-27;segunda-feira;04:00:00;SP;116;BARRA DO TURVO;Reaï¿½ï¿½o tardia ou ineficiente do condutor;Colisï¿½o com objeto;Com Vï¿½timas Feridas;Plena Noite;Nublado;Simples;"Curva;Declive";Nï¿½o;0;0
2025-01-27;segunda-feira;06:05:00;PE;101;PAULISTA;Velocidade Incompatï¿½vel;Tombamento;Com Vï¿½timas Feridas;Pleno dia;Nublado;Mï¿½ltipla;Reta;Sim;0;0
2025-01-27;segunda-feira;06:30:00;MG;116;TEOFILO OTONI;Reaï¿½ï¿½o tardia ou ineficiente do condutor;Colisï¿½o lateral mesmo sentido;Com Vï¿½timas Feridas;Pleno dia;Cï¿½u Claro;Dupla;Curva;Sim;0;0
2025-01-27;segunda-feira;00:30:00;BA;242;IBITIARA;Ausï¿½ncia de reaï¿½ï¿½o do condutor;Colisï¿½o com objeto;Com Vï¿½timas Feridas;Plena Noite;Cï¿½u Claro;Simples;"Reta;Aclive";Nï¿½o;0;0
2025-01-27;segunda-feira;06:49:00;PR;369;ARAPONGAS;Desrespeitar a preferï¿½ncia no cruzamento;Colisï¿½o transversal;Com Vï¿½timas Fatais;Pleno dia;Nublado;Simples;"Reta;Interseï¿½ï¿½o de Vias";Sim;1;1
2025-01-27;segunda-feira;01:00:00;MT;364;SANTO ANTONIO DO LEVERGER;Reaï¿½ï¿½o tardia ou ineficiente do condutor;Tombamento;Sem Vï¿½timas;Plena Noite;Cï¿½u Claro;Dupla;Curva;Nï¿½o;0;0
2025-01-27;segunda-feira;06:30:00;RJ;116;BARRA MANSA;Demais falhas na via;Tombamento;Com Vï¿½timas Feridas;Pleno dia;Nublado;Dupla;Reta;Nï¿½o;0;0
2025-01-27;segunda-feira;07:35:00;SC;101;ITAJAI;Trafegar com motocicleta (ou similar) entre as faixas;Colisï¿½o lateral mesmo sentido;Com Vï¿½timas Feridas;Pleno dia;Cï¿½u Claro;Dupla;Reta;Sim;0;0
2025-01-27;segunda-feira;07:53:00;BA;324;SALVADOR;Acesso irregular;Colisï¿½o lateral mesmo sentido;Sem Vï¿½timas;Pleno dia;Cï¿½u Claro;Dupla;Reta;Nï¿½o;0;0
2025-01-27;segunda-feira;06:50:00;BA;324;RIACHAO DO JACUIPE;Pedestre cruzava a pista fora da faixa;Atropelamento de Pedestre;Com Vï¿½timas Feridas;Pleno dia;Cï¿½u Claro;Simples;Reta;Nï¿½o;0;0
2025-01-27;segunda-feira;09:38:00;MG;40;CONTAGEM;Manobra de mudanï¿½a de faixa;Colisï¿½o lateral mesmo sentido;Sem Vï¿½timas;Pleno dia;Cï¿½u Claro;Dupla;Aclive;Nï¿½o;0;0
2025-01-27;segunda-feira;09:40:00;RS;290;VILA NOVA DO SUL;Reaï¿½ï¿½o tardia ou ineficiente do condutor;Tombamento;Com Vï¿½timas Feridas;Pleno dia;Cï¿½u Claro;Simples;Reta;Nï¿½o;0;0
2025-01-27;segunda-feira;07:45:00;CE;116;MILAGRES;Acessar a via sem observar a presenï¿½a dos outros veï¿½culos;Colisï¿½o transversal;Com Vï¿½timas Feridas;Pleno dia;Cï¿½u Claro;Simples;"Reta;Interseï¿½ï¿½o de Vias;Declive";Nï¿½o;0;0
2025-01-27;segunda-feira;10:25:00;MG;381;CAMBUI;Velocidade Incompatï¿½vel;Saï¿½da de leito carroï¿½ï¿½vel;Com Vï¿½timas Feridas;Pleno dia;Cï¿½u Claro;Dupla;Curva;Nï¿½o;0;0
2025-01-27;segunda-feira;11:10:00;SC;280;ARAQUARI;Manobra de mudanï¿½a de faixa;Colisï¿½o traseira;Sem Vï¿½timas;Pleno dia;Cï¿½u Claro;Simples;Reta;Nï¿½o;0;0
2025-01-27;segunda-feira;13:40:00;PR;116;CAMPINA GRANDE DO SUL;Reaï¿½ï¿½o tardia ou ineficiente do condutor;Colisï¿½o transversal;Com Vï¿½timas Feridas;Pleno dia;Cï¿½u Claro;Dupla;Reta;Nï¿½o;0;0
2025-01-27;segunda-feira;14:05:00;AL;316;ATALAIA;Velocidade Incompatï¿½vel;Colisï¿½o lateral sentido oposto;Com Vï¿½timas Feridas;Pleno dia;Chuva;Simples;Curva;Nï¿½o;0;0
2025-01-27;segunda-feira;13:40:00;RS;158;ROSARIO DO SUL;Velocidade Incompatï¿½vel;Tombamento;Com Vï¿½timas Feridas;Pleno dia;Cï¿½u Claro;Simples;Rotatï¿½ria;Nï¿½o;0;0
2025-01-27;segunda-feira;13:50:00;SC;116;CORREIA PINTO;Reaï¿½ï¿½o tardia ou ineficiente do condutor;Tombamento;Com Vï¿½timas Feridas;Pleno dia;Cï¿½u Claro;Simples;Curva;Nï¿½o;0;0
2025-01-27;segunda-feira;14:30:00;SC;101;BALNEARIO CAMBORIU;Demais falhas mecï¿½nicas ou elï¿½tricas;Incï¿½ndio;Sem Vï¿½timas;Pleno dia;Nublado;Dupla;Reta;Sim;0;0
2025-01-21;terï¿½a-feira;13:00:00;MG;116;GOVERNADOR VALADARES;Condutor deixou de manter distï¿½ncia do veï¿½culo da frente;Colisï¿½o traseira;Com Vï¿½timas Feridas;Pleno dia;Cï¿½u Claro;Simples;Reta;Nï¿½o;0;0
2025-01-27;segunda-feira;15:30:00;PR;277;PARANAGUA;Acessar a via sem observar a presenï¿½a dos outros veï¿½culos;Colisï¿½o lateral mesmo sentido;Com Vï¿½timas Feridas;Pleno dia;Cï¿½u Claro;Simples;"Interseï¿½ï¿½o de Vias;Reta";Sim;0;0
2025-01-27;segunda-feira;14:22:00;AL;101;TEOTONIO VILELA;Ausï¿½ncia de reaï¿½ï¿½o do condutor;Colisï¿½o traseira;Com Vï¿½timas Fatais;Pleno dia;Cï¿½u Claro;Dupla;"Curva;Declive";Sim;1;1
2025-01-27;segunda-feira;16:00:00;PR;163;LINDOESTE;Ausï¿½ncia de reaï¿½ï¿½o do condutor;Saï¿½da de leito carroï¿½ï¿½vel;Com Vï¿½timas Feridas;Pleno dia;Chuva;Dupla;"Em Obras;Declive;Curva";Nï¿½o;0;0
2025-01-27;segunda-feira;16:50:00;MG;116;SAO FRANCISCO DO GLORIA;Velocidade Incompatï¿½vel;Colisï¿½o lateral sentido oposto;Com Vï¿½timas Feridas;Pleno dia;Chuva;Simples;Curva;Nï¿½o;0;0
2025-01-27;segunda-feira;16:50:00;MG;262;BETIM;Condutor deixou de manter distï¿½ncia do veï¿½culo da frente;Colisï¿½o traseira;Sem Vï¿½timas;Pleno dia;Nublado;Dupla;"Declive;Reta";Sim;0;0
2025-01-27;segunda-feira;16:10:00;RO;364;PORTO VELHO;Manobra de mudanï¿½a de faixa;Colisï¿½o lateral mesmo sentido;Com Vï¿½timas Feridas;Pleno dia;Cï¿½u Claro;Dupla;"Retorno Regulamentado;Reta";Sim;0;0
2025-01-27;segunda-feira;17:00:00;SC;101;BIGUACU;Manobra de mudanï¿½a de faixa;Colisï¿½o lateral mesmo sentido;Com Vï¿½timas Feridas;Pleno dia;Nublado;Dupla;Curva;Nï¿½o;0;0
2025-01-27;segunda-feira;16:10:00;MS;376;NOVA ANDRADINA;Manobra de mudanï¿½a de faixa;Colisï¿½o lateral mesmo sentido;Com Vï¿½timas Feridas;Pleno dia;Garoa/Chuvisco;Dupla;Rotatï¿½ria;Sim;0;0
2025-01-27;segunda-feira;17:10:00;MG;40;CAETANOPOLIS;Pista Escorregadia;Colisï¿½o traseira;Com Vï¿½timas Feridas;Anoitecer;Chuva;Dupla;Reta;Nï¿½o;0;0
2025-01-27;segunda-feira;17:00:00;AL;101;NOVO LINO;Velocidade Incompatï¿½vel;Saï¿½da de leito carroï¿½ï¿½vel;Sem Vï¿½timas;Pleno dia;Chuva;Dupla;"Reta;Declive";Nï¿½o;0;0
2025-01-27;segunda-feira;18:05:00;MA;135;SAO LUIS;Reaï¿½ï¿½o tardia ou ineficiente do condutor;Colisï¿½o lateral mesmo sentido;Com Vï¿½timas Feridas;Plena Noite;Cï¿½u Claro;Dupla;Reta;Sim;0;0
2025-01-27;segunda-feira;17:30:00;SC;282;MARAVILHA;Frear bruscamente;Queda de ocupante de veï¿½culo;Com Vï¿½timas Feridas;Anoitecer;Chuva;Simples;Curva;Nï¿½o;0;0
2025-01-27;segunda-feira;18:10:00;PR;116;CAMPINA GRANDE DO SUL;Reaï¿½ï¿½o tardia ou ineficiente do condutor;Saï¿½da de leito carroï¿½ï¿½vel;Com Vï¿½timas Feridas;Anoitecer;Chuva;Mï¿½ltipla;"Curva;Declive";Nï¿½o;0;0
2025-01-27;segunda-feira;18:25:00;MS;262;ANASTACIO;Demais falhas mecï¿½nicas ou elï¿½tricas;Atropelamento de Pedestre;Com Vï¿½timas Feridas;Plena Noite;Cï¿½u Claro;Simples;Reta;Sim;0;0
2025-01-27;segunda-feira;19:25:00;SC;282;PALHOCA;Conversï¿½o proibida;Colisï¿½o lateral sentido oposto;Com Vï¿½timas Feridas;Plena Noite;Chuva;Simples;Reta;Sim;0;0
2025-01-27;segunda-feira;18:28:00;RS;386;MARQUES DE SOUZA;Acumulo de ï¿½gua sobre o pavimento;Colisï¿½o transversal;Com Vï¿½timas Feridas;Anoitecer;Chuva;Simples;Curva;Nï¿½o;0;0
2025-01-27;segunda-feira;18:10:00;MS;163;CAMPO GRANDE;Acessar a via sem observar a presenï¿½a dos outros veï¿½culos;Colisï¿½o transversal;Com Vï¿½timas Fatais;Anoitecer;Nublado;Simples;"Interseï¿½ï¿½o de Vias;Reta";Sim;1;1
2025-01-27;segunda-feira;19:30:00;RS;470;GARIBALDI;Reaï¿½ï¿½o tardia ou ineficiente do condutor;Saï¿½da de leito carroï¿½ï¿½vel;Com Vï¿½timas Feridas;Amanhecer;Chuva;Simples;Rotatï¿½ria;Nï¿½o;0;0
2025-01-27;segunda-feira;20:24:00;SP;116;SAO LOURENCO DA SERRA;Reaï¿½ï¿½o tardia ou ineficiente do condutor;Tombamento;Com Vï¿½timas Feridas;Plena Noite;Nublado;Dupla;Reta;Nï¿½o;0;0
2025-01-27;segunda-feira;18:20:00;MG;40;CURVELO;Demais falhas mecï¿½nicas ou elï¿½tricas;Colisï¿½o frontal;Com Vï¿½timas Feridas;Plena Noite;Nublado;Simples;Reta;Nï¿½o;0;0
2025-01-27;segunda-feira;19:35:00;SC;280;CANOINHAS;Mal sï¿½bito do condutor;Colisï¿½o frontal;Com Vï¿½timas Feridas;Plena Noite;Cï¿½u Claro;Simples;"Reta;Declive";Sim;0;0
2025-01-27;segunda-feira;15:20:00;RJ;101;ITABORAI;Demais falhas mecï¿½nicas ou elï¿½tricas;Tombamento;Com Vï¿½timas Feridas;Pleno dia;Sol;Dupla;Reta;Sim;0;0
2025-01-27;segunda-feira;08:25:00;MG;116;MANHUACU;Reaï¿½ï¿½o tardia ou ineficiente do condutor;Tombamento;Com Vï¿½timas Feridas;Pleno dia;Nublado;Simples;Curva;Nï¿½o;0;0
2025-01-27;segunda-feira;22:00:00;PE;232;GRAVATA;Demais falhas mecï¿½nicas ou elï¿½tricas;Incï¿½ndio;Sem Vï¿½timas;Plena Noite;Nublado;Dupla;"Reta;Aclive";Nï¿½o;0;0
2025-01-27;segunda-feira;23:45:00;RJ;116;ITATIAIA;Reaï¿½ï¿½o tardia ou ineficiente do condutor;Tombamento;Com Vï¿½timas Fatais;Plena Noite;Nublado;Dupla;Curva;Nï¿½o;1;1
2025-01-27;segunda-feira;23:15:00;RS;290;ELDORADO DO SUL;Ausï¿½ncia de reaï¿½ï¿½o do condutor;Colisï¿½o lateral sentido oposto;Com Vï¿½timas Feridas;Plena Noite;Nublado;Simples;Reta;Nï¿½o;0;0
2025-01-27;segunda-feira;23:00:00;PR;376;TIJUCAS DO SUL;Reaï¿½ï¿½o tardia ou ineficiente do condutor;Colisï¿½o lateral mesmo sentido;Sem Vï¿½timas;Plena Noite;Garoa/Chuvisco;Dupla;"Reta;Declive";Nï¿½o;0;0
2025-01-27;segunda-feira;19:30:00;RS;470;VILA FLORES;Frear bruscamente;Colisï¿½o transversal;Sem Vï¿½timas;Anoitecer;Chuva;Simples;"Declive;Reta";Nï¿½o;0;0
2025-01-27;segunda-feira;18:55:00;RO;364;PORTO VELHO;Ausï¿½ncia de reaï¿½ï¿½o do condutor;Colisï¿½o lateral mesmo sentido;Com Vï¿½timas Feridas;Plena Noite;Cï¿½u Claro;Simples;Reta;Nï¿½o;0;0
2025-01-27;segunda-feira;22:10:00;MG;40;ITABIRITO;Sinalizaï¿½ï¿½o mal posicionada;Colisï¿½o com objeto;Com Vï¿½timas Feridas;Plena Noite;Cï¿½u Claro;Dupla;Curva;Nï¿½o;0;0
2025-01-28;terï¿½a-feira;01:30:00;SC;101;ITAPEMA;Ingestï¿½o de ï¿½lcool pelo condutor;Colisï¿½o lateral mesmo sentido;Com Vï¿½timas Feridas;Plena Noite;Nublado;Dupla;Reta;Sim;0;0
2025-01-28;terï¿½a-feira;02:10:00;SP;116;SAO JOSE DOS CAMPOS;Sinalizaï¿½ï¿½o mal posicionada;Colisï¿½o traseira;Com Vï¿½timas Feridas;Plena Noite;Cï¿½u Claro;Dupla;"Em Obras;Reta";Nï¿½o;0;0
2025-01-28;terï¿½a-feira;02:25:00;SP;116;SAO JOSE DOS CAMPOS;Condutor Dormindo;Colisï¿½o com objeto;Com Vï¿½timas Feridas;Plena Noite;Garoa/Chuvisco;Dupla;"Em Obras;Reta";Nï¿½o;0;0
2025-01-28;terï¿½a-feira;02:54:00;TO;153;FATIMA;Entrada inopinada do pedestre;Atropelamento de Pedestre;Com Vï¿½timas Fatais;Plena Noite;Cï¿½u Claro;Simples;Reta;Nï¿½o;1;1
2025-01-28;terï¿½a-feira;03:57:00;PR;277;MEDIANEIRA;Ausï¿½ncia de reaï¿½ï¿½o do condutor;Colisï¿½o traseira;Com Vï¿½timas Feridas;Plena Noite;Nevoeiro/Neblina;Dupla;Reta;Nï¿½o;0;0
2025-01-27;segunda-feira;18:40:00;MG;153;PRATA;Demais falhas mecï¿½nicas ou elï¿½tricas;Saï¿½da de leito carroï¿½ï¿½vel;Com Vï¿½timas Feridas;Pleno dia;Ignorado;Simples;Reta;Nï¿½o;0;0
2025-01-28;terï¿½a-feira;06:20:00;BA;116;VITORIA DA CONQUISTA;Condutor Dormindo;Saï¿½da de leito carroï¿½ï¿½vel;Com Vï¿½timas Fatais;Pleno dia;Cï¿½u Claro;Simples;Reta;Nï¿½o;1;1
2025-01-27;segunda-feira;14:40:00;MT;364;JANGADA;Chuva;Saï¿½da de leito carroï¿½ï¿½vel;Com Vï¿½timas Feridas;Pleno dia;Chuva;Simples;Curva;Nï¿½o;0;0
2025-01-28;terï¿½a-feira;08:10:00;BA;116;SERRINHA;Ultrapassagem Indevida;Colisï¿½o lateral sentido oposto;Com Vï¿½timas Feridas;Pleno dia;Cï¿½u Claro;Simples;Reta;Nï¿½o;0;0
2025-01-28;terï¿½a-feira;06:50:00;PR;369;CORBELIA;Ausï¿½ncia de reaï¿½ï¿½o do condutor;Colisï¿½o frontal;Com Vï¿½timas Fatais;Pleno dia;Cï¿½u Claro;Simples;Reta;Nï¿½o;1;1
2025-01-28;terï¿½a-feira;08:50:00;ES;393;CACHOEIRO DE ITAPEMIRIM;Ultrapassagem Indevida;Colisï¿½o lateral mesmo sentido;Com Vï¿½timas Feridas;Pleno dia;Cï¿½u Claro;Simples;Reta;Sim;0;0
2025-01-28;terï¿½a-feira;08:48:00;SC;101;PALHOCA;Reaï¿½ï¿½o tardia ou ineficiente do condutor;Colisï¿½o traseira;Com Vï¿½timas Feridas;Pleno dia;Nublado;Dupla;Reta;Nï¿½o;0;0
2025-01-28;terï¿½a-feira;08:30:00;MS;163;CAMPO GRANDE;Acessar a via sem observar a presenï¿½a dos outros veï¿½culos;Colisï¿½o transversal;Com Vï¿½timas Feridas;Pleno dia;Cï¿½u Claro;Simples;"Reta;Aclive";Sim;0;0
2025-01-02;quinta-feira;13:55:00;PR;153;IBAITI;Velocidade Incompatï¿½vel;Tombamento;Com Vï¿½timas Feridas;Pleno dia;Cï¿½u Claro;Simples;Declive;Nï¿½o;0;0
2025-01-28;terï¿½a-feira;11:55:00;RS;153;ERECHIM;Reaï¿½ï¿½o tardia ou ineficiente do condutor;Queda de ocupante de veï¿½culo;Com Vï¿½timas Feridas;Pleno dia;Cï¿½u Claro;Simples;Interseï¿½ï¿½o de Vias;Sim;0;0
2025-01-28;terï¿½a-feira;10:20:00;RJ;393;BARRA DO PIRAI;Transitar na contramï¿½o;Colisï¿½o lateral sentido oposto;Com Vï¿½timas Feridas;Pleno dia;Sol;Simples;Reta;Nï¿½o;0;0
2025-01-28;terï¿½a-feira;10:00:00;RJ;116;GUAPIMIRIM;Velocidade Incompatï¿½vel;Saï¿½da de leito carroï¿½ï¿½vel;Com Vï¿½timas Fatais;Pleno dia;Nublado;Simples;"Curva;Declive";Nï¿½o;1;1
2025-01-28;terï¿½a-feira;12:05:00;SC;470;IBIRAMA;Ultrapassagem Indevida;Saï¿½da de leito carroï¿½ï¿½vel;Com Vï¿½timas Feridas;Pleno dia;Nublado;Simples;Reta;Sim;0;0
2025-01-28;terï¿½a-feira;12:30:00;PE;101;JABOATAO DOS GUARARAPES;Manobra de mudanï¿½a de faixa;Colisï¿½o lateral mesmo sentido;Sem Vï¿½timas;Pleno dia;Sol;Mï¿½ltipla;Reta;Sim;0;0
2025-01-28;terï¿½a-feira;11:40:00;MG;50;ARAGUARI;Ausï¿½ncia de reaï¿½ï¿½o do condutor;Colisï¿½o com objeto;Com Vï¿½timas Feridas;Pleno dia;Sol;Dupla;"Reta;Aclive";Nï¿½o;0;0
2025-01-28;terï¿½a-feira;12:00:00;PR;376;SAO JOSE DOS PINHAIS;Velocidade Incompatï¿½vel;Saï¿½da de leito carroï¿½ï¿½vel;Sem Vï¿½timas;Pleno dia;Cï¿½u Claro;Simples;Curva;Nï¿½o;0;0
2025-01-28;terï¿½a-feira;13:50:00;MG;381;EXTREMA;Chuva;Colisï¿½o com objeto;Com Vï¿½timas Feridas;Pleno dia;Chuva;Dupla;"Curva;Declive";Nï¿½o;0;0
2025-01-28;terï¿½a-feira;14:15:00;DF;20;BRASILIA;Ingestï¿½o de ï¿½lcool pelo condutor;Saï¿½da de leito carroï¿½ï¿½vel;Sem Vï¿½timas;Pleno dia;Nublado;Dupla;Declive;Nï¿½o;0;0