data_inversa;dia_semana;horario;uf;br;municipio;causa_acidente;tipo_acidente;classificacao_acidente;fase_dia;condicao_metereologica;tipo_pista;tracado_via;uso_solo;mortos;acidente_fatal
2025-01-28;terï¿½a-feira;14:25:00;RS;386;POUSO NOVO;Velocidade Incompatï¿½vel;Colisï¿½o frontal;Com Vï¿½timas Feridas;Pleno dia;Chuva;Simples;"Curva;Declive";Nï¿½o;0;0
2025-01-28;terï¿½a-feira;14:50:00;GO;60;GOIANIA;Ausï¿½ncia de reaï¿½ï¿½o do condutor;Colisï¿½o traseira;Com Vï¿½timas Feridas;Pleno dia;Sol;Dupla;"Curva;Declive";Nï¿½o;0;0
2025-01-28;terï¿½a-feira;14:30:00;SP;381;VARGEM;Ausï¿½ncia de reaï¿½ï¿½o do condutor;Colisï¿½o traseira;Com Vï¿½timas Feridas;Pleno dia;Cï¿½u Claro;Dupla;"Aclive;Reta";Nï¿½o;0;0
2025-01-28;terï¿½a-feira;16:00:00;MG;381;BETIM;Ausï¿½ncia de reaï¿½ï¿½o do condutor;Engavetamento;Com Vï¿½timas Feridas;Pleno dia;Cï¿½u Claro;Dupla;Reta;Nï¿½o;0;0
2025-01-28;terï¿½a-feira;15:20:00;SP;116;SAO JOSE DOS CAMPOS;Condutor deixou de manter distï¿½ncia do veï¿½culo da frente;Colisï¿½o traseira;Sem Vï¿½timas;Pleno dia;Cï¿½u Claro;Dupla;Reta;Sim;0;0
2025-01-28;terï¿½a-feira;16:10:00;RS;285;VACARIA;Acessar a via sem observar a presenï¿½a dos outros veï¿½culos;Colisï¿½o transversal;Com Vï¿½timas Feridas;Pleno dia;Cï¿½u Claro;Simples;Reta;Nï¿½o;0;0
2025-01-28;terï¿½a-feira;16:00:00;SP;116;SAO JOSE DOS CAMPOS;Ausï¿½ncia de reaï¿½ï¿½o do condutor;Colisï¿½o traseira;Com Vï¿½timas Feridas;Pleno dia;Cï¿½u Claro;Dupla;Reta;Nï¿½o;0;0
2025-01-28;terï¿½a-feira;15:10:00;MG;251;SALINAS;Transitar na contramï¿½o;Colisï¿½o traseira;Com Vï¿½timas Feridas;Pleno dia;Sol;Simples;"Declive;Curva";Sim;0;0
2025-01-28;terï¿½a-feira;17:05:00;PR;376;PONTA GROSSA;Ingestï¿½o de ï¿½lcool pelo condutor;Saï¿½da de leito carroï¿½ï¿½vel;Sem Vï¿½timas;Pleno dia;Nublado;Dupla;Curva;Nï¿½o;0;0
2025-01-28;terï¿½a-feira;18:30:00;MG;40;JUIZ DE FORA;Demais falhas mecï¿½nicas ou elï¿½tricas;Saï¿½da de leito carroï¿½ï¿½vel;Com Vï¿½timas Feridas;Plena Noite;Chuva;Simples;Reta;Nï¿½o;0;0
2025-01-28;terï¿½a-feira;17:35:00;RS;116;VACARIA;Transitar na contramï¿½o;Colisï¿½o lateral sentido oposto;Com Vï¿½timas Fatais;Pleno dia;Cï¿½u Claro;Simples;"Aclive;Reta";Nï¿½o;1;1
2025-01-28;terï¿½a-feira;14:40:00;SC;280;CORUPA;Velocidade Incompatï¿½vel;Capotamento;Com Vï¿½timas Fatais;Pleno dia;Nublado;Simples;"Curva;Aclive";Nï¿½o;1;1
2025-01-28;terï¿½a-feira;15:00:00;BA;349;CORRENTINA;Problema com o freio;Saï¿½da de leito carroï¿½ï¿½vel;Com Vï¿½timas Feridas;Pleno dia;Chuva;Simples;Reta;Nï¿½o;0;0
2025-01-28;terï¿½a-feira;21:30:00;SC;470;BLUMENAU;Ausï¿½ncia de reaï¿½ï¿½o do condutor;Colisï¿½o transversal;Com Vï¿½timas Feridas;Plena Noite;Cï¿½u Claro;Simples;Interseï¿½ï¿½o de Vias;Sim;0;0
2025-01-28;terï¿½a-feira;21:18:00;PI;343;AMARANTE;Acessar a via sem observar a presenï¿½a dos outros veï¿½culos;Colisï¿½o transversal;Com Vï¿½timas Feridas;Plena Noite;Cï¿½u Claro;Simples;Reta;Nï¿½o;0;0
2025-01-28;terï¿½a-feira;21:30:00;RJ;116;NOVA IGUACU;Suicï¿½dio (presumido);Atropelamento de Pedestre;Com Vï¿½timas Fatais;Plena Noite;Cï¿½u Claro;Mï¿½ltipla;Reta;Sim;1;1
2025-01-28;terï¿½a-feira;21:15:00;ES;101;CARIACICA;Condutor deixou de manter distï¿½ncia do veï¿½culo da frente;Colisï¿½o lateral mesmo sentido;Com Vï¿½timas Feridas;Plena Noite;Nublado;Mï¿½ltipla;Curva;Sim;0;0
2025-01-28;terï¿½a-feira;19:50:00;PR;153;SANTO ANTONIO DA PLATINA;Acessar a via sem observar a presenï¿½a dos outros veï¿½culos;Colisï¿½o transversal;Com Vï¿½timas Feridas;Plena Noite;Nublado;Simples;Reta;Nï¿½o;0;0
2025-01-28;terï¿½a-feira;17:53:00;MG;116;GOVERNADOR VALADARES;Reaï¿½ï¿½o tardia ou ineficiente do condutor;Colisï¿½o lateral sentido oposto;Com Vï¿½timas Feridas;Pleno dia;Cï¿½u Claro;Simples;Reta;Nï¿½o;0;0
2025-01-29;quarta-feira;01:00:00;PR;476;PAULO FRONTIN;Ausï¿½ncia de reaï¿½ï¿½o do condutor;Saï¿½da de leito carroï¿½ï¿½vel;Com Vï¿½timas Feridas;Plena Noite;Nublado;Simples;Reta;Nï¿½o;0;0
2025-01-28;terï¿½a-feira;21:00:00;MG;40;CONGONHAS;Restriï¿½ï¿½o de visibilidade em curvas horizontais;Colisï¿½o lateral sentido oposto;Com Vï¿½timas Feridas;Plena Noite;Chuva;Simples;Curva;Nï¿½o;0;0
2025-01-29;quarta-feira;04:25:00;RJ;101;CAMPOS DOS GOYTACAZES;Ausï¿½ncia de reaï¿½ï¿½o do condutor;Colisï¿½o traseira;Com Vï¿½timas Fatais;Plena Noite;Cï¿½u Claro;Dupla;Reta;Nï¿½o;1;1
2025-01-29;quarta-feira;03:15:00;RJ;116;BARRA MANSA;Objeto estï¿½tico sobre o leito carroï¿½ï¿½vel;Tombamento;Com Vï¿½timas Feridas;Amanhecer;Nublado;Dupla;Reta;Nï¿½o;0;0
2025-01-29;quarta-feira;04:20:00;SC;470;ASCURRA;Ausï¿½ncia de reaï¿½ï¿½o do condutor;Saï¿½da de leito carroï¿½ï¿½vel;Com Vï¿½timas Feridas;Plena Noite;Garoa/Chuvisco;Simples;"Rotatï¿½ria;Aclive";Sim;0;0
2025-01-28;terï¿½a-feira;23:20:00;RJ;116;BARRA MANSA;Reaï¿½ï¿½o tardia ou ineficiente do condutor;Tombamento;Com Vï¿½timas Feridas;Plena Noite;Nublado;Dupla;Curva;Nï¿½o;0;0
2025-01-29;quarta-feira;07:15:00;GO;60;ANAPOLIS;Velocidade Incompatï¿½vel;Colisï¿½o traseira;Com Vï¿½timas Feridas;Pleno dia;Chuva;Dupla;Reta;Sim;0;0
2025-01-29;quarta-feira;07:05:00;PB;101;CAAPORA;Acumulo de ï¿½gua sobre o pavimento;Tombamento;Sem Vï¿½timas;Pleno dia;Chuva;Dupla;Reta;Nï¿½o;0;0
2025-01-29;quarta-feira;06:25:00;GO;50;CATALAO;Desrespeitar a preferï¿½ncia no cruzamento;Colisï¿½o transversal;Sem Vï¿½timas;Pleno dia;Cï¿½u Claro;Dupla;"Desvio Temporï¿½rio;Em Obras;Reta";Sim;0;0
2025-01-29;quarta-feira;07:10:00;MG;40;NOVA LIMA;Ausï¿½ncia de reaï¿½ï¿½o do condutor;Colisï¿½o lateral mesmo sentido;Com Vï¿½timas Feridas;Pleno dia;Nublado;Simples;Curva;Nï¿½o;0;0
2025-01-29;quarta-feira;07:25:00;CE;116;FORTALEZA;Reaï¿½ï¿½o tardia ou ineficiente do condutor;Colisï¿½o com objeto;Sem Vï¿½timas;Pleno dia;Cï¿½u Claro;Mï¿½ltipla;Reta;Sim;0;0
2025-01-29;quarta-feira;04:00:00;RJ;40;DUQUE DE CAXIAS;Afundamento ou ondulaï¿½ï¿½o no pavimento;Saï¿½da de leito carroï¿½ï¿½vel;Com Vï¿½timas Feridas;Plena Noite;Cï¿½u Claro;Simples;Reta;Nï¿½o;0;0
2025-01-29;quarta-feira;03:10:00;PR;153;IBAITI;Velocidade Incompatï¿½vel;Tombamento;Com Vï¿½timas Feridas;Plena Noite;Cï¿½u Claro;Simples;Curva;Nï¿½o;0;0
2025-01-29;quarta-feira;06:00:00;AL;104;SAO JOSE DA LAJE;Velocidade Incompatï¿½vel;Tombamento;Com Vï¿½timas Feridas;Pleno dia;Cï¿½u Claro;Simples;"Curva;Declive";Nï¿½o;0;0
2025-01-29;quarta-feira;08:20:00;BA;116;VITORIA DA CONQUISTA;Condutor deixou de manter distï¿½ncia do veï¿½culo da frente;Colisï¿½o traseira;Com Vï¿½timas Feridas;Pleno dia;Cï¿½u Claro;Simples;"Aclive;Reta";Nï¿½o;0;0
2025-01-29;quarta-feira;08:15:00;RJ;116;RIO DE JANEIRO;Reaï¿½ï¿½o tardia ou ineficiente do condutor;Queda de ocupante de veï¿½culo;Com Vï¿½timas Fatais;Pleno dia;Cï¿½u Claro;Dupla;Reta;Sim;1;1
2025-01-29;quarta-feira;06:00:00;MG;262;CORREGO DANTA;Velocidade Incompatï¿½vel;Tombamento;Com Vï¿½timas Feridas;Amanhecer;Cï¿½u Claro;Simples;Curva;Nï¿½o;0;0
2025-01-29;quarta-feira;10:40:00;GO;153;MORRINHOS;Condutor Dormindo;Colisï¿½o traseira;Com Vï¿½timas Feridas;Pleno dia;Cï¿½u Claro;Dupla;Reta;Nï¿½o;0;0
2025-01-29;quarta-feira;10:50:00;ES;101;LINHARES;Pedestre cruzava a pista fora da faixa;Atropelamento de Pedestre;Sem Vï¿½timas;Pleno dia;Cï¿½u Claro;Simples;Reta;Sim;0;0
2025-01-08;quarta-feira;15:35:00;SE;235;LARANJEIRAS;Condutor deixou de manter distï¿½ncia do veï¿½culo da frente;Colisï¿½o traseira;Com Vï¿½timas Feridas;Pleno dia;Cï¿½u Claro;Simples;"Aclive;Curva";Nï¿½o;0;0
2025-01-29;quarta-feira;09:45:00;CE;222;SOBRAL;Condutor Dormindo;Colisï¿½o traseira;Com Vï¿½timas Feridas;Pleno dia;Cï¿½u Claro;Simples;Reta;Nï¿½o;0;0
2025-01-29;quarta-feira;09:30:00;PR;153;GENERAL CARNEIRO;Ausï¿½ncia de reaï¿½ï¿½o do condutor;Colisï¿½o frontal;Com Vï¿½timas Feridas;Pleno dia;Cï¿½u Claro;Simples;Curva;Nï¿½o;0;0
2025-01-29;quarta-feira;12:15:00;RS;290;MINAS DO LEAO;Acessar a via sem observar a presenï¿½a dos outros veï¿½culos;Colisï¿½o transversal;Com Vï¿½timas Feridas;Pleno dia;Cï¿½u Claro;Simples;"Reta;Rotatï¿½ria";Sim;0;0
2025-01-29;quarta-feira;06:10:00;SC;282;AGUAS MORNAS;Velocidade Incompatï¿½vel;Tombamento;Sem Vï¿½timas;Amanhecer;Cï¿½u Claro;Simples;"Curva;Declive";Nï¿½o;0;0
2025-01-29;quarta-feira;14:40:00;PE;101;IGARASSU;Demais falhas mecï¿½nicas ou elï¿½tricas;Saï¿½da de leito carroï¿½ï¿½vel;Com Vï¿½timas Feridas;Pleno dia;Cï¿½u Claro;Dupla;Declive;Nï¿½o;0;0
2025-01-29;quarta-feira;11:50:00;RJ;116;NOVA IGUACU;Ausï¿½ncia de reaï¿½ï¿½o do condutor;Engavetamento;Com Vï¿½timas Fatais;Pleno dia;Nublado;Mï¿½ltipla;Reta;Sim;1;1
2025-01-29;quarta-feira;15:20:00;ES;262;IBATIBA;Reaï¿½ï¿½o tardia ou ineficiente do condutor;Colisï¿½o frontal;Com Vï¿½timas Feridas;Pleno dia;Cï¿½u Claro;Simples;Reta;Sim;0;0
2025-01-29;quarta-feira;13:00:00;BA;110;ANTAS;Ultrapassagem Indevida;Colisï¿½o frontal;Com Vï¿½timas Fatais;Pleno dia;Cï¿½u Claro;Simples;Reta;Nï¿½o;6;1
2025-01-29;quarta-feira;16:40:00;GO;153;APARECIDA DE GOIANIA;Trafegar com motocicleta (ou similar) entre as faixas;Queda de ocupante de veï¿½culo;Com Vï¿½timas Feridas;Pleno dia;Nublado;Dupla;Reta;Sim;0;0
2025-01-29;quarta-feira;16:15:00;SC;282;AGUAS MORNAS;Conversï¿½o proibida;Colisï¿½o traseira;Com Vï¿½timas Feridas;Pleno dia;Cï¿½u Claro;Simples;Reta;Nï¿½o;0;0
2025-01-29;quarta-feira;11:00:00;MS;262;CORUMBA;Reaï¿½ï¿½o tardia ou ineficiente do condutor;Colisï¿½o com objeto;Sem Vï¿½timas;Pleno dia;Nublado;Simples;Curva;Nï¿½o;0;0
2025-01-29;quarta-feira;17:10:00;PR;153;SANTO ANTONIO DA PLATINA;Reaï¿½ï¿½o tardia ou ineficiente do condutor;Colisï¿½o traseira;Com Vï¿½timas Feridas;Pleno dia;Nublado;Simples;Reta;Nï¿½o;0;0
2025-01-29;quarta-feira;18:30:00;SC;101;BALNEARIO CAMBORIU;Manobra de mudanï¿½a de faixa;Colisï¿½o lateral mesmo sentido;Com Vï¿½timas Feridas;Anoitecer;Cï¿½u Claro;Dupla;Reta;Sim;0;0
2025-01-29;quarta-feira;18:00:00;MT;163;TERRA NOVA DO NORTE;Condutor deixou de manter distï¿½ncia do veï¿½culo da frente;Colisï¿½o traseira;Com Vï¿½timas Feridas;Plena Noite;Nublado;Simples;Reta;Nï¿½o;0;0
2025-01-29;quarta-feira;20:30:00;MG;381;SAO GONCALO DO RIO ABAIXO;Pista Escorregadia;Colisï¿½o frontal;Com Vï¿½timas Feridas;Plena Noite;Chuva;Simples;Curva;Nï¿½o;0;0
2025-01-29;quarta-feira;19:40:00;SC;101;ARAQUARI;Chuva;Atropelamento de Pedestre;Com Vï¿½timas Feridas;Plena Noite;Chuva;Mï¿½ltipla;Reta;Nï¿½o;0;0
2025-01-29;quarta-feira;20:30:00;GO;452;ITUMBIARA;Pista esburacada;Saï¿½da de leito carroï¿½ï¿½vel;Com Vï¿½timas Feridas;Plena Noite;Ignorado;Simples;Declive;Nï¿½o;0;0
2025-01-29;quarta-feira;19:45:00;PR;277;LARANJEIRAS DO SUL;Demais falhas mecï¿½nicas ou elï¿½tricas;Incï¿½ndio;Sem Vï¿½timas;Anoitecer;Cï¿½u Claro;Simples;"Aclive;Reta";Nï¿½o;0;0
2025-01-29;quarta-feira;16:20:00;PR;277;CAMPO LARGO;Carga excessiva e/ou mal acondicionada;Derramamento de carga;Sem Vï¿½timas;Pleno dia;Nublado;Simples;Rotatï¿½ria;Sim;0;0
2025-01-29;quarta-feira;22:15:00;GO;60;ABADIA DE GOIAS;Reaï¿½ï¿½o tardia ou ineficiente do condutor;Colisï¿½o traseira;Com Vï¿½timas Feridas;Plena Noite;Nublado;Dupla;"Aclive;Reta";Nï¿½o;0;0
2025-01-29;quarta-feira;22:00:00;RS;470;LAGOA VERMELHA;Demais falhas mecï¿½nicas ou elï¿½tricas;Incï¿½ndio;Com Vï¿½timas Feridas;Plena Noite;Nublado;Simples;Reta;Nï¿½o;0;0
2025-01-29;quarta-feira;20:00:00;BA;116;SANTO ESTEVAO;Demais falhas mecï¿½nicas ou elï¿½tricas;Incï¿½ndio;Sem Vï¿½timas;Plena Noite;Ignorado;Dupla;"Reta;Declive";Nï¿½o;0;0
2025-01-29;quarta-feira;17:18:00;MG;153;PRATA;Chuva;Colisï¿½o traseira;Com Vï¿½timas Feridas;Anoitecer;Chuva;Simples;"Declive;Ponte";Nï¿½o;0;0
2025-01-29;quarta-feira;23:40:00;PR;376;SAO JOSE DOS PINHAIS;Acesso irregular;Saï¿½da de leito carroï¿½ï¿½vel;Com Vï¿½timas Feridas;Plena Noite;Cï¿½u Claro;Dupla;Reta;Nï¿½o;0;0
2025-01-30;quinta-feira;00:00:00;RN;101;CANGUARETAMA;Demais falhas mecï¿½nicas ou elï¿½tricas;Incï¿½ndio;Sem Vï¿½timas;Plena Noite;Chuva;Dupla;Rotatï¿½ria;Nï¿½o;0;0
2025-01-29;quarta-feira;23:00:00;MG;262;CAMPOS ALTOS;Velocidade Incompatï¿½vel;Tombamento;Sem Vï¿½timas;Plena Noite;Chuva;Simples;Reta;Nï¿½o;0;0
2025-01-30;quinta-feira;01:10:00;SP;116;JUQUITIBA;Condutor deixou de manter distï¿½ncia do veï¿½culo da frente;Engavetamento;Com Vï¿½timas Feridas;Plena Noite;Nublado;Dupla;Reta;Nï¿½o;0;0
2025-01-29;quarta-feira;16:20:00;SC;101;IMBITUBA;Ausï¿½ncia de reaï¿½ï¿½o do condutor;Colisï¿½o com objeto;Com Vï¿½timas Feridas;Pleno dia;Garoa/Chuvisco;Mï¿½ltipla;Reta;Nï¿½o;0;0
2025-01-30;quinta-feira;05:15:00;DF;20;BRASILIA;Reaï¿½ï¿½o tardia ou ineficiente do condutor;Queda de ocupante de veï¿½culo;Com Vï¿½timas Feridas;Amanhecer;Chuva;Dupla;"Reta;Declive";Nï¿½o;0;0
2025-01-30;quinta-feira;00:30:00;PR;373;IMBITUVA;Reaï¿½ï¿½o tardia ou ineficiente do condutor;Saï¿½da de leito carroï¿½ï¿½vel;Com Vï¿½timas Feridas;Plena Noite;Cï¿½u Claro;Simples;Reta;Nï¿½o;0;0
2025-01-30;quinta-feira;03:40:00;BA;116;VITORIA DA CONQUISTA;Demais falhas mecï¿½nicas ou elï¿½tricas;Tombamento;Com Vï¿½timas Feridas;Plena Noite;Nublado;Simples;Reta;Nï¿½o;0;0
2025-01-30;quinta-feira;07:00:00;BA;116;VITORIA DA CONQUISTA;Reaï¿½ï¿½o tardia ou ineficiente do condutor;Saï¿½da de leito carroï¿½ï¿½vel;Com Vï¿½timas Feridas;Amanhecer;Cï¿½u Claro;Simples;Reta;Nï¿½o;0;0
2025-01-30;quinta-feira;06:55:00;GO;153;PORANGATU;Ausï¿½ncia de reaï¿½ï¿½o do condutor;Colisï¿½o traseira;Com Vï¿½timas Feridas;Pleno dia;Garoa/Chuvisco;Simples;Reta;Nï¿½o;0;0
2025-01-30;quinta-feira;00:10:00;RJ;493;SEROPEDICA;Reaï¿½ï¿½o tardia ou ineficiente do condutor;Tombamento;Com Vï¿½timas Feridas;Plena Noite;Nublado;Dupla;Reta;Nï¿½o;0;0
2025-01-30;quinta-feira;07:25:00;SP;153;SAO JOSE DO RIO PRETO;Ausï¿½ncia de reaï¿½ï¿½o do condutor;Colisï¿½o lateral mesmo sentido;Com Vï¿½timas Feridas;Pleno dia;Nublado;Dupla;Reta;Sim;0;0
2025-01-30;quinta-feira;06:50:00;RJ;101;CAMPOS DOS GOYTACAZES;Acesso irregular;Colisï¿½o transversal;Com Vï¿½timas Feridas;Pleno dia;Cï¿½u Claro;Simples;Reta;Sim;0;0
2025-01-30;quinta-feira;07:45:00;GO;153;GOIANIA;Trafegar com motocicleta (ou similar) entre as faixas;Colisï¿½o traseira;Com Vï¿½timas Fatais;Pleno dia;Nublado;Dupla;Reta;Sim;1;1
2025-01-30;quinta-feira;08:30:00;PR;116;CURITIBA;Manobra de mudanï¿½a de faixa;Colisï¿½o lateral mesmo sentido;Com Vï¿½timas Feridas;Pleno dia;Nublado;Dupla;Reta;Sim;0;0
2025-01-30;quinta-feira;09:30:00;RO;364;PIMENTA BUENO;Faixas de trï¿½nsito com largura insuficiente;Saï¿½da de leito carroï¿½ï¿½vel;Com Vï¿½timas Feridas;Pleno dia;Cï¿½u Claro;Simples;Curva;Nï¿½o;0;0
2025-01-30;quinta-feira;11:30:00;SP;116;REGISTRO;Acessar a via sem observar a presenï¿½a dos outros veï¿½culos;Colisï¿½o lateral mesmo sentido;Sem Vï¿½timas;Pleno dia;Nublado;Dupla;Reta;Nï¿½o;0;0
2025-01-30;quinta-feira;11:00:00;ES;101;PEDRO CANARIO;Velocidade Incompatï¿½vel;Tombamento;Com Vï¿½timas Feridas;Pleno dia;Cï¿½u Claro;Simples;"Curva;Aclive";Nï¿½o;0;0
2025-01-30;quinta-feira;10:00:00;RJ;101;CAMPOS DOS GOYTACAZES;Reaï¿½ï¿½o tardia ou ineficiente do condutor;Tombamento;Com Vï¿½timas Feridas;Pleno dia;Cï¿½u Claro;Simples;Curva;Nï¿½o;0;0
2025-01-30;quinta-feira;09:30:00;DF;20;BRASILIA;Manobra de mudanï¿½a de faixa;Colisï¿½o lateral mesmo sentido;Com Vï¿½timas Feridas;Pleno dia;Chuva;Mï¿½ltipla;"Viaduto;Reta";Sim;0;0
2025-01-30;quinta-feira;07:00:00;MT;158;AGUA BOA;Acostamento em desnï¿½vel;Tombamento;Com Vï¿½timas Feridas;Pleno dia;Nublado;Simples;Reta;Nï¿½o;0;0
2025-01-30;quinta-feira;12:50:00;GO;40;CRISTALINA;Desrespeitar a preferï¿½ncia no cruzamento;Colisï¿½o transversal;Com Vï¿½timas Feridas;Pleno dia;Cï¿½u Claro;Simples;"Retorno Regulamentado;Rotatï¿½ria;Reta";Nï¿½o;0;0
2025-01-30;quinta-feira;13:45:00;SC;116;MAFRA;Acesso irregular;Colisï¿½o transversal;Com Vï¿½timas Feridas;Pleno dia;Cï¿½u Claro;Simples;Reta;Sim;0;0
2025-01-30;quinta-feira;13:35:00;RS;386;SOLEDADE;Acesso irregular;Colisï¿½o frontal;Com Vï¿½timas Feridas;Pleno dia;Cï¿½u Claro;Simples;Reta;Nï¿½o;0;0
2025-01-30;quinta-feira;12:32:00;PR;277;GUARAPUAVA;Reaï¿½ï¿½o tardia ou ineficiente do condutor;Capotamento;Com Vï¿½timas Fatais;Pleno dia;Cï¿½u Claro;Dupla;Reta;Sim;1;1
2025-01-30;quinta-feira;13:00:00;CE;116;ICO;Ausï¿½ncia de reaï¿½ï¿½o do condutor;Colisï¿½o transversal;Com Vï¿½timas Feridas;Pleno dia;Cï¿½u Claro;Simples;"Rotatï¿½ria;Reta";Sim;0;0
2025-01-30;quinta-feira;14:50:00;PA;316;CASTANHAL;Manobra de mudanï¿½a de faixa;Colisï¿½o traseira;Com Vï¿½timas Feridas;Pleno dia;Cï¿½u Claro;Dupla;Reta;Sim;0;0
2025-01-30;quinta-feira;15:00:00;BA;116;MILAGRES;Condutor deixou de manter distï¿½ncia do veï¿½culo da frente;Colisï¿½o traseira;Com Vï¿½timas Fatais;Pleno dia;Cï¿½u Claro;Simples;Reta;Nï¿½o;1;1
2025-01-30;quinta-feira;12:30:00;MS;163;SONORA;Ingestï¿½o de ï¿½lcool pelo condutor;Saï¿½da de leito carroï¿½ï¿½vel;Sem Vï¿½timas;Pleno dia;Cï¿½u Claro;Dupla;"Aclive;Reta";Nï¿½o;0;0
2025-01-30;quinta-feira;12:30:00;TO;153;BARROLANDIA;Demais falhas mecï¿½nicas ou elï¿½tricas;Saï¿½da de leito carroï¿½ï¿½vel;Com Vï¿½timas Feridas;Pleno dia;Nublado;Simples;Reta;Nï¿½o;0;0
2025-01-30;quinta-feira;14:00:00;RS;290;PORTO ALEGRE;Condutor deixou de manter distï¿½ncia do veï¿½culo da frente;Colisï¿½o traseira;Com Vï¿½timas Feridas;Pleno dia;Cï¿½u Claro;Mï¿½ltipla;Reta;Sim;0;0
2025-01-30;quinta-feira;13:30:00;PR;376;CURITIBA;Reaï¿½ï¿½o tardia ou ineficiente do condutor;Tombamento;Com Vï¿½timas Feridas;Pleno dia;Sol;Dupla;Reta;Nï¿½o;0;0
2025-01-30;quinta-feira;11:30:00;PR;116;CURITIBA;Reaï¿½ï¿½o tardia ou ineficiente do condutor;Tombamento;Com Vï¿½timas Feridas;Pleno dia;Cï¿½u Claro;Mï¿½ltipla;"Curva;Declive";Sim;0;0
2025-01-30;quinta-feira;16:10:00;MG;116;TEOFILO OTONI;Manobra de mudanï¿½a de faixa;Colisï¿½o lateral mesmo sentido;Com Vï¿½timas Feridas;Pleno dia;Nublado;Dupla;"Curva;Rotatï¿½ria";Sim;0;0
2025-01-30;quinta-feira;16:10:00;SP;116;LAVRINHAS;Demais falhas mecï¿½nicas ou elï¿½tricas;Colisï¿½o traseira;Com Vï¿½timas Feridas;Pleno dia;Nublado;Dupla;Curva;Nï¿½o;0;0
2025-01-30;quinta-feira;15:35:00;PR;476;CURITIBA;Reaï¿½ï¿½o tardia ou ineficiente do condutor;Colisï¿½o traseira;Com Vï¿½timas Feridas;Pleno dia;Cï¿½u Claro;Dupla;"Reta;Aclive";Sim;0;0
2025-01-30;quinta-feira;14:00:00;PR;277;TEIXEIRA SOARES;Ausï¿½ncia de sinalizaï¿½ï¿½o;Colisï¿½o traseira;Sem Vï¿½timas;Pleno dia;Cï¿½u Claro;Simples;"Em Obras;Curva";Nï¿½o;0;0
2025-01-30;quinta-feira;17:28:00;AL;101;MESSIAS;Manobra de mudanï¿½a de faixa;Colisï¿½o lateral mesmo sentido;Com Vï¿½timas Feridas;Pleno dia;Cï¿½u Claro;Dupla;Curva;Sim;0;0
2025-01-30;quinta-feira;17:15:00;SC;101;JOINVILLE;Trafegar com motocicleta (ou similar) entre as faixas;Colisï¿½o traseira;Com Vï¿½timas Feridas;Pleno dia;Nublado;Dupla;Reta;Sim;0;0
2025-01-30;quinta-feira;15:50:00;MG;40;CONTAGEM;Chuva;Colisï¿½o com objeto;Com Vï¿½timas Feridas;Pleno dia;Chuva;Dupla;Curva;Sim;0;0
2025-01-30;quinta-feira;17:00:00;SP;116;JACAREI;Demais falhas mecï¿½nicas ou elï¿½tricas;Colisï¿½o traseira;Sem Vï¿½timas;Pleno dia;Chuva;Dupla;Reta;Nï¿½o;0;0
2025-01-30;quinta-feira;16:30:00;MG;116;MURIAE;Velocidade Incompatï¿½vel;Tombamento;Com Vï¿½timas Feridas;Pleno dia;Sol;Simples;"Curva;Declive";Nï¿½o;0;0
2025-01-30;quinta-feira;18:10:00;PR;373;PONTA GROSSA;Acessar a via sem observar a presenï¿½a dos outros veï¿½culos;Colisï¿½o frontal;Sem Vï¿½timas;Anoitecer;Chuva;Dupla;Reta;Sim;0;0
2025-01-30;quinta-feira;18:30:00;RS;158;SANTA MARIA;Reaï¿½ï¿½o tardia ou ineficiente do condutor;Saï¿½da de leito carroï¿½ï¿½vel;Com Vï¿½timas Feridas;Anoitecer;Nublado;Dupla;Reta;Sim;0;0
2025-01-30;quinta-feira;18:00:00;SC;101;ITAJAI;Trafegar com motocicleta (ou similar) entre as faixas;Colisï¿½o lateral mesmo sentido;Com Vï¿½timas Feridas;Pleno dia;Cï¿½u Claro;Dupla;"Reta;Ponte";Sim;0;0
2025-01-30;quinta-feira;18:25:00;MT;163;GUARANTA DO NORTE;Reaï¿½ï¿½o tardia ou ineficiente do condutor;Saï¿½da de leito carroï¿½ï¿½vel;Sem Vï¿½timas;Anoitecer;Nublado;Simples;Reta;Nï¿½o;0;0
2025-01-30;quinta-feira;21:50:00;RN;101;NATAL;Reaï¿½ï¿½o tardia ou ineficiente do condutor;Colisï¿½o lateral mesmo sentido;Com Vï¿½timas Feridas;Plena Noite;Cï¿½u Claro;Simples;Reta;Sim;0;0
2025-01-30;quinta-feira;21:00:00;TO;153;ALVORADA;Acessar a via sem observar a presenï¿½a dos outros veï¿½culos;Colisï¿½o transversal;Com Vï¿½timas Feridas;Plena Noite;Nublado;Simples;Reta;Sim;0;0
2025-01-30;quinta-feira;20:00:00;MT;364;CUIABA;Acumulo de ï¿½gua sobre o pavimento;Saï¿½da de leito carroï¿½ï¿½vel;Com Vï¿½timas Feridas;Plena Noite;Chuva;Dupla;Reta;Nï¿½o;0;0
2025-01-30;quinta-feira;23:20:00;SP;116;JUQUITIBA;Reaï¿½ï¿½o tardia ou ineficiente do condutor;Colisï¿½o traseira;Com Vï¿½timas Feridas;Plena Noite;Chuva;Dupla;Reta;Sim;0;0