data_inversa;dia_semana;horario;uf;br;municipio;causa_acidente;tipo_acidente;classificacao_acidente;fase_dia;condicao_metereologica;tipo_pista;tracado_via;uso_solo;mortos;acidente_fatal
2025-02-02;domingo;20:00:00;TO;153;DUERE;Transitar na contramï¿½o;Colisï¿½o lateral sentido oposto;Com Vï¿½timas Fatais;Plena Noite;Chuva;Simples;Reta;Nï¿½o;1;1
2025-02-02;domingo;19:15:00;MS;163;NOVA ALVORADA DO SUL;Acessar a via sem observar a presenï¿½a dos outros veï¿½culos;Colisï¿½o transversal;Com Vï¿½timas Fatais;Plena Noite;Cï¿½u Claro;Dupla;Reta;Nï¿½o;1;1
2025-02-02;domingo;19:55:00;GO;153;APARECIDA DE GOIANIA;Ingestï¿½o de ï¿½lcool pelo condutor;Colisï¿½o lateral mesmo sentido;Sem Vï¿½timas;Plena Noite;Nublado;Dupla;"Declive;Reta";Nï¿½o;0;0
2025-02-02;domingo;16:40:00;BA;116;MANOEL VITORINO;Ausï¿½ncia de reaï¿½ï¿½o do condutor;Colisï¿½o traseira;Com Vï¿½timas Feridas;Pleno dia;Ignorado;Simples;Curva;Nï¿½o;0;0
2025-02-02;domingo;19:50:00;PE;116;SALGUEIRO;Retorno proibido;Colisï¿½o lateral sentido oposto;Com Vï¿½timas Feridas;Plena Noite;Cï¿½u Claro;Simples;"Reta;Declive";Nï¿½o;0;0
2025-02-02;domingo;19:50:00;PR;277;BALSA NOVA;Reaï¿½ï¿½o tardia ou ineficiente do condutor;Saï¿½da de leito carroï¿½ï¿½vel;Sem Vï¿½timas;Plena Noite;Cï¿½u Claro;Simples;"Declive;Reta";Nï¿½o;0;0
2025-01-19;domingo;12:15:00;RS;285;MUITOS CAPOES;Reaï¿½ï¿½o tardia ou ineficiente do condutor;Tombamento;Com Vï¿½timas Feridas;Pleno dia;Cï¿½u Claro;Simples;Curva;Nï¿½o;0;0
2025-02-02;domingo;17:30:00;MG;40;SAO GONCALO DO ABAETE;Velocidade Incompatï¿½vel;Colisï¿½o com objeto;Com Vï¿½timas Feridas;Anoitecer;Chuva;Dupla;"Curva;Declive";Sim;0;0
2025-02-02;domingo;20:00:00;MT;70;CUIABA;Reaï¿½ï¿½o tardia ou ineficiente do condutor;Colisï¿½o frontal;Com Vï¿½timas Feridas;Pleno dia;Cï¿½u Claro;Simples;Reta;Nï¿½o;0;0
2025-02-02;domingo;20:00:00;MT;70;VARZEA GRANDE;Ingestï¿½o de ï¿½lcool pelo condutor;Colisï¿½o transversal;Sem Vï¿½timas;Plena Noite;Cï¿½u Claro;Simples;Interseï¿½ï¿½o de Vias;Sim;0;0
2025-01-05;domingo;17:00:00;RJ;116;PIRAI;Condutor deixou de manter distï¿½ncia do veï¿½culo da frente;Engavetamento;Com Vï¿½timas Feridas;Pleno dia;Sol;Dupla;Curva;Nï¿½o;0;0
2025-02-03;segunda-feira;00:40:00;SC;101;ARAQUARI;Ausï¿½ncia de reaï¿½ï¿½o do condutor;Colisï¿½o lateral mesmo sentido;Com Vï¿½timas Feridas;Plena Noite;Chuva;Mï¿½ltipla;Reta;Nï¿½o;0;0
2025-02-03;segunda-feira;01:45:00;AL;101;RIO LARGO;Reaï¿½ï¿½o tardia ou ineficiente do condutor;Colisï¿½o traseira;Com Vï¿½timas Feridas;Plena Noite;Chuva;Simples;Reta;Nï¿½o;0;0
2025-02-03;segunda-feira;01:25:00;AL;101;RIO LARGO;Condutor Dormindo;Colisï¿½o lateral mesmo sentido;Com Vï¿½timas Feridas;Plena Noite;Nublado;Dupla;Reta;Nï¿½o;0;0
2025-02-03;segunda-feira;03:00:00;PR;476;ARAUCARIA;Transitar na contramï¿½o;Colisï¿½o lateral sentido oposto;Com Vï¿½timas Feridas;Plena Noite;Nublado;Simples;Reta;Nï¿½o;0;0
2025-02-03;segunda-feira;05:30:00;RJ;101;ITAGUAI;Animais na Pista;Atropelamento de Animal;Com Vï¿½timas Feridas;Amanhecer;Cï¿½u Claro;Dupla;Reta;Nï¿½o;0;0
2025-02-02;domingo;20:00:00;MT;364;SANTO ANTONIO DO LEVERGER;Demais falhas mecï¿½nicas ou elï¿½tricas;Saï¿½da de leito carroï¿½ï¿½vel;Sem Vï¿½timas;Plena Noite;Cï¿½u Claro;Dupla;"Curva;Declive";Nï¿½o;0;0
2025-02-03;segunda-feira;05:15:00;SP;116;QUELUZ;Condutor Dormindo;Colisï¿½o com objeto;Com Vï¿½timas Feridas;Amanhecer;Nublado;Dupla;Reta;Nï¿½o;0;0
2025-02-03;segunda-feira;07:35:00;PB;101;BAYEUX;Manobra de mudanï¿½a de faixa;Colisï¿½o lateral mesmo sentido;Com Vï¿½timas Feridas;Pleno dia;Cï¿½u Claro;Dupla;Reta;Sim;0;0
2025-02-03;segunda-feira;05:00:00;PE;232;GRAVATA;Condutor Dormindo;Colisï¿½o traseira;Com Vï¿½timas Feridas;Amanhecer;Cï¿½u Claro;Dupla;Reta;Nï¿½o;0;0
2025-02-03;segunda-feira;07:18:00;PR;153;JACAREZINHO;Acessar a via sem observar a presenï¿½a dos outros veï¿½culos;Colisï¿½o transversal;Com Vï¿½timas Feridas;Pleno dia;Cï¿½u Claro;Simples;Reta;Nï¿½o;0;0
2025-01-22;quarta-feira;09:40:00;GO;40;LUZIANIA;Manobra de mudanï¿½a de faixa;Colisï¿½o transversal;Com Vï¿½timas Feridas;Pleno dia;Cï¿½u Claro;Dupla;Reta;Sim;0;0
2025-02-03;segunda-feira;08:30:00;BA;20;SAO DESIDERIO;Reaï¿½ï¿½o tardia ou ineficiente do condutor;Colisï¿½o transversal;Com Vï¿½timas Fatais;Pleno dia;Chuva;Simples;Reta;Nï¿½o;1;1
2025-02-03;segunda-feira;08:00:00;ES;101;FUNDAO;Reaï¿½ï¿½o tardia ou ineficiente do condutor;Colisï¿½o com objeto;Com Vï¿½timas Feridas;Pleno dia;Cï¿½u Claro;Simples;Reta;Nï¿½o;0;0
2025-02-03;segunda-feira;09:00:00;RS;392;PELOTAS;Acessar a via sem observar a presenï¿½a dos outros veï¿½culos;Colisï¿½o transversal;Com Vï¿½timas Feridas;Pleno dia;Cï¿½u Claro;Dupla;Viaduto;Sim;0;0
2025-01-25;sï¿½bado;15:43:00;MG;251;GRAO MOGOL;Condutor Dormindo;Colisï¿½o frontal;Com Vï¿½timas Feridas;Pleno dia;Cï¿½u Claro;Simples;Reta;Nï¿½o;0;0
2025-02-03;segunda-feira;06:52:00;RO;364;CACOAL;Ausï¿½ncia de reaï¿½ï¿½o do condutor;Saï¿½da de leito carroï¿½ï¿½vel;Sem Vï¿½timas;Amanhecer;Nublado;Simples;"Declive;Reta";Nï¿½o;0;0
2025-02-03;segunda-feira;04:00:00;PA;230;ITUPIRANGA;Condutor Dormindo;Colisï¿½o com objeto;Com Vï¿½timas Feridas;Plena Noite;Ignorado;Simples;"Curva;Ponte";Nï¿½o;0;0
2025-02-03;segunda-feira;08:45:00;SE;101;CRISTINAPOLIS;Acessar a via sem observar a presenï¿½a dos outros veï¿½culos;Saï¿½da de leito carroï¿½ï¿½vel;Com Vï¿½timas Feridas;Pleno dia;Nublado;Simples;Reta;Nï¿½o;0;0
2025-02-03;segunda-feira;11:05:00;PE;101;RECIFE;Reaï¿½ï¿½o tardia ou ineficiente do condutor;Colisï¿½o traseira;Com Vï¿½timas Feridas;Pleno dia;Cï¿½u Claro;Dupla;Reta;Sim;0;0
2025-02-03;segunda-feira;10:20:00;PI;343;TERESINA;Demais falhas mecï¿½nicas ou elï¿½tricas;Colisï¿½o com objeto;Sem Vï¿½timas;Pleno dia;Cï¿½u Claro;Simples;Reta;Sim;0;0
2025-02-03;segunda-feira;10:45:00;RO;364;JARU;Reaï¿½ï¿½o tardia ou ineficiente do condutor;Tombamento;Com Vï¿½timas Fatais;Pleno dia;Sol;Mï¿½ltipla;Reta;Sim;1;1
2025-02-02;domingo;16:30:00;MA;222;SANTA LUZIA;Reaï¿½ï¿½o tardia ou ineficiente do condutor;Tombamento;Com Vï¿½timas Feridas;Pleno dia;Cï¿½u Claro;Simples;"Curva;Declive";Nï¿½o;0;0
2025-01-28;terï¿½a-feira;09:18:00;PE;101;JABOATAO DOS GUARARAPES;Avarias e/ou desgaste excessivo no pneu;Incï¿½ndio;Sem Vï¿½timas;Pleno dia;Cï¿½u Claro;Dupla;Reta;Sim;0;0
2025-02-03;segunda-feira;07:25:00;MG;40;CONGONHAS;Problema com o freio;Incï¿½ndio;Sem Vï¿½timas;Pleno dia;Cï¿½u Claro;Simples;"Interseï¿½ï¿½o de Vias;Reta";Nï¿½o;0;0
2025-02-03;segunda-feira;15:30:00;MG;365;ITUIUTABA;Ausï¿½ncia de reaï¿½ï¿½o do condutor;Engavetamento;Com Vï¿½timas Feridas;Pleno dia;Cï¿½u Claro;Simples;Aclive;Nï¿½o;0;0
2025-01-17;sexta-feira;07:42:00;MG;381;BETIM;Manobra de mudanï¿½a de faixa;Colisï¿½o lateral mesmo sentido;Com Vï¿½timas Feridas;Pleno dia;Cï¿½u Claro;Dupla;"Declive;Reta";Sim;0;0
2025-02-03;segunda-feira;15:00:00;GO;153;GOIANIA;Manobra de mudanï¿½a de faixa;Colisï¿½o transversal;Com Vï¿½timas Feridas;Pleno dia;Cï¿½u Claro;Dupla;Reta;Sim;0;0
2025-02-03;segunda-feira;15:10:00;RO;319;PORTO VELHO;Reaï¿½ï¿½o tardia ou ineficiente do condutor;Colisï¿½o com objeto;Sem Vï¿½timas;Pleno dia;Cï¿½u Claro;Mï¿½ltipla;Reta;Sim;0;0
2025-02-03;segunda-feira;15:20:00;RJ;493;JAPERI;Ausï¿½ncia de reaï¿½ï¿½o do condutor;Saï¿½da de leito carroï¿½ï¿½vel;Com Vï¿½timas Fatais;Pleno dia;Cï¿½u Claro;Dupla;Curva;Nï¿½o;1;1
2025-02-03;segunda-feira;03:30:00;MG;381;NOVA UNIAO;Velocidade Incompatï¿½vel;Colisï¿½o com objeto;Com Vï¿½timas Feridas;Plena Noite;Nublado;Dupla;"Aclive;Reta";Nï¿½o;0;0
2025-02-03;segunda-feira;16:20:00;SC;101;IMBITUBA;Manobra de mudanï¿½a de faixa;Colisï¿½o lateral mesmo sentido;Com Vï¿½timas Feridas;Pleno dia;Cï¿½u Claro;Mï¿½ltipla;Reta;Sim;0;0
2025-02-03;segunda-feira;16:30:00;RJ;101;RIO DE JANEIRO;Condutor deixou de manter distï¿½ncia do veï¿½culo da frente;Colisï¿½o traseira;Com Vï¿½timas Feridas;Pleno dia;Cï¿½u Claro;Dupla;"Reta;Ponte;Aclive";Nï¿½o;0;0
2025-02-03;segunda-feira;17:05:00;RS;116;PELOTAS;Condutor deixou de manter distï¿½ncia do veï¿½culo da frente;Colisï¿½o traseira;Com Vï¿½timas Feridas;Pleno dia;Sol;Dupla;"Interseï¿½ï¿½o de Vias;Reta";Sim;0;0
2025-02-03;segunda-feira;17:50:00;PR;116;FAZENDA RIO GRANDE;Manobra de mudanï¿½a de faixa;Colisï¿½o traseira;Com Vï¿½timas Feridas;Anoitecer;Nublado;Dupla;Reta;Sim;0;0
2025-02-03;segunda-feira;17:00:00;RS;448;CANOAS;Demais falhas mecï¿½nicas ou elï¿½tricas;Colisï¿½o com objeto;Com Vï¿½timas Feridas;Pleno dia;Cï¿½u Claro;Mï¿½ltipla;Reta;Sim;0;0
2025-02-03;segunda-feira;17:45:00;MG;381;BETIM;Demais falhas mecï¿½nicas ou elï¿½tricas;Colisï¿½o com objeto;Com Vï¿½timas Feridas;Pleno dia;Cï¿½u Claro;Dupla;"Curva;Declive";Sim;0;0
2025-02-03;segunda-feira;18:10:00;MT;163;CUIABA;Conversï¿½o proibida;Colisï¿½o transversal;Com Vï¿½timas Feridas;Anoitecer;Nublado;Simples;Reta;Sim;0;0
2025-02-03;segunda-feira;15:30:00;MT;174;COMODORO;Ausï¿½ncia de reaï¿½ï¿½o do condutor;Saï¿½da de leito carroï¿½ï¿½vel;Com Vï¿½timas Feridas;Pleno dia;Chuva;Simples;Reta;Nï¿½o;0;0
2025-02-03;segunda-feira;18:45:00;MT;70;VARZEA GRANDE;Reaï¿½ï¿½o tardia ou ineficiente do condutor;Colisï¿½o traseira;Com Vï¿½timas Feridas;Anoitecer;Garoa/Chuvisco;Simples;Reta;Sim;0;0
2025-02-03;segunda-feira;16:30:00;MG;262;BOM DESPACHO;Ausï¿½ncia de reaï¿½ï¿½o do condutor;Colisï¿½o lateral sentido oposto;Com Vï¿½timas Feridas;Pleno dia;Sol;Simples;Reta;Nï¿½o;0;0
2025-02-03;segunda-feira;22:05:00;SC;101;JOINVILLE;Condutor deixou de manter distï¿½ncia do veï¿½culo da frente;Engavetamento;Com Vï¿½timas Feridas;Plena Noite;Nublado;Mï¿½ltipla;"Aclive;Reta;Viaduto";Sim;0;0
2025-02-03;segunda-feira;21:40:00;SC;101;JOINVILLE;Reaï¿½ï¿½o tardia ou ineficiente do condutor;Colisï¿½o lateral mesmo sentido;Com Vï¿½timas Feridas;Plena Noite;Nublado;Dupla;"Reta;Ponte";Nï¿½o;0;0
2025-02-03;segunda-feira;16:55:00;MG;381;CARMO DA CACHOEIRA;Ausï¿½ncia de reaï¿½ï¿½o do condutor;Saï¿½da de leito carroï¿½ï¿½vel;Com Vï¿½timas Feridas;Pleno dia;Cï¿½u Claro;Dupla;Reta;Nï¿½o;0;0
2025-02-03;segunda-feira;22:45:00;AL;101;TEOTONIO VILELA;Velocidade Incompatï¿½vel;Tombamento;Com Vï¿½timas Feridas;Plena Noite;Cï¿½u Claro;Dupla;"Curva;Aclive";Nï¿½o;0;0
2025-02-03;segunda-feira;21:35:00;CE;116;JAGUARIBE;Acesso irregular;Colisï¿½o traseira;Com Vï¿½timas Fatais;Plena Noite;Cï¿½u Claro;Simples;Reta;Nï¿½o;1;1
2025-02-04;terï¿½a-feira;01:40:00;PR;277;FERNANDES PINHEIRO;Acessar a via sem observar a presenï¿½a dos outros veï¿½culos;Colisï¿½o frontal;Com Vï¿½timas Fatais;Plena Noite;Nublado;Simples;Reta;Sim;2;1
2025-02-04;terï¿½a-feira;05:00:00;MS;163;COXIM;Ausï¿½ncia de reaï¿½ï¿½o do condutor;Tombamento;Com Vï¿½timas Feridas;Amanhecer;Nevoeiro/Neblina;Simples;Reta;Nï¿½o;0;0
2025-02-04;terï¿½a-feira;07:30:00;SP;116;JACAREI;Demais falhas mecï¿½nicas ou elï¿½tricas;Incï¿½ndio;Sem Vï¿½timas;Pleno dia;Sol;Dupla;Reta;Nï¿½o;0;0
2025-02-04;terï¿½a-feira;08:10:00;PB;101;BAYEUX;Demais falhas na via;Tombamento;Com Vï¿½timas Feridas;Pleno dia;Nublado;Dupla;Reta;Sim;0;0
2025-02-04;terï¿½a-feira;09:10:00;MG;251;FRANCISCO SA;Velocidade Incompatï¿½vel;Colisï¿½o lateral sentido oposto;Com Vï¿½timas Fatais;Pleno dia;Sol;Simples;"Curva;Declive";Nï¿½o;2;1
2025-02-03;segunda-feira;19:12:00;MT;163;SORRISO;Reaï¿½ï¿½o tardia ou ineficiente do condutor;Colisï¿½o traseira;Com Vï¿½timas Feridas;Plena Noite;Cï¿½u Claro;Simples;Reta;Nï¿½o;0;0
2025-02-04;terï¿½a-feira;09:30:00;RS;116;SAO LEOPOLDO;Ausï¿½ncia de reaï¿½ï¿½o do condutor;Colisï¿½o lateral mesmo sentido;Com Vï¿½timas Feridas;Pleno dia;Cï¿½u Claro;Mï¿½ltipla;"Interseï¿½ï¿½o de Vias;Reta";Sim;0;0
2025-02-04;terï¿½a-feira;09:00:00;MG;153;MONTE ALEGRE DE MINAS;Condutor usando celular;Saï¿½da de leito carroï¿½ï¿½vel;Com Vï¿½timas Feridas;Pleno dia;Cï¿½u Claro;Simples;"Reta;Aclive";Nï¿½o;0;0
2025-02-04;terï¿½a-feira;09:05:00;PR;277;PRUDENTOPOLIS;Pedestre andava na pista;Atropelamento de Pedestre;Com Vï¿½timas Feridas;Pleno dia;Nublado;Simples;Reta;Nï¿½o;0;0
2025-02-04;terï¿½a-feira;10:15:00;RS;116;SAO LEOPOLDO;Ausï¿½ncia de reaï¿½ï¿½o do condutor;Engavetamento;Sem Vï¿½timas;Pleno dia;Cï¿½u Claro;Mï¿½ltipla;"Reta;Viaduto";Sim;0;0
2025-01-16;quinta-feira;05:00:00;MG;40;ESMERALDAS;Objeto estï¿½tico sobre o leito carroï¿½ï¿½vel;Colisï¿½o com objeto;Com Vï¿½timas Feridas;Amanhecer;Nublado;Dupla;Reta;Nï¿½o;0;0
2025-02-04;terï¿½a-feira;10:50:00;RS;116;SAO LEOPOLDO;Reaï¿½ï¿½o tardia ou ineficiente do condutor;Colisï¿½o lateral mesmo sentido;Sem Vï¿½timas;Pleno dia;Cï¿½u Claro;Dupla;Reta;Sim;0;0
2025-01-31;sexta-feira;15:55:00;MT;364;PEDRA PRETA;Problema com o freio;Colisï¿½o lateral sentido oposto;Com Vï¿½timas Feridas;Pleno dia;Nublado;Dupla;Reta;Nï¿½o;0;0
2025-02-04;terï¿½a-feira;07:30:00;PE;316;BELEM DE SAO FRANCISCO;Curva acentuada;Capotamento;Com Vï¿½timas Feridas;Pleno dia;Cï¿½u Claro;Simples;Curva;Nï¿½o;0;0
2025-01-10;sexta-feira;07:30:00;PR;376;MAUA DA SERRA;Velocidade Incompatï¿½vel;Tombamento;Com Vï¿½timas Feridas;Pleno dia;Sol;Dupla;Curva;Nï¿½o;0;0
2025-02-04;terï¿½a-feira;13:02:00;PA;316;CASTANHAL;Ausï¿½ncia de reaï¿½ï¿½o do condutor;Tombamento;Com Vï¿½timas Fatais;Pleno dia;Cï¿½u Claro;Dupla;Reta;Sim;1;1
2025-02-04;terï¿½a-feira;10:20:00;SC;101;JOINVILLE;Objeto estï¿½tico sobre o leito carroï¿½ï¿½vel;Colisï¿½o com objeto;Com Vï¿½timas Feridas;Pleno dia;Nublado;Mï¿½ltipla;Reta;Sim;0;0
2025-02-04;terï¿½a-feira;11:10:00;PR;476;LAPA;Ausï¿½ncia de reaï¿½ï¿½o do condutor;Saï¿½da de leito carroï¿½ï¿½vel;Com Vï¿½timas Feridas;Pleno dia;Cï¿½u Claro;Simples;Curva;Nï¿½o;0;0
2025-02-01;sï¿½bado;09:45:00;MT;163;SORRISO;Condutor deixou de manter distï¿½ncia do veï¿½culo da frente;Colisï¿½o frontal;Com Vï¿½timas Feridas;Pleno dia;Chuva;Simples;Reta;Nï¿½o;0;0
2025-02-04;terï¿½a-feira;10:32:00;SC;116;SANTA CECILIA;Acessar a via sem observar a presenï¿½a dos outros veï¿½culos;Colisï¿½o frontal;Com Vï¿½timas Feridas;Pleno dia;Sol;Simples;"Curva;Interseï¿½ï¿½o de Vias";Sim;0;0
2025-02-04;terï¿½a-feira;14:00:00;MG;40;SANTOS DUMONT;Velocidade Incompatï¿½vel;Tombamento;Com Vï¿½timas Feridas;Pleno dia;Cï¿½u Claro;Simples;Curva;Nï¿½o;0;0
2025-02-04;terï¿½a-feira;15:00:00;ES;101;LINHARES;Desrespeitar a preferï¿½ncia no cruzamento;Colisï¿½o transversal;Com Vï¿½timas Feridas;Pleno dia;Cï¿½u Claro;Simples;Interseï¿½ï¿½o de Vias;Nï¿½o;0;0
2025-02-04;terï¿½a-feira;15:00:00;PR;277;IBEMA;Transitar na contramï¿½o;Colisï¿½o lateral sentido oposto;Com Vï¿½timas Feridas;Pleno dia;Cï¿½u Claro;Simples;"Reta;Declive";Nï¿½o;0;0
2025-02-04;terï¿½a-feira;15:00:00;RS;290;SANTO ANTONIO DA PATRULHA;Reaï¿½ï¿½o tardia ou ineficiente do condutor;Saï¿½da de leito carroï¿½ï¿½vel;Com Vï¿½timas Feridas;Pleno dia;Cï¿½u Claro;Dupla;Reta;Nï¿½o;0;0
2025-02-04;terï¿½a-feira;12:25:00;RO;364;PRESIDENTE MEDICI;Demais falhas mecï¿½nicas ou elï¿½tricas;Incï¿½ndio;Sem Vï¿½timas;Pleno dia;Cï¿½u Claro;Simples;"Reta;Aclive";Nï¿½o;0;0
2025-02-04;terï¿½a-feira;15:30:00;RS;470;NOVA PRATA;Ingestï¿½o de ï¿½lcool pelo condutor;Colisï¿½o traseira;Sem Vï¿½timas;Pleno dia;Sol;Simples;Reta;Sim;0;0
2025-02-04;terï¿½a-feira;18:20:00;PR;369;CORNELIO PROCOPIO;Acessar a via sem observar a presenï¿½a dos outros veï¿½culos;Colisï¿½o transversal;Com Vï¿½timas Feridas;Plena Noite;Chuva;Simples;Interseï¿½ï¿½o de Vias;Sim;0;0
2025-02-04;terï¿½a-feira;16:45:00;RS;290;PORTO ALEGRE;Manobra de mudanï¿½a de faixa;Colisï¿½o traseira;Com Vï¿½timas Feridas;Pleno dia;Cï¿½u Claro;Dupla;"Retorno Regulamentado;Curva";Sim;0;0
2025-02-04;terï¿½a-feira;17:20:00;RJ;101;CASIMIRO DE ABREU;Reaï¿½ï¿½o tardia ou ineficiente do condutor;Colisï¿½o traseira;Com Vï¿½timas Feridas;Pleno dia;Cï¿½u Claro;Dupla;Curva;Nï¿½o;0;0
2025-02-04;terï¿½a-feira;15:30:00;PB;101;PEDRAS DE FOGO;Reaï¿½ï¿½o tardia ou ineficiente do condutor;Saï¿½da de leito carroï¿½ï¿½vel;Sem Vï¿½timas;Pleno dia;Chuva;Simples;Aclive;Nï¿½o;0;0
2025-02-04;terï¿½a-feira;12:36:00;MA;135;BACABEIRA;Ausï¿½ncia de reaï¿½ï¿½o do condutor;Colisï¿½o lateral mesmo sentido;Com Vï¿½timas Feridas;Pleno dia;Nublado;Dupla;Reta;Nï¿½o;0;0
2025-02-04;terï¿½a-feira;16:20:00;MG;153;ARAPORA;Velocidade Incompatï¿½vel;Tombamento;Com Vï¿½timas Fatais;Pleno dia;Nublado;Dupla;"Aclive;Reta";Sim;1;1
2025-02-04;terï¿½a-feira;18:00:00;RS;448;CANOAS;Manobra de mudanï¿½a de faixa;Colisï¿½o lateral mesmo sentido;Com Vï¿½timas Feridas;Pleno dia;Sol;Mï¿½ltipla;"Ponte;Reta";Nï¿½o;0;0
2025-02-04;terï¿½a-feira;18:48:00;ES;101;SERRA;Acessar a via sem observar a presenï¿½a dos outros veï¿½culos;Colisï¿½o traseira;Com Vï¿½timas Feridas;Anoitecer;Cï¿½u Claro;Dupla;Interseï¿½ï¿½o de Vias;Sim;0;0
2025-02-04;terï¿½a-feira;19:55:00;RS;290;PORTO ALEGRE;Condutor deixou de manter distï¿½ncia do veï¿½culo da frente;Colisï¿½o traseira;Com Vï¿½timas Feridas;Plena Noite;Cï¿½u Claro;Mï¿½ltipla;Reta;Sim;0;0
2025-02-04;terï¿½a-feira;19:00:00;PB;230;CAMPINA GRANDE;Ingestï¿½o de ï¿½lcool pelo condutor;Colisï¿½o transversal;Com Vï¿½timas Feridas;Plena Noite;Chuva;Simples;Reta;Sim;0;0
2025-02-04;terï¿½a-feira;19:40:00;BA;324;CONCEICAO DO JACUIPE;Acessar a via sem observar a presenï¿½a dos outros veï¿½culos;Colisï¿½o transversal;Com Vï¿½timas Fatais;Plena Noite;Cï¿½u Claro;Dupla;Reta;Sim;1;1
2025-02-04;terï¿½a-feira;20:50:00;PR;277;BALSA NOVA;Demais falhas mecï¿½nicas ou elï¿½tricas;Incï¿½ndio;Sem Vï¿½timas;Plena Noite;Garoa/Chuvisco;Dupla;"Curva;Declive";Nï¿½o;0;0
2025-02-04;terï¿½a-feira;18:55:00;PR;277;NOVA LARANJEIRAS;Pedestre cruzava a pista fora da faixa;Atropelamento de Pedestre;Com Vï¿½timas Feridas;Anoitecer;Nublado;Simples;Declive;Nï¿½o;0;0
2025-02-04;terï¿½a-feira;17:10:00;GO;452;BOM JESUS DE GOIAS;Ultrapassagem Indevida;Colisï¿½o lateral sentido oposto;Sem Vï¿½timas;Anoitecer;Chuva;Simples;Reta;Nï¿½o;0;0
2025-02-04;terï¿½a-feira;22:30:00;MG;40;JUIZ DE FORA;Reaï¿½ï¿½o tardia ou ineficiente do condutor;Colisï¿½o com objeto;Sem Vï¿½timas;Plena Noite;Cï¿½u Claro;Simples;Reta;Nï¿½o;0;0
2025-02-04;terï¿½a-feira;23:14:00;BA;324;AMELIA RODRIGUES;Demais falhas mecï¿½nicas ou elï¿½tricas;Colisï¿½o com objeto;Sem Vï¿½timas;Plena Noite;Cï¿½u Claro;Dupla;Reta;Sim;0;0
2025-02-04;terï¿½a-feira;20:20:00;MG;251;SANTA CRUZ DE SALINAS;Curva acentuada;Saï¿½da de leito carroï¿½ï¿½vel;Com Vï¿½timas Feridas;Plena Noite;Cï¿½u Claro;Simples;"Curva;Declive";Nï¿½o;0;0
2025-01-22;quarta-feira;03:00:00;MS;262;DOIS IRMAOS DO BURITI;Ausï¿½ncia de reaï¿½ï¿½o do condutor;Colisï¿½o traseira;Com Vï¿½timas Feridas;Plena Noite;Cï¿½u Claro;Simples;Reta;Nï¿½o;0;0
2025-02-05;quarta-feira;01:50:00;MG;381;BETIM;Condutor Dormindo;Colisï¿½o com objeto;Sem Vï¿½timas;Plena Noite;Cï¿½u Claro;Dupla;Curva;Sim;0;0
2025-02-05;quarta-feira;01:20:00;CE;116;RUSSAS;Animais na Pista;Atropelamento de Animal;Sem Vï¿½timas;Plena Noite;Cï¿½u Claro;Simples;"Reta;Declive";Nï¿½o;0;0
2025-02-05;quarta-feira;01:30:00;PR;153;JAPIRA;Ingestï¿½o de ï¿½lcool pelo condutor;Colisï¿½o traseira;Com Vï¿½timas Feridas;Plena Noite;Chuva;Simples;"Curva;Aclive";Nï¿½o;0;0
2025-02-05;quarta-feira;02:50:00;GO;60;JANDAIA;Condutor Dormindo;Tombamento;Sem Vï¿½timas;Plena Noite;Nublado;Dupla;"Retorno Regulamentado;Reta";Nï¿½o;0;0
2025-02-05;quarta-feira;04:00:00;ES;259;JOAO NEIVA;Ausï¿½ncia de reaï¿½ï¿½o do condutor;Tombamento;Com Vï¿½timas Feridas;Amanhecer;Cï¿½u Claro;Simples;"Curva;Aclive";Nï¿½o;0;0
2025-02-05;quarta-feira;05:15:00;MG;116;LEOPOLDINA;Velocidade Incompatï¿½vel;Tombamento;Com Vï¿½timas Fatais;Amanhecer;Cï¿½u Claro;Simples;Curva;Nï¿½o;1;1
2025-02-05;quarta-feira;06:22:00;TO;230;SANTA TEREZINHA DO TOCANTINS;Ausï¿½ncia de reaï¿½ï¿½o do condutor;Atropelamento de Pedestre;Com Vï¿½timas Fatais;Amanhecer;Nevoeiro/Neblina;Simples;"Aclive;Reta";Nï¿½o;1;1
2025-02-05;quarta-feira;06:30:00;RS;290;BUTIA;Reaï¿½ï¿½o tardia ou ineficiente do condutor;Saï¿½da de leito carroï¿½ï¿½vel;Com Vï¿½timas Feridas;Amanhecer;Cï¿½u Claro;Simples;"Reta;Declive";Nï¿½o;0;0
2025-02-05;quarta-feira;04:30:00;MG;365;JEQUITAI;Velocidade Incompatï¿½vel;Tombamento;Com Vï¿½timas Feridas;Amanhecer;Cï¿½u Claro;Simples;"Declive;Curva";Nï¿½o;0;0
2025-01-25;sï¿½bado;02:30:00;SC;280;MAFRA;Reaï¿½ï¿½o tardia ou ineficiente do condutor;Tombamento;Com Vï¿½timas Feridas;Plena Noite;Nevoeiro/Neblina;Simples;"Declive;Retorno Regulamentado;Interseï¿½ï¿½o de Vias;Rotatï¿½ria;Desvio Temporï¿½rio";Nï¿½o;0;0
2025-02-05;quarta-feira;07:51:00;PR;277;MEDIANEIRA;Avarias e/ou desgaste excessivo no pneu;Tombamento;Com Vï¿½timas Fatais;Pleno dia;Cï¿½u Claro;Dupla;"Reta;Declive";Nï¿½o;1;1
2025-02-05;quarta-feira;09:15:00;MG;381;LAVRAS;Ausï¿½ncia de reaï¿½ï¿½o do condutor;Colisï¿½o traseira;Com Vï¿½timas Feridas;Pleno dia;Sol;Dupla;"Curva;Aclive";Nï¿½o;0;0