data_inversa;dia_semana;horario;uf;br;municipio;causa_acidente;tipo_acidente;classificacao_acidente;fase_dia;condicao_metereologica;tipo_pista;tracado_via;uso_solo;mortos;acidente_fatal
2025-03-18;terï¿½a-feira;22:30:00;MG;262;LUZ;Velocidade Incompatï¿½vel;Saï¿½da de leito carroï¿½ï¿½vel;Com Vï¿½timas Feridas;Plena Noite;Ignorado;Simples;Curva;Nï¿½o;0;0
2025-03-19;quarta-feira;02:00:00;SP;116;JUQUITIBA;Ausï¿½ncia de reaï¿½ï¿½o do condutor;Colisï¿½o traseira;Com Vï¿½timas Feridas;Plena Noite;Nublado;Dupla;Reta;Sim;0;0
2025-03-19;quarta-feira;00:30:00;PB;230;CAMPINA GRANDE;Transitar na contramï¿½o;Colisï¿½o frontal;Com Vï¿½timas Fatais;Plena Noite;Vento;Simples;Reta;Sim;2;1
2025-03-19;quarta-feira;03:30:00;MG;262;ARAXA;Condutor Dormindo;Saï¿½da de leito carroï¿½ï¿½vel;Com Vï¿½timas Feridas;Plena Noite;Cï¿½u Claro;Simples;Ponte;Nï¿½o;0;0
2025-03-19;quarta-feira;03:40:00;BA;101;RIO REAL;Iluminaï¿½ï¿½o deficiente;Colisï¿½o traseira;Sem Vï¿½timas;Plena Noite;Cï¿½u Claro;Simples;"Reta;Aclive";Nï¿½o;0;0
2025-03-19;quarta-feira;06:00:00;SP;116;MIRACATU;Reaï¿½ï¿½o tardia ou ineficiente do condutor;Tombamento;Com Vï¿½timas Feridas;Pleno dia;Nublado;Mï¿½ltipla;"Curva;Aclive";Nï¿½o;0;0
2025-03-19;quarta-feira;06:40:00;ES;101;FUNDAO;Reaï¿½ï¿½o tardia ou ineficiente do condutor;Colisï¿½o traseira;Com Vï¿½timas Fatais;Pleno dia;Cï¿½u Claro;Simples;Reta;Nï¿½o;1;1
2025-03-18;terï¿½a-feira;23:30:00;RO;364;PRESIDENTE MEDICI;Ingestï¿½o de ï¿½lcool pelo condutor;Colisï¿½o frontal;Sem Vï¿½timas;Plena Noite;Cï¿½u Claro;Simples;Reta;Nï¿½o;0;0
2025-03-19;quarta-feira;07:55:00;PE;101;ITAPISSUMA;Demais falhas mecï¿½nicas ou elï¿½tricas;Colisï¿½o traseira;Com Vï¿½timas Feridas;Pleno dia;Cï¿½u Claro;Dupla;Reta;Nï¿½o;0;0
2025-03-19;quarta-feira;06:30:00;MG;381;BARAO DE COCAIS;Condutor Dormindo;Colisï¿½o lateral sentido oposto;Com Vï¿½timas Feridas;Amanhecer;Nublado;Simples;Curva;Nï¿½o;0;0
2025-03-19;quarta-feira;06:50:00;MA;135;SAO LUIS;Manobra de mudanï¿½a de faixa;Colisï¿½o lateral mesmo sentido;Com Vï¿½timas Feridas;Pleno dia;Sol;Dupla;Reta;Sim;0;0
2025-03-19;quarta-feira;08:20:00;RJ;493;SEROPEDICA;Ausï¿½ncia de reaï¿½ï¿½o do condutor;Colisï¿½o lateral mesmo sentido;Com Vï¿½timas Feridas;Pleno dia;Nublado;Dupla;Reta;Nï¿½o;0;0
2025-03-19;quarta-feira;09:00:00;PE;101;IGARASSU;Manobra de mudanï¿½a de faixa;Colisï¿½o lateral mesmo sentido;Com Vï¿½timas Feridas;Pleno dia;Sol;Dupla;"Reta;Retorno Regulamentado";Sim;0;0
2025-03-19;quarta-feira;06:50:00;MS;163;ITAQUIRAI;Acessar a via sem observar a presenï¿½a dos outros veï¿½culos;Colisï¿½o transversal;Com Vï¿½timas Feridas;Pleno dia;Cï¿½u Claro;Simples;"Reta;Declive";Sim;0;0
2025-03-19;quarta-feira;06:45:00;MT;163;SORRISO;Reaï¿½ï¿½o tardia ou ineficiente do condutor;Colisï¿½o com objeto;Sem Vï¿½timas;Pleno dia;Cï¿½u Claro;Dupla;Reta;Sim;0;0
2025-03-19;quarta-feira;09:40:00;PR;116;SAO JOSE DOS PINHAIS;Ausï¿½ncia de reaï¿½ï¿½o do condutor;Atropelamento de Pedestre;Com Vï¿½timas Feridas;Pleno dia;Cï¿½u Claro;Dupla;Reta;Nï¿½o;0;0
2025-03-19;quarta-feira;10:00:00;MG;262;PARA DE MINAS;Ausï¿½ncia de reaï¿½ï¿½o do condutor;Tombamento;Com Vï¿½timas Feridas;Pleno dia;Cï¿½u Claro;Dupla;Curva;Nï¿½o;0;0
2025-03-19;quarta-feira;08:50:00;PR;163;CAPITAO LEONIDAS MARQUES;Ultrapassagem Indevida;Colisï¿½o frontal;Com Vï¿½timas Feridas;Pleno dia;Sol;Simples;Curva;Nï¿½o;0;0
2025-03-19;quarta-feira;07:30:00;MA;10;ACAILANDIA;Manobra de mudanï¿½a de faixa;Colisï¿½o frontal;Com Vï¿½timas Feridas;Amanhecer;Cï¿½u Claro;Simples;Reta;Nï¿½o;0;0
2025-03-19;quarta-feira;09:30:00;RS;116;CANOAS;Condutor deixou de manter distï¿½ncia do veï¿½culo da frente;Colisï¿½o traseira;Sem Vï¿½timas;Pleno dia;Cï¿½u Claro;Mï¿½ltipla;Reta;Sim;0;0
2025-03-19;quarta-feira;07:00:00;MG;267;BICAS;Ausï¿½ncia de reaï¿½ï¿½o do condutor;Saï¿½da de leito carroï¿½ï¿½vel;Com Vï¿½timas Feridas;Pleno dia;Nublado;Simples;Reta;Nï¿½o;0;0
2025-03-19;quarta-feira;08:30:00;SC;101;SANTA ROSA DO SUL;Condutor Dormindo;Colisï¿½o traseira;Com Vï¿½timas Feridas;Pleno dia;Cï¿½u Claro;Mï¿½ltipla;"Reta;Viaduto";Sim;0;0
2025-03-19;quarta-feira;11:40:00;PR;369;CORNELIO PROCOPIO;Condutor usando celular;Colisï¿½o lateral mesmo sentido;Sem Vï¿½timas;Pleno dia;Cï¿½u Claro;Dupla;Reta;Sim;0;0
2025-03-19;quarta-feira;10:10:00;RS;287;SAO VICENTE DO SUL;Reaï¿½ï¿½o tardia ou ineficiente do condutor;Engavetamento;Com Vï¿½timas Feridas;Pleno dia;Sol;Simples;"Em Obras;Reta;Declive";Nï¿½o;0;0
2025-03-19;quarta-feira;10:50:00;MT;70;GENERAL CARNEIRO;Ultrapassagem Indevida;Colisï¿½o frontal;Com Vï¿½timas Fatais;Pleno dia;Cï¿½u Claro;Simples;Reta;Sim;1;1
2025-02-02;domingo;06:19:00;PA;163;NOVO PROGRESSO;Reaï¿½ï¿½o tardia ou ineficiente do condutor;Colisï¿½o frontal;Sem Vï¿½timas;Amanhecer;Chuva;Simples;Reta;Nï¿½o;0;0
2025-03-19;quarta-feira;10:20:00;MG;116;LEOPOLDINA;Reaï¿½ï¿½o tardia ou ineficiente do condutor;Saï¿½da de leito carroï¿½ï¿½vel;Com Vï¿½timas Feridas;Pleno dia;Chuva;Simples;Reta;Nï¿½o;0;0
2025-03-19;quarta-feira;11:40:00;SC;282;SAO MIGUEL DO OESTE;Acessar a via sem observar a presenï¿½a dos outros veï¿½culos;Colisï¿½o transversal;Com Vï¿½timas Feridas;Pleno dia;Cï¿½u Claro;Mï¿½ltipla;"Declive;Curva";Nï¿½o;0;0
2025-03-19;quarta-feira;13:00:00;PI;343;PARNAIBA;Conversï¿½o proibida;Colisï¿½o lateral mesmo sentido;Com Vï¿½timas Feridas;Pleno dia;Cï¿½u Claro;Dupla;Rotatï¿½ria;Sim;0;0
2025-03-19;quarta-feira;14:00:00;SC;101;ITAPEMA;Desrespeitar a preferï¿½ncia no cruzamento;Colisï¿½o transversal;Com Vï¿½timas Feridas;Pleno dia;Cï¿½u Claro;Mï¿½ltipla;Interseï¿½ï¿½o de Vias;Sim;0;0
2025-03-19;quarta-feira;14:00:00;MG;40;JUIZ DE FORA;Problema com o freio;Incï¿½ndio;Sem Vï¿½timas;Pleno dia;Chuva;Simples;"Curva;Declive";Nï¿½o;0;0
2025-03-19;quarta-feira;12:50:00;PR;277;MORRETES;Acessar a via sem observar a presenï¿½a dos outros veï¿½culos;Colisï¿½o lateral mesmo sentido;Sem Vï¿½timas;Pleno dia;Cï¿½u Claro;Dupla;"Aclive;Curva";Nï¿½o;0;0
2025-03-19;quarta-feira;07:50:00;MG;251;PADRE CARVALHO;Reaï¿½ï¿½o tardia ou ineficiente do condutor;Colisï¿½o com objeto;Com Vï¿½timas Feridas;Pleno dia;Sol;Simples;"Ponte;Curva;Declive";Nï¿½o;0;0
2025-02-23;domingo;15:55:00;MA;135;SANTA RITA;Transitar na contramï¿½o;Colisï¿½o traseira;Sem Vï¿½timas;Pleno dia;Cï¿½u Claro;Simples;Curva;Nï¿½o;0;0
2025-03-19;quarta-feira;08:10:00;SC;116;MONTE CASTELO;Reaï¿½ï¿½o tardia ou ineficiente do condutor;Tombamento;Com Vï¿½timas Feridas;Pleno dia;Cï¿½u Claro;Simples;"Declive;Curva";Nï¿½o;0;0
2025-03-19;quarta-feira;16:55:00;RN;101;CANGUARETAMA;Problema com o freio;Colisï¿½o traseira;Com Vï¿½timas Feridas;Anoitecer;Cï¿½u Claro;Dupla;Declive;Nï¿½o;0;0
2025-03-19;quarta-feira;13:59:00;MT;163;MATUPA;Acessar a via sem observar a presenï¿½a dos outros veï¿½culos;Colisï¿½o transversal;Com Vï¿½timas Feridas;Pleno dia;Cï¿½u Claro;Simples;Reta;Nï¿½o;0;0
2025-03-19;quarta-feira;17:15:00;SC;101;ITAJAI;Trafegar com motocicleta (ou similar) entre as faixas;Colisï¿½o lateral mesmo sentido;Com Vï¿½timas Feridas;Pleno dia;Sol;Mï¿½ltipla;Reta;Sim;0;0
2025-03-19;quarta-feira;16:10:00;MS;262;AGUA CLARA;Demais falhas mecï¿½nicas ou elï¿½tricas;Incï¿½ndio;Sem Vï¿½timas;Pleno dia;Cï¿½u Claro;Simples;"Reta;Aclive";Nï¿½o;0;0
2025-03-19;quarta-feira;15:50:00;SC;282;FLORIANOPOLIS;Acessar a via sem observar a presenï¿½a dos outros veï¿½culos;Colisï¿½o transversal;Com Vï¿½timas Feridas;Pleno dia;Cï¿½u Claro;Simples;Interseï¿½ï¿½o de Vias;Nï¿½o;0;0
2025-03-19;quarta-feira;16:05:00;RR;174;BOA VISTA;Curva acentuada;Tombamento;Com Vï¿½timas Feridas;Anoitecer;Cï¿½u Claro;Simples;"Viaduto;Aclive;Curva";Nï¿½o;0;0
2025-03-19;quarta-feira;15:40:00;RO;364;VILHENA;Ultrapassagem Indevida;Colisï¿½o lateral sentido oposto;Com Vï¿½timas Feridas;Pleno dia;Garoa/Chuvisco;Simples;Reta;Nï¿½o;0;0
2025-03-19;quarta-feira;15:00:00;PI;222;BATALHA;Ausï¿½ncia de reaï¿½ï¿½o do condutor;Colisï¿½o com objeto;Com Vï¿½timas Fatais;Pleno dia;Chuva;Simples;Reta;Sim;1;1
2025-03-19;quarta-feira;15:40:00;RJ;40;DUQUE DE CAXIAS;Demais falhas mecï¿½nicas ou elï¿½tricas;Saï¿½da de leito carroï¿½ï¿½vel;Sem Vï¿½timas;Pleno dia;Chuva;Dupla;Reta;Nï¿½o;0;0
2025-03-19;quarta-feira;15:30:00;RJ;40;PETROPOLIS;Chuva;Saï¿½da de leito carroï¿½ï¿½vel;Com Vï¿½timas Feridas;Pleno dia;Chuva;Dupla;Curva;Sim;0;0
2025-03-19;quarta-feira;17:30:00;BA;116;VITORIA DA CONQUISTA;Manobra de mudanï¿½a de faixa;Colisï¿½o frontal;Com Vï¿½timas Feridas;Pleno dia;Cï¿½u Claro;Simples;Reta;Nï¿½o;0;0
2025-03-19;quarta-feira;15:45:00;PR;277;CANDOI;Ausï¿½ncia de reaï¿½ï¿½o do condutor;Tombamento;Com Vï¿½timas Feridas;Pleno dia;Cï¿½u Claro;Simples;Curva;Nï¿½o;0;0
2025-03-19;quarta-feira;18:50:00;BA;324;FEIRA DE SANTANA;Acessar a via sem observar a presenï¿½a dos outros veï¿½culos;Atropelamento de Pedestre;Com Vï¿½timas Fatais;Plena Noite;Ignorado;Simples;Reta;Sim;1;1
2025-03-19;quarta-feira;19:45:00;RS;392;PORTO XAVIER;Ultrapassagem Indevida;Colisï¿½o frontal;Com Vï¿½timas Feridas;Plena Noite;Cï¿½u Claro;Simples;Curva;Sim;0;0
2025-03-19;quarta-feira;18:05:00;PA;155;MARABA;Acesso irregular;Colisï¿½o transversal;Com Vï¿½timas Feridas;Pleno dia;Cï¿½u Claro;Simples;"Reta;Interseï¿½ï¿½o de Vias";Sim;0;0
2025-03-19;quarta-feira;20:10:00;PE;423;SAO CAITANO;Reaï¿½ï¿½o tardia ou ineficiente do condutor;Saï¿½da de leito carroï¿½ï¿½vel;Com Vï¿½timas Feridas;Plena Noite;Cï¿½u Claro;Simples;Curva;Nï¿½o;0;0
2025-03-19;quarta-feira;17:30:00;MT;174;COMODORO;Chuva;Tombamento;Com Vï¿½timas Feridas;Anoitecer;Chuva;Simples;Reta;Nï¿½o;0;0
2025-03-19;quarta-feira;21:20:00;ES;101;FUNDAO;Desvio temporï¿½rio;Colisï¿½o transversal;Com Vï¿½timas Feridas;Plena Noite;Cï¿½u Claro;Simples;"Interseï¿½ï¿½o de Vias;Curva;Desvio Temporï¿½rio;Em Obras";Sim;0;0
2025-03-19;quarta-feira;19:50:00;MS;163;CAMPO GRANDE;Acessar a via sem observar a presenï¿½a dos outros veï¿½culos;Colisï¿½o lateral mesmo sentido;Com Vï¿½timas Feridas;Plena Noite;Cï¿½u Claro;Simples;"Retorno Regulamentado;Interseï¿½ï¿½o de Vias";Sim;0;0
2025-03-19;quarta-feira;20:00:00;PR;373;FOZ DO JORDAO;Transitar na contramï¿½o;Colisï¿½o frontal;Com Vï¿½timas Feridas;Plena Noite;Nublado;Simples;Reta;Nï¿½o;0;0
2025-03-19;quarta-feira;21:00:00;PR;376;PONTA GROSSA;Reaï¿½ï¿½o tardia ou ineficiente do condutor;Engavetamento;Com Vï¿½timas Fatais;Plena Noite;Cï¿½u Claro;Dupla;"Reta;Declive";Nï¿½o;1;1
2025-03-19;quarta-feira;22:15:00;SP;116;GUARULHOS;Ausï¿½ncia de reaï¿½ï¿½o do condutor;Colisï¿½o traseira;Com Vï¿½timas Feridas;Plena Noite;Nublado;Mï¿½ltipla;"Declive;Em Obras";Sim;0;0
2025-03-19;quarta-feira;16:45:00;PR;280;CURITIBA;Restriï¿½ï¿½o de visibilidade em curvas verticais;Colisï¿½o lateral mesmo sentido;Sem Vï¿½timas;Pleno dia;Cï¿½u Claro;Simples;"Reta;Aclive";Nï¿½o;0;0
2025-03-19;quarta-feira;22:45:00;PR;277;CURITIBA;Reaï¿½ï¿½o tardia ou ineficiente do condutor;Colisï¿½o traseira;Com Vï¿½timas Feridas;Plena Noite;Cï¿½u Claro;Dupla;Reta;Nï¿½o;0;0
2025-03-19;quarta-feira;21:45:00;PA;10;IPIXUNA DO PARA;Transitar na contramï¿½o;Colisï¿½o frontal;Com Vï¿½timas Fatais;Plena Noite;Chuva;Simples;"Reta;Aclive";Nï¿½o;1;1
2025-03-20;quinta-feira;00:24:00;PB;230;CRUZ DO ESPIRITO SANTO;Ausï¿½ncia de reaï¿½ï¿½o do condutor;Capotamento;Com Vï¿½timas Feridas;Plena Noite;Chuva;Dupla;"Reta;Declive";Nï¿½o;0;0
2025-03-20;quinta-feira;02:05:00;ES;101;FUNDAO;Reaï¿½ï¿½o tardia ou ineficiente do condutor;Colisï¿½o com objeto;Com Vï¿½timas Fatais;Plena Noite;Chuva;Simples;"Em Obras;Reta";Nï¿½o;1;1
2025-03-20;quinta-feira;03:00:00;MG;262;LUZ;Velocidade Incompatï¿½vel;Saï¿½da de leito carroï¿½ï¿½vel;Com Vï¿½timas Feridas;Plena Noite;Cï¿½u Claro;Simples;Curva;Nï¿½o;0;0
2025-03-20;quinta-feira;04:00:00;ES;101;LINHARES;Pedestre andava na pista;Atropelamento de Pedestre;Com Vï¿½timas Feridas;Plena Noite;Cï¿½u Claro;Simples;Reta;Sim;0;0
2025-03-20;quinta-feira;03:45:00;GO;60;SANTO ANTONIO DO DESCOBERTO;Reaï¿½ï¿½o tardia ou ineficiente do condutor;Tombamento;Com Vï¿½timas Feridas;Amanhecer;Cï¿½u Claro;Dupla;Reta;Nï¿½o;0;0
2025-03-20;quinta-feira;06:30:00;RJ;101;SILVA JARDIM;Velocidade Incompatï¿½vel;Tombamento;Com Vï¿½timas Feridas;Amanhecer;Nublado;Dupla;Curva;Nï¿½o;0;0
2025-03-19;quarta-feira;19:00:00;BA;324;GAVIAO;Ausï¿½ncia de reaï¿½ï¿½o do condutor;Saï¿½da de leito carroï¿½ï¿½vel;Com Vï¿½timas Feridas;Plena Noite;Cï¿½u Claro;Simples;Reta;Nï¿½o;0;0
2025-03-20;quinta-feira;07:25:00;ES;101;LINHARES;Ultrapassagem Indevida;Colisï¿½o frontal;Com Vï¿½timas Feridas;Pleno dia;Cï¿½u Claro;Simples;Reta;Nï¿½o;0;0
2025-03-20;quinta-feira;08:00:00;SC;282;PINHALZINHO;Velocidade Incompatï¿½vel;Saï¿½da de leito carroï¿½ï¿½vel;Com Vï¿½timas Feridas;Pleno dia;Sol;Simples;Rotatï¿½ria;Sim;0;0
2025-03-20;quinta-feira;08:15:00;CE;222;TIANGUA;Manobra de mudanï¿½a de faixa;Capotamento;Com Vï¿½timas Feridas;Pleno dia;Cï¿½u Claro;Simples;Reta;Sim;0;0
2025-03-20;quinta-feira;05:40:00;MG;267;BOM JARDIM DE MINAS;Ausï¿½ncia de reaï¿½ï¿½o do condutor;Colisï¿½o traseira;Com Vï¿½timas Feridas;Amanhecer;Cï¿½u Claro;Simples;Curva;Nï¿½o;0;0
2025-03-20;quinta-feira;10:15:00;MG;262;LUZ;Curva acentuada;Tombamento;Com Vï¿½timas Fatais;Pleno dia;Cï¿½u Claro;Simples;"Curva;Declive";Nï¿½o;1;1
2025-01-23;quinta-feira;08:20:00;PR;476;ARAUCARIA;Manobra de mudanï¿½a de faixa;Colisï¿½o lateral mesmo sentido;Com Vï¿½timas Feridas;Pleno dia;Nublado;Dupla;Reta;Nï¿½o;0;0
2025-03-20;quinta-feira;10:15:00;MG;381;TRES CORACOES;Ausï¿½ncia de reaï¿½ï¿½o do condutor;Colisï¿½o traseira;Com Vï¿½timas Feridas;Pleno dia;Sol;Dupla;"Viaduto;Interseï¿½ï¿½o de Vias";Nï¿½o;0;0
2025-03-20;quinta-feira;10:25:00;SC;282;FLORIANOPOLIS;Reaï¿½ï¿½o tardia ou ineficiente do condutor;Colisï¿½o traseira;Com Vï¿½timas Feridas;Pleno dia;Cï¿½u Claro;Dupla;Reta;Nï¿½o;0;0
2025-03-20;quinta-feira;10:42:00;PE;104;CARUARU;Acessar a via sem observar a presenï¿½a dos outros veï¿½culos;Colisï¿½o lateral mesmo sentido;Com Vï¿½timas Feridas;Pleno dia;Cï¿½u Claro;Dupla;Aclive;Sim;0;0
2025-03-20;quinta-feira;11:15:00;MG;381;BETIM;Ausï¿½ncia de reaï¿½ï¿½o do condutor;Colisï¿½o traseira;Com Vï¿½timas Feridas;Pleno dia;Nublado;Dupla;"Reta;Aclive";Nï¿½o;0;0
2025-03-20;quinta-feira;09:20:00;MG;116;PADRE PARAISO;Reaï¿½ï¿½o tardia ou ineficiente do condutor;Colisï¿½o lateral sentido oposto;Com Vï¿½timas Feridas;Pleno dia;Cï¿½u Claro;Simples;Curva;Nï¿½o;0;0
2025-03-20;quinta-feira;11:15:00;RS;293;HULHA NEGRA;Reaï¿½ï¿½o tardia ou ineficiente do condutor;Colisï¿½o lateral mesmo sentido;Com Vï¿½timas Feridas;Pleno dia;Cï¿½u Claro;Simples;Reta;Nï¿½o;0;0
2025-03-20;quinta-feira;09:25:00;GO;452;RIO VERDE;Reaï¿½ï¿½o tardia ou ineficiente do condutor;Engavetamento;Com Vï¿½timas Feridas;Pleno dia;Sol;Simples;"Reta;Aclive";Nï¿½o;0;0
2025-03-20;quinta-feira;15:00:00;CE;116;ITAITINGA;Ausï¿½ncia de reaï¿½ï¿½o do condutor;Capotamento;Sem Vï¿½timas;Pleno dia;Cï¿½u Claro;Dupla;Reta;Nï¿½o;0;0
2025-03-19;quarta-feira;03:30:00;MS;267;NOVA ALVORADA DO SUL;Ausï¿½ncia de reaï¿½ï¿½o do condutor;Colisï¿½o traseira;Com Vï¿½timas Feridas;Plena Noite;Cï¿½u Claro;Simples;Reta;Nï¿½o;0;0
2025-03-20;quinta-feira;14:35:00;RS;116;SENTINELA DO SUL;Ausï¿½ncia de reaï¿½ï¿½o do condutor;Saï¿½da de leito carroï¿½ï¿½vel;Com Vï¿½timas Feridas;Pleno dia;Sol;Dupla;Reta;Nï¿½o;0;0
2025-03-20;quinta-feira;15:15:00;RS;285;BOZANO;Condutor deixou de manter distï¿½ncia do veï¿½culo da frente;Colisï¿½o traseira;Sem Vï¿½timas;Pleno dia;Sol;Simples;"Reta;Em Obras";Nï¿½o;0;0
2025-03-20;quinta-feira;15:05:00;SP;153;SAO PEDRO DO TURVO;Acessar a via sem observar a presenï¿½a dos outros veï¿½culos;Colisï¿½o transversal;Com Vï¿½timas Feridas;Pleno dia;Cï¿½u Claro;Simples;Reta;Nï¿½o;0;0
2025-03-20;quinta-feira;15:38:00;ES;101;CARIACICA;Reaï¿½ï¿½o tardia ou ineficiente do condutor;Colisï¿½o com objeto;Com Vï¿½timas Fatais;Pleno dia;Nublado;Dupla;"Reta;Declive";Nï¿½o;1;1
2025-03-20;quinta-feira;15:00:00;MT;364;ROSARIO OESTE;Demais falhas mecï¿½nicas ou elï¿½tricas;Incï¿½ndio;Sem Vï¿½timas;Pleno dia;Nublado;Simples;Reta;Nï¿½o;0;0
2025-03-20;quinta-feira;15:40:00;MG;40;PARACATU;Ultrapassagem Indevida;Colisï¿½o lateral mesmo sentido;Sem Vï¿½timas;Pleno dia;Nublado;Simples;"Reta;Declive";Sim;0;0
2025-03-20;quinta-feira;14:20:00;PR;116;CAMPINA GRANDE DO SUL;Reaï¿½ï¿½o tardia ou ineficiente do condutor;Colisï¿½o traseira;Com Vï¿½timas Feridas;Pleno dia;Cï¿½u Claro;Dupla;"Curva;Declive";Nï¿½o;0;0
2025-03-20;quinta-feira;15:30:00;MG;40;PARAOPEBA;Velocidade Incompatï¿½vel;Tombamento;Com Vï¿½timas Feridas;Pleno dia;Cï¿½u Claro;Simples;Curva;Nï¿½o;0;0
2025-03-20;quinta-feira;16:15:00;RJ;393;BARRA DO PIRAI;Ausï¿½ncia de reaï¿½ï¿½o do condutor;Tombamento;Com Vï¿½timas Feridas;Pleno dia;Cï¿½u Claro;Simples;"Curva;Declive";Nï¿½o;0;0
2025-03-20;quinta-feira;13:43:00;RN;405;APODI;Acessar a via sem observar a presenï¿½a dos outros veï¿½culos;Colisï¿½o transversal;Sem Vï¿½timas;Pleno dia;Cï¿½u Claro;Simples;Reta;Nï¿½o;0;0
2025-03-20;quinta-feira;13:37:00;TO;153;TALISMA;Ausï¿½ncia de reaï¿½ï¿½o do condutor;Saï¿½da de leito carroï¿½ï¿½vel;Com Vï¿½timas Feridas;Pleno dia;Chuva;Simples;Reta;Nï¿½o;0;0
2025-03-20;quinta-feira;16:45:00;MG;40;CONTAGEM;Ausï¿½ncia de reaï¿½ï¿½o do condutor;Colisï¿½o traseira;Com Vï¿½timas Feridas;Pleno dia;Chuva;Dupla;"Reta;Declive";Sim;0;0
2025-03-20;quinta-feira;17:35:00;TO;153;NOVA OLINDA;Transitar na contramï¿½o;Colisï¿½o frontal;Com Vï¿½timas Fatais;Anoitecer;Cï¿½u Claro;Simples;Reta;Nï¿½o;1;1
2025-03-20;quinta-feira;17:30:00;PR;277;BALSA NOVA;Velocidade Incompatï¿½vel;Tombamento;Com Vï¿½timas Feridas;Pleno dia;Cï¿½u Claro;Dupla;"Curva;Declive";Nï¿½o;0;0
2025-03-20;quinta-feira;10:30:00;PE;232;BUIQUE;Animais na Pista;Atropelamento de Animal;Sem Vï¿½timas;Pleno dia;Cï¿½u Claro;Simples;Reta;Nï¿½o;0;0
2025-03-20;quinta-feira;18:20:00;GO;20;SIMOLANDIA;Ausï¿½ncia de reaï¿½ï¿½o do condutor;Colisï¿½o com objeto;Sem Vï¿½timas;Anoitecer;Chuva;Simples;"Reta;Declive";Nï¿½o;0;0
2025-03-17;segunda-feira;05:00:00;TO;230;NAZARE;Transitar no Acostamento;Colisï¿½o traseira;Sem Vï¿½timas;Amanhecer;Garoa/Chuvisco;Simples;"Aclive;Reta";Nï¿½o;0;0
2025-03-20;quinta-feira;11:50:00;MG;381;CARMO DA CACHOEIRA;Ausï¿½ncia de reaï¿½ï¿½o do condutor;Colisï¿½o lateral mesmo sentido;Com Vï¿½timas Feridas;Pleno dia;Nublado;Dupla;Curva;Nï¿½o;0;0
2025-03-20;quinta-feira;17:15:00;MG;153;PRATA;Carga excessiva e/ou mal acondicionada;Saï¿½da de leito carroï¿½ï¿½vel;Com Vï¿½timas Feridas;Pleno dia;Cï¿½u Claro;Dupla;Reta;Nï¿½o;0;0
2025-03-20;quinta-feira;17:30:00;GO;80;PADRE BERNARDO;Ausï¿½ncia de reaï¿½ï¿½o do condutor;Tombamento;Com Vï¿½timas Feridas;Anoitecer;Nublado;Simples;"Curva;Aclive";Nï¿½o;0;0
2025-03-20;quinta-feira;18:35:00;MS;60;PARAISO DAS AGUAS;Carga excessiva e/ou mal acondicionada;Colisï¿½o lateral sentido oposto;Com Vï¿½timas Feridas;Anoitecer;Cï¿½u Claro;Simples;"Curva;Aclive";Nï¿½o;0;0
2025-03-20;quinta-feira;10:00:00;MG;251;SANTA CRUZ DE SALINAS;Ausï¿½ncia de reaï¿½ï¿½o do condutor;Colisï¿½o traseira;Com Vï¿½timas Feridas;Pleno dia;Cï¿½u Claro;Simples;"Reta;Aclive";Nï¿½o;0;0
2025-03-20;quinta-feira;15:30:00;BA;101;IBIRAPITANGA;Ausï¿½ncia de reaï¿½ï¿½o do condutor;Tombamento;Com Vï¿½timas Feridas;Pleno dia;Cï¿½u Claro;Simples;Curva;Nï¿½o;0;0
2025-03-20;quinta-feira;20:40:00;SC;101;JOINVILLE;Manobra de mudanï¿½a de faixa;Colisï¿½o lateral mesmo sentido;Sem Vï¿½timas;Plena Noite;Cï¿½u Claro;Dupla;Reta;Nï¿½o;0;0
2025-03-20;quinta-feira;20:00:00;MG;116;LEOPOLDINA;Acessar a via sem observar a presenï¿½a dos outros veï¿½culos;Colisï¿½o transversal;Com Vï¿½timas Feridas;Plena Noite;Cï¿½u Claro;Simples;"Reta;Interseï¿½ï¿½o de Vias";Nï¿½o;0;0
2025-03-20;quinta-feira;22:50:00;MG;381;BETIM;Pedestre andava na pista;Eventos atï¿½picos;Com Vï¿½timas Feridas;Plena Noite;Cï¿½u Claro;Mï¿½ltipla;Reta;Nï¿½o;0;0
2025-03-20;quinta-feira;17:00:00;PA;163;NOVO PROGRESSO;Reaï¿½ï¿½o tardia ou ineficiente do condutor;Colisï¿½o traseira;Com Vï¿½timas Feridas;Pleno dia;Cï¿½u Claro;Simples;Reta;Nï¿½o;0;0
2025-03-20;quinta-feira;23:00:00;RJ;116;PIRAI;Ausï¿½ncia de reaï¿½ï¿½o do condutor;Colisï¿½o traseira;Com Vï¿½timas Feridas;Plena Noite;Nublado;Dupla;Reta;Sim;0;0
2025-03-20;quinta-feira;21:50:00;MG;381;CARMO DA CACHOEIRA;Ausï¿½ncia de reaï¿½ï¿½o do condutor;Saï¿½da de leito carroï¿½ï¿½vel;Com Vï¿½timas Feridas;Plena Noite;Ignorado;Dupla;"Reta;Declive";Nï¿½o;0;0
2025-03-20;quinta-feira;23:45:00;SP;381;ATIBAIA;Reaï¿½ï¿½o tardia ou ineficiente do condutor;Colisï¿½o lateral mesmo sentido;Sem Vï¿½timas;Plena Noite;Nublado;Dupla;Reta;Sim;0;0