data_inversa;dia_semana;horario;uf;br;municipio;causa_acidente;tipo_acidente;classificacao_acidente;fase_dia;condicao_metereologica;tipo_pista;tracado_via;uso_solo;mortos;acidente_fatal
2025-04-08;terï¿½a-feira;13:00:00;MS;163;COXIM;Demais falhas mecï¿½nicas ou elï¿½tricas;Incï¿½ndio;Sem Vï¿½timas;Pleno dia;Cï¿½u Claro;Simples;Declive;Nï¿½o;0;0
2025-04-08;terï¿½a-feira;17:30:00;MG;365;MONTE ALEGRE DE MINAS;Reaï¿½ï¿½o tardia ou ineficiente do condutor;Colisï¿½o frontal;Com Vï¿½timas Feridas;Anoitecer;Cï¿½u Claro;Simples;Aclive;Nï¿½o;0;0
2025-04-08;terï¿½a-feira;14:30:00;PB;104;ESPERANCA;Acessar a via sem observar a presenï¿½a dos outros veï¿½culos;Colisï¿½o transversal;Com Vï¿½timas Feridas;Pleno dia;Cï¿½u Claro;Simples;Curva;Nï¿½o;0;0
2025-04-08;terï¿½a-feira;17:20:00;PR;116;MANDIRITUBA;Chuva;Colisï¿½o transversal;Com Vï¿½timas Feridas;Pleno dia;Chuva;Simples;"Aclive;Reta";Nï¿½o;0;0
2025-03-09;domingo;15:20:00;RJ;40;TRES RIOS;Velocidade Incompatï¿½vel;Colisï¿½o traseira;Com Vï¿½timas Feridas;Pleno dia;Cï¿½u Claro;Dupla;"Aclive;Curva";Nï¿½o;0;0
2025-04-08;terï¿½a-feira;17:53:00;PR;116;CAMPINA GRANDE DO SUL;Ausï¿½ncia de reaï¿½ï¿½o do condutor;Colisï¿½o traseira;Com Vï¿½timas Fatais;Anoitecer;Chuva;Dupla;"Aclive;Reta";Nï¿½o;1;1
2025-04-08;terï¿½a-feira;19:00:00;MT;158;AGUA BOA;Ultrapassagem Indevida;Colisï¿½o lateral sentido oposto;Com Vï¿½timas Fatais;Plena Noite;Cï¿½u Claro;Simples;Reta;Sim;1;1
2025-04-08;terï¿½a-feira;18:35:00;PB;230;CAJAZEIRAS;Transtornos Mentais (exceto suicidio);Atropelamento de Pedestre;Com Vï¿½timas Feridas;Plena Noite;Cï¿½u Claro;Simples;"Curva;Interseï¿½ï¿½o de Vias";Sim;0;0
2025-04-08;terï¿½a-feira;19:00:00;MG;381;ITAPEVA;Ausï¿½ncia de reaï¿½ï¿½o do condutor;Colisï¿½o traseira;Com Vï¿½timas Feridas;Plena Noite;Nublado;Dupla;"Aclive;Reta";Nï¿½o;0;0
2025-04-08;terï¿½a-feira;17:50:00;RJ;101;RIO BONITO;Reaï¿½ï¿½o tardia ou ineficiente do condutor;Tombamento;Com Vï¿½timas Feridas;Anoitecer;Cï¿½u Claro;Dupla;Curva;Sim;0;0
2025-04-08;terï¿½a-feira;19:20:00;ES;101;CARIACICA;Demais falhas mecï¿½nicas ou elï¿½tricas;Incï¿½ndio;Sem Vï¿½timas;Plena Noite;Cï¿½u Claro;Dupla;"Reta;Aclive";Nï¿½o;0;0
2025-04-08;terï¿½a-feira;19:15:00;PR;277;PARANAGUA;Condutor deixou de manter distï¿½ncia do veï¿½culo da frente;Colisï¿½o transversal;Com Vï¿½timas Feridas;Plena Noite;Chuva;Dupla;"Reta;Retorno Regulamentado";Nï¿½o;0;0
2025-04-08;terï¿½a-feira;15:05:00;SC;116;ITAIOPOLIS;Ausï¿½ncia de reaï¿½ï¿½o do condutor;Engavetamento;Com Vï¿½timas Fatais;Pleno dia;Chuva;Simples;Reta;Nï¿½o;3;1
2025-04-08;terï¿½a-feira;18:00:00;RS;285;MUITOS CAPOES;Acessar a via sem observar a presenï¿½a dos outros veï¿½culos;Colisï¿½o transversal;Com Vï¿½timas Feridas;Anoitecer;Garoa/Chuvisco;Simples;Reta;Nï¿½o;0;0
2025-04-08;terï¿½a-feira;11:00:00;GO;158;PIRANHAS;Ausï¿½ncia de reaï¿½ï¿½o do condutor;Saï¿½da de leito carroï¿½ï¿½vel;Sem Vï¿½timas;Pleno dia;Cï¿½u Claro;Simples;"Declive;Reta";Nï¿½o;0;0
2025-04-08;terï¿½a-feira;21:40:00;RS;116;GUAIBA;Mal sï¿½bito do condutor;Colisï¿½o traseira;Sem Vï¿½timas;Plena Noite;Cï¿½u Claro;Dupla;Reta;Nï¿½o;0;0
2025-04-08;terï¿½a-feira;21:00:00;SC;282;AGUAS MORNAS;Reaï¿½ï¿½o tardia ou ineficiente do condutor;Colisï¿½o lateral sentido oposto;Com Vï¿½timas Feridas;Plena Noite;Chuva;Simples;"Aclive;Reta";Nï¿½o;0;0
2025-04-07;segunda-feira;19:00:00;PI;135;MONTE ALEGRE DO PIAUI;Demais falhas mecï¿½nicas ou elï¿½tricas;Incï¿½ndio;Sem Vï¿½timas;Plena Noite;Cï¿½u Claro;Simples;Reta;Sim;0;0
2025-04-08;terï¿½a-feira;22:15:00;GO;153;ANAPOLIS;Animais na Pista;Atropelamento de Animal;Sem Vï¿½timas;Plena Noite;Cï¿½u Claro;Dupla;"Aclive;Reta";Nï¿½o;0;0
2025-03-23;domingo;18:50:00;SC;116;MONTE CASTELO;Transitar na contramï¿½o;Colisï¿½o frontal;Com Vï¿½timas Fatais;Plena Noite;Chuva;Simples;Reta;Nï¿½o;1;1
2025-04-08;terï¿½a-feira;21:00:00;MA;230;BARAO DE GRAJAU;Ausï¿½ncia de reaï¿½ï¿½o do condutor;Saï¿½da de leito carroï¿½ï¿½vel;Com Vï¿½timas Feridas;Plena Noite;Cï¿½u Claro;Simples;Reta;Nï¿½o;0;0
2025-04-09;quarta-feira;01:30:00;SP;116;ARUJA;Deficiï¿½ncia do Sistema de Iluminaï¿½ï¿½o/Sinalizaï¿½ï¿½o;Colisï¿½o traseira;Com Vï¿½timas Feridas;Plena Noite;Nublado;Dupla;"Curva;Aclive";Nï¿½o;0;0
2025-04-09;quarta-feira;03:45:00;RJ;101;CAMPOS DOS GOYTACAZES;Ausï¿½ncia de reaï¿½ï¿½o do condutor;Colisï¿½o traseira;Sem Vï¿½timas;Plena Noite;Cï¿½u Claro;Simples;Reta;Nï¿½o;0;0
2025-04-09;quarta-feira;04:10:00;GO;40;CRISTALINA;Entrada inopinada do pedestre;Atropelamento de Pedestre;Com Vï¿½timas Feridas;Plena Noite;Cï¿½u Claro;Dupla;Reta;Nï¿½o;0;0
2025-04-09;quarta-feira;03:55:00;SC;101;GARUVA;Avarias e/ou desgaste excessivo no pneu;Incï¿½ndio;Sem Vï¿½timas;Plena Noite;Cï¿½u Claro;Dupla;Reta;Nï¿½o;0;0
2025-04-09;quarta-feira;05:30:00;MG;381;BETIM;Entrada inopinada do pedestre;Atropelamento de Pedestre;Com Vï¿½timas Fatais;Amanhecer;Cï¿½u Claro;Mï¿½ltipla;Reta;Sim;1;1
2025-04-09;quarta-feira;06:10:00;RO;364;PORTO VELHO;Retorno proibido;Colisï¿½o lateral mesmo sentido;Com Vï¿½timas Feridas;Amanhecer;Cï¿½u Claro;Dupla;"Reta;Retorno Regulamentado";Sim;0;0
2025-03-24;segunda-feira;13:30:00;SC;153;IRANI;Problema com o freio;Colisï¿½o traseira;Com Vï¿½timas Feridas;Pleno dia;Nublado;Simples;"Curva;Declive";Nï¿½o;0;0
2025-04-09;quarta-feira;08:05:00;SC;101;SAO JOSE;Acessar a via sem observar a presenï¿½a dos outros veï¿½culos;Colisï¿½o lateral mesmo sentido;Com Vï¿½timas Feridas;Pleno dia;Sol;Dupla;Reta;Sim;0;0
2025-04-07;segunda-feira;10:30:00;MG;251;GRAO MOGOL;Velocidade Incompatï¿½vel;Saï¿½da de leito carroï¿½ï¿½vel;Sem Vï¿½timas;Pleno dia;Nublado;Simples;Reta;Nï¿½o;0;0
2025-04-09;quarta-feira;08:44:00;PR;277;LARANJEIRAS DO SUL;Desrespeitar a preferï¿½ncia no cruzamento;Colisï¿½o transversal;Com Vï¿½timas Feridas;Pleno dia;Nevoeiro/Neblina;Simples;"Interseï¿½ï¿½o de Vias;Reta";Nï¿½o;0;0
2025-04-09;quarta-feira;10:10:00;MG;40;SETE LAGOAS;Trafegar com motocicleta (ou similar) entre as faixas;Colisï¿½o lateral mesmo sentido;Com Vï¿½timas Feridas;Pleno dia;Cï¿½u Claro;Dupla;"Reta;Aclive";Nï¿½o;0;0
2025-04-09;quarta-feira;08:40:00;PA;316;BENEVIDES;Acessar a via sem observar a presenï¿½a dos outros veï¿½culos;Colisï¿½o transversal;Com Vï¿½timas Fatais;Pleno dia;Cï¿½u Claro;Dupla;Reta;Sim;1;1
2025-04-09;quarta-feira;08:45:00;PR;376;MARIALVA;Condutor deixou de manter distï¿½ncia do veï¿½culo da frente;Colisï¿½o traseira;Com Vï¿½timas Feridas;Pleno dia;Cï¿½u Claro;Dupla;"Reta;Declive";Nï¿½o;0;0
2025-04-09;quarta-feira;10:55:00;SC;282;CAMPOS NOVOS;Mal sï¿½bito do condutor;Colisï¿½o lateral sentido oposto;Com Vï¿½timas Feridas;Pleno dia;Cï¿½u Claro;Simples;Reta;Nï¿½o;0;0
2025-04-09;quarta-feira;11:50:00;AL;101;SAO MIGUEL DOS CAMPOS;Objeto estï¿½tico sobre o leito carroï¿½ï¿½vel;Atropelamento de Pedestre;Com Vï¿½timas Feridas;Pleno dia;Cï¿½u Claro;Dupla;"Reta;Declive";Nï¿½o;0;0
2025-04-09;quarta-feira;12:30:00;MG;40;ESMERALDAS;Acessar a via sem observar a presenï¿½a dos outros veï¿½culos;Colisï¿½o traseira;Com Vï¿½timas Feridas;Pleno dia;Sol;Dupla;Reta;Sim;0;0
2025-04-08;terï¿½a-feira;19:10:00;RS;471;SANTA VITORIA DO PALMAR;Animais na Pista;Colisï¿½o frontal;Com Vï¿½timas Fatais;Plena Noite;Chuva;Simples;Reta;Nï¿½o;1;1
2025-04-09;quarta-feira;12:30:00;PR;376;GUAIRACA;Acessar a via sem observar a presenï¿½a dos outros veï¿½culos;Colisï¿½o transversal;Com Vï¿½timas Feridas;Pleno dia;Cï¿½u Claro;Simples;"Reta;Aclive";Nï¿½o;0;0
2025-04-04;sexta-feira;09:50:00;SC;282;LAGES;Acessar a via sem observar a presenï¿½a dos outros veï¿½culos;Colisï¿½o lateral mesmo sentido;Com Vï¿½timas Feridas;Pleno dia;Nublado;Simples;Reta;Sim;0;0
2025-04-09;quarta-feira;11:40:00;BA;415;ILHEUS;Velocidade Incompatï¿½vel;Colisï¿½o frontal;Com Vï¿½timas Fatais;Pleno dia;Chuva;Simples;Curva;Nï¿½o;3;1
2025-04-09;quarta-feira;13:30:00;RN;101;NATAL;Reaï¿½ï¿½o tardia ou ineficiente do condutor;Colisï¿½o com objeto;Sem Vï¿½timas;Pleno dia;Cï¿½u Claro;Dupla;Reta;Sim;0;0
2025-04-09;quarta-feira;07:05:00;RJ;101;RIO DE JANEIRO;Ultrapassagem Indevida;Colisï¿½o traseira;Com Vï¿½timas Feridas;Pleno dia;Cï¿½u Claro;Dupla;Reta;Sim;0;0
2025-04-09;quarta-feira;14:30:00;ES;101;VIANA;Ausï¿½ncia de reaï¿½ï¿½o do condutor;Colisï¿½o traseira;Com Vï¿½timas Feridas;Pleno dia;Cï¿½u Claro;Dupla;Reta;Sim;0;0
2025-02-11;terï¿½a-feira;20:00:00;GO;414;CORUMBA DE GOIAS;Ingestï¿½o de ï¿½lcool pelo condutor;Colisï¿½o com objeto;Com Vï¿½timas Feridas;Plena Noite;Garoa/Chuvisco;Simples;Reta;Nï¿½o;0;0
2025-04-09;quarta-feira;14:30:00;RS;158;PEJUCARA;Demais falhas mecï¿½nicas ou elï¿½tricas;Incï¿½ndio;Sem Vï¿½timas;Pleno dia;Cï¿½u Claro;Simples;"Reta;Declive";Nï¿½o;0;0
2025-03-24;segunda-feira;23:20:00;SC;470;INDAIAL;Ingestï¿½o de ï¿½lcool pelo condutor;Colisï¿½o traseira;Sem Vï¿½timas;Plena Noite;Cï¿½u Claro;Simples;"Reta;Aclive";Sim;0;0
2025-04-09;quarta-feira;13:00:00;PA;222;DOM ELISEU;Demais falhas mecï¿½nicas ou elï¿½tricas;Saï¿½da de leito carroï¿½ï¿½vel;Com Vï¿½timas Feridas;Pleno dia;Sol;Simples;"Reta;Aclive";Nï¿½o;0;0
2025-04-09;quarta-feira;11:00:00;MT;158;BARRA DO GARCAS;Demais falhas mecï¿½nicas ou elï¿½tricas;Incï¿½ndio;Sem Vï¿½timas;Pleno dia;Cï¿½u Claro;Simples;Reta;Nï¿½o;0;0
2025-04-09;quarta-feira;13:25:00;PE;423;SALOA;Pedestre andava na pista;Atropelamento de Pedestre;Com Vï¿½timas Feridas;Pleno dia;Cï¿½u Claro;Simples;"Reta;Aclive";Nï¿½o;0;0
2025-04-09;quarta-feira;16:30:00;MG;381;BETIM;Condutor deixou de manter distï¿½ncia do veï¿½culo da frente;Colisï¿½o traseira;Com Vï¿½timas Feridas;Pleno dia;Cï¿½u Claro;Dupla;Reta;Sim;0;0
2025-04-09;quarta-feira;12:40:00;PR;153;TIBAGI;Ingestï¿½o de ï¿½lcool pelo condutor;Tombamento;Sem Vï¿½timas;Pleno dia;Sol;Simples;"Declive;Curva";Nï¿½o;0;0
2025-04-09;quarta-feira;15:55:00;SC;470;APIUNA;Reaï¿½ï¿½o tardia ou ineficiente do condutor;Colisï¿½o lateral sentido oposto;Com Vï¿½timas Feridas;Pleno dia;Cï¿½u Claro;Simples;"Curva;Declive";Nï¿½o;0;0
2025-04-09;quarta-feira;16:45:00;SC;470;BLUMENAU;Trafegar com motocicleta (ou similar) entre as faixas;Colisï¿½o traseira;Com Vï¿½timas Fatais;Pleno dia;Cï¿½u Claro;Simples;Reta;Sim;1;1
2025-04-09;quarta-feira;17:30:00;SC;101;BIGUACU;Acessar a via sem observar a presenï¿½a dos outros veï¿½culos;Colisï¿½o transversal;Com Vï¿½timas Feridas;Anoitecer;Cï¿½u Claro;Simples;Rotatï¿½ria;Sim;0;0
2025-04-09;quarta-feira;13:05:00;SC;116;MONTE CASTELO;Velocidade Incompatï¿½vel;Saï¿½da de leito carroï¿½ï¿½vel;Sem Vï¿½timas;Pleno dia;Nublado;Simples;Reta;Nï¿½o;0;0
2025-04-09;quarta-feira;13:15:00;MS;267;CARACOL;Ausï¿½ncia de reaï¿½ï¿½o do condutor;Colisï¿½o lateral sentido oposto;Com Vï¿½timas Feridas;Pleno dia;Cï¿½u Claro;Simples;Reta;Nï¿½o;0;0
2025-04-09;quarta-feira;15:40:00;SC;101;JOINVILLE;Condutor deixou de manter distï¿½ncia do veï¿½culo da frente;Colisï¿½o traseira;Com Vï¿½timas Feridas;Pleno dia;Chuva;Dupla;Reta;Sim;0;0
2025-04-09;quarta-feira;18:15:00;MG;40;CARANDAI;Desrespeitar a preferï¿½ncia no cruzamento;Colisï¿½o transversal;Com Vï¿½timas Fatais;Plena Noite;Cï¿½u Claro;Simples;"Declive;Retorno Regulamentado;Reta";Sim;2;1
2025-04-09;quarta-feira;18:30:00;GO;20;FORMOSA;Reaï¿½ï¿½o tardia ou ineficiente do condutor;Colisï¿½o lateral sentido oposto;Sem Vï¿½timas;Plena Noite;Chuva;Simples;"Declive;Curva";Nï¿½o;0;0
2025-04-09;quarta-feira;17:10:00;AM;319;MANAUS;Carga excessiva e/ou mal acondicionada;Colisï¿½o com objeto;Sem Vï¿½timas;Pleno dia;Cï¿½u Claro;Dupla;"Reta;Declive";Sim;0;0
2025-04-09;quarta-feira;18:30:00;MG;50;UBERABA;Reaï¿½ï¿½o tardia ou ineficiente do condutor;Engavetamento;Sem Vï¿½timas;Anoitecer;Chuva;Simples;"Reta;Interseï¿½ï¿½o de Vias";Sim;0;0
2025-04-09;quarta-feira;19:15:00;MG;262;NOVA SERRANA;Reaï¿½ï¿½o tardia ou ineficiente do condutor;Colisï¿½o traseira;Com Vï¿½timas Feridas;Plena Noite;Cï¿½u Claro;Simples;Reta;Sim;0;0
2025-04-09;quarta-feira;19:15:00;RS;285;CORONEL BARROS;Velocidade Incompatï¿½vel;Tombamento;Com Vï¿½timas Feridas;Plena Noite;Cï¿½u Claro;Simples;"Curva;Declive";Nï¿½o;0;0
2025-04-09;quarta-feira;20:10:00;PR;153;SANTO ANTONIO DA PLATINA;Acessar a via sem observar a presenï¿½a dos outros veï¿½culos;Colisï¿½o transversal;Com Vï¿½timas Feridas;Plena Noite;Cï¿½u Claro;Simples;Reta;Nï¿½o;0;0
2025-04-09;quarta-feira;20:05:00;SC;158;CUNHA PORA;Transitar na contramï¿½o;Colisï¿½o frontal;Com Vï¿½timas Feridas;Plena Noite;Cï¿½u Claro;Simples;Reta;Nï¿½o;0;0
2025-04-09;quarta-feira;17:30:00;RO;364;PRESIDENTE MEDICI;Ultrapassagem Indevida;Colisï¿½o frontal;Com Vï¿½timas Feridas;Pleno dia;Cï¿½u Claro;Simples;"Reta;Aclive";Nï¿½o;0;0
2025-04-09;quarta-feira;21:00:00;GO;414;ABADIANIA;Deficiï¿½ncia do Sistema de Iluminaï¿½ï¿½o/Sinalizaï¿½ï¿½o;Colisï¿½o traseira;Com Vï¿½timas Feridas;Plena Noite;Ignorado;Simples;"Reta;Aclive";Nï¿½o;0;0
2025-04-09;quarta-feira;17:20:00;MG;354;POUSO ALTO;Ausï¿½ncia de reaï¿½ï¿½o do condutor;Saï¿½da de leito carroï¿½ï¿½vel;Sem Vï¿½timas;Pleno dia;Cï¿½u Claro;Simples;Reta;Nï¿½o;0;0
2025-04-09;quarta-feira;18:40:00;PA;10;DOM ELISEU;Ultrapassagem Indevida;Colisï¿½o frontal;Com Vï¿½timas Fatais;Anoitecer;Cï¿½u Claro;Simples;"Declive;Reta";Nï¿½o;1;1
2025-04-09;quarta-feira;21:50:00;GO;60;GOIANAPOLIS;Problema na suspensï¿½o;Colisï¿½o com objeto;Com Vï¿½timas Feridas;Plena Noite;Nublado;Dupla;"Declive;Reta";Nï¿½o;0;0
2025-04-09;quarta-feira;17:50:00;PE;316;BELEM DE SAO FRANCISCO;Curva acentuada;Tombamento;Sem Vï¿½timas;Anoitecer;Cï¿½u Claro;Simples;Curva;Nï¿½o;0;0
2025-04-09;quarta-feira;21:30:00;MT;163;NOVA SANTA HELENA;Condutor deixou de manter distï¿½ncia do veï¿½culo da frente;Colisï¿½o traseira;Com Vï¿½timas Feridas;Plena Noite;Cï¿½u Claro;Simples;Reta;Nï¿½o;0;0
2025-04-09;quarta-feira;22:30:00;GO;153;MORRINHOS;Chuva;Saï¿½da de leito carroï¿½ï¿½vel;Com Vï¿½timas Feridas;Plena Noite;Chuva;Dupla;Declive;Sim;0;0
2025-04-09;quarta-feira;23:40:00;SP;116;CANAS;Manobra de mudanï¿½a de faixa;Colisï¿½o lateral mesmo sentido;Com Vï¿½timas Feridas;Plena Noite;Chuva;Dupla;Reta;Nï¿½o;0;0
2025-04-09;quarta-feira;16:40:00;RJ;465;NOVA IGUACU;Frear bruscamente;Engavetamento;Com Vï¿½timas Feridas;Plena Noite;Nublado;Simples;Reta;Nï¿½o;0;0
2025-04-10;quinta-feira;00:40:00;MG;381;CAMANDUCAIA;Reaï¿½ï¿½o tardia ou ineficiente do condutor;Saï¿½da de leito carroï¿½ï¿½vel;Com Vï¿½timas Feridas;Plena Noite;Garoa/Chuvisco;Dupla;"Declive;Reta";Nï¿½o;0;0
2025-04-10;quinta-feira;01:30:00;SP;116;SAO JOSE DOS CAMPOS;Ausï¿½ncia de reaï¿½ï¿½o do condutor;Colisï¿½o com objeto;Sem Vï¿½timas;Plena Noite;Cï¿½u Claro;Mï¿½ltipla;"Declive;Reta";Sim;0;0
2025-04-10;quinta-feira;02:20:00;PA;10;ULIANOPOLIS;Manobra de mudanï¿½a de faixa;Colisï¿½o frontal;Com Vï¿½timas Fatais;Plena Noite;Cï¿½u Claro;Simples;"Declive;Reta";Nï¿½o;1;1
2025-04-10;quinta-feira;03:50:00;AL;423;DELMIRO GOUVEIA;Ausï¿½ncia de reaï¿½ï¿½o do condutor;Saï¿½da de leito carroï¿½ï¿½vel;Sem Vï¿½timas;Amanhecer;Cï¿½u Claro;Simples;Reta;Nï¿½o;0;0
2025-04-10;quinta-feira;04:40:00;MS;267;BATAGUASSU;Condutor Dormindo;Colisï¿½o lateral sentido oposto;Com Vï¿½timas Feridas;Plena Noite;Cï¿½u Claro;Simples;Reta;Nï¿½o;0;0
2025-04-10;quinta-feira;04:40:00;PR;487;CAMPO MOURAO;Reaï¿½ï¿½o tardia ou ineficiente do condutor;Colisï¿½o lateral sentido oposto;Com Vï¿½timas Fatais;Plena Noite;Cï¿½u Claro;Simples;"Aclive;Reta";Nï¿½o;1;1
2025-04-10;quinta-feira;04:30:00;RJ;116;ITATIAIA;Ausï¿½ncia de sinalizaï¿½ï¿½o;Engavetamento;Com Vï¿½timas Feridas;Plena Noite;Nevoeiro/Neblina;Mï¿½ltipla;Reta;Nï¿½o;0;0
2025-04-10;quinta-feira;04:52:00;PR;163;QUATRO PONTES;Velocidade Incompatï¿½vel;Tombamento;Com Vï¿½timas Feridas;Amanhecer;Cï¿½u Claro;Dupla;"Curva;Aclive";Nï¿½o;0;0
2025-04-10;quinta-feira;06:56:00;BA;101;SAO JOSE DA VITORIA;Condutor Dormindo;Tombamento;Com Vï¿½timas Feridas;Pleno dia;Cï¿½u Claro;Simples;"Declive;Curva";Nï¿½o;0;0
2025-04-10;quinta-feira;07:45:00;CE;116;FORTALEZA;Condutor deixou de manter distï¿½ncia do veï¿½culo da frente;Colisï¿½o traseira;Com Vï¿½timas Feridas;Pleno dia;Nublado;Mï¿½ltipla;Reta;Sim;0;0
2025-04-10;quinta-feira;07:50:00;MG;267;LIMA DUARTE;Ausï¿½ncia de reaï¿½ï¿½o do condutor;Colisï¿½o lateral sentido oposto;Com Vï¿½timas Feridas;Pleno dia;Nublado;Simples;Reta;Nï¿½o;0;0
2025-04-10;quinta-feira;08:00:00;SP;381;GUARULHOS;Ultrapassagem Indevida;Colisï¿½o lateral mesmo sentido;Com Vï¿½timas Feridas;Pleno dia;Cï¿½u Claro;Mï¿½ltipla;Reta;Sim;0;0
2025-04-10;quinta-feira;06:49:00;MG;262;BOM DESPACHO;Transitar na contramï¿½o;Colisï¿½o lateral sentido oposto;Com Vï¿½timas Feridas;Pleno dia;Cï¿½u Claro;Simples;Reta;Nï¿½o;0;0
2025-04-10;quinta-feira;05:30:00;MT;158;NOVA XAVANTINA;Reaï¿½ï¿½o tardia ou ineficiente do condutor;Colisï¿½o lateral sentido oposto;Com Vï¿½timas Feridas;Pleno dia;Cï¿½u Claro;Simples;Curva;Nï¿½o;0;0
2025-04-10;quinta-feira;10:20:00;PR;277;PARANAGUA;Ingestï¿½o de ï¿½lcool pelo condutor;Colisï¿½o lateral mesmo sentido;Sem Vï¿½timas;Pleno dia;Nublado;Dupla;Reta;Sim;0;0
2025-03-31;segunda-feira;23:40:00;SC;153;VARGEM BONITA;Demais falhas mecï¿½nicas ou elï¿½tricas;Incï¿½ndio;Sem Vï¿½timas;Plena Noite;Cï¿½u Claro;Simples;Reta;Nï¿½o;0;0
2025-04-10;quinta-feira;11:15:00;MG;262;CAMPO FLORIDO;Objeto estï¿½tico sobre o leito carroï¿½ï¿½vel;Colisï¿½o com objeto;Com Vï¿½timas Fatais;Pleno dia;Cï¿½u Claro;Dupla;Reta;Nï¿½o;1;1
2025-04-10;quinta-feira;12:00:00;RS;470;GARIBALDI;Acessar a via sem observar a presenï¿½a dos outros veï¿½culos;Colisï¿½o transversal;Com Vï¿½timas Feridas;Pleno dia;Cï¿½u Claro;Simples;Rotatï¿½ria;Sim;0;0
2025-04-10;quinta-feira;10:00:00;MT;364;DIAMANTINO;Reaï¿½ï¿½o tardia ou ineficiente do condutor;Colisï¿½o lateral sentido oposto;Com Vï¿½timas Feridas;Pleno dia;Cï¿½u Claro;Simples;Reta;Nï¿½o;0;0
2025-04-10;quinta-feira;12:45:00;MT;163;DIAMANTINO;Acessar a via sem observar a presenï¿½a dos outros veï¿½culos;Colisï¿½o transversal;Com Vï¿½timas Fatais;Pleno dia;Cï¿½u Claro;Dupla;Reta;Nï¿½o;1;1
2025-04-10;quinta-feira;15:30:00;TO;153;ARAGUAINA;Acessar a via sem observar a presenï¿½a dos outros veï¿½culos;Colisï¿½o lateral mesmo sentido;Com Vï¿½timas Feridas;Pleno dia;Cï¿½u Claro;Dupla;Reta;Sim;0;0
2025-04-10;quinta-feira;14:35:00;BA;116;IRAJUBA;Ausï¿½ncia de reaï¿½ï¿½o do condutor;Colisï¿½o com objeto;Com Vï¿½timas Feridas;Pleno dia;Cï¿½u Claro;Simples;Reta;Nï¿½o;0;0
2025-04-10;quinta-feira;15:00:00;MA;135;SAO LUIS;Ausï¿½ncia de reaï¿½ï¿½o do condutor;Colisï¿½o traseira;Com Vï¿½timas Feridas;Pleno dia;Cï¿½u Claro;Dupla;"Retorno Regulamentado;Reta";Sim;0;0
2025-04-10;quinta-feira;17:00:00;BA;324;SALVADOR;Condutor deixou de manter distï¿½ncia do veï¿½culo da frente;Colisï¿½o traseira;Com Vï¿½timas Feridas;Pleno dia;Sol;Dupla;Reta;Sim;0;0
2025-04-10;quinta-feira;14:00:00;RJ;40;DUQUE DE CAXIAS;Demais falhas na via;Colisï¿½o com objeto;Com Vï¿½timas Feridas;Pleno dia;Nublado;Simples;"Declive;Curva";Nï¿½o;0;0
2025-04-10;quinta-feira;17:00:00;GO;60;ANAPOLIS;Acessar a via sem observar a presenï¿½a dos outros veï¿½culos;Colisï¿½o lateral mesmo sentido;Com Vï¿½timas Feridas;Pleno dia;Nublado;Dupla;Reta;Sim;0;0
2025-04-10;quinta-feira;12:00:00;MG;381;CAETE;Manobra de mudanï¿½a de faixa;Colisï¿½o lateral mesmo sentido;Com Vï¿½timas Feridas;Pleno dia;Cï¿½u Claro;Simples;Reta;Nï¿½o;0;0
2025-04-10;quinta-feira;15:00:00;RJ;101;RIO DE JANEIRO;Demais falhas mecï¿½nicas ou elï¿½tricas;Colisï¿½o com objeto;Com Vï¿½timas Feridas;Pleno dia;Cï¿½u Claro;Mï¿½ltipla;Reta;Nï¿½o;0;0
2025-04-10;quinta-feira;18:10:00;RJ;101;CAMPOS DOS GOYTACAZES;Ultrapassagem Indevida;Colisï¿½o frontal;Com Vï¿½timas Fatais;Plena Noite;Cï¿½u Claro;Simples;Curva;Nï¿½o;1;1
2025-03-29;sï¿½bado;08:00:00;CE;116;ICO;Desrespeitar a preferï¿½ncia no cruzamento;Colisï¿½o transversal;Com Vï¿½timas Feridas;Pleno dia;Cï¿½u Claro;Simples;Rotatï¿½ria;Sim;0;0
2025-02-17;segunda-feira;17:50:00;ES;259;BAIXO GUANDU;Reaï¿½ï¿½o tardia ou ineficiente do condutor;Colisï¿½o com objeto;Com Vï¿½timas Fatais;Pleno dia;Cï¿½u Claro;Simples;Curva;Nï¿½o;1;1
2025-04-10;quinta-feira;19:30:00;RJ;101;RIO DE JANEIRO;Condutor deixou de manter distï¿½ncia do veï¿½culo da frente;Colisï¿½o traseira;Com Vï¿½timas Feridas;Plena Noite;Chuva;Dupla;Ponte;Nï¿½o;0;0
2025-04-10;quinta-feira;18:10:00;RS;285;ITAQUI;Desrespeitar a preferï¿½ncia no cruzamento;Colisï¿½o transversal;Com Vï¿½timas Feridas;Pleno dia;Cï¿½u Claro;Simples;Reta;Nï¿½o;0;0
2025-04-10;quinta-feira;17:45:00;GO;452;RIO VERDE;Manobra de mudanï¿½a de faixa;Colisï¿½o lateral mesmo sentido;Sem Vï¿½timas;Anoitecer;Cï¿½u Claro;Dupla;"Declive;Reta";Nï¿½o;0;0
2025-04-10;quinta-feira;15:30:00;MT;364;DIAMANTINO;Suicï¿½dio (presumido);Colisï¿½o frontal;Com Vï¿½timas Fatais;Pleno dia;Sol;Simples;Curva;Nï¿½o;1;1