data_inversa;dia_semana;horario;uf;br;municipio;causa_acidente;tipo_acidente;classificacao_acidente;fase_dia;condicao_metereologica;tipo_pista;tracado_via;uso_solo;mortos;acidente_fatal
2025-04-12;sï¿½bado;19:25:00;PR;163;PLANALTO;Ingestï¿½o de ï¿½lcool pelo condutor;Colisï¿½o lateral sentido oposto;Com Vï¿½timas Feridas;Plena Noite;Chuva;Simples;Curva;Nï¿½o;0;0
2025-04-12;sï¿½bado;22:00:00;BA;101;EUNAPOLIS;Ausï¿½ncia de reaï¿½ï¿½o do condutor;Colisï¿½o traseira;Com Vï¿½timas Feridas;Plena Noite;Cï¿½u Claro;Simples;Reta;Sim;0;0
2025-04-12;sï¿½bado;20:35:00;RS;293;SANTANA DO LIVRAMENTO;Acessar a via sem observar a presenï¿½a dos outros veï¿½culos;Colisï¿½o transversal;Com Vï¿½timas Feridas;Plena Noite;Cï¿½u Claro;Simples;"Declive;Interseï¿½ï¿½o de Vias";Nï¿½o;0;0
2025-04-12;sï¿½bado;22:15:00;GO;153;APARECIDA DE GOIANIA;Transitar na contramï¿½o;Colisï¿½o frontal;Com Vï¿½timas Feridas;Plena Noite;Nublado;Dupla;Reta;Sim;0;0
2025-04-12;sï¿½bado;21:40:00;PI;316;DOM EXPEDITO LOPES;Ausï¿½ncia de reaï¿½ï¿½o do condutor;Colisï¿½o lateral sentido oposto;Com Vï¿½timas Feridas;Plena Noite;Nublado;Simples;Reta;Sim;0;0
2025-04-12;sï¿½bado;23:12:00;ES;101;CARIACICA;Entrada inopinada do pedestre;Atropelamento de Pedestre;Com Vï¿½timas Fatais;Plena Noite;Nublado;Dupla;Reta;Sim;1;1
2025-04-12;sï¿½bado;17:40:00;CE;0;TAUA;Acessar a via sem observar a presenï¿½a dos outros veï¿½culos;Colisï¿½o transversal;Com Vï¿½timas Feridas;Pleno dia;Cï¿½u Claro;Simples;"Reta;Interseï¿½ï¿½o de Vias";Sim;0;0
2025-04-13;domingo;01:40:00;ES;101;CARIACICA;Ausï¿½ncia de reaï¿½ï¿½o do condutor;Colisï¿½o com objeto;Com Vï¿½timas Feridas;Plena Noite;Cï¿½u Claro;Dupla;"Reta;Declive";Nï¿½o;0;0
2025-04-13;domingo;00:20:00;MG;381;CAREACU;Ausï¿½ncia de reaï¿½ï¿½o do condutor;Colisï¿½o lateral mesmo sentido;Sem Vï¿½timas;Plena Noite;Cï¿½u Claro;Dupla;Reta;Sim;0;0
2025-04-13;domingo;02:30:00;MT;163;RONDONOPOLIS;Reaï¿½ï¿½o tardia ou ineficiente do condutor;Tombamento;Sem Vï¿½timas;Plena Noite;Nublado;Dupla;Reta;Nï¿½o;0;0
2025-04-13;domingo;06:30:00;RS;290;GRAVATAI;Condutor Dormindo;Colisï¿½o traseira;Com Vï¿½timas Feridas;Pleno dia;Nublado;Mï¿½ltipla;Reta;Nï¿½o;0;0
2025-04-13;domingo;03:20:00;CE;20;CANINDE;Transitar na contramï¿½o;Colisï¿½o lateral sentido oposto;Sem Vï¿½timas;Plena Noite;Cï¿½u Claro;Simples;Reta;Nï¿½o;0;0
2025-04-13;domingo;06:50:00;MG;153;MONTE ALEGRE DE MINAS;Acumulo de ï¿½gua sobre o pavimento;Capotamento;Com Vï¿½timas Feridas;Pleno dia;Chuva;Dupla;Reta;Nï¿½o;0;0
2025-04-13;domingo;04:00:00;PB;116;CACHOEIRA DOS INDIOS;Chuva;Saï¿½da de leito carroï¿½ï¿½vel;Com Vï¿½timas Feridas;Plena Noite;Chuva;Simples;Curva;Nï¿½o;0;0
2025-04-13;domingo;06:40:00;BA;116;MILAGRES;Condutor deixou de manter distï¿½ncia do veï¿½culo da frente;Colisï¿½o traseira;Com Vï¿½timas Feridas;Pleno dia;Cï¿½u Claro;Simples;Reta;Nï¿½o;0;0
2025-04-13;domingo;07:00:00;RS;290;SANTO ANTONIO DA PATRULHA;Condutor Dormindo;Colisï¿½o com objeto;Com Vï¿½timas Feridas;Pleno dia;Cï¿½u Claro;Mï¿½ltipla;Reta;Nï¿½o;0;0
2025-03-29;sï¿½bado;15:30:00;BA;101;SAO GONCALO DOS CAMPOS;Ultrapassagem Indevida;Colisï¿½o lateral sentido oposto;Com Vï¿½timas Feridas;Pleno dia;Cï¿½u Claro;Simples;Reta;Nï¿½o;0;0
2025-04-13;domingo;08:30:00;MS;267;NOVA ALVORADA DO SUL;Ingestï¿½o de ï¿½lcool pelo condutor;Colisï¿½o frontal;Com Vï¿½timas Fatais;Pleno dia;Cï¿½u Claro;Simples;Reta;Nï¿½o;1;1
2025-04-13;domingo;11:00:00;GO;153;ANAPOLIS;Mal sï¿½bito do condutor;Colisï¿½o com objeto;Com Vï¿½timas Feridas;Pleno dia;Cï¿½u Claro;Dupla;Reta;Sim;0;0
2025-04-13;domingo;12:16:00;ES;101;ICONHA;Ausï¿½ncia de reaï¿½ï¿½o do condutor;Colisï¿½o com objeto;Com Vï¿½timas Feridas;Pleno dia;Cï¿½u Claro;Simples;Reta;Nï¿½o;0;0
2025-04-08;terï¿½a-feira;23:30:00;BA;101;CARAVELAS;Ingestï¿½o de ï¿½lcool pelo condutor;Colisï¿½o frontal;Com Vï¿½timas Feridas;Plena Noite;Chuva;Simples;"Curva;Aclive";Nï¿½o;0;0
2025-04-13;domingo;12:45:00;MG;40;CONTAGEM;Transitar no Acostamento;Colisï¿½o lateral mesmo sentido;Com Vï¿½timas Feridas;Pleno dia;Cï¿½u Claro;Dupla;Curva;Nï¿½o;0;0
2025-04-13;domingo;13:00:00;PR;116;PIRAQUARA;Condutor deixou de manter distï¿½ncia do veï¿½culo da frente;Colisï¿½o traseira;Com Vï¿½timas Feridas;Pleno dia;Chuva;Dupla;Reta;Nï¿½o;0;0
2025-03-20;quinta-feira;23:40:00;PR;376;PALMEIRA;Ausï¿½ncia de reaï¿½ï¿½o do condutor;Colisï¿½o traseira;Com Vï¿½timas Feridas;Plena Noite;Cï¿½u Claro;Dupla;Reta;Nï¿½o;0;0
2025-04-13;domingo;09:20:00;PI;316;ELESBAO VELOSO;Ingestï¿½o de ï¿½lcool pelo condutor;Tombamento;Com Vï¿½timas Fatais;Pleno dia;Cï¿½u Claro;Simples;Reta;Sim;1;1
2025-04-13;domingo;11:29:00;RS;392;RIO GRANDE;Acessar a via sem observar a presenï¿½a dos outros veï¿½culos;Colisï¿½o lateral mesmo sentido;Sem Vï¿½timas;Pleno dia;Nublado;Simples;Rotatï¿½ria;Sim;0;0
2025-04-13;domingo;13:40:00;RJ;393;BARRA DO PIRAI;Transitar na contramï¿½o;Colisï¿½o lateral sentido oposto;Com Vï¿½timas Feridas;Pleno dia;Sol;Simples;Reta;Sim;0;0
2025-04-13;domingo;04:20:00;PI;135;GILBUES;Afundamento ou ondulaï¿½ï¿½o no pavimento;Tombamento;Com Vï¿½timas Feridas;Amanhecer;Ignorado;Simples;"Curva;Aclive";Sim;0;0
2025-04-13;domingo;14:45:00;PR;277;GUARANIACU;Ausï¿½ncia de reaï¿½ï¿½o do condutor;Colisï¿½o frontal;Com Vï¿½timas Feridas;Pleno dia;Nublado;Simples;Curva;Nï¿½o;0;0
2025-04-13;domingo;15:00:00;BA;116;JEQUIE;Condutor deixou de manter distï¿½ncia do veï¿½culo da frente;Engavetamento;Sem Vï¿½timas;Pleno dia;Cï¿½u Claro;Simples;Reta;Nï¿½o;0;0
2025-04-13;domingo;14:40:00;MG;365;MONTE ALEGRE DE MINAS;Condutor deixou de manter distï¿½ncia do veï¿½culo da frente;Colisï¿½o traseira;Com Vï¿½timas Fatais;Pleno dia;Cï¿½u Claro;Dupla;Reta;Nï¿½o;5;1
2025-04-13;domingo;14:55:00;RN;304;MOSSORO;Demais falhas mecï¿½nicas ou elï¿½tricas;Incï¿½ndio;Sem Vï¿½timas;Pleno dia;Cï¿½u Claro;Simples;Reta;Nï¿½o;0;0
2025-04-13;domingo;16:15:00;SC;101;BIGUACU;Chuva;Colisï¿½o com objeto;Com Vï¿½timas Fatais;Pleno dia;Chuva;Dupla;Curva;Sim;1;1
2025-04-13;domingo;10:00:00;BA;135;SAO DESIDERIO;Velocidade Incompatï¿½vel;Tombamento;Com Vï¿½timas Feridas;Pleno dia;Sol;Simples;Curva;Nï¿½o;0;0
2025-04-13;domingo;17:40:00;MG;381;SABARA;Reaï¿½ï¿½o tardia ou ineficiente do condutor;Colisï¿½o frontal;Com Vï¿½timas Fatais;Pleno dia;Cï¿½u Claro;Simples;Curva;Nï¿½o;2;1
2025-04-13;domingo;14:30:00;MG;50;ARAGUARI;Carga excessiva e/ou mal acondicionada;Incï¿½ndio;Com Vï¿½timas Feridas;Pleno dia;Nublado;Dupla;"Reta;Declive";Nï¿½o;0;0
2025-04-13;domingo;17:20:00;MG;262;JUATUBA;Animais na Pista;Atropelamento de Animal;Com Vï¿½timas Feridas;Anoitecer;Cï¿½u Claro;Dupla;Reta;Nï¿½o;0;0
2025-04-13;domingo;14:00:00;BA;116;EUCLIDES DA CUNHA;Ausï¿½ncia de reaï¿½ï¿½o do condutor;Colisï¿½o lateral sentido oposto;Com Vï¿½timas Feridas;Pleno dia;Cï¿½u Claro;Simples;Reta;Nï¿½o;0;0
2025-04-10;quinta-feira;16:50:00;DF;20;BRASILIA;Velocidade Incompatï¿½vel;Colisï¿½o transversal;Com Vï¿½timas Feridas;Pleno dia;Cï¿½u Claro;Dupla;Declive;Sim;0;0
2025-03-19;quarta-feira;17:35:00;PB;101;CAAPORA;Reaï¿½ï¿½o tardia ou ineficiente do condutor;Colisï¿½o traseira;Com Vï¿½timas Feridas;Plena Noite;Cï¿½u Claro;Dupla;Reta;Nï¿½o;0;0
2025-04-13;domingo;16:40:00;PR;476;ANTONIO OLINTO;Velocidade Incompatï¿½vel;Tombamento;Com Vï¿½timas Feridas;Pleno dia;Chuva;Simples;Reta;Nï¿½o;0;0
2025-04-13;domingo;19:00:00;BA;110;OLINDINA;Acessar a via sem observar a presenï¿½a dos outros veï¿½culos;Colisï¿½o transversal;Com Vï¿½timas Feridas;Plena Noite;Cï¿½u Claro;Simples;Interseï¿½ï¿½o de Vias;Sim;0;0
2025-04-13;domingo;16:10:00;MG;116;MANHUACU;Reaï¿½ï¿½o tardia ou ineficiente do condutor;Saï¿½da de leito carroï¿½ï¿½vel;Sem Vï¿½timas;Pleno dia;Cï¿½u Claro;Simples;Curva;Nï¿½o;0;0
2025-04-13;domingo;21:25:00;RJ;116;NOVA IGUACU;Ingestï¿½o de ï¿½lcool pelo condutor;Colisï¿½o traseira;Com Vï¿½timas Feridas;Plena Noite;Nublado;Dupla;Reta;Sim;0;0
2025-04-13;domingo;20:00:00;RS;285;VACARIA;Pedestre andava na pista;Atropelamento de Pedestre;Com Vï¿½timas Fatais;Plena Noite;Nublado;Simples;Reta;Nï¿½o;1;1
2025-04-13;domingo;22:30:00;RJ;101;RIO BONITO;Acessar a via sem observar a presenï¿½a dos outros veï¿½culos;Colisï¿½o traseira;Com Vï¿½timas Feridas;Plena Noite;Nublado;Dupla;Reta;Sim;0;0
2025-04-13;domingo;23:45:00;PR;277;MEDIANEIRA;Reaï¿½ï¿½o tardia ou ineficiente do condutor;Colisï¿½o com objeto;Com Vï¿½timas Feridas;Plena Noite;Nublado;Dupla;Ponte;Nï¿½o;0;0
2025-04-14;segunda-feira;00:05:00;MT;163;MATUPA;Transitar na contramï¿½o;Colisï¿½o frontal;Com Vï¿½timas Fatais;Plena Noite;Cï¿½u Claro;Simples;Declive;Sim;5;1
2025-04-14;segunda-feira;04:55:00;BA;116;SANTO ESTEVAO;Demais falhas mecï¿½nicas ou elï¿½tricas;Colisï¿½o com objeto;Com Vï¿½timas Feridas;Amanhecer;Cï¿½u Claro;Dupla;"Reta;Viaduto";Nï¿½o;0;0
2025-04-14;segunda-feira;03:30:00;SP;116;BARRA DO TURVO;Reaï¿½ï¿½o tardia ou ineficiente do condutor;Colisï¿½o traseira;Com Vï¿½timas Feridas;Plena Noite;Chuva;Simples;Curva;Nï¿½o;0;0
2025-04-14;segunda-feira;05:50:00;PR;369;UBIRATA;Condutor Dormindo;Colisï¿½o com objeto;Sem Vï¿½timas;Amanhecer;Nevoeiro/Neblina;Simples;Reta;Nï¿½o;0;0
2025-04-14;segunda-feira;06:15:00;RS;158;ITAARA;Transitar na contramï¿½o;Colisï¿½o frontal;Com Vï¿½timas Fatais;Amanhecer;Cï¿½u Claro;Simples;"Reta;Declive";Sim;1;1
2025-04-14;segunda-feira;07:00:00;RJ;101;CAMPOS DOS GOYTACAZES;Manobra de mudanï¿½a de faixa;Colisï¿½o lateral mesmo sentido;Com Vï¿½timas Feridas;Pleno dia;Cï¿½u Claro;Dupla;Reta;Nï¿½o;0;0
2025-04-14;segunda-feira;08:00:00;SP;116;ITAPECERICA DA SERRA;Trafegar com motocicleta (ou similar) entre as faixas;Queda de ocupante de veï¿½culo;Com Vï¿½timas Feridas;Pleno dia;Garoa/Chuvisco;Dupla;Reta;Sim;0;0
2025-04-14;segunda-feira;09:10:00;BA;324;SALVADOR;Reaï¿½ï¿½o tardia ou ineficiente do condutor;Colisï¿½o traseira;Com Vï¿½timas Feridas;Pleno dia;Cï¿½u Claro;Mï¿½ltipla;Reta;Sim;0;0
2025-03-31;segunda-feira;06:30:00;GO;60;ANAPOLIS;Condutor deixou de manter distï¿½ncia do veï¿½culo da frente;Colisï¿½o traseira;Sem Vï¿½timas;Amanhecer;Cï¿½u Claro;Simples;Reta;Sim;0;0
2025-04-02;quarta-feira;17:00:00;RJ;101;MANGARATIBA;Reaï¿½ï¿½o tardia ou ineficiente do condutor;Colisï¿½o frontal;Com Vï¿½timas Fatais;Pleno dia;Cï¿½u Claro;Simples;Curva;Nï¿½o;1;1
2025-04-14;segunda-feira;11:10:00;SC;280;MAFRA;Transitar na contramï¿½o;Colisï¿½o frontal;Com Vï¿½timas Fatais;Pleno dia;Cï¿½u Claro;Simples;"Aclive;Reta";Nï¿½o;1;1
2025-04-14;segunda-feira;11:15:00;PB;101;BAYEUX;Reaï¿½ï¿½o tardia ou ineficiente do condutor;Colisï¿½o traseira;Com Vï¿½timas Feridas;Pleno dia;Sol;Dupla;Reta;Sim;0;0
2025-04-14;segunda-feira;10:40:00;RS;472;SANTO CRISTO;Manobra de mudanï¿½a de faixa;Colisï¿½o frontal;Com Vï¿½timas Fatais;Pleno dia;Cï¿½u Claro;Simples;Reta;Nï¿½o;1;1
2025-04-14;segunda-feira;11:45:00;MG;40;SETE LAGOAS;Reaï¿½ï¿½o tardia ou ineficiente do condutor;Saï¿½da de leito carroï¿½ï¿½vel;Sem Vï¿½timas;Pleno dia;Nublado;Dupla;"Aclive;Curva";Nï¿½o;0;0
2025-02-01;sï¿½bado;16:08:00;PA;163;NOVO PROGRESSO;Pista Escorregadia;Colisï¿½o lateral sentido oposto;Sem Vï¿½timas;Pleno dia;Chuva;Simples;Reta;Nï¿½o;0;0
2025-04-14;segunda-feira;12:30:00;GO;60;SANTO ANTONIO DO DESCOBERTO;Velocidade Incompatï¿½vel;Saï¿½da de leito carroï¿½ï¿½vel;Com Vï¿½timas Feridas;Pleno dia;Chuva;Dupla;Curva;Nï¿½o;0;0
2025-04-14;segunda-feira;08:20:00;PR;153;IBAITI;Demais falhas mecï¿½nicas ou elï¿½tricas;Incï¿½ndio;Sem Vï¿½timas;Pleno dia;Cï¿½u Claro;Simples;Reta;Nï¿½o;0;0
2025-04-14;segunda-feira;12:00:00;RS;158;SANTA MARIA;Demais falhas mecï¿½nicas ou elï¿½tricas;Incï¿½ndio;Sem Vï¿½timas;Pleno dia;Cï¿½u Claro;Dupla;Reta;Nï¿½o;0;0
2025-04-14;segunda-feira;12:55:00;PA;316;SANTA IZABEL DO PARA;Acessar a via sem observar a presenï¿½a dos outros veï¿½culos;Tombamento;Com Vï¿½timas Feridas;Pleno dia;Nublado;Dupla;Reta;Sim;0;0
2025-04-14;segunda-feira;13:05:00;SC;282;SAO BENTO DO SUL;Acessar a via sem observar a presenï¿½a dos outros veï¿½culos;Colisï¿½o transversal;Sem Vï¿½timas;Pleno dia;Garoa/Chuvisco;Simples;"Curva;Interseï¿½ï¿½o de Vias;Declive";Nï¿½o;0;0
2025-04-12;sï¿½bado;19:00:00;BA;101;ILHEUS;Trafegar com motocicleta (ou similar) entre as faixas;Saï¿½da de leito carroï¿½ï¿½vel;Com Vï¿½timas Feridas;Plena Noite;Cï¿½u Claro;Simples;Reta;Nï¿½o;0;0
2025-04-14;segunda-feira;15:20:00;RJ;116;RIO DE JANEIRO;Trafegar com motocicleta (ou similar) entre as faixas;Colisï¿½o lateral mesmo sentido;Com Vï¿½timas Feridas;Pleno dia;Cï¿½u Claro;Mï¿½ltipla;Reta;Sim;0;0
2025-04-14;segunda-feira;15:00:00;MG;381;JOAO MONLEVADE;Pista Escorregadia;Colisï¿½o frontal;Com Vï¿½timas Feridas;Pleno dia;Garoa/Chuvisco;Simples;Curva;Nï¿½o;0;0
2025-04-14;segunda-feira;14:20:00;SC;470;BLUMENAU;Acessar a via sem observar a presenï¿½a dos outros veï¿½culos;Colisï¿½o transversal;Com Vï¿½timas Feridas;Pleno dia;Nublado;Simples;Reta;Sim;0;0
2025-04-14;segunda-feira;14:55:00;PE;104;PANELAS;Velocidade Incompatï¿½vel;Colisï¿½o com objeto;Com Vï¿½timas Fatais;Pleno dia;Cï¿½u Claro;Simples;Curva;Nï¿½o;1;1
2025-04-14;segunda-feira;11:55:00;PA;155;MARABA;Reaï¿½ï¿½o tardia ou ineficiente do condutor;Colisï¿½o transversal;Com Vï¿½timas Feridas;Pleno dia;Cï¿½u Claro;Simples;Reta;Sim;0;0
2025-04-14;segunda-feira;13:50:00;MS;262;AGUA CLARA;Acostamento em desnï¿½vel;Tombamento;Com Vï¿½timas Feridas;Pleno dia;Sol;Simples;Reta;Nï¿½o;0;0
2025-04-14;segunda-feira;16:10:00;RJ;116;RESENDE;Acessar a via sem observar a presenï¿½a dos outros veï¿½culos;Colisï¿½o lateral mesmo sentido;Sem Vï¿½timas;Pleno dia;Sol;Dupla;Reta;Nï¿½o;0;0
2025-04-14;segunda-feira;16:10:00;MG;381;TRES CORACOES;Ausï¿½ncia de reaï¿½ï¿½o do condutor;Queda de ocupante de veï¿½culo;Com Vï¿½timas Feridas;Pleno dia;Cï¿½u Claro;Dupla;Reta;Nï¿½o;0;0
2025-04-14;segunda-feira;16:10:00;MG;50;UBERABA;Condutor deixou de manter distï¿½ncia do veï¿½culo da frente;Colisï¿½o lateral mesmo sentido;Sem Vï¿½timas;Pleno dia;Cï¿½u Claro;Dupla;Reta;Sim;0;0
2025-02-21;sexta-feira;08:10:00;MG;381;BETIM;Ausï¿½ncia de reaï¿½ï¿½o do condutor;Saï¿½da de leito carroï¿½ï¿½vel;Com Vï¿½timas Feridas;Pleno dia;Cï¿½u Claro;Dupla;Reta;Sim;0;0
2025-04-14;segunda-feira;16:10:00;RS;392;SANTA MARIA;Pedestre - Ingestï¿½o de ï¿½lcool/ substï¿½ncias psicoativas;Queda de ocupante de veï¿½culo;Com Vï¿½timas Feridas;Pleno dia;Cï¿½u Claro;Mï¿½ltipla;"Interseï¿½ï¿½o de Vias;Reta";Sim;0;0
2025-04-14;segunda-feira;15:17:00;MS;267;BATAGUASSU;Ausï¿½ncia de reaï¿½ï¿½o do condutor;Colisï¿½o traseira;Sem Vï¿½timas;Pleno dia;Cï¿½u Claro;Dupla;Reta;Sim;0;0
2025-04-14;segunda-feira;16:45:00;BA;116;VITORIA DA CONQUISTA;Acessar a via sem observar a presenï¿½a dos outros veï¿½culos;Colisï¿½o transversal;Com Vï¿½timas Feridas;Pleno dia;Nublado;Simples;"Interseï¿½ï¿½o de Vias;Reta";Nï¿½o;0;0
2025-04-14;segunda-feira;15:50:00;SP;153;OCAUCU;Mal sï¿½bito do condutor;Colisï¿½o frontal;Com Vï¿½timas Fatais;Pleno dia;Cï¿½u Claro;Simples;Aclive;Nï¿½o;2;1
2025-04-14;segunda-feira;17:40:00;SP;116;ARUJA;Reaï¿½ï¿½o tardia ou ineficiente do condutor;Colisï¿½o lateral mesmo sentido;Com Vï¿½timas Feridas;Plena Noite;Nublado;Mï¿½ltipla;"Aclive;Reta";Nï¿½o;0;0
2025-04-14;segunda-feira;16:45:00;PR;116;COLOMBO;Condutor deixou de manter distï¿½ncia do veï¿½culo da frente;Colisï¿½o traseira;Com Vï¿½timas Feridas;Anoitecer;Nublado;Simples;"Declive;Interseï¿½ï¿½o de Vias;Viaduto";Sim;0;0
2025-04-14;segunda-feira;17:40:00;ES;262;VENDA NOVA DO IMIGRANTE;Demais falhas mecï¿½nicas ou elï¿½tricas;Tombamento;Com Vï¿½timas Feridas;Anoitecer;Nublado;Simples;Curva;Nï¿½o;0;0
2025-04-14;segunda-feira;18:20:00;MG;40;PARAOPEBA;Carga excessiva e/ou mal acondicionada;Tombamento;Com Vï¿½timas Feridas;Anoitecer;Cï¿½u Claro;Dupla;Curva;Nï¿½o;0;0
2025-04-14;segunda-feira;18:30:00;PI;230;SAO JOAO DA VARJOTA;Reaï¿½ï¿½o tardia ou ineficiente do condutor;Colisï¿½o traseira;Com Vï¿½timas Feridas;Plena Noite;Cï¿½u Claro;Simples;Reta;Nï¿½o;0;0
2025-04-14;segunda-feira;18:10:00;PR;116;COLOMBO;Manobra de mudanï¿½a de faixa;Colisï¿½o lateral mesmo sentido;Com Vï¿½timas Feridas;Anoitecer;Nublado;Dupla;Reta;Sim;0;0
2025-04-14;segunda-feira;18:45:00;MG;40;CAETANOPOLIS;Desrespeitar a preferï¿½ncia no cruzamento;Colisï¿½o frontal;Com Vï¿½timas Feridas;Plena Noite;Nublado;Simples;"Reta;Interseï¿½ï¿½o de Vias";Sim;0;0
2025-04-14;segunda-feira;18:45:00;GO;20;FORMOSA;Chuva;Colisï¿½o frontal;Sem Vï¿½timas;Plena Noite;Chuva;Simples;"Declive;Em Obras";Sim;0;0
2025-04-14;segunda-feira;19:28:00;PA;163;SANTAREM;Ausï¿½ncia de reaï¿½ï¿½o do condutor;Colisï¿½o traseira;Com Vï¿½timas Feridas;Plena Noite;Cï¿½u Claro;Simples;Reta;Nï¿½o;0;0
2025-04-14;segunda-feira;19:50:00;SC;101;CAMBORIU;Condutor deixou de manter distï¿½ncia do veï¿½culo da frente;Colisï¿½o traseira;Com Vï¿½timas Feridas;Plena Noite;Cï¿½u Claro;Dupla;Reta;Sim;0;0
2025-04-14;segunda-feira;15:10:00;PA;10;IRITUIA;Carga excessiva e/ou mal acondicionada;Tombamento;Com Vï¿½timas Feridas;Pleno dia;Nublado;Simples;Reta;Sim;0;0
2025-04-14;segunda-feira;19:30:00;SC;470;ILHOTA;Demais falhas mecï¿½nicas ou elï¿½tricas;Incï¿½ndio;Sem Vï¿½timas;Plena Noite;Nublado;Dupla;Reta;Nï¿½o;0;0
2025-04-14;segunda-feira;19:40:00;MG;251;FRANCISCO SA;Demais falhas mecï¿½nicas ou elï¿½tricas;Colisï¿½o com objeto;Com Vï¿½timas Fatais;Plena Noite;Cï¿½u Claro;Simples;"Curva;Declive";Nï¿½o;1;1
2025-04-14;segunda-feira;18:40:00;SC;116;SAO CRISTOVAO DO SUL;Transitar na contramï¿½o;Colisï¿½o frontal;Com Vï¿½timas Fatais;Plena Noite;Nublado;Simples;Curva;Nï¿½o;1;1
2025-04-07;segunda-feira;20:50:00;MG;381;CAMPANHA;Ausï¿½ncia de reaï¿½ï¿½o do condutor;Colisï¿½o traseira;Com Vï¿½timas Feridas;Plena Noite;Nublado;Dupla;Curva;Nï¿½o;0;0
2025-04-14;segunda-feira;21:30:00;BA;116;BOA NOVA;Velocidade Incompatï¿½vel;Tombamento;Com Vï¿½timas Feridas;Plena Noite;Cï¿½u Claro;Simples;"Declive;Interseï¿½ï¿½o de Vias";Sim;0;0
2025-04-14;segunda-feira;19:20:00;SC;280;CANOINHAS;Ultrapassagem Indevida;Colisï¿½o frontal;Com Vï¿½timas Fatais;Anoitecer;Cï¿½u Claro;Simples;"Curva;Aclive";Nï¿½o;1;1
2025-04-14;segunda-feira;10:15:00;RJ;116;TERESOPOLIS;Ausï¿½ncia de reaï¿½ï¿½o do condutor;Tombamento;Com Vï¿½timas Feridas;Pleno dia;Cï¿½u Claro;Simples;Reta;Nï¿½o;0;0
2025-04-15;terï¿½a-feira;00:00:00;DF;20;BRASILIA;Condutor Dormindo;Saï¿½da de leito carroï¿½ï¿½vel;Com Vï¿½timas Feridas;Plena Noite;Cï¿½u Claro;Dupla;Reta;Nï¿½o;0;0
2025-04-14;segunda-feira;21:40:00;BA;101;IBIRAPITANGA;Transitar na contramï¿½o;Colisï¿½o lateral sentido oposto;Sem Vï¿½timas;Plena Noite;Cï¿½u Claro;Simples;Reta;Nï¿½o;0;0
2025-04-15;terï¿½a-feira;00:00:00;SP;116;PARIQUERA-ACU;Ausï¿½ncia de reaï¿½ï¿½o do condutor;Colisï¿½o traseira;Com Vï¿½timas Feridas;Plena Noite;Nublado;Dupla;Reta;Nï¿½o;0;0
2025-04-14;segunda-feira;21:30:00;ES;101;ICONHA;Ultrapassagem Indevida;Colisï¿½o frontal;Sem Vï¿½timas;Plena Noite;Nublado;Simples;Reta;Nï¿½o;0;0
2025-04-15;terï¿½a-feira;00:24:00;PB;101;JOAO PESSOA;Mal sï¿½bito do condutor;Colisï¿½o traseira;Com Vï¿½timas Feridas;Plena Noite;Cï¿½u Claro;Dupla;Reta;Sim;0;0
2025-04-15;terï¿½a-feira;04:15:00;MG;251;FRANCISCO SA;Demais falhas mecï¿½nicas ou elï¿½tricas;Saï¿½da de leito carroï¿½ï¿½vel;Com Vï¿½timas Feridas;Plena Noite;Garoa/Chuvisco;Simples;Curva;Nï¿½o;0;0
2025-04-15;terï¿½a-feira;04:05:00;MS;163;NAVIRAI;Acessar a via sem observar a presenï¿½a dos outros veï¿½culos;Colisï¿½o transversal;Com Vï¿½timas Feridas;Plena Noite;Cï¿½u Claro;Simples;Curva;Nï¿½o;0;0
2025-04-15;terï¿½a-feira;07:05:00;SC;470;RIO DO SUL;Ausï¿½ncia de reaï¿½ï¿½o do condutor;Saï¿½da de leito carroï¿½ï¿½vel;Com Vï¿½timas Feridas;Pleno dia;Nublado;Simples;"Aclive;Reta";Nï¿½o;0;0
2025-04-15;terï¿½a-feira;00:15:00;RO;364;JARU;Condutor deixou de manter distï¿½ncia do veï¿½culo da frente;Colisï¿½o frontal;Sem Vï¿½timas;Plena Noite;Nublado;Simples;"Reta;Aclive";Nï¿½o;0;0
2025-04-15;terï¿½a-feira;07:50:00;RS;285;IJUI;Condutor deixou de manter distï¿½ncia do veï¿½culo da frente;Colisï¿½o lateral mesmo sentido;Sem Vï¿½timas;Pleno dia;Cï¿½u Claro;Simples;Reta;Nï¿½o;0;0
2025-04-05;sï¿½bado;09:10:00;SC;470;RIO DO SUL;Acumulo de areia ou detritos sobre o pavimento;Colisï¿½o com objeto;Sem Vï¿½timas;Pleno dia;Cï¿½u Claro;Simples;Reta;Nï¿½o;0;0
2025-04-15;terï¿½a-feira;05:56:00;PE;101;JABOATAO DOS GUARARAPES;Ausï¿½ncia de reaï¿½ï¿½o do condutor;Colisï¿½o frontal;Com Vï¿½timas Feridas;Pleno dia;Sol;Dupla;Reta;Nï¿½o;0;0
2025-04-15;terï¿½a-feira;07:36:00;PE;232;ARCOVERDE;Pedestre andava na pista;Atropelamento de Pedestre;Com Vï¿½timas Feridas;Pleno dia;Sol;Simples;"Aclive;Reta";Nï¿½o;0;0
2025-04-15;terï¿½a-feira;04:30:00;SC;280;SAO BENTO DO SUL;Velocidade Incompatï¿½vel;Tombamento;Com Vï¿½timas Feridas;Plena Noite;Cï¿½u Claro;Simples;Curva;Sim;0;0