data_inversa;dia_semana;horario;uf;br;municipio;causa_acidente;tipo_acidente;classificacao_acidente;fase_dia;condicao_metereologica;tipo_pista;tracado_via;uso_solo;mortos;acidente_fatal
2025-04-17;quinta-feira;12:40:00;RJ;356;ITAPERUNA;Ausï¿½ncia de reaï¿½ï¿½o do condutor;Tombamento;Com Vï¿½timas Feridas;Pleno dia;Cï¿½u Claro;Simples;Curva;Nï¿½o;0;0
2025-04-16;quarta-feira;19:05:00;ES;262;IBATIBA;Reaï¿½ï¿½o tardia ou ineficiente do condutor;Colisï¿½o traseira;Com Vï¿½timas Feridas;Plena Noite;Nevoeiro/Neblina;Simples;"Declive;Curva";Nï¿½o;0;0
2025-04-17;quinta-feira;17:00:00;PR;116;CAMPINA GRANDE DO SUL;Ausï¿½ncia de reaï¿½ï¿½o do condutor;Colisï¿½o transversal;Com Vï¿½timas Feridas;Anoitecer;Nublado;Dupla;Retorno Regulamentado;Nï¿½o;0;0
2025-04-16;quarta-feira;18:30:00;RS;116;CAXIAS DO SUL;Demais falhas mecï¿½nicas ou elï¿½tricas;Colisï¿½o com objeto;Com Vï¿½timas Feridas;Anoitecer;Nublado;Simples;Interseï¿½ï¿½o de Vias;Sim;0;0
2025-04-17;quinta-feira;18:00:00;SP;116;CACAPAVA;Ingestï¿½o de ï¿½lcool pelo condutor;Colisï¿½o com objeto;Sem Vï¿½timas;Plena Noite;Nublado;Dupla;Reta;Nï¿½o;0;0
2025-04-17;quinta-feira;16:00:00;PE;101;ESCADA;Ausï¿½ncia de reaï¿½ï¿½o do condutor;Tombamento;Sem Vï¿½timas;Pleno dia;Cï¿½u Claro;Dupla;Curva;Nï¿½o;0;0
2025-04-17;quinta-feira;19:00:00;MG;459;CONGONHAL;Ausï¿½ncia de reaï¿½ï¿½o do condutor;Colisï¿½o traseira;Com Vï¿½timas Fatais;Plena Noite;Nublado;Simples;Reta;Nï¿½o;1;1
2025-04-17;quinta-feira;00:30:00;SC;101;LAGUNA;Ultrapassagem Indevida;Colisï¿½o traseira;Com Vï¿½timas Feridas;Plena Noite;Cï¿½u Claro;Dupla;"Reta;Ponte";Nï¿½o;0;0
2025-04-17;quinta-feira;14:45:00;MT;70;VARZEA GRANDE;Acessar a via sem observar a presenï¿½a dos outros veï¿½culos;Queda de ocupante de veï¿½culo;Com Vï¿½timas Feridas;Pleno dia;Cï¿½u Claro;Simples;Reta;Sim;0;0
2025-04-17;quinta-feira;20:00:00;MG;381;BETIM;Manobra de mudanï¿½a de faixa;Colisï¿½o lateral mesmo sentido;Com Vï¿½timas Feridas;Plena Noite;Cï¿½u Claro;Dupla;"Reta;Declive";Nï¿½o;0;0
2025-04-17;quinta-feira;19:50:00;PE;423;SALOA;Velocidade Incompatï¿½vel;Capotamento;Com Vï¿½timas Fatais;Plena Noite;Cï¿½u Claro;Simples;"Curva;Declive";Nï¿½o;1;1
2025-04-17;quinta-feira;17:25:00;RO;364;VILHENA;Pedestre andava na pista;Atropelamento de Pedestre;Com Vï¿½timas Feridas;Pleno dia;Cï¿½u Claro;Dupla;Reta;Sim;0;0
2025-04-17;quinta-feira;20:00:00;PR;376;PONTA GROSSA;Reaï¿½ï¿½o tardia ou ineficiente do condutor;Colisï¿½o transversal;Com Vï¿½timas Feridas;Plena Noite;Cï¿½u Claro;Dupla;Retorno Regulamentado;Sim;0;0
2025-04-17;quinta-feira;22:00:00;PR;277;MATELANDIA;Reaï¿½ï¿½o tardia ou ineficiente do condutor;Colisï¿½o traseira;Com Vï¿½timas Feridas;Pleno dia;Cï¿½u Claro;Dupla;Reta;Nï¿½o;0;0
2025-04-17;quinta-feira;21:40:00;RJ;101;ITABORAI;Reaï¿½ï¿½o tardia ou ineficiente do condutor;Colisï¿½o lateral mesmo sentido;Com Vï¿½timas Feridas;Plena Noite;Cï¿½u Claro;Simples;Reta;Sim;0;0
2025-04-17;quinta-feira;21:10:00;RJ;116;ITATIAIA;Ausï¿½ncia de reaï¿½ï¿½o do condutor;Colisï¿½o traseira;Com Vï¿½timas Feridas;Plena Noite;Cï¿½u Claro;Dupla;"Aclive;Reta";Nï¿½o;0;0
2025-04-17;quinta-feira;20:15:00;MA;316;TIMON;Transitar na contramï¿½o;Colisï¿½o lateral sentido oposto;Com Vï¿½timas Feridas;Plena Noite;Cï¿½u Claro;Simples;Declive;Nï¿½o;0;0
2025-04-17;quinta-feira;22:10:00;PI;135;CRISTINO CASTRO;Animais na Pista;Atropelamento de Animal;Com Vï¿½timas Feridas;Plena Noite;Cï¿½u Claro;Simples;Reta;Nï¿½o;0;0
2025-04-17;quinta-feira;22:50:00;MG;50;ARAGUARI;Condutor deixou de manter distï¿½ncia do veï¿½culo da frente;Colisï¿½o traseira;Com Vï¿½timas Feridas;Plena Noite;Cï¿½u Claro;Dupla;Reta;Nï¿½o;0;0
2025-04-17;quinta-feira;22:10:00;RS;392;RIO GRANDE;Acessar a via sem observar a presenï¿½a dos outros veï¿½culos;Colisï¿½o transversal;Com Vï¿½timas Feridas;Plena Noite;Cï¿½u Claro;Simples;Reta;Nï¿½o;0;0
2025-04-17;quinta-feira;19:30:00;MT;364;TANGARA DA SERRA;Condutor deixou de manter distï¿½ncia do veï¿½culo da frente;Colisï¿½o traseira;Com Vï¿½timas Feridas;Plena Noite;Cï¿½u Claro;Simples;Reta;Nï¿½o;0;0
2025-04-17;quinta-feira;22:50:00;PR;376;TIBAGI;Reaï¿½ï¿½o tardia ou ineficiente do condutor;Colisï¿½o traseira;Com Vï¿½timas Feridas;Plena Noite;Cï¿½u Claro;Simples;"Em Obras;Desvio Temporï¿½rio";Nï¿½o;0;0
2025-04-18;sexta-feira;00:50:00;PR;277;CAMPO LARGO;Acesso irregular;Colisï¿½o transversal;Sem Vï¿½timas;Plena Noite;Ignorado;Dupla;Reta;Nï¿½o;0;0
2025-04-18;sexta-feira;01:55:00;RN;101;NISIA FLORESTA;Condutor Dormindo;Saï¿½da de leito carroï¿½ï¿½vel;Com Vï¿½timas Feridas;Plena Noite;Cï¿½u Claro;Dupla;"Curva;Declive";Nï¿½o;0;0
2025-04-16;quarta-feira;08:50:00;SC;282;ALFREDO WAGNER;Velocidade Incompatï¿½vel;Capotamento;Com Vï¿½timas Feridas;Pleno dia;Sol;Simples;"Curva;Declive";Nï¿½o;0;0
2025-04-18;sexta-feira;00:00:00;BA;242;OLIVEIRA DOS BREJINHOS;Ingestï¿½o de ï¿½lcool pelo condutor;Colisï¿½o transversal;Com Vï¿½timas Feridas;Plena Noite;Cï¿½u Claro;Simples;"Reta;Ponte";Nï¿½o;0;0
2025-04-16;quarta-feira;17:30:00;ES;101;CARIACICA;Chuva;Colisï¿½o transversal;Com Vï¿½timas Feridas;Anoitecer;Chuva;Mï¿½ltipla;"Reta;Declive";Sim;0;0
2025-04-16;quarta-feira;23:00:00;PR;277;PARANAGUA;Condutor deixou de manter distï¿½ncia do veï¿½culo da frente;Colisï¿½o traseira;Com Vï¿½timas Fatais;Plena Noite;Cï¿½u Claro;Dupla;Reta;Sim;1;1
2025-04-16;quarta-feira;15:00:00;GO;153;MORRINHOS;Velocidade Incompatï¿½vel;Tombamento;Com Vï¿½timas Feridas;Pleno dia;Nublado;Dupla;Curva;Nï¿½o;0;0
2025-04-18;sexta-feira;06:40:00;MT;163;VERA;Ultrapassagem Indevida;Colisï¿½o frontal;Com Vï¿½timas Fatais;Pleno dia;Cï¿½u Claro;Simples;Reta;Nï¿½o;1;1
2025-04-18;sexta-feira;04:38:00;RO;364;CANDEIAS DO JAMARI;Transitar na contramï¿½o;Colisï¿½o frontal;Com Vï¿½timas Fatais;Plena Noite;Cï¿½u Claro;Dupla;Reta;Nï¿½o;4;1
2025-02-24;segunda-feira;12:20:00;AL;316;DOIS RIACHOS;Ultrapassagem Indevida;Colisï¿½o lateral mesmo sentido;Com Vï¿½timas Feridas;Pleno dia;Cï¿½u Claro;Simples;Reta;Nï¿½o;0;0
2025-04-18;sexta-feira;05:50:00;TO;153;COLINAS DO TOCANTINS;Ultrapassagem Indevida;Colisï¿½o frontal;Com Vï¿½timas Fatais;Amanhecer;Sol;Simples;Reta;Nï¿½o;1;1
2025-04-12;sï¿½bado;04:00:00;BA;116;IRAJUBA;Condutor Dormindo;Colisï¿½o traseira;Com Vï¿½timas Feridas;Amanhecer;Cï¿½u Claro;Simples;"Aclive;Curva";Nï¿½o;0;0
2025-04-18;sexta-feira;07:35:00;SP;116;REGISTRO;Ausï¿½ncia de reaï¿½ï¿½o do condutor;Colisï¿½o traseira;Sem Vï¿½timas;Pleno dia;Cï¿½u Claro;Simples;Reta;Nï¿½o;0;0
2025-04-18;sexta-feira;08:50:00;RN;427;CAICO;Demais falhas mecï¿½nicas ou elï¿½tricas;Tombamento;Sem Vï¿½timas;Pleno dia;Sol;Simples;Curva;Nï¿½o;0;0
2025-04-18;sexta-feira;10:20:00;RJ;40;DUQUE DE CAXIAS;Manobra de mudanï¿½a de faixa;Colisï¿½o transversal;Com Vï¿½timas Feridas;Pleno dia;Sol;Mï¿½ltipla;"Reta;Declive";Sim;0;0
2025-03-17;segunda-feira;14:00:00;PE;101;JABOATAO DOS GUARARAPES;Condutor Dormindo;Saï¿½da de leito carroï¿½ï¿½vel;Com Vï¿½timas Feridas;Pleno dia;Sol;Dupla;Reta;Nï¿½o;0;0
2025-04-16;quarta-feira;09:30:00;MS;158;PARANAIBA;Transitar na contramï¿½o;Colisï¿½o lateral sentido oposto;Com Vï¿½timas Feridas;Pleno dia;Sol;Simples;Reta;Nï¿½o;0;0
2025-04-18;sexta-feira;11:00:00;PA;316;CASTANHAL;Condutor deixou de manter distï¿½ncia do veï¿½culo da frente;Colisï¿½o traseira;Sem Vï¿½timas;Pleno dia;Cï¿½u Claro;Simples;Reta;Nï¿½o;0;0
2025-04-18;sexta-feira;01:29:00;RO;364;CHUPINGUAIA;Demais falhas mecï¿½nicas ou elï¿½tricas;Incï¿½ndio;Sem Vï¿½timas;Plena Noite;Ignorado;Simples;Reta;Nï¿½o;0;0
2025-04-18;sexta-feira;11:30:00;RS;285;LAGOA VERMELHA;Pedestre cruzava a pista fora da faixa;Atropelamento de Pedestre;Com Vï¿½timas Feridas;Pleno dia;Nublado;Simples;Reta;Sim;0;0
2025-04-18;sexta-feira;08:20:00;RS;386;POUSO NOVO;Reaï¿½ï¿½o tardia ou ineficiente do condutor;Tombamento;Com Vï¿½timas Feridas;Pleno dia;Cï¿½u Claro;Simples;"Aclive;Curva";Nï¿½o;0;0
2025-04-18;sexta-feira;11:00:00;PR;116;CAMPINA GRANDE DO SUL;Manobra de mudanï¿½a de faixa;Tombamento;Com Vï¿½timas Feridas;Pleno dia;Nublado;Dupla;Curva;Nï¿½o;0;0
2025-04-18;sexta-feira;11:10:00;MS;163;RIO BRILHANTE;Reaï¿½ï¿½o tardia ou ineficiente do condutor;Saï¿½da de leito carroï¿½ï¿½vel;Com Vï¿½timas Feridas;Pleno dia;Chuva;Simples;Reta;Nï¿½o;0;0
2025-04-18;sexta-feira;05:45:00;SC;280;PORTO UNIAO;Transitar na contramï¿½o;Colisï¿½o frontal;Com Vï¿½timas Feridas;Plena Noite;Nublado;Simples;Curva;Nï¿½o;0;0
2025-04-18;sexta-feira;13:50:00;MG;50;UBERABA;Condutor deixou de manter distï¿½ncia do veï¿½culo da frente;Colisï¿½o traseira;Com Vï¿½timas Feridas;Pleno dia;Chuva;Dupla;Reta;Sim;0;0
2025-04-18;sexta-feira;11:15:00;RJ;116;VOLTA REDONDA;Demais falhas mecï¿½nicas ou elï¿½tricas;Colisï¿½o traseira;Com Vï¿½timas Feridas;Pleno dia;Cï¿½u Claro;Dupla;"Reta;Declive";Nï¿½o;0;0
2025-04-18;sexta-feira;09:00:00;SC;116;MAFRA;Acessar a via sem observar a presenï¿½a dos outros veï¿½culos;Colisï¿½o transversal;Com Vï¿½timas Feridas;Pleno dia;Cï¿½u Claro;Simples;"Interseï¿½ï¿½o de Vias;Reta;Retorno Regulamentado";Sim;0;0
2025-04-16;quarta-feira;07:40:00;AC;364;FEIJO;Condutor Dormindo;Saï¿½da de leito carroï¿½ï¿½vel;Com Vï¿½timas Fatais;Pleno dia;Ignorado;Simples;"Reta;Declive";Nï¿½o;1;1
2025-04-18;sexta-feira;13:55:00;PR;369;CORBELIA;Reaï¿½ï¿½o tardia ou ineficiente do condutor;Colisï¿½o frontal;Com Vï¿½timas Fatais;Pleno dia;Chuva;Simples;"Declive;Curva";Nï¿½o;1;1
2025-04-18;sexta-feira;08:15:00;GO;20;SIMOLANDIA;Pista Escorregadia;Colisï¿½o lateral sentido oposto;Sem Vï¿½timas;Amanhecer;Chuva;Simples;"Reta;Declive";Nï¿½o;0;0
2025-02-06;quinta-feira;08:45:00;MG;40;TRES MARIAS;Demais falhas mecï¿½nicas ou elï¿½tricas;Tombamento;Sem Vï¿½timas;Pleno dia;Cï¿½u Claro;Simples;"Curva;Aclive";Sim;0;0
2025-04-18;sexta-feira;16:55:00;SP;116;ITAPECERICA DA SERRA;Acessar a via sem observar a presenï¿½a dos outros veï¿½culos;Colisï¿½o lateral mesmo sentido;Sem Vï¿½timas;Pleno dia;Cï¿½u Claro;Dupla;Reta;Nï¿½o;0;0
2025-04-18;sexta-feira;16:00:00;BA;116;SANTA BARBARA;Ingestï¿½o de ï¿½lcool pelo condutor;Colisï¿½o transversal;Com Vï¿½timas Feridas;Pleno dia;Sol;Dupla;Reta;Sim;0;0
2025-04-18;sexta-feira;17:00:00;SC;101;ITAJAI;Reaï¿½ï¿½o tardia ou ineficiente do condutor;Colisï¿½o lateral mesmo sentido;Sem Vï¿½timas;Pleno dia;Cï¿½u Claro;Dupla;"Reta;Viaduto";Nï¿½o;0;0
2025-04-18;sexta-feira;16:30:00;RS;153;CACHOEIRA DO SUL;Ausï¿½ncia de reaï¿½ï¿½o do condutor;Colisï¿½o frontal;Com Vï¿½timas Feridas;Pleno dia;Cï¿½u Claro;Simples;Reta;Nï¿½o;0;0
2025-04-18;sexta-feira;15:20:00;SC;116;CAPAO ALTO;Reaï¿½ï¿½o tardia ou ineficiente do condutor;Saï¿½da de leito carroï¿½ï¿½vel;Com Vï¿½timas Feridas;Pleno dia;Cï¿½u Claro;Mï¿½ltipla;Curva;Nï¿½o;0;0
2025-04-18;sexta-feira;17:07:00;RO;364;ITAPUA DO OESTE;Ingestï¿½o de ï¿½lcool pelo condutor;Colisï¿½o traseira;Sem Vï¿½timas;Pleno dia;Chuva;Simples;Reta;Nï¿½o;0;0
2025-04-18;sexta-feira;19:00:00;MG;40;JUIZ DE FORA;Reaï¿½ï¿½o tardia ou ineficiente do condutor;Colisï¿½o lateral mesmo sentido;Com Vï¿½timas Feridas;Plena Noite;Cï¿½u Claro;Simples;Reta;Nï¿½o;0;0
2025-04-18;sexta-feira;17:00:00;PA;155;ELDORADO DO CARAJAS;Ingestï¿½o de substï¿½ncias psicoativas pelo condutor;Saï¿½da de leito carroï¿½ï¿½vel;Sem Vï¿½timas;Pleno dia;Cï¿½u Claro;Simples;Reta;Nï¿½o;0;0
2025-04-18;sexta-feira;12:55:00;BA;101;ITABELA;Reaï¿½ï¿½o tardia ou ineficiente do condutor;Tombamento;Com Vï¿½timas Fatais;Pleno dia;Cï¿½u Claro;Simples;Curva;Nï¿½o;1;1
2025-04-18;sexta-feira;13:00:00;CE;116;JAGUARIBE;Demais falhas mecï¿½nicas ou elï¿½tricas;Incï¿½ndio;Sem Vï¿½timas;Pleno dia;Cï¿½u Claro;Simples;Reta;Nï¿½o;0;0
2025-04-18;sexta-feira;19:20:00;MT;163;RONDONOPOLIS;Ingestï¿½o de ï¿½lcool pelo condutor;Saï¿½da de leito carroï¿½ï¿½vel;Com Vï¿½timas Feridas;Plena Noite;Nublado;Dupla;Reta;Nï¿½o;0;0
2025-04-18;sexta-feira;16:00:00;RS;287;SANTIAGO;Ingestï¿½o de ï¿½lcool pelo condutor;Saï¿½da de leito carroï¿½ï¿½vel;Com Vï¿½timas Feridas;Pleno dia;Cï¿½u Claro;Simples;Reta;Sim;0;0
2025-04-18;sexta-feira;22:50:00;ES;101;CARIACICA;Acessar a via sem observar a presenï¿½a dos outros veï¿½culos;Colisï¿½o transversal;Com Vï¿½timas Feridas;Plena Noite;Cï¿½u Claro;Simples;"Reta;Retorno Regulamentado";Sim;0;0
2025-04-18;sexta-feira;18:45:00;SC;282;BOM RETIRO;Transitar na contramï¿½o;Colisï¿½o frontal;Com Vï¿½timas Feridas;Plena Noite;Cï¿½u Claro;Simples;Curva;Nï¿½o;0;0
2025-04-18;sexta-feira;21:30:00;BA;116;CANUDOS;Condutor Dormindo;Capotamento;Com Vï¿½timas Feridas;Plena Noite;Cï¿½u Claro;Simples;"Reta;Em Obras";Nï¿½o;0;0
2025-04-18;sexta-feira;14:30:00;BA;110;NOVA SOURE;Reaï¿½ï¿½o tardia ou ineficiente do condutor;Colisï¿½o frontal;Com Vï¿½timas Fatais;Pleno dia;Cï¿½u Claro;Simples;"Reta;Aclive";Nï¿½o;1;1
2025-04-19;sï¿½bado;00:05:00;SP;116;JUQUITIBA;Pedestre andava na pista;Atropelamento de Pedestre;Com Vï¿½timas Fatais;Plena Noite;Nevoeiro/Neblina;Dupla;"Declive;Reta";Nï¿½o;1;1
2025-04-19;sï¿½bado;01:45:00;SP;116;LORENA;Condutor deixou de manter distï¿½ncia do veï¿½culo da frente;Colisï¿½o traseira;Sem Vï¿½timas;Plena Noite;Nublado;Dupla;Reta;Nï¿½o;0;0
2025-04-19;sï¿½bado;03:20:00;RJ;116;BARRA MANSA;Pedestre andava na pista;Atropelamento de Pedestre;Com Vï¿½timas Feridas;Plena Noite;Nublado;Dupla;Reta;Nï¿½o;0;0
2025-04-19;sï¿½bado;01:30:00;BA;116;JAGUAQUARA;Condutor Dormindo;Colisï¿½o lateral sentido oposto;Com Vï¿½timas Fatais;Plena Noite;Cï¿½u Claro;Simples;Reta;Nï¿½o;1;1
2025-04-19;sï¿½bado;06:25:00;RS;116;CANOAS;Manobra de mudanï¿½a de faixa;Colisï¿½o com objeto;Com Vï¿½timas Feridas;Amanhecer;Cï¿½u Claro;Mï¿½ltipla;Reta;Nï¿½o;0;0
2025-04-19;sï¿½bado;03:30:00;RJ;101;CAMPOS DOS GOYTACAZES;Reaï¿½ï¿½o tardia ou ineficiente do condutor;Colisï¿½o traseira;Com Vï¿½timas Feridas;Plena Noite;Chuva;Dupla;"Reta;Aclive";Nï¿½o;0;0
2025-04-19;sï¿½bado;06:20:00;MG;381;CARMO DA CACHOEIRA;Condutor Dormindo;Saï¿½da de leito carroï¿½ï¿½vel;Com Vï¿½timas Feridas;Amanhecer;Ignorado;Dupla;Reta;Nï¿½o;0;0
2025-04-19;sï¿½bado;04:30:00;MT;163;ITAUBA;Ingestï¿½o de ï¿½lcool pelo condutor;Colisï¿½o traseira;Sem Vï¿½timas;Amanhecer;Cï¿½u Claro;Simples;Reta;Nï¿½o;0;0
2025-04-15;terï¿½a-feira;15:30:00;PI;135;BERTOLINIA;Reaï¿½ï¿½o tardia ou ineficiente do condutor;Saï¿½da de leito carroï¿½ï¿½vel;Com Vï¿½timas Feridas;Pleno dia;Sol;Simples;Reta;Nï¿½o;0;0
2025-04-16;quarta-feira;18:00:00;RJ;116;RIO DE JANEIRO;Ultrapassagem Indevida;Colisï¿½o lateral mesmo sentido;Com Vï¿½timas Feridas;Plena Noite;Cï¿½u Claro;Dupla;Reta;Nï¿½o;0;0
2025-01-29;quarta-feira;16:15:00;PR;116;CAMPINA GRANDE DO SUL;Velocidade Incompatï¿½vel;Colisï¿½o traseira;Com Vï¿½timas Feridas;Pleno dia;Chuva;Dupla;Curva;Nï¿½o;0;0
2025-04-19;sï¿½bado;09:30:00;PA;316;SANTA LUZIA DO PARA;Transitar na contramï¿½o;Colisï¿½o transversal;Com Vï¿½timas Feridas;Pleno dia;Nublado;Simples;Reta;Nï¿½o;0;0
2025-04-16;quarta-feira;14:30:00;MG;365;JEQUITAI;Acumulo de ï¿½gua sobre o pavimento;Colisï¿½o frontal;Com Vï¿½timas Feridas;Pleno dia;Chuva;Simples;Reta;Nï¿½o;0;0
2025-04-19;sï¿½bado;10:15:00;MG;365;JEQUITAI;Condutor Dormindo;Saï¿½da de leito carroï¿½ï¿½vel;Com Vï¿½timas Feridas;Pleno dia;Chuva;Simples;Reta;Nï¿½o;0;0
2025-04-19;sï¿½bado;12:00:00;GO;20;SIMOLANDIA;Velocidade Incompatï¿½vel;Saï¿½da de leito carroï¿½ï¿½vel;Sem Vï¿½timas;Pleno dia;Cï¿½u Claro;Dupla;"Declive;Interseï¿½ï¿½o de Vias";Nï¿½o;0;0
2025-04-17;quinta-feira;05:03:00;PR;376;APUCARANA;Ausï¿½ncia de reaï¿½ï¿½o do condutor;Colisï¿½o com objeto;Sem Vï¿½timas;Plena Noite;Nublado;Dupla;"Declive;Curva";Nï¿½o;0;0
2025-04-17;quinta-feira;05:10:00;SP;116;MIRACATU;Avarias e/ou desgaste excessivo no pneu;Tombamento;Com Vï¿½timas Feridas;Amanhecer;Nublado;Dupla;Curva;Nï¿½o;0;0
2025-04-19;sï¿½bado;15:20:00;RS;116;PELOTAS;Acessar a via sem observar a presenï¿½a dos outros veï¿½culos;Colisï¿½o lateral mesmo sentido;Com Vï¿½timas Feridas;Pleno dia;Cï¿½u Claro;Dupla;"Reta;Viaduto";Nï¿½o;0;0
2025-04-19;sï¿½bado;15:25:00;SC;101;JOINVILLE;Velocidade Incompatï¿½vel;Colisï¿½o lateral mesmo sentido;Com Vï¿½timas Feridas;Pleno dia;Chuva;Dupla;Curva;Nï¿½o;0;0
2025-04-19;sï¿½bado;11:40:00;MG;251;SALINAS;Demais falhas mecï¿½nicas ou elï¿½tricas;Saï¿½da de leito carroï¿½ï¿½vel;Com Vï¿½timas Feridas;Pleno dia;Nublado;Simples;Reta;Nï¿½o;0;0
2025-04-19;sï¿½bado;18:00:00;SE;235;ITABAIANA;Conversï¿½o proibida;Colisï¿½o transversal;Com Vï¿½timas Feridas;Plena Noite;Cï¿½u Claro;Simples;"Reta;Interseï¿½ï¿½o de Vias";Sim;0;0
2025-04-19;sï¿½bado;18:40:00;AL;101;PILAR;Ingestï¿½o de ï¿½lcool pelo condutor;Colisï¿½o lateral mesmo sentido;Com Vï¿½timas Feridas;Plena Noite;Cï¿½u Claro;Simples;"Reta;Aclive";Nï¿½o;0;0
2025-04-19;sï¿½bado;19:50:00;MG;40;OURO PRETO;Ausï¿½ncia de reaï¿½ï¿½o do condutor;Saï¿½da de leito carroï¿½ï¿½vel;Com Vï¿½timas Feridas;Plena Noite;Chuva;Simples;"Reta;Aclive";Nï¿½o;0;0
2025-04-19;sï¿½bado;05:40:00;PR;376;IMBAU;Demais falhas mecï¿½nicas ou elï¿½tricas;Incï¿½ndio;Sem Vï¿½timas;Amanhecer;Ignorado;Dupla;"Reta;Aclive";Nï¿½o;0;0
2025-04-19;sï¿½bado;20:20:00;BA;101;MUCURI;Ingestï¿½o de ï¿½lcool pelo condutor;Colisï¿½o traseira;Com Vï¿½timas Feridas;Plena Noite;Nublado;Simples;Reta;Sim;0;0
2025-04-19;sï¿½bado;19:05:00;MG;40;SETE LAGOAS;Pista esburacada;Tombamento;Sem Vï¿½timas;Anoitecer;Nublado;Dupla;Curva;Nï¿½o;0;0
2025-04-19;sï¿½bado;20:30:00;PE;116;CABROBO;Ausï¿½ncia de reaï¿½ï¿½o do condutor;Saï¿½da de leito carroï¿½ï¿½vel;Com Vï¿½timas Feridas;Plena Noite;Cï¿½u Claro;Simples;Reta;Nï¿½o;0;0
2025-04-20;domingo;01:50:00;SC;470;RIO DO SUL;Acessar a via sem observar a presenï¿½a dos outros veï¿½culos;Colisï¿½o transversal;Com Vï¿½timas Fatais;Plena Noite;Nublado;Simples;"Reta;Declive";Sim;1;1
2025-04-20;domingo;05:15:00;PB;230;SAO MIGUEL DE TAIPU;Demais falhas mecï¿½nicas ou elï¿½tricas;Saï¿½da de leito carroï¿½ï¿½vel;Sem Vï¿½timas;Amanhecer;Chuva;Dupla;"Reta;Retorno Regulamentado";Nï¿½o;0;0
2025-04-20;domingo;03:50:00;CE;222;SOBRAL;Ingestï¿½o de ï¿½lcool pelo condutor;Colisï¿½o transversal;Com Vï¿½timas Feridas;Plena Noite;Nublado;Simples;Curva;Nï¿½o;0;0
2025-04-20;domingo;05:40:00;GO;153;PORANGATU;Ingestï¿½o de ï¿½lcool pelo condutor;Colisï¿½o lateral sentido oposto;Sem Vï¿½timas;Pleno dia;Cï¿½u Claro;Simples;Reta;Nï¿½o;0;0
2025-04-16;quarta-feira;23:30:00;SP;116;CAJATI;Reaï¿½ï¿½o tardia ou ineficiente do condutor;Incï¿½ndio;Sem Vï¿½timas;Plena Noite;Cï¿½u Claro;Simples;Reta;Nï¿½o;0;0
2025-04-16;quarta-feira;15:10:00;MG;262;MANHUACU;Condutor deixou de manter distï¿½ncia do veï¿½culo da frente;Colisï¿½o traseira;Com Vï¿½timas Feridas;Pleno dia;Chuva;Simples;"Reta;Declive";Nï¿½o;0;0
2025-04-20;domingo;02:40:00;MA;226;TIMON;Animais na Pista;Atropelamento de Animal;Com Vï¿½timas Feridas;Plena Noite;Cï¿½u Claro;Simples;Reta;Nï¿½o;0;0
2025-04-16;quarta-feira;23:50:00;PR;376;TIBAGI;Reaï¿½ï¿½o tardia ou ineficiente do condutor;Colisï¿½o traseira;Com Vï¿½timas Feridas;Plena Noite;Cï¿½u Claro;Dupla;Curva;Nï¿½o;0;0
2025-04-16;quarta-feira;12:29:00;MT;364;SANTO ANTONIO DO LEVERGER;Acumulo de ï¿½gua sobre o pavimento;Saï¿½da de leito carroï¿½ï¿½vel;Sem Vï¿½timas;Pleno dia;Chuva;Dupla;Reta;Nï¿½o;0;0
2025-04-16;quarta-feira;15:30:00;MG;262;LUZ;Velocidade Incompatï¿½vel;Colisï¿½o lateral sentido oposto;Com Vï¿½timas Feridas;Pleno dia;Chuva;Simples;"Declive;Curva";Nï¿½o;0;0
2025-04-16;quarta-feira;11:45:00;MG;381;ITATIAIUCU;Ausï¿½ncia de reaï¿½ï¿½o do condutor;Saï¿½da de leito carroï¿½ï¿½vel;Com Vï¿½timas Feridas;Pleno dia;Chuva;Dupla;"Reta;Declive";Nï¿½o;0;0
2025-04-10;quinta-feira;20:30:00;PA;163;ITAITUBA;Reaï¿½ï¿½o tardia ou ineficiente do condutor;Colisï¿½o frontal;Com Vï¿½timas Fatais;Plena Noite;Ignorado;Simples;Reta;Nï¿½o;1;1
2025-04-16;quarta-feira;17:45:00;SP;116;GUARULHOS;Trafegar com motocicleta (ou similar) entre as faixas;Colisï¿½o traseira;Com Vï¿½timas Feridas;Anoitecer;Nublado;Mï¿½ltipla;Reta;Sim;0;0
2025-04-16;quarta-feira;23:00:00;SC;101;BARRA VELHA;Acesso irregular;Colisï¿½o traseira;Com Vï¿½timas Feridas;Plena Noite;Cï¿½u Claro;Mï¿½ltipla;Reta;Nï¿½o;0;0
2025-04-16;quarta-feira;23:10:00;SP;116;JUQUITIBA;Entrada inopinada do pedestre;Atropelamento de Pedestre;Com Vï¿½timas Fatais;Plena Noite;Cï¿½u Claro;Dupla;Reta;Nï¿½o;1;1
2025-04-16;quarta-feira;19:00:00;RJ;116;MAGE;Reaï¿½ï¿½o tardia ou ineficiente do condutor;Colisï¿½o com objeto;Com Vï¿½timas Feridas;Plena Noite;Cï¿½u Claro;Mï¿½ltipla;Reta;Nï¿½o;0;0
2025-04-17;quinta-feira;23:00:00;RJ;116;GUAPIMIRIM;Demais falhas mecï¿½nicas ou elï¿½tricas;Saï¿½da de leito carroï¿½ï¿½vel;Com Vï¿½timas Feridas;Plena Noite;Cï¿½u Claro;Simples;"Curva;Declive";Nï¿½o;0;0