data_inversa;dia_semana;horario;uf;br;municipio;causa_acidente;tipo_acidente;classificacao_acidente;fase_dia;condicao_metereologica;tipo_pista;tracado_via;uso_solo;mortos;acidente_fatal
2025-04-22;terï¿½a-feira;13:40:00;MG;40;BARBACENA;Manobra de mudanï¿½a de faixa;Colisï¿½o lateral mesmo sentido;Com Vï¿½timas Feridas;Pleno dia;Nublado;Simples;Reta;Nï¿½o;0;0
2025-04-22;terï¿½a-feira;11:00:00;RS;153;NOVO CABRAIS;Ultrapassagem Indevida;Colisï¿½o lateral sentido oposto;Com Vï¿½timas Feridas;Pleno dia;Sol;Simples;Reta;Nï¿½o;0;0
2025-04-22;terï¿½a-feira;16:00:00;SP;116;REGISTRO;Demais falhas mecï¿½nicas ou elï¿½tricas;Incï¿½ndio;Sem Vï¿½timas;Pleno dia;Cï¿½u Claro;Simples;Reta;Nï¿½o;0;0
2025-04-22;terï¿½a-feira;15:30:00;SE;101;UMBAUBA;Mal sï¿½bito do condutor;Colisï¿½o frontal;Com Vï¿½timas Feridas;Pleno dia;Cï¿½u Claro;Simples;Reta;Sim;0;0
2025-04-22;terï¿½a-feira;13:55:00;RO;319;PORTO VELHO;Ausï¿½ncia de reaï¿½ï¿½o do condutor;Colisï¿½o traseira;Sem Vï¿½timas;Pleno dia;Cï¿½u Claro;Mï¿½ltipla;Reta;Sim;0;0
2025-04-22;terï¿½a-feira;16:00:00;CE;116;FORTALEZA;Condutor deixou de manter distï¿½ncia do veï¿½culo da frente;Colisï¿½o traseira;Com Vï¿½timas Fatais;Pleno dia;Nublado;Dupla;Reta;Sim;1;1
2025-04-22;terï¿½a-feira;16:19:00;SC;280;GUARAMIRIM;Transitar na contramï¿½o;Colisï¿½o frontal;Com Vï¿½timas Feridas;Pleno dia;Cï¿½u Claro;Simples;Reta;Nï¿½o;0;0
2025-02-21;sexta-feira;16:45:00;PR;376;MARINGA;Reaï¿½ï¿½o tardia ou ineficiente do condutor;Colisï¿½o transversal;Com Vï¿½timas Feridas;Pleno dia;Nublado;Dupla;"Em Obras;Reta";Sim;0;0
2025-04-22;terï¿½a-feira;17:25:00;GO;60;GOIANAPOLIS;Acessar a via sem observar a presenï¿½a dos outros veï¿½culos;Colisï¿½o lateral mesmo sentido;Com Vï¿½timas Feridas;Anoitecer;Cï¿½u Claro;Dupla;"Reta;Aclive";Sim;0;0
2025-04-22;terï¿½a-feira;17:15:00;PR;376;TIBAGI;Reaï¿½ï¿½o tardia ou ineficiente do condutor;Tombamento;Com Vï¿½timas Fatais;Pleno dia;Cï¿½u Claro;Dupla;"Ponte;Curva;Declive";Nï¿½o;1;1
2025-04-22;terï¿½a-feira;16:50:00;MS;163;BANDEIRANTES;Condutor Dormindo;Saï¿½da de leito carroï¿½ï¿½vel;Com Vï¿½timas Feridas;Pleno dia;Cï¿½u Claro;Simples;"Reta;Declive";Nï¿½o;0;0
2025-04-22;terï¿½a-feira;14:40:00;PI;343;BURITI DOS LOPES;Carga excessiva e/ou mal acondicionada;Tombamento;Sem Vï¿½timas;Pleno dia;Cï¿½u Claro;Simples;Reta;Nï¿½o;0;0
2025-04-22;terï¿½a-feira;16:00:00;PR;280;MARMELEIRO;Suicï¿½dio (presumido);Colisï¿½o frontal;Com Vï¿½timas Fatais;Pleno dia;Cï¿½u Claro;Simples;Reta;Nï¿½o;1;1
2025-04-22;terï¿½a-feira;16:55:00;GO;452;RIO VERDE;Demais falhas mecï¿½nicas ou elï¿½tricas;Incï¿½ndio;Sem Vï¿½timas;Pleno dia;Cï¿½u Claro;Simples;Interseï¿½ï¿½o de Vias;Nï¿½o;0;0
2025-04-22;terï¿½a-feira;19:05:00;PR;163;CAPANEMA;Velocidade Incompatï¿½vel;Tombamento;Com Vï¿½timas Fatais;Anoitecer;Cï¿½u Claro;Simples;Curva;Nï¿½o;1;1
2025-04-10;quinta-feira;19:45:00;BA;324;CONCEICAO DO JACUIPE;Ausï¿½ncia de reaï¿½ï¿½o do condutor;Colisï¿½o traseira;Com Vï¿½timas Feridas;Plena Noite;Cï¿½u Claro;Dupla;"Reta;Declive";Nï¿½o;0;0
2025-04-22;terï¿½a-feira;18:35:00;PR;376;TIBAGI;Reaï¿½ï¿½o tardia ou ineficiente do condutor;Tombamento;Sem Vï¿½timas;Anoitecer;Cï¿½u Claro;Dupla;"Curva;Declive";Nï¿½o;0;0
2025-04-22;terï¿½a-feira;21:50:00;RS;392;RIO GRANDE;Condutor Dormindo;Colisï¿½o traseira;Com Vï¿½timas Feridas;Plena Noite;Cï¿½u Claro;Dupla;"Reta;Retorno Regulamentado";Nï¿½o;0;0
2025-04-22;terï¿½a-feira;21:00:00;PB;101;JOAO PESSOA;Manobra de mudanï¿½a de faixa;Colisï¿½o lateral mesmo sentido;Sem Vï¿½timas;Plena Noite;Cï¿½u Claro;Dupla;"Reta;Aclive";Sim;0;0
2025-04-22;terï¿½a-feira;19:55:00;PR;277;PORTO AMAZONAS;Transitar na contramï¿½o;Colisï¿½o frontal;Com Vï¿½timas Fatais;Plena Noite;Cï¿½u Claro;Simples;"Reta;Declive";Nï¿½o;1;1
2025-04-22;terï¿½a-feira;23:30:00;SC;116;SANTA CECILIA;Velocidade Incompatï¿½vel;Saï¿½da de leito carroï¿½ï¿½vel;Com Vï¿½timas Feridas;Plena Noite;Cï¿½u Claro;Simples;Curva;Nï¿½o;0;0
2025-04-23;quarta-feira;01:45:00;RS;386;SOLEDADE;Condutor Dormindo;Colisï¿½o traseira;Com Vï¿½timas Fatais;Plena Noite;Cï¿½u Claro;Simples;"Em Obras;Curva";Nï¿½o;1;1
2025-04-23;quarta-feira;01:50:00;MG;381;CAMPANHA;Reaï¿½ï¿½o tardia ou ineficiente do condutor;Colisï¿½o lateral mesmo sentido;Com Vï¿½timas Feridas;Plena Noite;Cï¿½u Claro;Dupla;Reta;Nï¿½o;0;0
2025-04-22;terï¿½a-feira;09:00:00;SC;470;RODEIO;Velocidade Incompatï¿½vel;Colisï¿½o lateral sentido oposto;Sem Vï¿½timas;Pleno dia;Cï¿½u Claro;Simples;"Ponte;Curva";Nï¿½o;0;0
2025-04-23;quarta-feira;04:50:00;PR;376;TIJUCAS DO SUL;Ingestï¿½o de ï¿½lcool pelo condutor;Colisï¿½o traseira;Sem Vï¿½timas;Plena Noite;Cï¿½u Claro;Dupla;Reta;Nï¿½o;0;0
2025-04-23;quarta-feira;05:44:00;MG;381;NOVA ERA;Condutor Dormindo;Colisï¿½o lateral sentido oposto;Com Vï¿½timas Feridas;Pleno dia;Chuva;Simples;Reta;Nï¿½o;0;0
2025-04-23;quarta-feira;06:50:00;BA;101;ESPLANADA;Transitar na contramï¿½o;Colisï¿½o frontal;Com Vï¿½timas Feridas;Pleno dia;Cï¿½u Claro;Simples;Curva;Nï¿½o;0;0
2025-04-23;quarta-feira;06:30:00;BA;242;BARREIRAS;Demais falhas mecï¿½nicas ou elï¿½tricas;Tombamento;Sem Vï¿½timas;Amanhecer;Cï¿½u Claro;Simples;Reta;Nï¿½o;0;0
2025-04-23;quarta-feira;08:30:00;CE;222;CAUCAIA;Demais falhas mecï¿½nicas ou elï¿½tricas;Colisï¿½o traseira;Sem Vï¿½timas;Pleno dia;Nublado;Dupla;"Retorno Regulamentado;Reta";Sim;0;0
2025-04-23;quarta-feira;05:00:00;MG;116;MIRADOURO;Condutor Dormindo;Colisï¿½o lateral sentido oposto;Com Vï¿½timas Feridas;Plena Noite;Nublado;Simples;Reta;Nï¿½o;0;0
2025-04-23;quarta-feira;09:10:00;AL;104;UNIAO DOS PALMARES;Reaï¿½ï¿½o tardia ou ineficiente do condutor;Colisï¿½o traseira;Com Vï¿½timas Feridas;Pleno dia;Cï¿½u Claro;Simples;Reta;Sim;0;0
2025-04-23;quarta-feira;06:00:00;BA;101;UBAITABA;Pista Escorregadia;Colisï¿½o traseira;Com Vï¿½timas Feridas;Pleno dia;Chuva;Simples;Reta;Sim;0;0
2025-04-23;quarta-feira;09:00:00;BA;110;PAULO AFONSO;Ultrapassagem Indevida;Colisï¿½o frontal;Com Vï¿½timas Fatais;Pleno dia;Cï¿½u Claro;Simples;Curva;Nï¿½o;1;1
2025-04-23;quarta-feira;10:30:00;PE;101;RECIFE;Acessar a via sem observar a presenï¿½a dos outros veï¿½culos;Colisï¿½o transversal;Sem Vï¿½timas;Pleno dia;Cï¿½u Claro;Mï¿½ltipla;Reta;Sim;0;0
2025-04-23;quarta-feira;06:30:00;PA;163;NOVO PROGRESSO;Reaï¿½ï¿½o tardia ou ineficiente do condutor;Saï¿½da de leito carroï¿½ï¿½vel;Com Vï¿½timas Feridas;Pleno dia;Cï¿½u Claro;Simples;Reta;Nï¿½o;0;0
2025-04-23;quarta-feira;11:55:00;PB;101;MAMANGUAPE;Acessar a via sem observar a presenï¿½a dos outros veï¿½culos;Colisï¿½o traseira;Com Vï¿½timas Feridas;Pleno dia;Cï¿½u Claro;Dupla;Declive;Sim;0;0
2025-04-23;quarta-feira;12:15:00;PR;277;IRATI;Mal sï¿½bito do condutor;Colisï¿½o lateral sentido oposto;Com Vï¿½timas Feridas;Pleno dia;Nublado;Simples;Reta;Nï¿½o;0;0
2025-04-23;quarta-feira;11:55:00;MG;381;CAMPANHA;Avarias e/ou desgaste excessivo no pneu;Incï¿½ndio;Sem Vï¿½timas;Pleno dia;Nublado;Dupla;"Reta;Aclive";Nï¿½o;0;0
2025-04-23;quarta-feira;08:10:00;MA;222;VITORIA DO MEARIM;Transitar na contramï¿½o;Colisï¿½o frontal;Com Vï¿½timas Fatais;Pleno dia;Cï¿½u Claro;Simples;Reta;Nï¿½o;2;1
2025-04-23;quarta-feira;07:00:00;SC;153;CONCORDIA;Ultrapassagem Indevida;Colisï¿½o frontal;Com Vï¿½timas Fatais;Pleno dia;Cï¿½u Claro;Simples;"Curva;Aclive";Nï¿½o;1;1
2025-04-23;quarta-feira;13:50:00;RS;158;JULIO DE CASTILHOS;Ausï¿½ncia de reaï¿½ï¿½o do condutor;Colisï¿½o traseira;Com Vï¿½timas Feridas;Pleno dia;Cï¿½u Claro;Simples;"Reta;Em Obras;Aclive";Nï¿½o;0;0
2025-04-23;quarta-feira;13:40:00;BA;324;SIMOES FILHO;Carga excessiva e/ou mal acondicionada;Tombamento;Com Vï¿½timas Feridas;Pleno dia;Cï¿½u Claro;Dupla;"Curva;Viaduto";Sim;0;0
2025-04-23;quarta-feira;14:35:00;GO;60;ANAPOLIS;Demais falhas na via;Engavetamento;Com Vï¿½timas Feridas;Pleno dia;Chuva;Dupla;Reta;Sim;0;0
2025-04-23;quarta-feira;13:40:00;CE;116;ICO;Condutor Dormindo;Saï¿½da de leito carroï¿½ï¿½vel;Com Vï¿½timas Feridas;Pleno dia;Cï¿½u Claro;Simples;"Reta;Ponte";Sim;0;0
2025-04-23;quarta-feira;14:20:00;MS;262;TERENOS;Entrada inopinada do pedestre;Atropelamento de Pedestre;Com Vï¿½timas Fatais;Pleno dia;Cï¿½u Claro;Simples;Reta;Nï¿½o;1;1
2025-04-23;quarta-feira;14:50:00;PR;369;CAMBE;Condutor deixou de manter distï¿½ncia do veï¿½culo da frente;Colisï¿½o traseira;Com Vï¿½timas Fatais;Pleno dia;Sol;Dupla;"Reta;Aclive";Sim;1;1
2025-04-23;quarta-feira;12:12:00;MT;70;VARZEA GRANDE;Acessar a via sem observar a presenï¿½a dos outros veï¿½culos;Colisï¿½o transversal;Com Vï¿½timas Feridas;Pleno dia;Cï¿½u Claro;Simples;"Interseï¿½ï¿½o de Vias;Rotatï¿½ria";Sim;0;0
2025-04-23;quarta-feira;14:15:00;PR;476;SAO MATEUS DO SUL;Ausï¿½ncia de sinalizaï¿½ï¿½o;Colisï¿½o traseira;Com Vï¿½timas Feridas;Pleno dia;Cï¿½u Claro;Simples;"Declive;Reta";Nï¿½o;0;0
2025-04-23;quarta-feira;12:20:00;MA;135;SANTA RITA;Reaï¿½ï¿½o tardia ou ineficiente do condutor;Saï¿½da de leito carroï¿½ï¿½vel;Sem Vï¿½timas;Pleno dia;Chuva;Dupla;Reta;Nï¿½o;0;0
2025-04-23;quarta-feira;13:45:00;MG;356;MURIAE;Condutor Dormindo;Colisï¿½o lateral sentido oposto;Com Vï¿½timas Feridas;Pleno dia;Nublado;Simples;"Curva;Declive";Nï¿½o;0;0
2025-04-23;quarta-feira;17:07:00;CE;116;EUSEBIO;Acessar a via sem observar a presenï¿½a dos outros veï¿½culos;Colisï¿½o lateral mesmo sentido;Sem Vï¿½timas;Anoitecer;Cï¿½u Claro;Dupla;Reta;Nï¿½o;0;0
2025-04-23;quarta-feira;17:36:00;MG;251;MONTES CLAROS;Suicï¿½dio (presumido);Colisï¿½o frontal;Com Vï¿½timas Fatais;Pleno dia;Cï¿½u Claro;Simples;"Reta;Declive";Nï¿½o;1;1
2025-04-23;quarta-feira;18:10:00;ES;101;MIMOSO DO SUL;Ausï¿½ncia de reaï¿½ï¿½o do condutor;Colisï¿½o lateral sentido oposto;Com Vï¿½timas Feridas;Plena Noite;Cï¿½u Claro;Simples;Curva;Nï¿½o;0;0
2025-04-23;quarta-feira;19:45:00;TO;153;FIGUEIROPOLIS;Reaï¿½ï¿½o tardia ou ineficiente do condutor;Colisï¿½o transversal;Com Vï¿½timas Feridas;Plena Noite;Nublado;Simples;Reta;Nï¿½o;0;0
2025-04-23;quarta-feira;16:10:00;SP;153;PROMISSAO;Acessar a via sem observar a presenï¿½a dos outros veï¿½culos;Tombamento;Sem Vï¿½timas;Pleno dia;Cï¿½u Claro;Simples;Reta;Nï¿½o;0;0
2025-04-23;quarta-feira;18:30:00;BA;349;SERRA DO RAMALHO;Manobra de mudanï¿½a de faixa;Colisï¿½o frontal;Com Vï¿½timas Fatais;Plena Noite;Cï¿½u Claro;Simples;Reta;Nï¿½o;2;1
2025-04-23;quarta-feira;20:00:00;MT;158;AGUA BOA;Ausï¿½ncia de reaï¿½ï¿½o do condutor;Tombamento;Com Vï¿½timas Feridas;Plena Noite;Cï¿½u Claro;Simples;Reta;Nï¿½o;0;0
2025-04-24;quinta-feira;00:45:00;MG;116;MURIAE;Condutor Dormindo;Colisï¿½o lateral sentido oposto;Sem Vï¿½timas;Plena Noite;Cï¿½u Claro;Simples;Curva;Sim;0;0
2025-04-24;quinta-feira;01:30:00;CE;116;CASCAVEL;Transitar na contramï¿½o;Colisï¿½o frontal;Com Vï¿½timas Feridas;Plena Noite;Cï¿½u Claro;Simples;Reta;Nï¿½o;0;0
2025-04-24;quinta-feira;01:48:00;MG;251;GRAO MOGOL;Velocidade Incompatï¿½vel;Tombamento;Com Vï¿½timas Feridas;Plena Noite;Nublado;Simples;"Curva;Declive";Nï¿½o;0;0
2025-04-24;quinta-feira;04:00:00;SP;101;UBATUBA;Entrada inopinada do pedestre;Atropelamento de Pedestre;Com Vï¿½timas Feridas;Plena Noite;Cï¿½u Claro;Simples;Reta;Sim;0;0
2025-04-24;quinta-feira;05:10:00;TO;10;PALMAS;Estacionar ou parar em local proibido;Colisï¿½o traseira;Com Vï¿½timas Feridas;Plena Noite;Cï¿½u Claro;Mï¿½ltipla;Reta;Sim;0;0
2025-04-24;quinta-feira;05:30:00;SC;101;ICARA;Condutor Dormindo;Saï¿½da de leito carroï¿½ï¿½vel;Com Vï¿½timas Feridas;Amanhecer;Cï¿½u Claro;Dupla;Curva;Nï¿½o;0;0
2025-04-24;quinta-feira;06:00:00;BA;324;SALVADOR;Condutor deixou de manter distï¿½ncia do veï¿½culo da frente;Colisï¿½o traseira;Com Vï¿½timas Feridas;Amanhecer;Garoa/Chuvisco;Dupla;Reta;Nï¿½o;0;0
2025-04-08;terï¿½a-feira;20:23:00;PR;277;CEU AZUL;Demais falhas mecï¿½nicas ou elï¿½tricas;Engavetamento;Com Vï¿½timas Feridas;Plena Noite;Garoa/Chuvisco;Simples;"Aclive;Reta";Nï¿½o;0;0
2025-04-24;quinta-feira;06:30:00;BA;101;CACHOEIRA;Chuva;Colisï¿½o lateral sentido oposto;Com Vï¿½timas Feridas;Pleno dia;Chuva;Simples;"Curva;Declive";Nï¿½o;0;0
2025-04-23;quarta-feira;21:30:00;BA;101;IBIRAPITANGA;Condutor Dormindo;Colisï¿½o lateral sentido oposto;Sem Vï¿½timas;Plena Noite;Chuva;Simples;Curva;Nï¿½o;0;0
2025-04-24;quinta-feira;06:50:00;SP;116;REGISTRO;Acessar a via sem observar a presenï¿½a dos outros veï¿½culos;Colisï¿½o transversal;Com Vï¿½timas Feridas;Pleno dia;Cï¿½u Claro;Dupla;Reta;Nï¿½o;0;0
2025-04-24;quinta-feira;07:40:00;ES;101;CARIACICA;Trafegar com motocicleta (ou similar) entre as faixas;Colisï¿½o transversal;Com Vï¿½timas Fatais;Pleno dia;Sol;Dupla;"Retorno Regulamentado;Reta";Sim;1;1
2025-04-24;quinta-feira;08:00:00;ES;101;VIANA;Condutor deixou de manter distï¿½ncia do veï¿½culo da frente;Colisï¿½o lateral mesmo sentido;Com Vï¿½timas Feridas;Pleno dia;Cï¿½u Claro;Dupla;Reta;Sim;0;0
2025-04-24;quinta-feira;07:15:00;SC;282;JOACABA;Ultrapassagem Indevida;Colisï¿½o frontal;Com Vï¿½timas Feridas;Pleno dia;Cï¿½u Claro;Simples;"Reta;Declive";Nï¿½o;0;0
2025-04-24;quinta-feira;08:25:00;PI;316;TERESINA;Manobra de mudanï¿½a de faixa;Colisï¿½o lateral mesmo sentido;Com Vï¿½timas Feridas;Pleno dia;Sol;Mï¿½ltipla;Reta;Sim;0;0
2025-04-24;quinta-feira;08:40:00;SC;470;BLUMENAU;Trafegar com motocicleta (ou similar) entre as faixas;Colisï¿½o transversal;Com Vï¿½timas Feridas;Pleno dia;Nublado;Simples;"Reta;Em Obras";Sim;0;0
2025-04-24;quinta-feira;09:30:00;SC;101;GARUVA;Velocidade Incompatï¿½vel;Incï¿½ndio;Sem Vï¿½timas;Pleno dia;Nublado;Dupla;Reta;Nï¿½o;0;0
2025-04-22;terï¿½a-feira;02:00:00;AC;364;RIO BRANCO;Reaï¿½ï¿½o tardia ou ineficiente do condutor;Saï¿½da de leito carroï¿½ï¿½vel;Com Vï¿½timas Feridas;Plena Noite;Nublado;Simples;Reta;Nï¿½o;0;0
2025-04-24;quinta-feira;09:00:00;PR;277;GUARAPUAVA;Acumulo de ï¿½gua sobre o pavimento;Colisï¿½o frontal;Com Vï¿½timas Feridas;Pleno dia;Chuva;Simples;Curva;Nï¿½o;0;0
2025-04-24;quinta-feira;09:00:00;RJ;116;SAO JOAO DE MERITI;Acessar a via sem observar a presenï¿½a dos outros veï¿½culos;Colisï¿½o lateral mesmo sentido;Com Vï¿½timas Feridas;Pleno dia;Cï¿½u Claro;Mï¿½ltipla;Reta;Sim;0;0
2025-04-24;quinta-feira;10:45:00;ES;101;CARIACICA;Condutor deixou de manter distï¿½ncia do veï¿½culo da frente;Colisï¿½o traseira;Com Vï¿½timas Feridas;Pleno dia;Cï¿½u Claro;Dupla;"Declive;Reta";Nï¿½o;0;0
2025-04-24;quinta-feira;10:30:00;MG;381;CARMOPOLIS DE MINAS;Condutor usando celular;Saï¿½da de leito carroï¿½ï¿½vel;Com Vï¿½timas Feridas;Pleno dia;Nublado;Dupla;"Reta;Declive";Nï¿½o;0;0
2025-04-24;quinta-feira;11:30:00;RJ;116;SAO JOAO DE MERITI;Ausï¿½ncia de reaï¿½ï¿½o do condutor;Colisï¿½o traseira;Com Vï¿½timas Feridas;Pleno dia;Cï¿½u Claro;Dupla;Reta;Sim;0;0
2025-04-24;quinta-feira;10:53:00;RO;364;PORTO VELHO;Manobra de mudanï¿½a de faixa;Colisï¿½o lateral mesmo sentido;Sem Vï¿½timas;Pleno dia;Sol;Dupla;Reta;Nï¿½o;0;0
2025-04-24;quinta-feira;12:24:00;MG;354;CAXAMBU;Velocidade Incompatï¿½vel;Tombamento;Com Vï¿½timas Feridas;Pleno dia;Cï¿½u Claro;Simples;Curva;Nï¿½o;0;0
2025-04-24;quinta-feira;10:05:00;RJ;116;BARRA MANSA;Desvio temporï¿½rio;Atropelamento de Pedestre;Com Vï¿½timas Fatais;Pleno dia;Cï¿½u Claro;Dupla;"Reta;Em Obras;Aclive";Nï¿½o;1;1
2025-04-24;quinta-feira;13:00:00;RJ;116;GUAPIMIRIM;Demais falhas mecï¿½nicas ou elï¿½tricas;Incï¿½ndio;Sem Vï¿½timas;Pleno dia;Cï¿½u Claro;Dupla;Reta;Nï¿½o;0;0
2025-04-24;quinta-feira;13:08:00;PB;101;JOAO PESSOA;Reaï¿½ï¿½o tardia ou ineficiente do condutor;Engavetamento;Com Vï¿½timas Feridas;Pleno dia;Sol;Dupla;Reta;Sim;0;0
2025-04-24;quinta-feira;12:05:00;SC;116;PAPANDUVA;Condutor deixou de manter distï¿½ncia do veï¿½culo da frente;Colisï¿½o traseira;Com Vï¿½timas Feridas;Pleno dia;Garoa/Chuvisco;Simples;Rotatï¿½ria;Sim;0;0
2025-04-16;quarta-feira;06:50:00;PB;230;CAMPINA GRANDE;Ultrapassagem Indevida;Colisï¿½o lateral mesmo sentido;Com Vï¿½timas Feridas;Pleno dia;Cï¿½u Claro;Dupla;Reta;Nï¿½o;0;0
2025-04-24;quinta-feira;15:20:00;MG;381;CONTAGEM;Manobra de mudanï¿½a de faixa;Colisï¿½o lateral mesmo sentido;Com Vï¿½timas Feridas;Pleno dia;Cï¿½u Claro;Mï¿½ltipla;Reta;Sim;0;0
2025-04-05;sï¿½bado;01:00:00;BA;324;AMELIA RODRIGUES;Ausï¿½ncia de reaï¿½ï¿½o do condutor;Colisï¿½o traseira;Com Vï¿½timas Feridas;Plena Noite;Cï¿½u Claro;Dupla;Reta;Nï¿½o;0;0
2025-03-13;quinta-feira;22:00:00;SC;101;SAO JOSE;Ausï¿½ncia de reaï¿½ï¿½o do condutor;Colisï¿½o traseira;Com Vï¿½timas Feridas;Pleno dia;Cï¿½u Claro;Mï¿½ltipla;Reta;Sim;0;0
2025-04-24;quinta-feira;12:40:00;BA;116;AMARGOSA;Reaï¿½ï¿½o tardia ou ineficiente do condutor;Saï¿½da de leito carroï¿½ï¿½vel;Com Vï¿½timas Feridas;Pleno dia;Nublado;Simples;Curva;Nï¿½o;0;0
2025-04-24;quinta-feira;16:25:00;MG;381;CAETE;Ausï¿½ncia de reaï¿½ï¿½o do condutor;Colisï¿½o traseira;Com Vï¿½timas Feridas;Pleno dia;Cï¿½u Claro;Dupla;"Reta;Aclive";Sim;0;0
2025-04-24;quinta-feira;16:15:00;MG;40;CAETANOPOLIS;Acessar a via sem observar a presenï¿½a dos outros veï¿½culos;Colisï¿½o transversal;Com Vï¿½timas Feridas;Pleno dia;Cï¿½u Claro;Dupla;"Retorno Regulamentado;Aclive;Reta";Nï¿½o;0;0
2025-04-24;quinta-feira;16:10:00;RS;290;ELDORADO DO SUL;Manobra de mudanï¿½a de faixa;Colisï¿½o frontal;Com Vï¿½timas Feridas;Pleno dia;Cï¿½u Claro;Simples;Reta;Sim;0;0
2025-04-24;quinta-feira;10:30:00;BA;242;LUIS EDUARDO MAGALHAES;Manobra de mudanï¿½a de faixa;Colisï¿½o frontal;Com Vï¿½timas Fatais;Pleno dia;Cï¿½u Claro;Simples;Reta;Nï¿½o;1;1
2025-04-24;quinta-feira;16:45:00;PR;369;LONDRINA;Conversï¿½o proibida;Colisï¿½o traseira;Sem Vï¿½timas;Pleno dia;Chuva;Dupla;Reta;Sim;0;0
2025-04-24;quinta-feira;17:00:00;SC;101;GARUVA;Condutor deixou de manter distï¿½ncia do veï¿½culo da frente;Colisï¿½o traseira;Com Vï¿½timas Feridas;Anoitecer;Garoa/Chuvisco;Dupla;Aclive;Nï¿½o;0;0
2025-04-24;quinta-feira;15:30:00;MT;364;JANGADA;Manobra de mudanï¿½a de faixa;Colisï¿½o lateral sentido oposto;Com Vï¿½timas Feridas;Pleno dia;Cï¿½u Claro;Simples;Curva;Nï¿½o;0;0
2025-04-24;quinta-feira;13:49:00;PA;163;TRAIRAO;Reaï¿½ï¿½o tardia ou ineficiente do condutor;Tombamento;Com Vï¿½timas Feridas;Pleno dia;Cï¿½u Claro;Simples;"Aclive;Curva";Nï¿½o;0;0
2025-04-24;quinta-feira;18:35:00;MG;262;BETIM;Ausï¿½ncia de reaï¿½ï¿½o do condutor;Tombamento;Com Vï¿½timas Feridas;Plena Noite;Cï¿½u Claro;Dupla;Reta;Nï¿½o;0;0
2025-04-24;quinta-feira;19:00:00;MG;381;RIBEIRAO VERMELHO;Condutor deixou de manter distï¿½ncia do veï¿½culo da frente;Colisï¿½o traseira;Com Vï¿½timas Feridas;Plena Noite;Nublado;Dupla;"Aclive;Curva";Nï¿½o;0;0
2025-04-24;quinta-feira;18:30:00;MG;40;CARANDAI;Ausï¿½ncia de reaï¿½ï¿½o do condutor;Colisï¿½o traseira;Sem Vï¿½timas;Plena Noite;Nublado;Simples;"Reta;Declive";Nï¿½o;0;0
2025-04-24;quinta-feira;18:15:00;PE;101;JABOATAO DOS GUARARAPES;Trafegar com motocicleta (ou similar) entre as faixas;Colisï¿½o lateral mesmo sentido;Com Vï¿½timas Feridas;Plena Noite;Chuva;Dupla;Reta;Nï¿½o;0;0
2025-04-24;quinta-feira;19:30:00;SP;116;TAUBATE;Frear bruscamente;Colisï¿½o traseira;Com Vï¿½timas Feridas;Plena Noite;Chuva;Dupla;"Reta;Interseï¿½ï¿½o de Vias";Nï¿½o;0;0
2025-04-13;domingo;12:45:00;MT;70;PRIMAVERA DO LESTE;Conversï¿½o proibida;Colisï¿½o traseira;Sem Vï¿½timas;Pleno dia;Cï¿½u Claro;Simples;"Aclive;Reta";Sim;0;0
2025-04-24;quinta-feira;18:30:00;SP;381;ATIBAIA;Ausï¿½ncia de reaï¿½ï¿½o do condutor;Colisï¿½o com objeto;Com Vï¿½timas Feridas;Plena Noite;Garoa/Chuvisco;Dupla;"Reta;Declive";Nï¿½o;0;0
2025-04-24;quinta-feira;20:00:00;MT;364;RONDONOPOLIS;Manobra de mudanï¿½a de faixa;Colisï¿½o lateral mesmo sentido;Com Vï¿½timas Feridas;Plena Noite;Cï¿½u Claro;Dupla;Reta;Sim;0;0
2025-04-24;quinta-feira;15:35:00;PR;376;TIBAGI;Ausï¿½ncia de reaï¿½ï¿½o do condutor;Colisï¿½o lateral mesmo sentido;Sem Vï¿½timas;Pleno dia;Chuva;Dupla;Curva;Nï¿½o;0;0
2025-04-24;quinta-feira;15:05:00;PR;376;ORTIGUEIRA;Velocidade Incompatï¿½vel;Tombamento;Sem Vï¿½timas;Pleno dia;Chuva;Simples;"Curva;Declive";Nï¿½o;0;0
2025-04-24;quinta-feira;20:55:00;BA;101;MUCURI;Ingestï¿½o de ï¿½lcool pelo condutor;Colisï¿½o frontal;Com Vï¿½timas Feridas;Plena Noite;Cï¿½u Claro;Simples;Reta;Nï¿½o;0;0
2025-04-24;quinta-feira;22:40:00;ES;101;SERRA;Demais falhas mecï¿½nicas ou elï¿½tricas;Incï¿½ndio;Sem Vï¿½timas;Plena Noite;Cï¿½u Claro;Dupla;Reta;Nï¿½o;0;0
2025-04-24;quinta-feira;21:02:00;RS;470;NOVA PRATA;Acessar a via sem observar a presenï¿½a dos outros veï¿½culos;Tombamento;Com Vï¿½timas Feridas;Plena Noite;Cï¿½u Claro;Simples;"Reta;Interseï¿½ï¿½o de Vias";Sim;0;0
2025-04-24;quinta-feira;17:40:00;MG;116;SANTA BARBARA DO LESTE;Acessar a via sem observar a presenï¿½a dos outros veï¿½culos;Colisï¿½o lateral mesmo sentido;Com Vï¿½timas Feridas;Anoitecer;Nublado;Simples;Curva;Nï¿½o;0;0
2025-04-24;quinta-feira;18:27:00;MT;163;CLAUDIA;Ultrapassagem Indevida;Capotamento;Com Vï¿½timas Feridas;Plena Noite;Cï¿½u Claro;Simples;Reta;Nï¿½o;0;0