data_inversa;dia_semana;horario;uf;br;municipio;causa_acidente;tipo_acidente;classificacao_acidente;fase_dia;condicao_metereologica;tipo_pista;tracado_via;uso_solo;mortos;acidente_fatal
2025-04-24;quinta-feira;20:30:00;MG;116;MURIAE;Suicï¿½dio (presumido);Colisï¿½o frontal;Com Vï¿½timas Fatais;Plena Noite;Cï¿½u Claro;Simples;"Reta;Declive";Nï¿½o;1;1
2025-04-24;quinta-feira;23:20:00;MG;365;VARJAO DE MINAS;Demais falhas mecï¿½nicas ou elï¿½tricas;Incï¿½ndio;Sem Vï¿½timas;Plena Noite;Cï¿½u Claro;Simples;Reta;Nï¿½o;0;0
2025-04-24;quinta-feira;20:00:00;RO;364;PORTO VELHO;Chuva;Saï¿½da de leito carroï¿½ï¿½vel;Com Vï¿½timas Feridas;Plena Noite;Chuva;Simples;"Declive;Reta";Nï¿½o;0;0
2025-04-24;quinta-feira;22:20:00;MA;135;SAO LUIS;Acumulo de ï¿½gua sobre o pavimento;Colisï¿½o traseira;Com Vï¿½timas Feridas;Plena Noite;Garoa/Chuvisco;Dupla;Curva;Sim;0;0
2025-04-25;sexta-feira;01:10:00;PA;10;DOM ELISEU;Demais falhas mecï¿½nicas ou elï¿½tricas;Saï¿½da de leito carroï¿½ï¿½vel;Sem Vï¿½timas;Plena Noite;Cï¿½u Claro;Simples;Reta;Nï¿½o;0;0
2025-04-25;sexta-feira;00:40:00;SE;101;SAO CRISTOVAO;Velocidade Incompatï¿½vel;Tombamento;Sem Vï¿½timas;Plena Noite;Cï¿½u Claro;Simples;"Curva;Aclive";Nï¿½o;0;0
2025-04-25;sexta-feira;04:30:00;PR;272;CAMPO MOURAO;Transitar na contramï¿½o;Colisï¿½o frontal;Com Vï¿½timas Fatais;Plena Noite;Garoa/Chuvisco;Simples;"Curva;Aclive";Nï¿½o;3;1
2025-04-25;sexta-feira;03:45:00;MG;381;SAO SEBASTIAO DA BELA VISTA;Reaï¿½ï¿½o tardia ou ineficiente do condutor;Colisï¿½o traseira;Com Vï¿½timas Feridas;Plena Noite;Cï¿½u Claro;Dupla;Reta;Nï¿½o;0;0
2025-04-25;sexta-feira;04:20:00;SP;116;TAUBATE;Suicï¿½dio (presumido);Atropelamento de Pedestre;Com Vï¿½timas Feridas;Plena Noite;Nublado;Dupla;Reta;Nï¿½o;0;0
2025-04-25;sexta-feira;04:40:00;TO;153;FATIMA;Demais falhas mecï¿½nicas ou elï¿½tricas;Atropelamento de Pedestre;Com Vï¿½timas Feridas;Plena Noite;Cï¿½u Claro;Simples;Reta;Nï¿½o;0;0
2025-04-25;sexta-feira;06:00:00;RJ;116;SAO JOAO DE MERITI;Trafegar com motocicleta (ou similar) entre as faixas;Tombamento;Com Vï¿½timas Feridas;Pleno dia;Cï¿½u Claro;Mï¿½ltipla;Reta;Sim;0;0
2025-04-25;sexta-feira;05:23:00;MG;381;OLIVEIRA;Velocidade Incompatï¿½vel;Saï¿½da de leito carroï¿½ï¿½vel;Com Vï¿½timas Feridas;Amanhecer;Chuva;Dupla;Reta;Nï¿½o;0;0
2025-04-25;sexta-feira;06:40:00;SC;282;ALFREDO WAGNER;Curva acentuada;Colisï¿½o lateral sentido oposto;Com Vï¿½timas Feridas;Pleno dia;Cï¿½u Claro;Simples;"Curva;Declive";Nï¿½o;0;0
2025-04-25;sexta-feira;07:50:00;MG;365;UBERLANDIA;Avarias e/ou desgaste excessivo no pneu;Colisï¿½o traseira;Com Vï¿½timas Feridas;Pleno dia;Nublado;Dupla;"Reta;Aclive";Nï¿½o;0;0
2025-04-25;sexta-feira;06:54:00;TO;153;GUARAI;Condutor deixou de manter distï¿½ncia do veï¿½culo da frente;Saï¿½da de leito carroï¿½ï¿½vel;Com Vï¿½timas Feridas;Pleno dia;Cï¿½u Claro;Simples;"Reta;Declive";Nï¿½o;0;0
2025-04-25;sexta-feira;07:20:00;RJ;101;RIO BONITO;Pista Escorregadia;Queda de ocupante de veï¿½culo;Com Vï¿½timas Fatais;Pleno dia;Nublado;Simples;Curva;Nï¿½o;1;1
2025-04-25;sexta-feira;08:30:00;RN;304;MACAIBA;Manobra de mudanï¿½a de faixa;Colisï¿½o traseira;Com Vï¿½timas Feridas;Pleno dia;Cï¿½u Claro;Dupla;Reta;Nï¿½o;0;0
2025-04-25;sexta-feira;09:10:00;RS;290;PORTO ALEGRE;Reaï¿½ï¿½o tardia ou ineficiente do condutor;Colisï¿½o traseira;Com Vï¿½timas Feridas;Pleno dia;Cï¿½u Claro;Mï¿½ltipla;Reta;Sim;0;0
2025-04-25;sexta-feira;08:50:00;PR;369;BANDEIRANTES;Ultrapassagem Indevida;Colisï¿½o traseira;Com Vï¿½timas Feridas;Pleno dia;Chuva;Simples;Reta;Nï¿½o;0;0
2025-02-23;domingo;00:25:00;PE;316;OURICURI;Ausï¿½ncia de reaï¿½ï¿½o do condutor;Tombamento;Com Vï¿½timas Feridas;Plena Noite;Cï¿½u Claro;Simples;Declive;Nï¿½o;0;0
2025-04-25;sexta-feira;09:10:00;GO;153;APARECIDA DE GOIANIA;Ausï¿½ncia de reaï¿½ï¿½o do condutor;Colisï¿½o lateral mesmo sentido;Sem Vï¿½timas;Pleno dia;Nublado;Mï¿½ltipla;Reta;Sim;0;0
2025-04-25;sexta-feira;10:10:00;SP;116;GUARULHOS;Manobra de mudanï¿½a de faixa;Colisï¿½o lateral mesmo sentido;Com Vï¿½timas Feridas;Pleno dia;Garoa/Chuvisco;Mï¿½ltipla;Curva;Sim;0;0
2025-04-25;sexta-feira;08:00:00;RS;153;HULHA NEGRA;Modificaï¿½ï¿½o proibida;Colisï¿½o frontal;Com Vï¿½timas Feridas;Pleno dia;Nevoeiro/Neblina;Simples;Reta;Nï¿½o;0;0
2025-04-25;sexta-feira;10:40:00;BA;324;FEIRA DE SANTANA;Condutor deixou de manter distï¿½ncia do veï¿½culo da frente;Engavetamento;Com Vï¿½timas Feridas;Pleno dia;Cï¿½u Claro;Dupla;Reta;Nï¿½o;0;0
2025-04-16;quarta-feira;17:00:00;MG;50;UBERLANDIA;Ausï¿½ncia de reaï¿½ï¿½o do condutor;Colisï¿½o traseira;Com Vï¿½timas Feridas;Anoitecer;Nublado;Dupla;Reta;Sim;0;0
2025-04-25;sexta-feira;11:15:00;PI;316;TERESINA;Manobra de mudanï¿½a de faixa;Colisï¿½o lateral mesmo sentido;Com Vï¿½timas Feridas;Pleno dia;Sol;Mï¿½ltipla;"Declive;Reta";Sim;0;0
2025-04-25;sexta-feira;11:49:00;SC;101;JOINVILLE;Reaï¿½ï¿½o tardia ou ineficiente do condutor;Colisï¿½o traseira;Com Vï¿½timas Feridas;Pleno dia;Cï¿½u Claro;Mï¿½ltipla;Reta;Sim;0;0
2025-04-25;sexta-feira;11:30:00;RJ;40;DUQUE DE CAXIAS;Velocidade Incompatï¿½vel;Tombamento;Com Vï¿½timas Feridas;Pleno dia;Garoa/Chuvisco;Simples;"Aclive;Viaduto;Curva";Sim;0;0
2025-04-25;sexta-feira;12:00:00;MG;40;ESMERALDAS;Mal sï¿½bito do condutor;Tombamento;Com Vï¿½timas Feridas;Pleno dia;Cï¿½u Claro;Dupla;Reta;Nï¿½o;0;0
2025-04-25;sexta-feira;12:33:00;MT;364;SANTO ANTONIO DO LEVERGER;Demais falhas mecï¿½nicas ou elï¿½tricas;Colisï¿½o traseira;Com Vï¿½timas Feridas;Pleno dia;Cï¿½u Claro;Dupla;"Reta;Declive";Nï¿½o;0;0
2025-04-25;sexta-feira;14:00:00;SC;101;SAO JOSE;Reaï¿½ï¿½o tardia ou ineficiente do condutor;Engavetamento;Com Vï¿½timas Feridas;Pleno dia;Sol;Mï¿½ltipla;Reta;Sim;0;0
2025-02-17;segunda-feira;21:30:00;PA;163;ITAITUBA;Reaï¿½ï¿½o tardia ou ineficiente do condutor;Tombamento;Com Vï¿½timas Feridas;Plena Noite;Ignorado;Simples;Curva;Nï¿½o;0;0
2025-04-25;sexta-feira;14:15:00;PE;101;RECIFE;Ausï¿½ncia de reaï¿½ï¿½o do condutor;Colisï¿½o traseira;Com Vï¿½timas Feridas;Pleno dia;Cï¿½u Claro;Mï¿½ltipla;Interseï¿½ï¿½o de Vias;Sim;0;0
2025-04-25;sexta-feira;14:16:00;PE;101;RECIFE;Condutor usando celular;Colisï¿½o traseira;Sem Vï¿½timas;Pleno dia;Sol;Dupla;"Reta;Viaduto";Sim;0;0
2025-04-25;sexta-feira;14:45:00;SC;101;SAO JOSE;Ausï¿½ncia de reaï¿½ï¿½o do condutor;Colisï¿½o com objeto;Com Vï¿½timas Feridas;Pleno dia;Cï¿½u Claro;Dupla;Reta;Sim;0;0
2025-04-25;sexta-feira;13:50:00;RS;101;TRES CACHOEIRAS;Acessar a via sem observar a presenï¿½a dos outros veï¿½culos;Colisï¿½o traseira;Com Vï¿½timas Feridas;Pleno dia;Cï¿½u Claro;Dupla;"Reta;Interseï¿½ï¿½o de Vias";Nï¿½o;0;0
2025-04-17;quinta-feira;16:45:00;RO;364;PIMENTA BUENO;Reaï¿½ï¿½o tardia ou ineficiente do condutor;Colisï¿½o lateral sentido oposto;Com Vï¿½timas Feridas;Pleno dia;Cï¿½u Claro;Simples;"Reta;Declive";Nï¿½o;0;0
2025-04-25;sexta-feira;16:40:00;SC;101;SAO JOSE;Condutor deixou de manter distï¿½ncia do veï¿½culo da frente;Colisï¿½o traseira;Com Vï¿½timas Feridas;Pleno dia;Cï¿½u Claro;Mï¿½ltipla;"Aclive;Reta";Nï¿½o;0;0
2025-04-25;sexta-feira;14:00:00;GO;70;ARAGARCAS;Demais falhas mecï¿½nicas ou elï¿½tricas;Incï¿½ndio;Sem Vï¿½timas;Pleno dia;Cï¿½u Claro;Simples;Reta;Nï¿½o;0;0
2025-04-25;sexta-feira;10:50:00;GO;153;MORRINHOS;Chuva;Saï¿½da de leito carroï¿½ï¿½vel;Com Vï¿½timas Feridas;Pleno dia;Chuva;Dupla;Declive;Nï¿½o;0;0
2025-04-25;sexta-feira;16:33:00;PE;101;JABOATAO DOS GUARARAPES;Ausï¿½ncia de reaï¿½ï¿½o do condutor;Colisï¿½o lateral mesmo sentido;Sem Vï¿½timas;Anoitecer;Cï¿½u Claro;Dupla;Reta;Sim;0;0
2025-04-25;sexta-feira;16:50:00;GO;20;FORMOSA;Reaï¿½ï¿½o tardia ou ineficiente do condutor;Colisï¿½o frontal;Com Vï¿½timas Feridas;Pleno dia;Garoa/Chuvisco;Simples;"Reta;Declive";Nï¿½o;0;0
2025-04-25;sexta-feira;11:00:00;GO;153;MORRINHOS;Chuva;Colisï¿½o lateral mesmo sentido;Com Vï¿½timas Feridas;Pleno dia;Chuva;Dupla;Declive;Nï¿½o;0;0
2025-04-25;sexta-feira;15:20:00;MG;116;GOVERNADOR VALADARES;Ultrapassagem Indevida;Colisï¿½o lateral mesmo sentido;Com Vï¿½timas Feridas;Pleno dia;Cï¿½u Claro;Simples;Reta;Nï¿½o;0;0
2025-04-25;sexta-feira;16:50:00;PR;277;CASCAVEL;Condutor deixou de manter distï¿½ncia do veï¿½culo da frente;Colisï¿½o traseira;Com Vï¿½timas Feridas;Pleno dia;Garoa/Chuvisco;Simples;"Declive;Reta";Sim;0;0
2025-04-25;sexta-feira;19:10:00;RJ;101;ANGRA DOS REIS;Chuva;Colisï¿½o frontal;Com Vï¿½timas Feridas;Plena Noite;Chuva;Simples;Curva;Nï¿½o;0;0
2025-04-25;sexta-feira;16:30:00;ES;484;AFONSO CLAUDIO;Ausï¿½ncia de reaï¿½ï¿½o do condutor;Colisï¿½o transversal;Com Vï¿½timas Feridas;Pleno dia;Nublado;Simples;"Aclive;Reta";Nï¿½o;0;0
2025-04-25;sexta-feira;18:05:00;AC;364;RIO BRANCO;Manobra de mudanï¿½a de faixa;Colisï¿½o traseira;Com Vï¿½timas Feridas;Plena Noite;Cï¿½u Claro;Dupla;Reta;Sim;0;0
2025-04-25;sexta-feira;18:40:00;SC;101;ITAJAI;Acessar a via sem observar a presenï¿½a dos outros veï¿½culos;Colisï¿½o lateral mesmo sentido;Com Vï¿½timas Feridas;Plena Noite;Cï¿½u Claro;Mï¿½ltipla;Reta;Sim;0;0
2025-04-25;sexta-feira;19:10:00;PR;476;CONTENDA;Reaï¿½ï¿½o tardia ou ineficiente do condutor;Colisï¿½o transversal;Com Vï¿½timas Feridas;Plena Noite;Nublado;Dupla;Reta;Sim;0;0
2025-04-25;sexta-feira;19:20:00;MG;116;MURIAE;Ingestï¿½o de ï¿½lcool pelo condutor;Saï¿½da de leito carroï¿½ï¿½vel;Com Vï¿½timas Feridas;Plena Noite;Nublado;Simples;Reta;Nï¿½o;0;0
2025-04-25;sexta-feira;18:10:00;RO;364;JI-PARANA;Ultrapassagem Indevida;Tombamento;Com Vï¿½timas Fatais;Plena Noite;Chuva;Simples;Reta;Nï¿½o;1;1
2025-04-25;sexta-feira;21:33:00;SP;116;GUARAREMA;Reaï¿½ï¿½o tardia ou ineficiente do condutor;Colisï¿½o traseira;Com Vï¿½timas Feridas;Plena Noite;Garoa/Chuvisco;Dupla;Reta;Nï¿½o;0;0
2025-04-25;sexta-feira;22:00:00;MG;381;BETIM;Reaï¿½ï¿½o tardia ou ineficiente do condutor;Colisï¿½o traseira;Com Vï¿½timas Feridas;Plena Noite;Nublado;Dupla;Reta;Sim;0;0
2025-04-25;sexta-feira;21:58:00;MG;381;SABARA;Velocidade Incompatï¿½vel;Tombamento;Com Vï¿½timas Feridas;Plena Noite;Nublado;Simples;Curva;Nï¿½o;0;0
2025-04-25;sexta-feira;21:50:00;CE;222;TIANGUA;Ausï¿½ncia de reaï¿½ï¿½o do condutor;Colisï¿½o traseira;Com Vï¿½timas Fatais;Plena Noite;Chuva;Dupla;Reta;Sim;1;1
2025-04-25;sexta-feira;21:20:00;MG;381;ITAPEVA;Pedestre andava na pista;Atropelamento de Pedestre;Com Vï¿½timas Feridas;Plena Noite;Cï¿½u Claro;Dupla;Reta;Sim;0;0
2025-04-25;sexta-feira;21:00:00;PE;407;PETROLINA;Condutor Dormindo;Saï¿½da de leito carroï¿½ï¿½vel;Sem Vï¿½timas;Plena Noite;Cï¿½u Claro;Simples;Ponte;Nï¿½o;0;0
2025-04-25;sexta-feira;22:40:00;TO;153;ARAGUAINA;Manobra de mudanï¿½a de faixa;Colisï¿½o frontal;Com Vï¿½timas Feridas;Plena Noite;Cï¿½u Claro;Simples;Reta;Nï¿½o;0;0
2025-04-25;sexta-feira;16:40:00;RS;290;SAO GABRIEL;Acessar a via sem observar a presenï¿½a dos outros veï¿½culos;Colisï¿½o transversal;Sem Vï¿½timas;Pleno dia;Cï¿½u Claro;Simples;Rotatï¿½ria;Nï¿½o;0;0
2025-04-25;sexta-feira;21:00:00;MT;163;DIAMANTINO;Manobra de mudanï¿½a de faixa;Colisï¿½o lateral sentido oposto;Com Vï¿½timas Feridas;Plena Noite;Cï¿½u Claro;Simples;Reta;Nï¿½o;0;0
2025-04-25;sexta-feira;19:30:00;RS;101;MAQUINE;Demais falhas mecï¿½nicas ou elï¿½tricas;Incï¿½ndio;Sem Vï¿½timas;Plena Noite;Cï¿½u Claro;Dupla;Reta;Nï¿½o;0;0
2025-04-25;sexta-feira;20:20:00;SC;101;MARACAJA;Manobra de mudanï¿½a de faixa;Colisï¿½o traseira;Com Vï¿½timas Feridas;Plena Noite;Cï¿½u Claro;Dupla;Reta;Nï¿½o;0;0
2025-04-26;sï¿½bado;01:00:00;RJ;40;PETROPOLIS;Demais falhas mecï¿½nicas ou elï¿½tricas;Colisï¿½o com objeto;Sem Vï¿½timas;Plena Noite;Garoa/Chuvisco;Simples;Reta;Nï¿½o;0;0
2025-04-26;sï¿½bado;01:45:00;PR;277;PALMEIRA;Velocidade Incompatï¿½vel;Tombamento;Com Vï¿½timas Fatais;Plena Noite;Cï¿½u Claro;Simples;Curva;Nï¿½o;1;1
2025-04-26;sï¿½bado;03:45:00;SC;101;SAO JOSE;Reaï¿½ï¿½o tardia ou ineficiente do condutor;Colisï¿½o com objeto;Com Vï¿½timas Feridas;Plena Noite;Cï¿½u Claro;Mï¿½ltipla;"Reta;Declive";Sim;0;0
2025-04-26;sï¿½bado;06:10:00;PR;376;MANDAGUACU;Reaï¿½ï¿½o tardia ou ineficiente do condutor;Colisï¿½o traseira;Com Vï¿½timas Feridas;Pleno dia;Cï¿½u Claro;Dupla;Reta;Nï¿½o;0;0
2025-04-26;sï¿½bado;05:00:00;PR;376;TIBAGI;Reaï¿½ï¿½o tardia ou ineficiente do condutor;Tombamento;Com Vï¿½timas Feridas;Plena Noite;Cï¿½u Claro;Dupla;"Curva;Declive";Nï¿½o;0;0
2025-04-26;sï¿½bado;07:20:00;TO;153;PARAISO DO TOCANTINS;Reaï¿½ï¿½o tardia ou ineficiente do condutor;Colisï¿½o traseira;Com Vï¿½timas Feridas;Pleno dia;Cï¿½u Claro;Simples;Reta;Nï¿½o;0;0
2025-04-25;sexta-feira;19:30:00;MT;163;NOVA MUTUM;Retorno proibido;Colisï¿½o transversal;Com Vï¿½timas Feridas;Plena Noite;Cï¿½u Claro;Simples;"Em Obras;Reta";Nï¿½o;0;0
2025-04-26;sï¿½bado;07:20:00;MG;365;UBERLANDIA;Reaï¿½ï¿½o tardia ou ineficiente do condutor;Colisï¿½o lateral mesmo sentido;Com Vï¿½timas Feridas;Amanhecer;Nevoeiro/Neblina;Dupla;Reta;Nï¿½o;0;0
2025-04-25;sexta-feira;17:38:00;PA;163;TRAIRAO;Ausï¿½ncia de reaï¿½ï¿½o do condutor;Colisï¿½o lateral mesmo sentido;Com Vï¿½timas Feridas;Pleno dia;Cï¿½u Claro;Simples;Reta;Nï¿½o;0;0
2025-04-25;sexta-feira;12:48:00;PA;163;ITAITUBA;Demais falhas mecï¿½nicas ou elï¿½tricas;Saï¿½da de leito carroï¿½ï¿½vel;Com Vï¿½timas Feridas;Pleno dia;Cï¿½u Claro;Simples;Reta;Nï¿½o;0;0
2025-04-11;sexta-feira;22:00:00;RS;153;TRES ARROIOS;Ultrapassagem Indevida;Colisï¿½o frontal;Com Vï¿½timas Fatais;Plena Noite;Cï¿½u Claro;Simples;Curva;Nï¿½o;1;1
2025-03-25;terï¿½a-feira;15:31:00;MG;153;CENTRALINA;Frear bruscamente;Saï¿½da de leito carroï¿½ï¿½vel;Sem Vï¿½timas;Pleno dia;Nublado;Dupla;Retorno Regulamentado;Nï¿½o;0;0
2025-04-26;sï¿½bado;10:00:00;MG;50;UBERABA;Demais falhas mecï¿½nicas ou elï¿½tricas;Colisï¿½o com objeto;Com Vï¿½timas Feridas;Pleno dia;Cï¿½u Claro;Dupla;"Reta;Aclive";Nï¿½o;0;0
2025-04-26;sï¿½bado;09:30:00;GO;80;PADRE BERNARDO;Ausï¿½ncia de reaï¿½ï¿½o do condutor;Colisï¿½o frontal;Com Vï¿½timas Fatais;Pleno dia;Cï¿½u Claro;Simples;Curva;Nï¿½o;1;1
2025-04-26;sï¿½bado;10:00:00;ES;262;MARECHAL FLORIANO;Curva acentuada;Tombamento;Com Vï¿½timas Feridas;Pleno dia;Cï¿½u Claro;Simples;Curva;Nï¿½o;0;0
2025-04-26;sï¿½bado;11:15:00;RJ;101;RIO DE JANEIRO;Ausï¿½ncia de reaï¿½ï¿½o do condutor;Colisï¿½o traseira;Com Vï¿½timas Feridas;Pleno dia;Cï¿½u Claro;Dupla;Reta;Nï¿½o;0;0
2025-04-26;sï¿½bado;11:35:00;PA;316;CASTANHAL;Acessar a via sem observar a presenï¿½a dos outros veï¿½culos;Colisï¿½o lateral mesmo sentido;Com Vï¿½timas Feridas;Pleno dia;Nublado;Dupla;Reta;Sim;0;0
2025-04-26;sï¿½bado;09:30:00;SC;153;VARGEM BONITA;Reaï¿½ï¿½o tardia ou ineficiente do condutor;Colisï¿½o traseira;Com Vï¿½timas Feridas;Pleno dia;Cï¿½u Claro;Simples;Reta;Nï¿½o;0;0
2025-04-26;sï¿½bado;03:30:00;BA;116;TUCANO;Condutor Dormindo;Saï¿½da de leito carroï¿½ï¿½vel;Com Vï¿½timas Feridas;Amanhecer;Cï¿½u Claro;Simples;"Reta;Declive;Interseï¿½ï¿½o de Vias";Sim;0;0
2025-04-26;sï¿½bado;12:35:00;GO;153;GOIATUBA;Velocidade Incompatï¿½vel;Tombamento;Com Vï¿½timas Feridas;Pleno dia;Cï¿½u Claro;Dupla;Reta;Nï¿½o;0;0
2025-04-26;sï¿½bado;14:20:00;MG;40;CONGONHAS;Condutor deixou de manter distï¿½ncia do veï¿½culo da frente;Colisï¿½o traseira;Com Vï¿½timas Feridas;Pleno dia;Cï¿½u Claro;Simples;Reta;Nï¿½o;0;0
2025-04-26;sï¿½bado;14:00:00;SP;116;CACAPAVA;Manobra de mudanï¿½a de faixa;Colisï¿½o com objeto;Com Vï¿½timas Feridas;Pleno dia;Cï¿½u Claro;Dupla;Reta;Nï¿½o;0;0
2025-04-26;sï¿½bado;14:30:00;MG;262;MANHUACU;Condutor Dormindo;Colisï¿½o lateral sentido oposto;Com Vï¿½timas Feridas;Pleno dia;Cï¿½u Claro;Simples;Reta;Nï¿½o;0;0
2025-04-26;sï¿½bado;15:40:00;PR;376;CURITIBA;Reaï¿½ï¿½o tardia ou ineficiente do condutor;Saï¿½da de leito carroï¿½ï¿½vel;Com Vï¿½timas Feridas;Pleno dia;Cï¿½u Claro;Dupla;"Reta;Declive";Nï¿½o;0;0
2025-04-26;sï¿½bado;14:45:00;SC;116;PAPANDUVA;Demais falhas mecï¿½nicas ou elï¿½tricas;Colisï¿½o com objeto;Sem Vï¿½timas;Pleno dia;Cï¿½u Claro;Simples;Reta;Sim;0;0
2025-04-26;sï¿½bado;14:20:00;MG;381;GOVERNADOR VALADARES;Reaï¿½ï¿½o tardia ou ineficiente do condutor;Saï¿½da de leito carroï¿½ï¿½vel;Com Vï¿½timas Feridas;Pleno dia;Cï¿½u Claro;Simples;Curva;Nï¿½o;0;0
2025-04-26;sï¿½bado;17:15:00;BA;116;VITORIA DA CONQUISTA;Acessar a via sem observar a presenï¿½a dos outros veï¿½culos;Colisï¿½o lateral mesmo sentido;Com Vï¿½timas Feridas;Anoitecer;Nublado;Simples;Reta;Sim;0;0
2025-04-26;sï¿½bado;16:15:00;SC;101;BALNEARIO CAMBORIU;Objeto estï¿½tico sobre o leito carroï¿½ï¿½vel;Colisï¿½o com objeto;Com Vï¿½timas Feridas;Pleno dia;Sol;Dupla;Curva;Nï¿½o;0;0
2025-04-26;sï¿½bado;19:00:00;TO;153;PRESIDENTE KENNEDY;Ausï¿½ncia de reaï¿½ï¿½o do condutor;Colisï¿½o traseira;Com Vï¿½timas Fatais;Plena Noite;Cï¿½u Claro;Simples;Reta;Nï¿½o;1;1
2025-04-26;sï¿½bado;13:20:00;MG;153;CANAPOLIS;Ausï¿½ncia de reaï¿½ï¿½o do condutor;Colisï¿½o traseira;Com Vï¿½timas Feridas;Pleno dia;Nublado;Dupla;"Reta;Em Obras";Nï¿½o;0;0
2025-04-26;sï¿½bado;19:38:00;TO;153;CARIRI DO TOCANTINS;Conversï¿½o proibida;Tombamento;Com Vï¿½timas Feridas;Plena Noite;Cï¿½u Claro;Simples;Reta;Nï¿½o;0;0
2025-04-26;sï¿½bado;20:50:00;GO;50;CRISTALINA;Acesso irregular;Colisï¿½o transversal;Com Vï¿½timas Feridas;Plena Noite;Cï¿½u Claro;Dupla;Reta;Sim;0;0
2025-04-26;sï¿½bado;12:50:00;BA;242;IBITIARA;Demais falhas mecï¿½nicas ou elï¿½tricas;Incï¿½ndio;Sem Vï¿½timas;Pleno dia;Cï¿½u Claro;Simples;"Aclive;Reta";Nï¿½o;0;0
2025-04-26;sï¿½bado;20:30:00;RO;364;VILHENA;Ultrapassagem Indevida;Colisï¿½o lateral mesmo sentido;Com Vï¿½timas Feridas;Plena Noite;Cï¿½u Claro;Simples;"Declive;Reta";Nï¿½o;0;0
2025-04-27;domingo;01:30:00;CE;116;BREJO SANTO;Ingestï¿½o de ï¿½lcool pelo condutor;Colisï¿½o frontal;Com Vï¿½timas Feridas;Plena Noite;Cï¿½u Claro;Simples;Reta;Sim;0;0
2025-04-27;domingo;01:30:00;RN;304;ACU;Ingestï¿½o de ï¿½lcool pelo condutor;Colisï¿½o frontal;Com Vï¿½timas Feridas;Plena Noite;Cï¿½u Claro;Simples;Aclive;Nï¿½o;0;0
2025-04-26;sï¿½bado;21:20:00;MG;40;NOVA LIMA;Ausï¿½ncia de reaï¿½ï¿½o do condutor;Colisï¿½o lateral mesmo sentido;Com Vï¿½timas Feridas;Plena Noite;Cï¿½u Claro;Simples;Reta;Sim;0;0
2025-04-27;domingo;07:00:00;PR;376;CURITIBA;Acessar a via sem observar a presenï¿½a dos outros veï¿½culos;Tombamento;Com Vï¿½timas Feridas;Amanhecer;Nevoeiro/Neblina;Dupla;Interseï¿½ï¿½o de Vias;Nï¿½o;0;0
2025-04-27;domingo;06:30:00;CE;116;PACAJUS;Velocidade Incompatï¿½vel;Tombamento;Com Vï¿½timas Feridas;Pleno dia;Cï¿½u Claro;Mï¿½ltipla;Curva;Sim;0;0
2025-04-27;domingo;06:00:00;BA;116;ITATIM;Transitar na contramï¿½o;Colisï¿½o lateral sentido oposto;Com Vï¿½timas Feridas;Pleno dia;Cï¿½u Claro;Simples;Reta;Nï¿½o;0;0
2025-04-27;domingo;06:58:00;PR;277;GUARAPUAVA;Condutor usando celular;Saï¿½da de leito carroï¿½ï¿½vel;Com Vï¿½timas Feridas;Amanhecer;Nevoeiro/Neblina;Simples;Curva;Nï¿½o;0;0
2025-04-27;domingo;06:20:00;RO;364;ALTO PARAISO;Ausï¿½ncia de reaï¿½ï¿½o do condutor;Tombamento;Com Vï¿½timas Feridas;Pleno dia;Cï¿½u Claro;Simples;"Curva;Declive";Nï¿½o;0;0
2025-04-27;domingo;10:25:00;MG;40;SETE LAGOAS;Transtornos Mentais (exceto suicidio);Atropelamento de Pedestre;Com Vï¿½timas Fatais;Pleno dia;Cï¿½u Claro;Dupla;Reta;Nï¿½o;1;1
2025-04-27;domingo;11:42:00;MG;381;BETIM;Demais falhas mecï¿½nicas ou elï¿½tricas;Incï¿½ndio;Sem Vï¿½timas;Pleno dia;Cï¿½u Claro;Dupla;Reta;Sim;0;0
2025-04-27;domingo;11:20:00;PI;316;VALENCA DO PIAUI;Manobra de mudanï¿½a de faixa;Capotamento;Com Vï¿½timas Feridas;Pleno dia;Cï¿½u Claro;Simples;Reta;Nï¿½o;0;0
2025-04-27;domingo;12:10:00;BA;116;PLANALTO;Ultrapassagem Indevida;Colisï¿½o frontal;Com Vï¿½timas Fatais;Pleno dia;Cï¿½u Claro;Simples;Reta;Nï¿½o;1;1
2025-04-27;domingo;12:50:00;CE;222;TIANGUA;Avarias e/ou desgaste excessivo no pneu;Incï¿½ndio;Sem Vï¿½timas;Pleno dia;Cï¿½u Claro;Simples;Reta;Nï¿½o;0;0
2025-04-11;sexta-feira;15:12:00;MG;381;CAREACU;Condutor deixou de manter distï¿½ncia do veï¿½culo da frente;Colisï¿½o traseira;Com Vï¿½timas Feridas;Pleno dia;Cï¿½u Claro;Dupla;Reta;Nï¿½o;0;0
2025-04-27;domingo;10:02:00;SC;163;GUARUJA DO SUL;Velocidade Incompatï¿½vel;Tombamento;Com Vï¿½timas Feridas;Pleno dia;Cï¿½u Claro;Simples;"Declive;Curva";Nï¿½o;0;0
2025-04-27;domingo;14:40:00;ES;101;RIO NOVO DO SUL;Acessar a via sem observar a presenï¿½a dos outros veï¿½culos;Colisï¿½o lateral sentido oposto;Com Vï¿½timas Feridas;Pleno dia;Sol;Simples;Reta;Nï¿½o;0;0
2025-04-27;domingo;11:35:00;MT;364;RONDONOPOLIS;Avarias e/ou desgaste excessivo no pneu;Saï¿½da de leito carroï¿½ï¿½vel;Com Vï¿½timas Feridas;Pleno dia;Sol;Dupla;Reta;Sim;0;0
2025-04-27;domingo;10:20:00;MA;222;ACAILANDIA;Reaï¿½ï¿½o tardia ou ineficiente do condutor;Saï¿½da de leito carroï¿½ï¿½vel;Com Vï¿½timas Feridas;Pleno dia;Cï¿½u Claro;Simples;"Curva;Aclive";Nï¿½o;0;0