data_inversa;dia_semana;horario;uf;br;municipio;causa_acidente;tipo_acidente;classificacao_acidente;fase_dia;condicao_metereologica;tipo_pista;tracado_via;uso_solo;mortos;acidente_fatal
2025-04-29;terï¿½a-feira;16:20:00;GO;364;APARECIDA DO RIO DOCE;Manobra de mudanï¿½a de faixa;Tombamento;Com Vï¿½timas Feridas;Pleno dia;Cï¿½u Claro;Simples;"Reta;Aclive";Nï¿½o;0;0
2025-04-29;terï¿½a-feira;19:21:00;SC;280;SAO FRANCISCO DO SUL;Ultrapassagem Indevida;Colisï¿½o lateral mesmo sentido;Com Vï¿½timas Feridas;Plena Noite;Cï¿½u Claro;Simples;Aclive;Nï¿½o;0;0
2025-04-29;terï¿½a-feira;19:55:00;RJ;116;NOVA IGUACU;Trafegar com motocicleta (ou similar) entre as faixas;Colisï¿½o traseira;Com Vï¿½timas Feridas;Plena Noite;Cï¿½u Claro;Dupla;Reta;Sim;0;0
2025-04-29;terï¿½a-feira;16:40:00;RS;293;HULHA NEGRA;Reaï¿½ï¿½o tardia ou ineficiente do condutor;Colisï¿½o traseira;Com Vï¿½timas Feridas;Pleno dia;Cï¿½u Claro;Simples;Reta;Nï¿½o;0;0
2025-04-29;terï¿½a-feira;19:20:00;MT;174;COMODORO;Pedestre andava na pista;Colisï¿½o traseira;Com Vï¿½timas Fatais;Plena Noite;Nevoeiro/Neblina;Simples;Reta;Nï¿½o;1;1
2025-04-29;terï¿½a-feira;19:40:00;PE;423;SAO CAITANO;Condutor deixou de manter distï¿½ncia do veï¿½culo da frente;Colisï¿½o traseira;Com Vï¿½timas Feridas;Plena Noite;Cï¿½u Claro;Simples;Reta;Nï¿½o;0;0
2025-04-29;terï¿½a-feira;21:45:00;GO;50;CRISTALINA;Condutor Dormindo;Tombamento;Com Vï¿½timas Feridas;Plena Noite;Cï¿½u Claro;Dupla;Reta;Nï¿½o;0;0
2025-04-29;terï¿½a-feira;23:48:00;GO;153;GOIANIA;Estacionar ou parar em local proibido;Colisï¿½o traseira;Com Vï¿½timas Feridas;Plena Noite;Vento;Dupla;"Reta;Declive;Viaduto";Sim;0;0
2025-04-30;quarta-feira;01:00:00;PR;476;LAPA;Condutor Dormindo;Capotamento;Com Vï¿½timas Feridas;Plena Noite;Nublado;Simples;Reta;Nï¿½o;0;0
2025-04-30;quarta-feira;02:30:00;PR;373;GUAMIRANGA;Ingestï¿½o de ï¿½lcool pelo condutor;Colisï¿½o lateral mesmo sentido;Com Vï¿½timas Feridas;Plena Noite;Cï¿½u Claro;Simples;"Reta;Aclive";Nï¿½o;0;0
2025-04-30;quarta-feira;04:30:00;SP;116;JACUPIRANGA;Condutor Dormindo;Saï¿½da de leito carroï¿½ï¿½vel;Com Vï¿½timas Feridas;Plena Noite;Ignorado;Mï¿½ltipla;Reta;Sim;0;0
2025-04-30;quarta-feira;04:30:00;PR;373;GUAMIRANGA;Demais falhas mecï¿½nicas ou elï¿½tricas;Incï¿½ndio;Sem Vï¿½timas;Plena Noite;Nublado;Simples;Reta;Sim;0;0
2025-04-29;terï¿½a-feira;19:20:00;MG;116;PONTO DOS VOLANTES;Transitar na contramï¿½o;Colisï¿½o frontal;Com Vï¿½timas Fatais;Plena Noite;Chuva;Simples;Reta;Nï¿½o;1;1
2025-04-30;quarta-feira;05:30:00;PR;376;GUARATUBA;Ausï¿½ncia de reaï¿½ï¿½o do condutor;Colisï¿½o traseira;Com Vï¿½timas Fatais;Amanhecer;Cï¿½u Claro;Dupla;"Curva;Declive";Nï¿½o;1;1
2025-04-30;quarta-feira;04:30:00;MS;158;PARANAIBA;Ausï¿½ncia de reaï¿½ï¿½o do condutor;Saï¿½da de leito carroï¿½ï¿½vel;Com Vï¿½timas Feridas;Amanhecer;Cï¿½u Claro;Simples;"Reta;Declive";Nï¿½o;0;0
2025-04-29;terï¿½a-feira;19:30:00;MA;226;GOVERNADOR EUGENIO BARROS;Transitar na contramï¿½o;Colisï¿½o transversal;Com Vï¿½timas Feridas;Plena Noite;Cï¿½u Claro;Simples;Reta;Nï¿½o;0;0
2025-04-30;quarta-feira;07:45:00;RJ;116;MESQUITA;Trafegar com motocicleta (ou similar) entre as faixas;Colisï¿½o traseira;Com Vï¿½timas Feridas;Pleno dia;Cï¿½u Claro;Dupla;Reta;Sim;0;0
2025-04-30;quarta-feira;06:15:00;RS;386;FONTOURA XAVIER;Transitar na contramï¿½o;Colisï¿½o frontal;Com Vï¿½timas Fatais;Amanhecer;Cï¿½u Claro;Simples;"Aclive;Em Obras;Reta";Nï¿½o;4;1
2025-04-30;quarta-feira;07:35:00;RJ;493;JAPERI;Reaï¿½ï¿½o tardia ou ineficiente do condutor;Colisï¿½o traseira;Com Vï¿½timas Feridas;Pleno dia;Chuva;Dupla;Curva;Nï¿½o;0;0
2025-04-30;quarta-feira;00:15:00;MG;251;FRANCISCO SA;Velocidade Incompatï¿½vel;Saï¿½da de leito carroï¿½ï¿½vel;Sem Vï¿½timas;Plena Noite;Chuva;Simples;"Curva;Declive";Nï¿½o;0;0
2025-04-30;quarta-feira;07:50:00;SC;116;MAFRA;Acessar a via sem observar a presenï¿½a dos outros veï¿½culos;Colisï¿½o transversal;Com Vï¿½timas Feridas;Pleno dia;Nublado;Simples;"Retorno Regulamentado;Interseï¿½ï¿½o de Vias;Reta";Sim;0;0
2025-04-18;sexta-feira;06:45:00;MG;153;CENTRALINA;Reaï¿½ï¿½o tardia ou ineficiente do condutor;Saï¿½da de leito carroï¿½ï¿½vel;Com Vï¿½timas Feridas;Amanhecer;Cï¿½u Claro;Dupla;Reta;Nï¿½o;0;0
2025-04-27;domingo;09:15:00;PI;135;SAO GONCALO DO GURGUEIA;Ausï¿½ncia de reaï¿½ï¿½o do condutor;Queda de ocupante de veï¿½culo;Com Vï¿½timas Feridas;Pleno dia;Cï¿½u Claro;Simples;Curva;Nï¿½o;0;0
2025-03-17;segunda-feira;18:15:00;ES;101;ICONHA;Pedestre cruzava a pista fora da faixa;Atropelamento de Pedestre;Com Vï¿½timas Fatais;Plena Noite;Chuva;Dupla;Curva;Nï¿½o;1;1
2025-04-30;quarta-feira;08:30:00;RJ;465;RIO DE JANEIRO;Reaï¿½ï¿½o tardia ou ineficiente do condutor;Colisï¿½o lateral mesmo sentido;Com Vï¿½timas Feridas;Pleno dia;Cï¿½u Claro;Simples;Reta;Sim;0;0
2025-04-30;quarta-feira;07:00:00;SP;116;PARIQUERA-ACU;Ausï¿½ncia de reaï¿½ï¿½o do condutor;Colisï¿½o lateral mesmo sentido;Com Vï¿½timas Feridas;Pleno dia;Cï¿½u Claro;Simples;Reta;Sim;0;0
2025-04-30;quarta-feira;05:00:00;BA;101;VALENCA;Ausï¿½ncia de reaï¿½ï¿½o do condutor;Saï¿½da de leito carroï¿½ï¿½vel;Com Vï¿½timas Fatais;Amanhecer;Cï¿½u Claro;Simples;"Aclive;Curva";Nï¿½o;1;1
2025-04-30;quarta-feira;10:30:00;PB;230;JOAO PESSOA;Manobra de mudanï¿½a de faixa;Colisï¿½o traseira;Com Vï¿½timas Fatais;Pleno dia;Sol;Dupla;"Curva;Declive";Sim;1;1
2025-02-23;domingo;15:15:00;GO;153;PORANGATU;Transitar na contramï¿½o;Colisï¿½o lateral sentido oposto;Com Vï¿½timas Fatais;Pleno dia;Cï¿½u Claro;Simples;Reta;Nï¿½o;3;1
2025-04-30;quarta-feira;09:50:00;RJ;101;BARRA MANSA;Demais falhas mecï¿½nicas ou elï¿½tricas;Incï¿½ndio;Sem Vï¿½timas;Pleno dia;Sol;Dupla;Reta;Nï¿½o;0;0
2025-04-30;quarta-feira;06:45:00;GO;364;MINEIROS;Transitar na contramï¿½o;Colisï¿½o frontal;Com Vï¿½timas Fatais;Amanhecer;Nevoeiro/Neblina;Simples;Curva;Nï¿½o;1;1
2025-04-30;quarta-feira;09:55:00;PR;376;GUARATUBA;Velocidade Incompatï¿½vel;Colisï¿½o lateral mesmo sentido;Com Vï¿½timas Feridas;Pleno dia;Cï¿½u Claro;Dupla;"Curva;Declive";Nï¿½o;0;0
2025-04-30;quarta-feira;10:00:00;RO;364;PORTO VELHO;Manobra de mudanï¿½a de faixa;Colisï¿½o lateral mesmo sentido;Sem Vï¿½timas;Pleno dia;Chuva;Dupla;"Reta;Retorno Regulamentado";Nï¿½o;0;0
2025-04-30;quarta-feira;10:45:00;RS;285;LAGOA VERMELHA;Acessar a via sem observar a presenï¿½a dos outros veï¿½culos;Colisï¿½o transversal;Com Vï¿½timas Feridas;Pleno dia;Cï¿½u Claro;Simples;Rotatï¿½ria;Sim;0;0
2025-04-30;quarta-feira;11:10:00;MG;381;JOAO MONLEVADE;Chuva;Colisï¿½o lateral sentido oposto;Com Vï¿½timas Feridas;Pleno dia;Garoa/Chuvisco;Simples;"Curva;Aclive";Nï¿½o;0;0
2025-04-30;quarta-feira;11:20:00;MG;381;SAO JOAQUIM DE BICAS;Objeto estï¿½tico sobre o leito carroï¿½ï¿½vel;Engavetamento;Com Vï¿½timas Feridas;Pleno dia;Cï¿½u Claro;Dupla;Curva;Sim;0;0
2025-04-30;quarta-feira;12:20:00;SC;116;LAGES;Desrespeitar a preferï¿½ncia no cruzamento;Colisï¿½o transversal;Com Vï¿½timas Feridas;Pleno dia;Cï¿½u Claro;Simples;"Reta;Interseï¿½ï¿½o de Vias";Nï¿½o;0;0
2025-04-29;terï¿½a-feira;22:35:00;RS;386;MONTENEGRO;Suicï¿½dio (presumido);Colisï¿½o frontal;Com Vï¿½timas Fatais;Plena Noite;Cï¿½u Claro;Simples;Reta;Nï¿½o;1;1
2025-04-30;quarta-feira;11:30:00;PR;376;GUAIRACA;Ausï¿½ncia de reaï¿½ï¿½o do condutor;Atropelamento de Pedestre;Com Vï¿½timas Feridas;Pleno dia;Cï¿½u Claro;Simples;"Reta;Aclive";Nï¿½o;0;0
2025-04-30;quarta-feira;09:00:00;MG;116;TEOFILO OTONI;Chuva;Tombamento;Com Vï¿½timas Feridas;Pleno dia;Chuva;Simples;Curva;Nï¿½o;0;0
2025-04-30;quarta-feira;12:45:00;PE;101;JABOATAO DOS GUARARAPES;Condutor deixou de manter distï¿½ncia do veï¿½culo da frente;Engavetamento;Com Vï¿½timas Feridas;Pleno dia;Cï¿½u Claro;Dupla;Reta;Nï¿½o;0;0
2025-04-30;quarta-feira;08:30:00;AL;101;PILAR;Velocidade Incompatï¿½vel;Tombamento;Com Vï¿½timas Feridas;Pleno dia;Cï¿½u Claro;Dupla;Curva;Nï¿½o;0;0
2025-04-30;quarta-feira;12:30:00;GO;20;POSSE;Condutor Dormindo;Saï¿½da de leito carroï¿½ï¿½vel;Sem Vï¿½timas;Pleno dia;Nublado;Simples;"Curva;Aclive";Nï¿½o;0;0
2025-04-30;quarta-feira;13:00:00;GO;60;CEZARINA;Velocidade Incompatï¿½vel;Colisï¿½o traseira;Com Vï¿½timas Fatais;Pleno dia;Cï¿½u Claro;Dupla;"Reta;Aclive";Nï¿½o;1;1
2025-04-30;quarta-feira;08:30:00;PA;230;MARABA;Reaï¿½ï¿½o tardia ou ineficiente do condutor;Colisï¿½o traseira;Com Vï¿½timas Feridas;Pleno dia;Cï¿½u Claro;Simples;"Reta;Aclive";Sim;0;0
2025-04-30;quarta-feira;15:30:00;RS;290;PORTO ALEGRE;Reaï¿½ï¿½o tardia ou ineficiente do condutor;Colisï¿½o traseira;Com Vï¿½timas Feridas;Pleno dia;Cï¿½u Claro;Dupla;Reta;Nï¿½o;0;0
2025-04-30;quarta-feira;12:50:00;BA;116;JAGUAQUARA;Ausï¿½ncia de reaï¿½ï¿½o do condutor;Saï¿½da de leito carroï¿½ï¿½vel;Com Vï¿½timas Feridas;Pleno dia;Chuva;Simples;Curva;Nï¿½o;0;0
2025-04-30;quarta-feira;16:00:00;SP;116;ITAPECERICA DA SERRA;Acesso irregular;Colisï¿½o transversal;Com Vï¿½timas Feridas;Pleno dia;Cï¿½u Claro;Dupla;"Declive;Reta";Nï¿½o;0;0
2025-04-30;quarta-feira;15:20:00;MS;60;SIDROLANDIA;Condutor deixou de manter distï¿½ncia do veï¿½culo da frente;Colisï¿½o traseira;Com Vï¿½timas Feridas;Pleno dia;Cï¿½u Claro;Dupla;Reta;Nï¿½o;0;0
2025-04-30;quarta-feira;16:30:00;RS;470;CARLOS BARBOSA;Ausï¿½ncia de reaï¿½ï¿½o do condutor;Colisï¿½o lateral mesmo sentido;Com Vï¿½timas Feridas;Pleno dia;Cï¿½u Claro;Dupla;Reta;Sim;0;0
2025-04-30;quarta-feira;16:00:00;MG;459;CALDAS;Velocidade Incompatï¿½vel;Tombamento;Com Vï¿½timas Fatais;Pleno dia;Cï¿½u Claro;Simples;"Curva;Declive";Nï¿½o;1;1
2025-04-30;quarta-feira;14:30:00;BA;116;JAGUAQUARA;Condutor deixou de manter distï¿½ncia do veï¿½culo da frente;Colisï¿½o traseira;Com Vï¿½timas Feridas;Pleno dia;Cï¿½u Claro;Simples;Reta;Nï¿½o;0;0
2025-04-08;terï¿½a-feira;10:00:00;RO;364;ARIQUEMES;Reaï¿½ï¿½o tardia ou ineficiente do condutor;Colisï¿½o traseira;Com Vï¿½timas Feridas;Pleno dia;Sol;Simples;"Reta;Em Obras";Nï¿½o;0;0
2025-04-30;quarta-feira;16:50:00;CE;116;CASCAVEL;Ultrapassagem Indevida;Colisï¿½o frontal;Com Vï¿½timas Fatais;Pleno dia;Cï¿½u Claro;Simples;"Reta;Declive";Sim;5;1
2025-04-30;quarta-feira;17:30:00;RJ;101;CAMPOS DOS GOYTACAZES;Reaï¿½ï¿½o tardia ou ineficiente do condutor;Colisï¿½o traseira;Com Vï¿½timas Feridas;Anoitecer;Nublado;Simples;Reta;Sim;0;0
2025-04-30;quarta-feira;16:48:00;SC;101;SAO JOSE;Trafegar com motocicleta (ou similar) entre as faixas;Colisï¿½o traseira;Com Vï¿½timas Fatais;Pleno dia;Cï¿½u Claro;Mï¿½ltipla;Reta;Sim;1;1
2025-04-30;quarta-feira;11:30:00;MA;222;ITAPECURU MIRIM;Curva acentuada;Tombamento;Com Vï¿½timas Feridas;Pleno dia;Sol;Simples;Curva;Nï¿½o;0;0
2025-04-30;quarta-feira;14:36:00;CE;304;ARACATI;Manobra de mudanï¿½a de faixa;Colisï¿½o lateral mesmo sentido;Com Vï¿½timas Feridas;Pleno dia;Cï¿½u Claro;Dupla;Curva;Nï¿½o;0;0
2025-04-30;quarta-feira;12:30:00;GO;80;PADRE BERNARDO;Demais falhas mecï¿½nicas ou elï¿½tricas;Tombamento;Com Vï¿½timas Feridas;Pleno dia;Cï¿½u Claro;Simples;Reta;Nï¿½o;0;0
2025-04-30;quarta-feira;19:00:00;SP;116;GUARULHOS;Manobra de mudanï¿½a de faixa;Colisï¿½o lateral mesmo sentido;Com Vï¿½timas Feridas;Plena Noite;Nublado;Mï¿½ltipla;"Em Obras;Reta";Nï¿½o;0;0
2025-04-30;quarta-feira;18:15:00;SP;381;ATIBAIA;Trafegar com motocicleta (ou similar) entre as faixas;Colisï¿½o traseira;Com Vï¿½timas Feridas;Anoitecer;Cï¿½u Claro;Simples;"Em Obras;Reta";Sim;0;0
2025-04-30;quarta-feira;19:00:00;MG;459;CALDAS;Ultrapassagem Indevida;Colisï¿½o lateral mesmo sentido;Com Vï¿½timas Feridas;Plena Noite;Cï¿½u Claro;Simples;Reta;Nï¿½o;0;0
2025-04-30;quarta-feira;19:30:00;MS;163;CAARAPO;Transitar na contramï¿½o;Colisï¿½o lateral sentido oposto;Com Vï¿½timas Feridas;Plena Noite;Cï¿½u Claro;Simples;Reta;Sim;0;0
2025-04-30;quarta-feira;20:55:00;GO;153;APARECIDA DE GOIANIA;Ausï¿½ncia de reaï¿½ï¿½o do condutor;Colisï¿½o com objeto;Com Vï¿½timas Feridas;Plena Noite;Cï¿½u Claro;Mï¿½ltipla;Reta;Sim;0;0
2025-04-30;quarta-feira;19:00:00;RJ;493;NOVA IGUACU;Demais falhas mecï¿½nicas ou elï¿½tricas;Incï¿½ndio;Sem Vï¿½timas;Plena Noite;Cï¿½u Claro;Dupla;Reta;Nï¿½o;0;0
2025-04-30;quarta-feira;17:50:00;RO;364;ALTO PARAISO;Ausï¿½ncia de reaï¿½ï¿½o do condutor;Colisï¿½o traseira;Com Vï¿½timas Feridas;Anoitecer;Chuva;Simples;Curva;Nï¿½o;0;0
2025-04-30;quarta-feira;19:00:00;MG;365;PATROCINIO;Reaï¿½ï¿½o tardia ou ineficiente do condutor;Saï¿½da de leito carroï¿½ï¿½vel;Com Vï¿½timas Feridas;Plena Noite;Nublado;Simples;Reta;Nï¿½o;0;0
2025-04-30;quarta-feira;21:00:00;PR;476;ARAUCARIA;Reaï¿½ï¿½o tardia ou ineficiente do condutor;Saï¿½da de leito carroï¿½ï¿½vel;Sem Vï¿½timas;Plena Noite;Cï¿½u Claro;Dupla;Reta;Nï¿½o;0;0
2025-04-30;quarta-feira;10:08:00;MS;359;COSTA RICA;Reaï¿½ï¿½o tardia ou ineficiente do condutor;Tombamento;Com Vï¿½timas Feridas;Pleno dia;Cï¿½u Claro;Simples;Reta;Nï¿½o;0;0
2025-04-30;quarta-feira;22:30:00;CE;116;ITAITINGA;Ingestï¿½o de ï¿½lcool pelo condutor;Colisï¿½o com objeto;Sem Vï¿½timas;Plena Noite;Cï¿½u Claro;Dupla;Retorno Regulamentado;Sim;0;0
2025-04-30;quarta-feira;22:15:00;MG;50;UBERABA;Ausï¿½ncia de reaï¿½ï¿½o do condutor;Colisï¿½o traseira;Com Vï¿½timas Feridas;Plena Noite;Cï¿½u Claro;Dupla;Reta;Nï¿½o;0;0
2025-04-30;quarta-feira;18:40:00;SC;282;ALFREDO WAGNER;Velocidade Incompatï¿½vel;Colisï¿½o frontal;Com Vï¿½timas Feridas;Plena Noite;Cï¿½u Claro;Simples;"Curva;Declive";Nï¿½o;0;0
2025-04-30;quarta-feira;23:40:00;PA;10;DOM ELISEU;Ausï¿½ncia de reaï¿½ï¿½o do condutor;Saï¿½da de leito carroï¿½ï¿½vel;Com Vï¿½timas Feridas;Plena Noite;Cï¿½u Claro;Simples;"Reta;Declive";Nï¿½o;0;0
2025-05-01;quinta-feira;02:20:00;AL;101;PORTO REAL DO COLEGIO;Condutor deixou de manter distï¿½ncia do veï¿½culo da frente;Colisï¿½o traseira;Com Vï¿½timas Feridas;Plena Noite;Cï¿½u Claro;Dupla;Reta;Nï¿½o;0;0
2025-05-01;quinta-feira;01:50:00;PA;222;ABEL FIGUEIREDO;Reaï¿½ï¿½o tardia ou ineficiente do condutor;Tombamento;Sem Vï¿½timas;Plena Noite;Cï¿½u Claro;Simples;Curva;Nï¿½o;0;0
2025-05-01;quinta-feira;05:04:00;MG;381;OLIVEIRA;Ausï¿½ncia de reaï¿½ï¿½o do condutor;Colisï¿½o traseira;Com Vï¿½timas Feridas;Amanhecer;Nublado;Dupla;Reta;Nï¿½o;0;0
2025-05-01;quinta-feira;04:45:00;GO;60;ALEXANIA;Demais falhas mecï¿½nicas ou elï¿½tricas;Incï¿½ndio;Sem Vï¿½timas;Plena Noite;Nublado;Dupla;Reta;Nï¿½o;0;0
2025-05-01;quinta-feira;05:40:00;CE;116;PACAJUS;Reaï¿½ï¿½o tardia ou ineficiente do condutor;Tombamento;Com Vï¿½timas Feridas;Pleno dia;Sol;Dupla;Curva;Sim;0;0
2025-05-01;quinta-feira;04:30:00;PI;316;VILA NOVA DO PIAUI;Ausï¿½ncia de reaï¿½ï¿½o do condutor;Colisï¿½o traseira;Com Vï¿½timas Fatais;Plena Noite;Cï¿½u Claro;Simples;"Reta;Aclive";Nï¿½o;1;1
2025-05-01;quinta-feira;05:30:00;PR;153;GENERAL CARNEIRO;Ausï¿½ncia de reaï¿½ï¿½o do condutor;Colisï¿½o frontal;Com Vï¿½timas Feridas;Amanhecer;Cï¿½u Claro;Simples;"Curva;Declive";Nï¿½o;0;0
2025-04-21;segunda-feira;22:40:00;PR;277;SANTA TEREZA DO OESTE;Desrespeitar a preferï¿½ncia no cruzamento;Colisï¿½o transversal;Com Vï¿½timas Feridas;Plena Noite;Cï¿½u Claro;Simples;"Rotatï¿½ria;Reta";Sim;0;0
2025-05-01;quinta-feira;06:50:00;RS;392;PELOTAS;Condutor Dormindo;Colisï¿½o frontal;Com Vï¿½timas Feridas;Amanhecer;Cï¿½u Claro;Simples;"Curva;Aclive";Nï¿½o;0;0
2025-05-01;quinta-feira;05:30:00;SC;101;LAGUNA;Reaï¿½ï¿½o tardia ou ineficiente do condutor;Colisï¿½o traseira;Com Vï¿½timas Feridas;Amanhecer;Cï¿½u Claro;Mï¿½ltipla;Reta;Sim;0;0
2025-05-01;quinta-feira;07:20:00;RN;427;CAICO;Reaï¿½ï¿½o tardia ou ineficiente do condutor;Colisï¿½o lateral sentido oposto;Com Vï¿½timas Fatais;Pleno dia;Cï¿½u Claro;Simples;Curva;Nï¿½o;1;1
2025-05-01;quinta-feira;07:50:00;SC;153;CONCORDIA;Acessar a via sem observar a presenï¿½a dos outros veï¿½culos;Colisï¿½o transversal;Com Vï¿½timas Feridas;Pleno dia;Nevoeiro/Neblina;Simples;"Reta;Aclive";Nï¿½o;0;0
2025-05-01;quinta-feira;08:00:00;PE;408;PAUDALHO;Manobra de mudanï¿½a de faixa;Colisï¿½o traseira;Sem Vï¿½timas;Pleno dia;Cï¿½u Claro;Dupla;Reta;Nï¿½o;0;0
2025-05-01;quinta-feira;09:00:00;PR;376;APUCARANA;Reaï¿½ï¿½o tardia ou ineficiente do condutor;Saï¿½da de leito carroï¿½ï¿½vel;Com Vï¿½timas Fatais;Pleno dia;Cï¿½u Claro;Dupla;Reta;Nï¿½o;1;1
2025-05-01;quinta-feira;07:45:00;RJ;101;CAMPOS DOS GOYTACAZES;Condutor deixou de manter distï¿½ncia do veï¿½culo da frente;Colisï¿½o traseira;Com Vï¿½timas Feridas;Pleno dia;Cï¿½u Claro;Mï¿½ltipla;Reta;Nï¿½o;0;0
2025-05-01;quinta-feira;08:55:00;RJ;116;PIRAI;Trafegar com motocicleta (ou similar) entre as faixas;Queda de ocupante de veï¿½culo;Com Vï¿½timas Feridas;Pleno dia;Cï¿½u Claro;Dupla;"Aclive;Curva";Nï¿½o;0;0
2025-05-01;quinta-feira;11:30:00;RJ;116;SEROPEDICA;Ausï¿½ncia de reaï¿½ï¿½o do condutor;Colisï¿½o traseira;Com Vï¿½timas Feridas;Pleno dia;Cï¿½u Claro;Dupla;Reta;Nï¿½o;0;0
2025-05-01;quinta-feira;10:00:00;SC;282;CAMPOS NOVOS;Velocidade Incompatï¿½vel;Tombamento;Com Vï¿½timas Feridas;Pleno dia;Sol;Simples;"Aclive;Rotatï¿½ria";Sim;0;0
2025-04-24;quinta-feira;01:15:00;SP;116;CAJATI;Reaï¿½ï¿½o tardia ou ineficiente do condutor;Tombamento;Com Vï¿½timas Feridas;Plena Noite;Cï¿½u Claro;Dupla;Curva;Nï¿½o;0;0
2025-05-01;quinta-feira;10:05:00;MT;364;RONDONOPOLIS;Ausï¿½ncia de reaï¿½ï¿½o do condutor;Colisï¿½o traseira;Com Vï¿½timas Feridas;Pleno dia;Cï¿½u Claro;Dupla;Reta;Nï¿½o;0;0
2025-05-01;quinta-feira;09:00:00;PR;373;FOZ DO JORDAO;Reaï¿½ï¿½o tardia ou ineficiente do condutor;Colisï¿½o lateral sentido oposto;Com Vï¿½timas Feridas;Pleno dia;Cï¿½u Claro;Simples;Reta;Nï¿½o;0;0
2025-04-30;quarta-feira;21:00:00;PR;153;RIO AZUL;Ausï¿½ncia de reaï¿½ï¿½o do condutor;Saï¿½da de leito carroï¿½ï¿½vel;Com Vï¿½timas Feridas;Plena Noite;Cï¿½u Claro;Simples;"Reta;Aclive";Nï¿½o;0;0
2025-05-01;quinta-feira;13:30:00;MG;365;JOAO PINHEIRO;Ultrapassagem Indevida;Colisï¿½o traseira;Com Vï¿½timas Feridas;Pleno dia;Cï¿½u Claro;Simples;Reta;Nï¿½o;0;0
2025-05-01;quinta-feira;12:12:00;PI;316;TERESINA;Ausï¿½ncia de reaï¿½ï¿½o do condutor;Colisï¿½o com objeto;Com Vï¿½timas Fatais;Pleno dia;Cï¿½u Claro;Mï¿½ltipla;Reta;Sim;1;1
2025-05-01;quinta-feira;11:00:00;MG;116;ALEM PARAIBA;Ausï¿½ncia de reaï¿½ï¿½o do condutor;Tombamento;Com Vï¿½timas Feridas;Pleno dia;Cï¿½u Claro;Simples;Curva;Nï¿½o;0;0
2025-05-01;quinta-feira;11:15:00;MG;262;JUATUBA;Ingestï¿½o de ï¿½lcool pelo condutor;Colisï¿½o lateral mesmo sentido;Sem Vï¿½timas;Pleno dia;Cï¿½u Claro;Dupla;"Interseï¿½ï¿½o de Vias;Curva;Declive";Nï¿½o;0;0
2025-05-01;quinta-feira;12:50:00;MS;262;AGUA CLARA;Acessar a via sem observar a presenï¿½a dos outros veï¿½culos;Eventos atï¿½picos;Com Vï¿½timas Feridas;Pleno dia;Sol;Simples;Reta;Nï¿½o;0;0
2025-05-01;quinta-feira;14:30:00;SP;116;TAUBATE;Reaï¿½ï¿½o tardia ou ineficiente do condutor;Colisï¿½o traseira;Com Vï¿½timas Feridas;Pleno dia;Cï¿½u Claro;Dupla;Reta;Sim;0;0
2025-05-01;quinta-feira;15:15:00;PR;376;MAUA DA SERRA;Reaï¿½ï¿½o tardia ou ineficiente do condutor;Saï¿½da de leito carroï¿½ï¿½vel;Com Vï¿½timas Feridas;Pleno dia;Cï¿½u Claro;Dupla;Reta;Sim;0;0
2025-05-01;quinta-feira;14:00:00;RJ;116;BARRA MANSA;Ausï¿½ncia de reaï¿½ï¿½o do condutor;Colisï¿½o traseira;Com Vï¿½timas Feridas;Pleno dia;Cï¿½u Claro;Dupla;Reta;Nï¿½o;0;0
2025-05-01;quinta-feira;16:00:00;MA;316;CODO;Ausï¿½ncia de reaï¿½ï¿½o do condutor;Colisï¿½o traseira;Com Vï¿½timas Fatais;Pleno dia;Cï¿½u Claro;Simples;"Interseï¿½ï¿½o de Vias;Reta";Sim;1;1
2025-05-01;quinta-feira;18:15:00;MS;262;CORUMBA;Reaï¿½ï¿½o tardia ou ineficiente do condutor;Colisï¿½o lateral sentido oposto;Com Vï¿½timas Feridas;Anoitecer;Cï¿½u Claro;Simples;Reta;Nï¿½o;0;0
2025-05-01;quinta-feira;17:50:00;MT;163;DIAMANTINO;Ausï¿½ncia de reaï¿½ï¿½o do condutor;Atropelamento de Pedestre;Com Vï¿½timas Feridas;Anoitecer;Cï¿½u Claro;Dupla;"Reta;Desvio Temporï¿½rio;Em Obras";Nï¿½o;0;0
2025-05-01;quinta-feira;19:00:00;RJ;393;VOLTA REDONDA;Pedestre - Ingestï¿½o de ï¿½lcool/ substï¿½ncias psicoativas;Atropelamento de Pedestre;Com Vï¿½timas Feridas;Plena Noite;Cï¿½u Claro;Simples;Reta;Sim;0;0
2025-05-01;quinta-feira;20:00:00;RJ;116;RESENDE;Reaï¿½ï¿½o tardia ou ineficiente do condutor;Colisï¿½o com objeto;Com Vï¿½timas Feridas;Plena Noite;Cï¿½u Claro;Simples;Reta;Nï¿½o;0;0
2025-05-01;quinta-feira;17:00:00;MG;365;MONTE CARMELO;Ingestï¿½o de ï¿½lcool pelo condutor;Colisï¿½o transversal;Com Vï¿½timas Feridas;Pleno dia;Cï¿½u Claro;Simples;Reta;Sim;0;0
2025-05-01;quinta-feira;18:40:00;RS;116;SAO MARCOS;Ausï¿½ncia de reaï¿½ï¿½o do condutor;Tombamento;Com Vï¿½timas Feridas;Plena Noite;Cï¿½u Claro;Simples;Curva;Sim;0;0
2025-05-01;quinta-feira;12:15:00;MG;381;SAO GONCALO DO RIO ABAIXO;Chuva;Colisï¿½o lateral sentido oposto;Com Vï¿½timas Feridas;Pleno dia;Chuva;Simples;"Curva;Declive";Nï¿½o;0;0