data_inversa;dia_semana;horario;uf;br;municipio;causa_acidente;tipo_acidente;classificacao_acidente;fase_dia;condicao_metereologica;tipo_pista;tracado_via;uso_solo;mortos;acidente_fatal
2025-05-01;quinta-feira;20:59:00;AL;101;PILAR;Reaï¿½ï¿½o tardia ou ineficiente do condutor;Colisï¿½o traseira;Com Vï¿½timas Feridas;Plena Noite;Cï¿½u Claro;Dupla;Reta;Nï¿½o;0;0
2025-05-01;quinta-feira;22:50:00;RS;116;GUAIBA;Pedestre andava na pista;Atropelamento de Pedestre;Com Vï¿½timas Feridas;Plena Noite;Cï¿½u Claro;Simples;"Reta;Declive";Sim;0;0
2025-05-01;quinta-feira;19:40:00;RJ;116;TERESOPOLIS;Ingestï¿½o de ï¿½lcool pelo condutor;Colisï¿½o lateral sentido oposto;Sem Vï¿½timas;Plena Noite;Cï¿½u Claro;Simples;Reta;Nï¿½o;0;0
2025-05-02;sexta-feira;00:10:00;MG;153;FRONTEIRA;Ausï¿½ncia de reaï¿½ï¿½o do condutor;Colisï¿½o lateral sentido oposto;Com Vï¿½timas Feridas;Plena Noite;Cï¿½u Claro;Simples;Reta;Sim;0;0
2025-05-01;quinta-feira;17:40:00;BA;116;TUCANO;Ingestï¿½o de ï¿½lcool pelo condutor;Saï¿½da de leito carroï¿½ï¿½vel;Com Vï¿½timas Fatais;Pleno dia;Cï¿½u Claro;Simples;"Curva;Em Obras";Sim;2;1
2025-05-01;quinta-feira;14:00:00;BA;116;TUCANO;Acessar a via sem observar a presenï¿½a dos outros veï¿½culos;Atropelamento de Pedestre;Com Vï¿½timas Feridas;Pleno dia;Sol;Simples;"Reta;Em Obras;Aclive";Nï¿½o;0;0
2025-05-02;sexta-feira;01:15:00;MG;262;UBERABA;Acessar a via sem observar a presenï¿½a dos outros veï¿½culos;Colisï¿½o transversal;Com Vï¿½timas Feridas;Plena Noite;Cï¿½u Claro;Simples;"Reta;Interseï¿½ï¿½o de Vias";Nï¿½o;0;0
2025-05-02;sexta-feira;00:10:00;PE;232;ARCOVERDE;Manobra de mudanï¿½a de faixa;Colisï¿½o frontal;Com Vï¿½timas Feridas;Plena Noite;Cï¿½u Claro;Simples;Reta;Sim;0;0
2025-05-02;sexta-feira;05:46:00;RS;116;ESTEIO;Condutor deixou de manter distï¿½ncia do veï¿½culo da frente;Colisï¿½o traseira;Com Vï¿½timas Feridas;Amanhecer;Cï¿½u Claro;Dupla;Reta;Nï¿½o;0;0
2025-05-02;sexta-feira;04:20:00;RJ;393;VASSOURAS;Condutor Dormindo;Colisï¿½o lateral sentido oposto;Com Vï¿½timas Feridas;Plena Noite;Cï¿½u Claro;Simples;Curva;Nï¿½o;0;0
2025-05-01;quinta-feira;22:20:00;BA;242;SEABRA;Transitar na contramï¿½o;Colisï¿½o lateral sentido oposto;Com Vï¿½timas Feridas;Plena Noite;Chuva;Simples;Reta;Nï¿½o;0;0
2025-05-02;sexta-feira;06:20:00;BA;116;VITORIA DA CONQUISTA;Velocidade Incompatï¿½vel;Saï¿½da de leito carroï¿½ï¿½vel;Com Vï¿½timas Feridas;Amanhecer;Cï¿½u Claro;Simples;Reta;Nï¿½o;0;0
2025-05-02;sexta-feira;07:40:00;BA;324;SALVADOR;Trafegar com motocicleta (ou similar) entre as faixas;Colisï¿½o traseira;Com Vï¿½timas Feridas;Pleno dia;Chuva;Mï¿½ltipla;Reta;Sim;0;0
2025-05-02;sexta-feira;06:00:00;ES;101;JAGUARE;Condutor deixou de manter distï¿½ncia do veï¿½culo da frente;Colisï¿½o traseira;Com Vï¿½timas Feridas;Pleno dia;Nublado;Simples;Reta;Nï¿½o;0;0
2025-05-02;sexta-feira;08:35:00;RS;470;VERANOPOLIS;Acessar a via sem observar a presenï¿½a dos outros veï¿½culos;Colisï¿½o transversal;Com Vï¿½timas Feridas;Pleno dia;Cï¿½u Claro;Simples;Reta;Sim;0;0
2025-05-02;sexta-feira;07:20:00;MG;381;BRUMADINHO;Velocidade Incompatï¿½vel;Tombamento;Com Vï¿½timas Feridas;Pleno dia;Cï¿½u Claro;Dupla;"Curva;Declive";Nï¿½o;0;0
2025-05-02;sexta-feira;08:20:00;RS;285;CASEIROS;Reaï¿½ï¿½o tardia ou ineficiente do condutor;Saï¿½da de leito carroï¿½ï¿½vel;Com Vï¿½timas Feridas;Pleno dia;Nublado;Simples;Curva;Nï¿½o;0;0
2025-05-02;sexta-feira;09:20:00;ES;101;CARIACICA;Manobra de mudanï¿½a de faixa;Colisï¿½o lateral mesmo sentido;Com Vï¿½timas Feridas;Pleno dia;Cï¿½u Claro;Dupla;Reta;Nï¿½o;0;0
2025-05-02;sexta-feira;05:20:00;RO;364;ITAPUA DO OESTE;Transitar na contramï¿½o;Colisï¿½o frontal;Com Vï¿½timas Fatais;Amanhecer;Nublado;Simples;Curva;Nï¿½o;1;1
2025-05-02;sexta-feira;11:00:00;PR;277;CANDOI;Acessar a via sem observar a presenï¿½a dos outros veï¿½culos;Colisï¿½o transversal;Com Vï¿½timas Feridas;Pleno dia;Cï¿½u Claro;Simples;Reta;Sim;0;0
2025-05-02;sexta-feira;09:00:00;MG;262;ABRE CAMPO;Ausï¿½ncia de reaï¿½ï¿½o do condutor;Colisï¿½o traseira;Com Vï¿½timas Feridas;Pleno dia;Cï¿½u Claro;Simples;"Aclive;Curva";Nï¿½o;0;0
2025-05-02;sexta-feira;10:30:00;RS;392;SANTA MARIA;Reaï¿½ï¿½o tardia ou ineficiente do condutor;Colisï¿½o traseira;Sem Vï¿½timas;Pleno dia;Nublado;Simples;Em Obras;Nï¿½o;0;0
2025-05-02;sexta-feira;11:05:00;MT;364;CUIABA;Manobra de mudanï¿½a de faixa;Colisï¿½o transversal;Com Vï¿½timas Feridas;Pleno dia;Sol;Dupla;Reta;Nï¿½o;0;0
2025-05-02;sexta-feira;14:00:00;MG;40;NOVA LIMA;Transitar na contramï¿½o;Colisï¿½o frontal;Com Vï¿½timas Feridas;Pleno dia;Nublado;Simples;"Reta;Aclive";Sim;0;0
2025-05-02;sexta-feira;14:00:00;RS;158;SANTA MARIA;Manobra de mudanï¿½a de faixa;Colisï¿½o lateral mesmo sentido;Com Vï¿½timas Feridas;Pleno dia;Cï¿½u Claro;Dupla;"Reta;Aclive";Sim;0;0
2025-05-02;sexta-feira;12:15:00;SE;101;NOSSA SENHORA DO SOCORRO;Entrada inopinada do pedestre;Colisï¿½o traseira;Sem Vï¿½timas;Pleno dia;Nublado;Dupla;Reta;Sim;0;0
2025-05-02;sexta-feira;08:20:00;BA;324;SAO SEBASTIAO DO PASSE;Ausï¿½ncia de reaï¿½ï¿½o do condutor;Saï¿½da de leito carroï¿½ï¿½vel;Com Vï¿½timas Feridas;Pleno dia;Chuva;Dupla;Reta;Nï¿½o;0;0
2025-05-02;sexta-feira;12:30:00;RJ;116;QUEIMADOS;Condutor Dormindo;Colisï¿½o com objeto;Com Vï¿½timas Feridas;Pleno dia;Cï¿½u Claro;Dupla;Curva;Nï¿½o;0;0
2025-05-02;sexta-feira;13:20:00;SC;101;NAVEGANTES;Reaï¿½ï¿½o tardia ou ineficiente do condutor;Tombamento;Com Vï¿½timas Fatais;Pleno dia;Nublado;Dupla;Curva;Sim;1;1
2025-05-02;sexta-feira;13:00:00;MG;381;SAO GONCALO DO RIO ABAIXO;Reaï¿½ï¿½o tardia ou ineficiente do condutor;Tombamento;Com Vï¿½timas Feridas;Pleno dia;Cï¿½u Claro;Simples;"Curva;Aclive";Nï¿½o;0;0
2025-05-02;sexta-feira;14:50:00;MT;70;CUIABA;Ultrapassagem Indevida;Colisï¿½o transversal;Com Vï¿½timas Feridas;Pleno dia;Sol;Simples;Reta;Sim;0;0
2025-05-02;sexta-feira;17:00:00;GO;60;ACREUNA;Conversï¿½o proibida;Colisï¿½o traseira;Com Vï¿½timas Fatais;Pleno dia;Cï¿½u Claro;Dupla;Reta;Nï¿½o;1;1
2025-05-02;sexta-feira;14:45:00;MT;364;VARZEA GRANDE;Condutor deixou de manter distï¿½ncia do veï¿½culo da frente;Colisï¿½o traseira;Com Vï¿½timas Feridas;Pleno dia;Cï¿½u Claro;Dupla;Reta;Sim;0;0
2025-05-02;sexta-feira;17:00:00;RS;290;BUTIA;Ultrapassagem Indevida;Colisï¿½o frontal;Com Vï¿½timas Feridas;Pleno dia;Cï¿½u Claro;Simples;Reta;Nï¿½o;0;0
2025-05-02;sexta-feira;18:35:00;RS;386;LAJEADO;Desrespeitar a preferï¿½ncia no cruzamento;Colisï¿½o transversal;Sem Vï¿½timas;Plena Noite;Ignorado;Simples;"Reta;Em Obras";Sim;0;0
2025-05-02;sexta-feira;18:00:00;ES;101;RIO NOVO DO SUL;Frear bruscamente;Colisï¿½o traseira;Com Vï¿½timas Feridas;Plena Noite;Cï¿½u Claro;Simples;Curva;Nï¿½o;0;0
2025-05-02;sexta-feira;15:30:00;RJ;101;ITABORAI;Entrada inopinada do pedestre;Atropelamento de Pedestre;Com Vï¿½timas Feridas;Pleno dia;Cï¿½u Claro;Dupla;Declive;Sim;0;0
2025-05-02;sexta-feira;17:53:00;SC;470;BLUMENAU;Acessar a via sem observar a presenï¿½a dos outros veï¿½culos;Colisï¿½o transversal;Com Vï¿½timas Feridas;Anoitecer;Cï¿½u Claro;Simples;"Em Obras;Interseï¿½ï¿½o de Vias";Sim;0;0
2025-05-02;sexta-feira;18:35:00;AP;210;MACAPA;Transitar na contramï¿½o;Colisï¿½o frontal;Com Vï¿½timas Fatais;Anoitecer;Cï¿½u Claro;Simples;Reta;Nï¿½o;2;1
2025-05-02;sexta-feira;18:20:00;AL;416;COLONIA LEOPOLDINA;Velocidade Incompatï¿½vel;Tombamento;Com Vï¿½timas Fatais;Plena Noite;Cï¿½u Claro;Simples;"Curva;Declive";Nï¿½o;1;1
2025-05-02;sexta-feira;17:28:00;MS;158;BRASILANDIA;Reaï¿½ï¿½o tardia ou ineficiente do condutor;Saï¿½da de leito carroï¿½ï¿½vel;Com Vï¿½timas Fatais;Anoitecer;Cï¿½u Claro;Simples;Reta;Nï¿½o;1;1
2025-05-02;sexta-feira;13:40:00;PR;277;CANTAGALO;Reaï¿½ï¿½o tardia ou ineficiente do condutor;Tombamento;Com Vï¿½timas Feridas;Pleno dia;Nublado;Simples;Curva;Nï¿½o;0;0
2025-05-02;sexta-feira;18:15:00;MG;381;SAO GONCALO DO SAPUCAI;Deficiï¿½ncia do Sistema de Iluminaï¿½ï¿½o/Sinalizaï¿½ï¿½o;Saï¿½da de leito carroï¿½ï¿½vel;Com Vï¿½timas Feridas;Plena Noite;Cï¿½u Claro;Dupla;Reta;Nï¿½o;0;0
2025-05-02;sexta-feira;20:15:00;MG;50;UBERLANDIA;Problema na suspensï¿½o;Colisï¿½o com objeto;Com Vï¿½timas Feridas;Anoitecer;Cï¿½u Claro;Dupla;Reta;Nï¿½o;0;0
2025-05-02;sexta-feira;19:30:00;RJ;393;BARRA DO PIRAI;Velocidade Incompatï¿½vel;Tombamento;Com Vï¿½timas Feridas;Plena Noite;Ignorado;Simples;Curva;Nï¿½o;0;0
2025-05-02;sexta-feira;21:30:00;MG;40;CRISTIANO OTONI;Acesso irregular;Colisï¿½o frontal;Sem Vï¿½timas;Plena Noite;Nublado;Simples;Reta;Nï¿½o;0;0
2025-05-02;sexta-feira;18:30:00;SC;282;BOM RETIRO;Transitar na contramï¿½o;Colisï¿½o frontal;Com Vï¿½timas Feridas;Plena Noite;Cï¿½u Claro;Simples;"Reta;Ponte";Nï¿½o;0;0
2025-05-02;sexta-feira;19:20:00;BA;116;VITORIA DA CONQUISTA;Ultrapassagem Indevida;Colisï¿½o lateral sentido oposto;Com Vï¿½timas Feridas;Plena Noite;Garoa/Chuvisco;Simples;Reta;Nï¿½o;0;0
2025-05-02;sexta-feira;19:30:00;RR;174;BOA VISTA;Manobra de mudanï¿½a de faixa;Colisï¿½o lateral sentido oposto;Com Vï¿½timas Feridas;Plena Noite;Nublado;Simples;Reta;Nï¿½o;0;0
2025-05-02;sexta-feira;21:45:00;AL;316;SANTANA DO IPANEMA;Manobra de mudanï¿½a de faixa;Colisï¿½o frontal;Com Vï¿½timas Fatais;Plena Noite;Cï¿½u Claro;Simples;"Declive;Reta";Sim;1;1
2025-05-02;sexta-feira;22:40:00;SC;282;VARGEAO;Acessar a via sem observar a presenï¿½a dos outros veï¿½culos;Colisï¿½o transversal;Com Vï¿½timas Feridas;Plena Noite;Cï¿½u Claro;Simples;"Reta;Interseï¿½ï¿½o de Vias";Nï¿½o;0;0
2025-05-02;sexta-feira;19:00:00;MG;381;TRES CORACOES;Acessar a via sem observar a presenï¿½a dos outros veï¿½culos;Colisï¿½o traseira;Com Vï¿½timas Feridas;Plena Noite;Cï¿½u Claro;Dupla;Reta;Sim;0;0
2025-05-02;sexta-feira;20:57:00;PB;230;POMBAL;Transitar na contramï¿½o;Colisï¿½o frontal;Com Vï¿½timas Fatais;Plena Noite;Cï¿½u Claro;Simples;Reta;Nï¿½o;1;1
2025-05-03;sï¿½bado;01:20:00;SP;116;PARIQUERA-ACU;Condutor Dormindo;Colisï¿½o traseira;Com Vï¿½timas Feridas;Plena Noite;Nublado;Dupla;Reta;Nï¿½o;0;0
2025-05-02;sexta-feira;19:00:00;MS;262;TERENOS;Demais falhas mecï¿½nicas ou elï¿½tricas;Incï¿½ndio;Sem Vï¿½timas;Plena Noite;Cï¿½u Claro;Simples;Curva;Nï¿½o;0;0
2025-05-02;sexta-feira;17:05:00;SC;280;CORUPA;Transitar na contramï¿½o;Colisï¿½o frontal;Com Vï¿½timas Fatais;Pleno dia;Cï¿½u Claro;Simples;"Aclive;Curva";Nï¿½o;2;1
2025-05-03;sï¿½bado;03:00:00;SP;116;ARUJA;Animais na Pista;Atropelamento de Animal;Com Vï¿½timas Feridas;Plena Noite;Nublado;Dupla;Reta;Sim;0;0
2025-05-03;sï¿½bado;00:55:00;PR;373;PONTA GROSSA;Ingestï¿½o de ï¿½lcool pelo condutor;Colisï¿½o com objeto;Com Vï¿½timas Feridas;Plena Noite;Cï¿½u Claro;Dupla;Curva;Sim;0;0
2025-05-03;sï¿½bado;04:20:00;PB;101;ALHANDRA;Reaï¿½ï¿½o tardia ou ineficiente do condutor;Colisï¿½o lateral mesmo sentido;Com Vï¿½timas Feridas;Amanhecer;Cï¿½u Claro;Dupla;Reta;Nï¿½o;0;0
2025-05-02;sexta-feira;22:05:00;BA;116;FEIRA DE SANTANA;Reaï¿½ï¿½o tardia ou ineficiente do condutor;Saï¿½da de leito carroï¿½ï¿½vel;Com Vï¿½timas Feridas;Plena Noite;Chuva;Dupla;Declive;Nï¿½o;0;0
2025-05-02;sexta-feira;20:10:00;PB;101;ALHANDRA;Reaï¿½ï¿½o tardia ou ineficiente do condutor;Colisï¿½o traseira;Sem Vï¿½timas;Plena Noite;Cï¿½u Claro;Dupla;Reta;Nï¿½o;0;0
2025-05-03;sï¿½bado;04:10:00;TO;153;OLIVEIRA DE FATIMA;Demais Fenï¿½menos da natureza;Colisï¿½o com objeto;Com Vï¿½timas Feridas;Amanhecer;Garoa/Chuvisco;Simples;Declive;Nï¿½o;0;0
2025-05-03;sï¿½bado;06:15:00;PR;277;FERNANDES PINHEIRO;Demais falhas mecï¿½nicas ou elï¿½tricas;Incï¿½ndio;Sem Vï¿½timas;Amanhecer;Nevoeiro/Neblina;Simples;"Reta;Aclive";Nï¿½o;0;0
2025-05-03;sï¿½bado;06:00:00;TO;153;GUARAI;Reaï¿½ï¿½o tardia ou ineficiente do condutor;Tombamento;Sem Vï¿½timas;Pleno dia;Cï¿½u Claro;Simples;"Reta;Declive";Nï¿½o;0;0
2025-05-03;sï¿½bado;05:30:00;BA;116;CANUDOS;Ausï¿½ncia de reaï¿½ï¿½o do condutor;Saï¿½da de leito carroï¿½ï¿½vel;Com Vï¿½timas Fatais;Amanhecer;Chuva;Simples;Reta;Nï¿½o;1;1
2025-05-03;sï¿½bado;09:10:00;RS;471;RIO PARDO;Ultrapassagem Indevida;Colisï¿½o frontal;Com Vï¿½timas Fatais;Pleno dia;Cï¿½u Claro;Simples;Reta;Nï¿½o;1;1
2025-05-03;sï¿½bado;09:00:00;MA;226;BARRA DO CORDA;Demais falhas mecï¿½nicas ou elï¿½tricas;Saï¿½da de leito carroï¿½ï¿½vel;Com Vï¿½timas Feridas;Pleno dia;Nublado;Simples;"Declive;Curva";Nï¿½o;0;0
2025-05-03;sï¿½bado;10:25:00;PB;230;CAMPINA GRANDE;Reaï¿½ï¿½o tardia ou ineficiente do condutor;Tombamento;Com Vï¿½timas Feridas;Pleno dia;Cï¿½u Claro;Dupla;Reta;Sim;0;0
2025-05-03;sï¿½bado;07:54:00;RS;470;BENTO GONCALVES;Reaï¿½ï¿½o tardia ou ineficiente do condutor;Colisï¿½o frontal;Com Vï¿½timas Fatais;Pleno dia;Cï¿½u Claro;Simples;Declive;Sim;1;1
2025-04-05;sï¿½bado;23:00:00;BA;101;CAMACAN;Ingestï¿½o de ï¿½lcool pelo condutor;Colisï¿½o lateral sentido oposto;Com Vï¿½timas Fatais;Plena Noite;Cï¿½u Claro;Simples;Reta;Nï¿½o;2;1
2025-05-03;sï¿½bado;12:40:00;TO;153;GUARAI;Ausï¿½ncia de reaï¿½ï¿½o do condutor;Colisï¿½o lateral mesmo sentido;Sem Vï¿½timas;Pleno dia;Cï¿½u Claro;Simples;Reta;Sim;0;0
2025-05-03;sï¿½bado;12:20:00;PA;155;ELDORADO DO CARAJAS;Acessar a via sem observar a presenï¿½a dos outros veï¿½culos;Colisï¿½o traseira;Com Vï¿½timas Feridas;Pleno dia;Cï¿½u Claro;Simples;Curva;Nï¿½o;0;0
2025-05-03;sï¿½bado;11:50:00;BA;116;NOVA ITARANA;Transitar na contramï¿½o;Colisï¿½o frontal;Com Vï¿½timas Fatais;Pleno dia;Cï¿½u Claro;Simples;"Reta;Declive";Nï¿½o;1;1
2025-05-03;sï¿½bado;12:45:00;PR;376;TIBAGI;Reaï¿½ï¿½o tardia ou ineficiente do condutor;Colisï¿½o lateral mesmo sentido;Com Vï¿½timas Feridas;Pleno dia;Sol;Dupla;"Aclive;Curva";Nï¿½o;0;0
2025-05-03;sï¿½bado;11:25:00;MT;364;JACIARA;Reaï¿½ï¿½o tardia ou ineficiente do condutor;Tombamento;Sem Vï¿½timas;Pleno dia;Cï¿½u Claro;Simples;Reta;Nï¿½o;0;0
2025-05-03;sï¿½bado;13:00:00;PR;476;RIO BRANCO DO SUL;Transitar na contramï¿½o;Colisï¿½o lateral sentido oposto;Com Vï¿½timas Fatais;Pleno dia;Cï¿½u Claro;Simples;"Curva;Aclive";Nï¿½o;1;1
2025-05-03;sï¿½bado;10:30:00;MT;163;SINOP;Retorno proibido;Colisï¿½o transversal;Com Vï¿½timas Feridas;Pleno dia;Cï¿½u Claro;Simples;Reta;Nï¿½o;0;0
2025-05-03;sï¿½bado;12:50:00;RJ;393;TRES RIOS;Reaï¿½ï¿½o tardia ou ineficiente do condutor;Colisï¿½o traseira;Com Vï¿½timas Feridas;Pleno dia;Sol;Simples;Reta;Nï¿½o;0;0
2025-05-03;sï¿½bado;10:15:00;PB;104;QUEIMADAS;Carga excessiva e/ou mal acondicionada;Capotamento;Com Vï¿½timas Feridas;Pleno dia;Sol;Simples;Reta;Nï¿½o;0;0
2025-05-03;sï¿½bado;15:10:00;PE;101;GOIANA;Manobra de mudanï¿½a de faixa;Colisï¿½o lateral mesmo sentido;Sem Vï¿½timas;Pleno dia;Cï¿½u Claro;Dupla;Curva;Nï¿½o;0;0
2025-05-03;sï¿½bado;13:30:00;SC;280;SAO BENTO DO SUL;Acessar a via sem observar a presenï¿½a dos outros veï¿½culos;Colisï¿½o transversal;Com Vï¿½timas Feridas;Pleno dia;Cï¿½u Claro;Simples;"Interseï¿½ï¿½o de Vias;Curva";Nï¿½o;0;0
2025-05-03;sï¿½bado;16:55:00;SP;116;MIRACATU;Demais falhas mecï¿½nicas ou elï¿½tricas;Incï¿½ndio;Sem Vï¿½timas;Pleno dia;Cï¿½u Claro;Dupla;"Reta;Aclive";Nï¿½o;0;0
2025-05-03;sï¿½bado;15:15:00;RS;386;IRAI;Ultrapassagem Indevida;Colisï¿½o frontal;Com Vï¿½timas Fatais;Pleno dia;Cï¿½u Claro;Simples;Reta;Nï¿½o;1;1
2025-05-03;sï¿½bado;19:30:00;PR;373;PONTA GROSSA;Ingestï¿½o de ï¿½lcool pelo condutor;Colisï¿½o lateral mesmo sentido;Com Vï¿½timas Feridas;Plena Noite;Cï¿½u Claro;Mï¿½ltipla;"Declive;Reta";Sim;0;0
2025-05-03;sï¿½bado;08:00:00;MT;70;POXOREU;Velocidade Incompatï¿½vel;Saï¿½da de leito carroï¿½ï¿½vel;Com Vï¿½timas Fatais;Pleno dia;Cï¿½u Claro;Simples;"Curva;Aclive";Nï¿½o;1;1
2025-05-03;sï¿½bado;19:45:00;PR;376;GUARATUBA;Demais falhas mecï¿½nicas ou elï¿½tricas;Incï¿½ndio;Sem Vï¿½timas;Plena Noite;Cï¿½u Claro;Dupla;"Reta;Aclive";Nï¿½o;0;0
2025-05-03;sï¿½bado;20:45:00;ES;101;LINHARES;Frear bruscamente;Colisï¿½o traseira;Com Vï¿½timas Feridas;Plena Noite;Nublado;Simples;Reta;Nï¿½o;0;0
2025-05-03;sï¿½bado;20:30:00;RJ;465;SEROPEDICA;Ausï¿½ncia de reaï¿½ï¿½o do condutor;Colisï¿½o com objeto;Com Vï¿½timas Fatais;Plena Noite;Ignorado;Dupla;Reta;Nï¿½o;1;1
2025-05-03;sï¿½bado;19:20:00;SC;163;SAO MIGUEL DO OESTE;Ingestï¿½o de ï¿½lcool pelo condutor;Colisï¿½o lateral sentido oposto;Sem Vï¿½timas;Plena Noite;Cï¿½u Claro;Simples;Curva;Nï¿½o;0;0
2025-05-03;sï¿½bado;20:00:00;MT;163;VERA;Problema com o freio;Incï¿½ndio;Sem Vï¿½timas;Plena Noite;Cï¿½u Claro;Simples;"Reta;Aclive";Nï¿½o;0;0
2025-05-03;sï¿½bado;22:30:00;MS;267;RIO BRILHANTE;Condutor Dormindo;Tombamento;Com Vï¿½timas Feridas;Plena Noite;Cï¿½u Claro;Simples;"Reta;Rotatï¿½ria";Nï¿½o;0;0
2025-05-03;sï¿½bado;23:57:00;MG;251;GRAO MOGOL;Velocidade Incompatï¿½vel;Capotamento;Com Vï¿½timas Feridas;Plena Noite;Cï¿½u Claro;Simples;Curva;Nï¿½o;0;0
2025-05-03;sï¿½bado;21:30:00;MA;222;PINDARE-MIRIM;Animais na Pista;Colisï¿½o frontal;Com Vï¿½timas Feridas;Plena Noite;Cï¿½u Claro;Simples;Reta;Nï¿½o;0;0
2025-05-03;sï¿½bado;23:45:00;SC;282;XAXIM;Ausï¿½ncia de reaï¿½ï¿½o do condutor;Colisï¿½o frontal;Com Vï¿½timas Fatais;Plena Noite;Cï¿½u Claro;Simples;"Reta;Aclive";Nï¿½o;1;1
2025-05-04;domingo;00:05:00;RO;364;CACOAL;Acessar a via sem observar a presenï¿½a dos outros veï¿½culos;Colisï¿½o transversal;Com Vï¿½timas Feridas;Plena Noite;Ignorado;Simples;"Reta;Rotatï¿½ria;Interseï¿½ï¿½o de Vias";Sim;0;0
2025-05-03;sï¿½bado;23:30:00;MG;116;SANTANA DO PARAISO;Condutor Dormindo;Colisï¿½o com objeto;Sem Vï¿½timas;Plena Noite;Cï¿½u Claro;Simples;Curva;Nï¿½o;0;0
2025-05-04;domingo;08:30:00;GO;60;GOIANIA;Condutor deixou de manter distï¿½ncia do veï¿½culo da frente;Colisï¿½o lateral mesmo sentido;Com Vï¿½timas Feridas;Pleno dia;Sol;Dupla;"Reta;Rotatï¿½ria";Sim;0;0
2025-05-04;domingo;08:32:00;MT;158;AGUA BOA;Transitar na contramï¿½o;Colisï¿½o lateral sentido oposto;Com Vï¿½timas Feridas;Pleno dia;Sol;Simples;Reta;Nï¿½o;0;0
2025-05-04;domingo;03:45:00;BA;324;RIACHAO DO JACUIPE;Ausï¿½ncia de reaï¿½ï¿½o do condutor;Colisï¿½o lateral sentido oposto;Com Vï¿½timas Feridas;Plena Noite;Nublado;Simples;Declive;Nï¿½o;0;0
2025-05-04;domingo;10:20:00;MG;116;TEOFILO OTONI;Pedestre andava na pista;Atropelamento de Pedestre;Com Vï¿½timas Feridas;Pleno dia;Cï¿½u Claro;Simples;Reta;Sim;0;0
2025-05-04;domingo;09:50:00;MG;381;TRES CORACOES;Velocidade Incompatï¿½vel;Tombamento;Com Vï¿½timas Feridas;Pleno dia;Cï¿½u Claro;Dupla;"Curva;Declive";Nï¿½o;0;0
2025-05-04;domingo;09:40:00;MG;251;RUBELITA;Reaï¿½ï¿½o tardia ou ineficiente do condutor;Tombamento;Com Vï¿½timas Feridas;Pleno dia;Cï¿½u Claro;Simples;"Curva;Declive";Nï¿½o;0;0
2025-05-04;domingo;11:20:00;MS;163;ELDORADO;Demais falhas mecï¿½nicas ou elï¿½tricas;Incï¿½ndio;Sem Vï¿½timas;Pleno dia;Cï¿½u Claro;Simples;Reta;Nï¿½o;0;0
2025-05-04;domingo;08:45:00;SC;282;PONTE SERRADA;Acostamento em desnï¿½vel;Saï¿½da de leito carroï¿½ï¿½vel;Com Vï¿½timas Feridas;Pleno dia;Cï¿½u Claro;Simples;Curva;Nï¿½o;0;0
2025-05-04;domingo;15:00:00;AL;101;PILAR;Desvio temporï¿½rio;Colisï¿½o frontal;Com Vï¿½timas Feridas;Pleno dia;Cï¿½u Claro;Simples;"Reta;Declive";Nï¿½o;0;0
2025-05-04;domingo;14:40:00;GO;80;PADRE BERNARDO;Pista Escorregadia;Queda de ocupante de veï¿½culo;Com Vï¿½timas Fatais;Pleno dia;Cï¿½u Claro;Simples;Curva;Nï¿½o;1;1
2025-05-04;domingo;16:30:00;MG;262;IBIA;Velocidade Incompatï¿½vel;Tombamento;Com Vï¿½timas Feridas;Pleno dia;Nublado;Simples;"Curva;Declive";Nï¿½o;0;0
2025-05-04;domingo;17:15:00;SC;153;IRANI;Demais falhas mecï¿½nicas ou elï¿½tricas;Incï¿½ndio;Sem Vï¿½timas;Anoitecer;Cï¿½u Claro;Simples;"Reta;Declive";Nï¿½o;0;0
2025-05-04;domingo;16:30:00;MG;116;MATHIAS LOBATO;Ingestï¿½o de ï¿½lcool pelo condutor;Colisï¿½o traseira;Sem Vï¿½timas;Pleno dia;Cï¿½u Claro;Simples;Reta;Sim;0;0
2025-05-04;domingo;15:00:00;MA;222;ACAILANDIA;Demais falhas mecï¿½nicas ou elï¿½tricas;Incï¿½ndio;Sem Vï¿½timas;Pleno dia;Cï¿½u Claro;Simples;Reta;Nï¿½o;0;0
2025-05-04;domingo;19:05:00;PR;116;MANDIRITUBA;Reaï¿½ï¿½o tardia ou ineficiente do condutor;Colisï¿½o lateral mesmo sentido;Sem Vï¿½timas;Plena Noite;Cï¿½u Claro;Dupla;Reta;Nï¿½o;0;0
2025-05-04;domingo;20:00:00;PR;277;PARANAGUA;Ausï¿½ncia de sinalizaï¿½ï¿½o;Colisï¿½o traseira;Com Vï¿½timas Feridas;Plena Noite;Nublado;Dupla;Reta;Sim;0;0
2025-05-04;domingo;15:25:00;AL;101;PORTO REAL DO COLEGIO;Ausï¿½ncia de reaï¿½ï¿½o do condutor;Tombamento;Com Vï¿½timas Feridas;Pleno dia;Cï¿½u Claro;Mï¿½ltipla;Curva;Sim;0;0
2025-05-04;domingo;20:00:00;MG;262;LUZ;Curva acentuada;Tombamento;Com Vï¿½timas Feridas;Plena Noite;Cï¿½u Claro;Simples;"Curva;Declive";Nï¿½o;0;0
2025-05-04;domingo;15:15:00;MG;262;UBERABA;Velocidade Incompatï¿½vel;Tombamento;Com Vï¿½timas Feridas;Pleno dia;Cï¿½u Claro;Dupla;"Retorno Regulamentado;Rotatï¿½ria";Nï¿½o;0;0
2025-05-04;domingo;20:50:00;MG;365;JOAO PINHEIRO;Animais na Pista;Atropelamento de Animal;Com Vï¿½timas Feridas;Plena Noite;Cï¿½u Claro;Simples;"Reta;Aclive";Nï¿½o;0;0