data_inversa;dia_semana;horario;uf;br;municipio;causa_acidente;tipo_acidente;classificacao_acidente;fase_dia;condicao_metereologica;tipo_pista;tracado_via;uso_solo;mortos;acidente_fatal
2025-05-06;terï¿½a-feira;15:00:00;BA;242;SEABRA;Manobra de mudanï¿½a de faixa;Colisï¿½o frontal;Com Vï¿½timas Fatais;Pleno dia;Cï¿½u Claro;Simples;Reta;Nï¿½o;1;1
2025-05-06;terï¿½a-feira;14:45:00;RS;116;SAO MARCOS;Demais falhas mecï¿½nicas ou elï¿½tricas;Tombamento;Com Vï¿½timas Feridas;Pleno dia;Cï¿½u Claro;Simples;"Interseï¿½ï¿½o de Vias;Curva";Nï¿½o;0;0
2025-05-07;quarta-feira;01:20:00;SP;116;PINDAMONHANGABA;Acessar a via sem observar a presenï¿½a dos outros veï¿½culos;Colisï¿½o traseira;Com Vï¿½timas Feridas;Plena Noite;Cï¿½u Claro;Dupla;"Reta;Aclive";Sim;0;0
2025-05-07;quarta-feira;00:30:00;RN;304;ITAJA;Animais na Pista;Atropelamento de Animal;Com Vï¿½timas Feridas;Plena Noite;Cï¿½u Claro;Simples;Reta;Nï¿½o;0;0
2025-05-07;quarta-feira;00:10:00;PR;153;SANTO ANTONIO DA PLATINA;Carga excessiva e/ou mal acondicionada;Derramamento de carga;Com Vï¿½timas Fatais;Plena Noite;Cï¿½u Claro;Simples;Reta;Nï¿½o;1;1
2025-05-07;quarta-feira;00:20:00;PB;230;JOAO PESSOA;Suicï¿½dio (presumido);Eventos atï¿½picos;Com Vï¿½timas Fatais;Plena Noite;Cï¿½u Claro;Dupla;Reta;Sim;1;1
2025-05-07;quarta-feira;05:30:00;SC;280;ARAQUARI;Acessar a via sem observar a presenï¿½a dos outros veï¿½culos;Colisï¿½o transversal;Com Vï¿½timas Feridas;Pleno dia;Cï¿½u Claro;Simples;"Interseï¿½ï¿½o de Vias;Aclive";Sim;0;0
2025-05-07;quarta-feira;06:30:00;GO;364;JATAI;Mal sï¿½bito do condutor;Saï¿½da de leito carroï¿½ï¿½vel;Com Vï¿½timas Feridas;Pleno dia;Sol;Simples;Reta;Nï¿½o;0;0
2025-05-07;quarta-feira;05:00:00;PR;369;JACAREZINHO;Reaï¿½ï¿½o tardia ou ineficiente do condutor;Tombamento;Com Vï¿½timas Feridas;Amanhecer;Cï¿½u Claro;Simples;"Interseï¿½ï¿½o de Vias;Curva;Declive";Nï¿½o;0;0
2025-05-07;quarta-feira;06:50:00;SC;282;CHAPECO;Desrespeitar a preferï¿½ncia no cruzamento;Colisï¿½o transversal;Com Vï¿½timas Feridas;Pleno dia;Nublado;Simples;Rotatï¿½ria;Nï¿½o;0;0
2025-05-07;quarta-feira;06:50:00;SC;470;BLUMENAU;Demais falhas mecï¿½nicas ou elï¿½tricas;Tombamento;Com Vï¿½timas Feridas;Pleno dia;Nublado;Dupla;Retorno Regulamentado;Nï¿½o;0;0
2025-05-07;quarta-feira;08:57:00;MG;381;NOVA ERA;Ausï¿½ncia de reaï¿½ï¿½o do condutor;Saï¿½da de leito carroï¿½ï¿½vel;Com Vï¿½timas Feridas;Pleno dia;Cï¿½u Claro;Dupla;"Curva;Declive";Nï¿½o;0;0
2025-05-07;quarta-feira;08:45:00;BA;101;ITABELA;Velocidade Incompatï¿½vel;Saï¿½da de leito carroï¿½ï¿½vel;Com Vï¿½timas Feridas;Pleno dia;Cï¿½u Claro;Simples;Curva;Nï¿½o;0;0
2025-05-07;quarta-feira;09:30:00;DF;20;BRASILIA;Acessar a via sem observar a presenï¿½a dos outros veï¿½culos;Colisï¿½o lateral mesmo sentido;Sem Vï¿½timas;Pleno dia;Cï¿½u Claro;Dupla;"Reta;Retorno Regulamentado";Nï¿½o;0;0
2025-05-07;quarta-feira;06:15:00;SC;282;BOCAINA DO SUL;Condutor Dormindo;Colisï¿½o lateral sentido oposto;Com Vï¿½timas Feridas;Amanhecer;Nublado;Simples;Reta;Nï¿½o;0;0
2025-05-07;quarta-feira;11:30:00;MA;230;BALSAS;Acessar a via sem observar a presenï¿½a dos outros veï¿½culos;Colisï¿½o transversal;Com Vï¿½timas Feridas;Pleno dia;Cï¿½u Claro;Simples;"Reta;Retorno Regulamentado";Sim;0;0
2025-05-07;quarta-feira;12:45:00;PR;277;MORRETES;Demais falhas mecï¿½nicas ou elï¿½tricas;Tombamento;Com Vï¿½timas Feridas;Pleno dia;Cï¿½u Claro;Dupla;"Curva;Aclive";Nï¿½o;0;0
2025-05-07;quarta-feira;13:00:00;ES;262;MARECHAL FLORIANO;Velocidade Incompatï¿½vel;Colisï¿½o transversal;Com Vï¿½timas Fatais;Pleno dia;Cï¿½u Claro;Simples;Reta;Nï¿½o;1;1
2025-03-19;quarta-feira;14:05:00;RJ;393;VASSOURAS;Ultrapassagem Indevida;Colisï¿½o frontal;Com Vï¿½timas Fatais;Pleno dia;Cï¿½u Claro;Simples;Reta;Nï¿½o;1;1
2025-05-07;quarta-feira;08:20:00;MA;135;MATOES DO NORTE;Reaï¿½ï¿½o tardia ou ineficiente do condutor;Tombamento;Com Vï¿½timas Feridas;Pleno dia;Cï¿½u Claro;Simples;"Desvio Temporï¿½rio;Em Obras;Reta";Nï¿½o;0;0
2025-05-07;quarta-feira;09:20:00;GO;153;RIALMA;Condutor deixou de manter distï¿½ncia do veï¿½culo da frente;Colisï¿½o traseira;Com Vï¿½timas Feridas;Pleno dia;Cï¿½u Claro;Simples;"Reta;Declive";Nï¿½o;0;0
2025-05-07;quarta-feira;14:05:00;PB;101;CONDE;Reaï¿½ï¿½o tardia ou ineficiente do condutor;Saï¿½da de leito carroï¿½ï¿½vel;Com Vï¿½timas Feridas;Pleno dia;Cï¿½u Claro;Dupla;Curva;Nï¿½o;0;0
2025-05-01;quinta-feira;08:40:00;MS;262;TRES LAGOAS;Acessar a via sem observar a presenï¿½a dos outros veï¿½culos;Colisï¿½o transversal;Com Vï¿½timas Feridas;Pleno dia;Sol;Simples;Reta;Nï¿½o;0;0
2025-05-07;quarta-feira;12:37:00;MG;116;MURIAE;Ultrapassagem Indevida;Colisï¿½o lateral mesmo sentido;Com Vï¿½timas Feridas;Pleno dia;Cï¿½u Claro;Simples;"Reta;Interseï¿½ï¿½o de Vias";Sim;0;0
2025-05-07;quarta-feira;13:30:00;SC;282;IRANI;Reaï¿½ï¿½o tardia ou ineficiente do condutor;Colisï¿½o traseira;Com Vï¿½timas Feridas;Pleno dia;Cï¿½u Claro;Simples;"Interseï¿½ï¿½o de Vias;Rotatï¿½ria";Nï¿½o;0;0
2025-05-07;quarta-feira;14:35:00;MT;364;SANTO ANTONIO DO LEVERGER;Condutor deixou de manter distï¿½ncia do veï¿½culo da frente;Colisï¿½o traseira;Com Vï¿½timas Feridas;Pleno dia;Cï¿½u Claro;Dupla;"Reta;Declive";Nï¿½o;0;0
2025-05-07;quarta-feira;15:10:00;SC;470;CURITIBANOS;Acessar a via sem observar a presenï¿½a dos outros veï¿½culos;Colisï¿½o transversal;Com Vï¿½timas Feridas;Pleno dia;Nublado;Simples;Reta;Nï¿½o;0;0
2025-05-07;quarta-feira;15:19:00;SC;101;BIGUACU;Condutor deixou de manter distï¿½ncia do veï¿½culo da frente;Colisï¿½o traseira;Com Vï¿½timas Feridas;Pleno dia;Nublado;Mï¿½ltipla;Reta;Sim;0;0
2025-05-07;quarta-feira;14:40:00;PR;153;PORTO VITORIA;Ultrapassagem Indevida;Colisï¿½o lateral mesmo sentido;Sem Vï¿½timas;Pleno dia;Cï¿½u Claro;Simples;Aclive;Nï¿½o;0;0
2025-05-07;quarta-feira;17:09:00;PR;376;CURITIBA;Trafegar com motocicleta (ou similar) entre as faixas;Colisï¿½o lateral mesmo sentido;Com Vï¿½timas Fatais;Anoitecer;Cï¿½u Claro;Dupla;Reta;Sim;1;1
2025-05-07;quarta-feira;07:50:00;MS;262;DOIS IRMAOS DO BURITI;Avarias e/ou desgaste excessivo no pneu;Saï¿½da de leito carroï¿½ï¿½vel;Com Vï¿½timas Feridas;Pleno dia;Cï¿½u Claro;Simples;Reta;Nï¿½o;0;0
2025-05-07;quarta-feira;18:10:00;AL;101;SAO MIGUEL DOS CAMPOS;Condutor deixou de manter distï¿½ncia do veï¿½culo da frente;Colisï¿½o traseira;Sem Vï¿½timas;Plena Noite;Cï¿½u Claro;Simples;Reta;Nï¿½o;0;0
2025-05-07;quarta-feira;18:50:00;SP;381;ATIBAIA;Manobra de mudanï¿½a de faixa;Colisï¿½o lateral mesmo sentido;Com Vï¿½timas Feridas;Anoitecer;Cï¿½u Claro;Dupla;Reta;Sim;0;0
2025-04-29;terï¿½a-feira;01:00:00;ES;101;SAO MATEUS;Ultrapassagem Indevida;Colisï¿½o lateral sentido oposto;Com Vï¿½timas Fatais;Plena Noite;Chuva;Simples;Ponte;Sim;1;1
2025-05-07;quarta-feira;17:30:00;MG;381;ITAPEVA;Ausï¿½ncia de reaï¿½ï¿½o do condutor;Colisï¿½o traseira;Com Vï¿½timas Feridas;Anoitecer;Nublado;Dupla;Reta;Nï¿½o;0;0
2025-05-07;quarta-feira;17:40:00;PR;277;PARANAGUA;Reaï¿½ï¿½o tardia ou ineficiente do condutor;Colisï¿½o traseira;Com Vï¿½timas Feridas;Anoitecer;Cï¿½u Claro;Dupla;Reta;Nï¿½o;0;0
2025-05-07;quarta-feira;18:15:00;PR;116;CAMPO DO TENENTE;Acessar a via sem observar a presenï¿½a dos outros veï¿½culos;Colisï¿½o transversal;Com Vï¿½timas Fatais;Anoitecer;Nublado;Simples;"Reta;Rotatï¿½ria";Nï¿½o;1;1
2025-05-06;terï¿½a-feira;05:15:00;SC;470;POUSO REDONDO;Velocidade Incompatï¿½vel;Saï¿½da de leito carroï¿½ï¿½vel;Com Vï¿½timas Feridas;Amanhecer;Cï¿½u Claro;Simples;Curva;Nï¿½o;0;0
2025-05-07;quarta-feira;19:45:00;PR;163;TOLEDO;Acessar a via sem observar a presenï¿½a dos outros veï¿½culos;Colisï¿½o lateral mesmo sentido;Com Vï¿½timas Feridas;Plena Noite;Cï¿½u Claro;Dupla;Reta;Nï¿½o;0;0
2025-05-07;quarta-feira;21:20:00;BA;101;MURITIBA;Retorno proibido;Colisï¿½o transversal;Com Vï¿½timas Feridas;Plena Noite;Nublado;Simples;Reta;Nï¿½o;0;0
2025-05-07;quarta-feira;20:05:00;PA;316;SANTA IZABEL DO PARA;Condutor Dormindo;Colisï¿½o com objeto;Com Vï¿½timas Fatais;Plena Noite;Cï¿½u Claro;Dupla;Curva;Nï¿½o;3;1
2025-05-07;quarta-feira;21:30:00;SC;101;ARARANGUA;Entrada inopinada do pedestre;Atropelamento de Pedestre;Com Vï¿½timas Feridas;Plena Noite;Cï¿½u Claro;Simples;Reta;Sim;0;0
2025-05-07;quarta-feira;18:45:00;BA;101;PRADO;Ausï¿½ncia de reaï¿½ï¿½o do condutor;Derramamento de carga;Com Vï¿½timas Feridas;Plena Noite;Cï¿½u Claro;Simples;Reta;Nï¿½o;0;0
2025-05-07;quarta-feira;21:50:00;MT;70;VARZEA GRANDE;Reaï¿½ï¿½o tardia ou ineficiente do condutor;Colisï¿½o lateral mesmo sentido;Sem Vï¿½timas;Plena Noite;Cï¿½u Claro;Simples;Reta;Nï¿½o;0;0
2025-05-07;quarta-feira;15:30:00;SC;282;ALFREDO WAGNER;Problema com o freio;Tombamento;Com Vï¿½timas Feridas;Pleno dia;Cï¿½u Claro;Simples;"Curva;Viaduto;Declive";Nï¿½o;0;0
2025-05-08;quinta-feira;02:00:00;RJ;116;QUEIMADOS;Acessar a via sem observar a presenï¿½a dos outros veï¿½culos;Colisï¿½o lateral mesmo sentido;Com Vï¿½timas Feridas;Plena Noite;Cï¿½u Claro;Mï¿½ltipla;Reta;Sim;0;0
2025-05-08;quinta-feira;02:25:00;MG;40;ITABIRITO;Objeto estï¿½tico sobre o leito carroï¿½ï¿½vel;Colisï¿½o com objeto;Com Vï¿½timas Feridas;Plena Noite;Nevoeiro/Neblina;Simples;"Curva;Declive";Nï¿½o;0;0
2025-05-08;quinta-feira;02:50:00;BA;116;ITATIM;Demais falhas mecï¿½nicas ou elï¿½tricas;Incï¿½ndio;Sem Vï¿½timas;Plena Noite;Cï¿½u Claro;Simples;Reta;Nï¿½o;0;0
2025-05-08;quinta-feira;02:00:00;MT;163;GUARANTA DO NORTE;Transitar na contramï¿½o;Colisï¿½o frontal;Com Vï¿½timas Fatais;Plena Noite;Cï¿½u Claro;Simples;Reta;Nï¿½o;1;1
2025-05-07;quarta-feira;21:40:00;RO;429;SAO FRANCISCO DO GUAPORE;Curva acentuada;Tombamento;Com Vï¿½timas Fatais;Anoitecer;Cï¿½u Claro;Simples;Curva;Nï¿½o;1;1
2025-05-08;quinta-feira;05:40:00;MG;262;JUATUBA;Pedestre andava na pista;Atropelamento de Pedestre;Com Vï¿½timas Fatais;Amanhecer;Cï¿½u Claro;Dupla;"Reta;Ponte;Declive";Nï¿½o;1;1
2025-05-08;quinta-feira;05:05:00;CE;222;TIANGUA;Condutor deixou de manter distï¿½ncia do veï¿½culo da frente;Colisï¿½o traseira;Com Vï¿½timas Fatais;Amanhecer;Nublado;Simples;Reta;Nï¿½o;1;1
2025-05-08;quinta-feira;06:40:00;MS;267;NOVA ALVORADA DO SUL;Reaï¿½ï¿½o tardia ou ineficiente do condutor;Colisï¿½o com objeto;Com Vï¿½timas Feridas;Amanhecer;Cï¿½u Claro;Simples;Reta;Nï¿½o;0;0
2025-04-23;quarta-feira;21:45:00;RS;386;SOLEDADE;Transitar na contramï¿½o;Colisï¿½o frontal;Com Vï¿½timas Feridas;Plena Noite;Cï¿½u Claro;Simples;Reta;Sim;0;0
2025-04-13;domingo;01:30:00;SC;470;LAURENTINO;Condutor Dormindo;Colisï¿½o com objeto;Com Vï¿½timas Feridas;Plena Noite;Chuva;Simples;"Reta;Ponte";Nï¿½o;0;0
2025-05-08;quinta-feira;08:50:00;BA;324;FEIRA DE SANTANA;Trafegar com motocicleta (ou similar) entre as faixas;Colisï¿½o traseira;Com Vï¿½timas Fatais;Pleno dia;Nublado;Dupla;"Retorno Regulamentado;Curva;Viaduto";Sim;1;1
2025-04-23;quarta-feira;07:48:00;PE;101;RECIFE;Reaï¿½ï¿½o tardia ou ineficiente do condutor;Colisï¿½o traseira;Com Vï¿½timas Feridas;Pleno dia;Ignorado;Dupla;Reta;Sim;0;0
2025-05-08;quinta-feira;00:20:00;RJ;40;TRES RIOS;Velocidade Incompatï¿½vel;Tombamento;Com Vï¿½timas Feridas;Plena Noite;Cï¿½u Claro;Dupla;Curva;Nï¿½o;0;0
2025-05-08;quinta-feira;09:00:00;MG;251;FRANCISCO SA;Demais falhas mecï¿½nicas ou elï¿½tricas;Colisï¿½o lateral mesmo sentido;Com Vï¿½timas Fatais;Pleno dia;Cï¿½u Claro;Simples;"Curva;Declive";Nï¿½o;1;1
2025-04-13;domingo;02:00:00;SC;470;LAURENTINO;Acessar a via sem observar a presenï¿½a dos outros veï¿½culos;Colisï¿½o com objeto;Com Vï¿½timas Feridas;Plena Noite;Chuva;Simples;"Reta;Ponte";Nï¿½o;0;0
2025-04-21;segunda-feira;18:00:00;PR;277;PORTO AMAZONAS;Reaï¿½ï¿½o tardia ou ineficiente do condutor;Colisï¿½o lateral mesmo sentido;Sem Vï¿½timas;Anoitecer;Cï¿½u Claro;Simples;Reta;Nï¿½o;0;0
2025-05-08;quinta-feira;08:30:00;PR;376;PONTA GROSSA;Demais falhas mecï¿½nicas ou elï¿½tricas;Saï¿½da de leito carroï¿½ï¿½vel;Com Vï¿½timas Feridas;Pleno dia;Cï¿½u Claro;Dupla;"Reta;Declive";Nï¿½o;0;0
2025-05-08;quinta-feira;10:00:00;GO;70;AGUAS LINDAS DE GOIAS;Ausï¿½ncia de sinalizaï¿½ï¿½o;Colisï¿½o traseira;Com Vï¿½timas Feridas;Pleno dia;Cï¿½u Claro;Mï¿½ltipla;Reta;Sim;0;0
2025-05-08;quinta-feira;10:00:00;CE;116;OCARA;Reaï¿½ï¿½o tardia ou ineficiente do condutor;Colisï¿½o traseira;Com Vï¿½timas Feridas;Pleno dia;Cï¿½u Claro;Simples;Reta;Nï¿½o;0;0
2025-05-08;quinta-feira;12:00:00;SC;101;BIGUACU;Trafegar com motocicleta (ou similar) entre as faixas;Colisï¿½o lateral mesmo sentido;Com Vï¿½timas Feridas;Pleno dia;Nublado;Dupla;Reta;Nï¿½o;0;0
2025-05-05;segunda-feira;05:47:00;SP;116;TAUBATE;Condutor deixou de manter distï¿½ncia do veï¿½culo da frente;Colisï¿½o traseira;Com Vï¿½timas Feridas;Amanhecer;Cï¿½u Claro;Dupla;Reta;Sim;0;0
2025-05-08;quinta-feira;10:00:00;MT;70;BARRA DO GARCAS;Condutor deixou de manter distï¿½ncia do veï¿½culo da frente;Colisï¿½o lateral mesmo sentido;Sem Vï¿½timas;Pleno dia;Sol;Dupla;Retorno Regulamentado;Nï¿½o;0;0
2025-05-08;quinta-feira;13:00:00;RJ;116;ITATIAIA;Demais falhas mecï¿½nicas ou elï¿½tricas;Incï¿½ndio;Sem Vï¿½timas;Pleno dia;Cï¿½u Claro;Dupla;Reta;Nï¿½o;0;0
2025-05-08;quinta-feira;11:45:00;RJ;116;PIRAI;Curva acentuada;Tombamento;Com Vï¿½timas Feridas;Pleno dia;Cï¿½u Claro;Dupla;"Curva;Declive";Nï¿½o;0;0
2025-05-08;quinta-feira;13:15:00;GO;60;GOIANAPOLIS;Velocidade Incompatï¿½vel;Colisï¿½o traseira;Com Vï¿½timas Feridas;Pleno dia;Cï¿½u Claro;Dupla;Reta;Nï¿½o;0;0
2025-05-08;quinta-feira;13:30:00;MG;381;BETIM;Trafegar com motocicleta (ou similar) entre as faixas;Colisï¿½o lateral mesmo sentido;Com Vï¿½timas Fatais;Pleno dia;Cï¿½u Claro;Dupla;Reta;Sim;1;1
2025-05-08;quinta-feira;11:55:00;GO;60;ACREUNA;Manobra de mudanï¿½a de faixa;Colisï¿½o lateral mesmo sentido;Com Vï¿½timas Feridas;Pleno dia;Cï¿½u Claro;Dupla;Curva;Nï¿½o;0;0
2025-02-25;terï¿½a-feira;10:00:00;PR;376;GUARATUBA;Demais falhas mecï¿½nicas ou elï¿½tricas;Incï¿½ndio;Sem Vï¿½timas;Pleno dia;Cï¿½u Claro;Dupla;Declive;Nï¿½o;0;0
2025-05-08;quinta-feira;13:45:00;PR;376;SAO JOSE DOS PINHAIS;Acessar a via sem observar a presenï¿½a dos outros veï¿½culos;Colisï¿½o traseira;Sem Vï¿½timas;Pleno dia;Cï¿½u Claro;Dupla;Interseï¿½ï¿½o de Vias;Nï¿½o;0;0
2025-05-08;quinta-feira;14:01:00;MT;70;CUIABA;Acessar a via sem observar a presenï¿½a dos outros veï¿½culos;Colisï¿½o transversal;Com Vï¿½timas Feridas;Pleno dia;Cï¿½u Claro;Simples;Reta;Nï¿½o;0;0
2025-05-08;quinta-feira;15:30:00;MA;135;PERITORO;Ausï¿½ncia de reaï¿½ï¿½o do condutor;Colisï¿½o traseira;Com Vï¿½timas Feridas;Pleno dia;Cï¿½u Claro;Simples;"Reta;Em Obras";Nï¿½o;0;0
2025-05-08;quinta-feira;17:10:00;RS;101;TORRES;Reaï¿½ï¿½o tardia ou ineficiente do condutor;Colisï¿½o traseira;Com Vï¿½timas Feridas;Anoitecer;Nublado;Dupla;Reta;Sim;0;0
2025-05-08;quinta-feira;17:25:00;BA;116;SANTA BARBARA;Conversï¿½o proibida;Colisï¿½o transversal;Com Vï¿½timas Feridas;Anoitecer;Cï¿½u Claro;Simples;Reta;Nï¿½o;0;0
2025-05-08;quinta-feira;17:00:00;MG;365;UBERLANDIA;Condutor deixou de manter distï¿½ncia do veï¿½culo da frente;Colisï¿½o traseira;Com Vï¿½timas Feridas;Pleno dia;Cï¿½u Claro;Simples;Reta;Sim;0;0
2025-05-08;quinta-feira;17:50:00;PR;376;GUARATUBA;Reaï¿½ï¿½o tardia ou ineficiente do condutor;Colisï¿½o traseira;Com Vï¿½timas Feridas;Anoitecer;Cï¿½u Claro;Dupla;"Reta;Declive";Nï¿½o;0;0
2025-05-08;quinta-feira;18:30:00;PR;277;SAO MIGUEL DO IGUACU;Reaï¿½ï¿½o tardia ou ineficiente do condutor;Colisï¿½o traseira;Com Vï¿½timas Feridas;Plena Noite;Cï¿½u Claro;Dupla;Aclive;Nï¿½o;0;0
2025-05-08;quinta-feira;18:30:00;SP;116;SAO JOSE DOS CAMPOS;Condutor deixou de manter distï¿½ncia do veï¿½culo da frente;Colisï¿½o traseira;Sem Vï¿½timas;Plena Noite;Cï¿½u Claro;Dupla;"Em Obras;Reta";Sim;0;0
2025-05-08;quinta-feira;18:30:00;MS;262;RIBAS DO RIO PARDO;Ingestï¿½o de ï¿½lcool pelo condutor;Colisï¿½o frontal;Com Vï¿½timas Feridas;Plena Noite;Cï¿½u Claro;Simples;"Reta;Declive";Nï¿½o;0;0
2025-05-08;quinta-feira;18:30:00;ES;259;COLATINA;Transitar na contramï¿½o;Colisï¿½o frontal;Com Vï¿½timas Feridas;Plena Noite;Nublado;Simples;Curva;Nï¿½o;0;0
2025-05-08;quinta-feira;18:50:00;PR;158;PATO BRANCO;Acessar a via sem observar a presenï¿½a dos outros veï¿½culos;Colisï¿½o transversal;Com Vï¿½timas Feridas;Plena Noite;Cï¿½u Claro;Simples;Reta;Sim;0;0
2025-05-08;quinta-feira;19:45:00;GO;452;SANTA HELENA DE GOIAS;Ultrapassagem Indevida;Colisï¿½o lateral sentido oposto;Com Vï¿½timas Fatais;Plena Noite;Cï¿½u Claro;Simples;"Aclive;Reta";Nï¿½o;1;1
2025-05-08;quinta-feira;20:05:00;MS;163;MUNDO NOVO;Transitar na contramï¿½o;Colisï¿½o frontal;Com Vï¿½timas Feridas;Plena Noite;Cï¿½u Claro;Simples;"Curva;Aclive";Nï¿½o;0;0
2025-05-08;quinta-feira;21:35:00;PR;376;ORTIGUEIRA;Velocidade Incompatï¿½vel;Colisï¿½o frontal;Com Vï¿½timas Fatais;Plena Noite;Nublado;Simples;"Curva;Declive";Nï¿½o;1;1
2025-05-08;quinta-feira;20:30:00;MG;262;ABRE CAMPO;Ingestï¿½o de ï¿½lcool pelo condutor;Colisï¿½o lateral sentido oposto;Sem Vï¿½timas;Plena Noite;Cï¿½u Claro;Simples;Reta;Sim;0;0
2025-05-08;quinta-feira;19:30:00;PR;487;TUNEIRAS DO OESTE;Transitar na contramï¿½o;Colisï¿½o frontal;Com Vï¿½timas Fatais;Plena Noite;Cï¿½u Claro;Simples;Reta;Nï¿½o;4;1
2025-05-08;quinta-feira;19:30:00;BA;242;IBITIARA;Ingestï¿½o de ï¿½lcool pelo condutor;Colisï¿½o traseira;Com Vï¿½timas Fatais;Plena Noite;Nublado;Simples;Reta;Nï¿½o;1;1
2025-05-08;quinta-feira;22:15:00;PR;277;MORRETES;Reaï¿½ï¿½o tardia ou ineficiente do condutor;Colisï¿½o com objeto;Com Vï¿½timas Feridas;Plena Noite;Nublado;Dupla;"Reta;Declive";Nï¿½o;0;0
2025-05-08;quinta-feira;20:35:00;SC;282;PONTE SERRADA;Reaï¿½ï¿½o tardia ou ineficiente do condutor;Colisï¿½o lateral sentido oposto;Com Vï¿½timas Feridas;Plena Noite;Cï¿½u Claro;Simples;Reta;Nï¿½o;0;0
2025-03-13;quinta-feira;13:00:00;SE;101;ESTANCIA;Manobra de mudanï¿½a de faixa;Colisï¿½o lateral mesmo sentido;Com Vï¿½timas Feridas;Pleno dia;Cï¿½u Claro;Simples;Curva;Sim;0;0
2025-05-09;sexta-feira;05:00:00;RJ;101;ANGRA DOS REIS;Transitar na contramï¿½o;Colisï¿½o frontal;Com Vï¿½timas Feridas;Plena Noite;Cï¿½u Claro;Simples;Curva;Nï¿½o;0;0
2025-05-06;terï¿½a-feira;12:00:00;MA;10;IMPERATRIZ;Fumaï¿½a;Incï¿½ndio;Com Vï¿½timas Feridas;Pleno dia;Cï¿½u Claro;Simples;Reta;Nï¿½o;0;0
2025-05-09;sexta-feira;07:20:00;MG;40;SANTOS DUMONT;Avarias e/ou desgaste excessivo no pneu;Tombamento;Sem Vï¿½timas;Pleno dia;Nublado;Dupla;Reta;Sim;0;0
2025-05-09;sexta-feira;04:30:00;MG;262;RIO CASCA;Ingestï¿½o de ï¿½lcool pelo condutor;Saï¿½da de leito carroï¿½ï¿½vel;Sem Vï¿½timas;Plena Noite;Cï¿½u Claro;Simples;Reta;Nï¿½o;0;0
2025-05-09;sexta-feira;08:15:00;ES;101;CARIACICA;Condutor deixou de manter distï¿½ncia do veï¿½culo da frente;Engavetamento;Com Vï¿½timas Feridas;Pleno dia;Nublado;Dupla;Curva;Sim;0;0
2025-05-09;sexta-feira;08:50:00;MG;365;UBERLANDIA;Manobra de mudanï¿½a de faixa;Colisï¿½o lateral mesmo sentido;Com Vï¿½timas Feridas;Pleno dia;Cï¿½u Claro;Dupla;Reta;Sim;0;0
2025-05-09;sexta-feira;00:30:00;MG;153;PRATA;Ausï¿½ncia de reaï¿½ï¿½o do condutor;Colisï¿½o traseira;Com Vï¿½timas Feridas;Plena Noite;Cï¿½u Claro;Dupla;Reta;Nï¿½o;0;0
2025-05-09;sexta-feira;06:50:00;MS;262;CAMPO GRANDE;Acessar a via sem observar a presenï¿½a dos outros veï¿½culos;Tombamento;Com Vï¿½timas Fatais;Amanhecer;Cï¿½u Claro;Simples;Reta;Sim;1;1
2025-05-09;sexta-feira;09:00:00;RN;405;RAFAEL FERNANDES;Reaï¿½ï¿½o tardia ou ineficiente do condutor;Colisï¿½o traseira;Com Vï¿½timas Fatais;Pleno dia;Sol;Simples;Reta;Nï¿½o;1;1
2025-05-09;sexta-feira;09:42:00;RJ;116;QUEIMADOS;Reaï¿½ï¿½o tardia ou ineficiente do condutor;Tombamento;Sem Vï¿½timas;Pleno dia;Cï¿½u Claro;Dupla;Reta;Nï¿½o;0;0
2025-05-09;sexta-feira;06:36:00;SC;282;SAO JOSE DO CERRITO;Transitar na contramï¿½o;Colisï¿½o frontal;Com Vï¿½timas Fatais;Amanhecer;Cï¿½u Claro;Simples;Reta;Nï¿½o;2;1
2025-05-09;sexta-feira;09:15:00;SC;101;ARARANGUA;Condutor deixou de manter distï¿½ncia do veï¿½culo da frente;Colisï¿½o traseira;Com Vï¿½timas Fatais;Pleno dia;Cï¿½u Claro;Mï¿½ltipla;"Reta;Declive;Viaduto";Sim;1;1
2025-05-09;sexta-feira;07:20:00;RJ;393;VOLTA REDONDA;Demais falhas mecï¿½nicas ou elï¿½tricas;Incï¿½ndio;Sem Vï¿½timas;Pleno dia;Cï¿½u Claro;Simples;Reta;Nï¿½o;0;0
2025-05-09;sexta-feira;09:00:00;BA;135;BARREIRAS;Reaï¿½ï¿½o tardia ou ineficiente do condutor;Tombamento;Com Vï¿½timas Feridas;Pleno dia;Cï¿½u Claro;Simples;Reta;Nï¿½o;0;0
2025-04-08;terï¿½a-feira;15:30:00;PR;376;IMBAU;Reaï¿½ï¿½o tardia ou ineficiente do condutor;Saï¿½da de leito carroï¿½ï¿½vel;Com Vï¿½timas Feridas;Pleno dia;Chuva;Dupla;"Declive;Reta";Nï¿½o;0;0
2025-05-09;sexta-feira;08:30:00;PR;163;TOLEDO;Condutor deixou de manter distï¿½ncia do veï¿½culo da frente;Colisï¿½o traseira;Com Vï¿½timas Feridas;Pleno dia;Cï¿½u Claro;Dupla;Curva;Nï¿½o;0;0