data_inversa;dia_semana;horario;uf;br;municipio;causa_acidente;tipo_acidente;classificacao_acidente;fase_dia;condicao_metereologica;tipo_pista;tracado_via;uso_solo;mortos;acidente_fatal
2025-05-12;segunda-feira;08:26:00;MG;381;BRUMADINHO;Velocidade Incompatï¿½vel;Tombamento;Com Vï¿½timas Feridas;Pleno dia;Cï¿½u Claro;Dupla;Curva;Nï¿½o;0;0
2025-05-12;segunda-feira;07:20:00;PR;476;LAPA;Velocidade Incompatï¿½vel;Tombamento;Com Vï¿½timas Feridas;Amanhecer;Nublado;Simples;"Curva;Aclive";Nï¿½o;0;0
2025-05-12;segunda-feira;08:20:00;RS;116;GUAIBA;Manobra de mudanï¿½a de faixa;Colisï¿½o lateral mesmo sentido;Com Vï¿½timas Feridas;Pleno dia;Cï¿½u Claro;Dupla;Reta;Nï¿½o;0;0
2025-05-12;segunda-feira;07:20:00;RJ;393;BARRA DO PIRAI;Condutor Dormindo;Colisï¿½o frontal;Com Vï¿½timas Feridas;Pleno dia;Nublado;Simples;Reta;Nï¿½o;0;0
2025-05-12;segunda-feira;08:00:00;MG;40;JUIZ DE FORA;Condutor Dormindo;Saï¿½da de leito carroï¿½ï¿½vel;Com Vï¿½timas Feridas;Pleno dia;Nublado;Dupla;Reta;Nï¿½o;0;0
2025-05-12;segunda-feira;09:40:00;RS;116;SAO LEOPOLDO;Velocidade Incompatï¿½vel;Colisï¿½o transversal;Com Vï¿½timas Feridas;Pleno dia;Cï¿½u Claro;Dupla;Reta;Sim;0;0
2025-04-04;sexta-feira;23:05:00;MT;70;CUIABA;Acessar a via sem observar a presenï¿½a dos outros veï¿½culos;Colisï¿½o transversal;Com Vï¿½timas Feridas;Plena Noite;Cï¿½u Claro;Simples;Reta;Sim;0;0
2025-05-12;segunda-feira;09:16:00;BA;101;ALAGOINHAS;Chuva;Tombamento;Com Vï¿½timas Feridas;Pleno dia;Chuva;Simples;Declive;Nï¿½o;0;0
2025-05-12;segunda-feira;08:00:00;RS;386;NOVA SANTA RITA;Demais falhas mecï¿½nicas ou elï¿½tricas;Incï¿½ndio;Sem Vï¿½timas;Pleno dia;Cï¿½u Claro;Simples;Retorno Regulamentado;Sim;0;0
2025-05-12;segunda-feira;09:30:00;SC;101;SAO JOSE;Reaï¿½ï¿½o tardia ou ineficiente do condutor;Tombamento;Com Vï¿½timas Fatais;Pleno dia;Chuva;Mï¿½ltipla;"Declive;Interseï¿½ï¿½o de Vias;Reta";Sim;1;1
2025-05-12;segunda-feira;07:10:00;BA;116;VITORIA DA CONQUISTA;Condutor Dormindo;Saï¿½da de leito carroï¿½ï¿½vel;Com Vï¿½timas Feridas;Pleno dia;Cï¿½u Claro;Simples;Reta;Nï¿½o;0;0
2025-05-12;segunda-feira;11:40:00;SP;116;ARUJA;Demais falhas mecï¿½nicas ou elï¿½tricas;Incï¿½ndio;Sem Vï¿½timas;Pleno dia;Cï¿½u Claro;Mï¿½ltipla;Reta;Sim;0;0
2025-05-12;segunda-feira;11:50:00;PE;101;PALMARES;Carga excessiva e/ou mal acondicionada;Tombamento;Com Vï¿½timas Feridas;Pleno dia;Cï¿½u Claro;Dupla;Curva;Sim;0;0
2025-05-12;segunda-feira;12:30:00;SP;116;PINDAMONHANGABA;Reaï¿½ï¿½o tardia ou ineficiente do condutor;Engavetamento;Sem Vï¿½timas;Pleno dia;Nublado;Dupla;Reta;Nï¿½o;0;0
2025-05-12;segunda-feira;11:55:00;RS;470;BENTO GONCALVES;Ausï¿½ncia de reaï¿½ï¿½o do condutor;Colisï¿½o frontal;Com Vï¿½timas Feridas;Pleno dia;Cï¿½u Claro;Simples;Reta;Nï¿½o;0;0
2025-05-12;segunda-feira;12:40:00;SC;470;NAVEGANTES;Ausï¿½ncia de reaï¿½ï¿½o do condutor;Tombamento;Com Vï¿½timas Fatais;Pleno dia;Nublado;Dupla;"Reta;Em Obras";Sim;1;1
2025-05-12;segunda-feira;10:15:00;GO;60;RIO VERDE;Reaï¿½ï¿½o tardia ou ineficiente do condutor;Colisï¿½o traseira;Com Vï¿½timas Feridas;Pleno dia;Cï¿½u Claro;Dupla;Declive;Sim;0;0
2025-03-29;sï¿½bado;14:30:00;ES;101;CONCEICAO DA BARRA;Manobra de mudanï¿½a de faixa;Colisï¿½o lateral mesmo sentido;Com Vï¿½timas Feridas;Pleno dia;Cï¿½u Claro;Simples;Reta;Nï¿½o;0;0
2025-05-12;segunda-feira;13:29:00;MG;153;PRATA;Acessar a via sem observar a presenï¿½a dos outros veï¿½culos;Colisï¿½o transversal;Com Vï¿½timas Feridas;Pleno dia;Cï¿½u Claro;Simples;Rotatï¿½ria;Nï¿½o;0;0
2025-05-12;segunda-feira;08:40:00;BA;116;POCOES;Reaï¿½ï¿½o tardia ou ineficiente do condutor;Colisï¿½o com objeto;Sem Vï¿½timas;Pleno dia;Nublado;Simples;Reta;Nï¿½o;0;0
2025-05-12;segunda-feira;14:00:00;ES;101;JOAO NEIVA;Desrespeitar a preferï¿½ncia no cruzamento;Colisï¿½o transversal;Com Vï¿½timas Feridas;Pleno dia;Nublado;Simples;"Interseï¿½ï¿½o de Vias;Rotatï¿½ria";Sim;0;0
2025-05-12;segunda-feira;14:10:00;RN;101;NATAL;Acessar a via sem observar a presenï¿½a dos outros veï¿½culos;Colisï¿½o lateral mesmo sentido;Com Vï¿½timas Feridas;Pleno dia;Cï¿½u Claro;Dupla;Curva;Nï¿½o;0;0
2025-05-12;segunda-feira;14:40:00;PE;316;FLORESTA;Carga excessiva e/ou mal acondicionada;Tombamento;Com Vï¿½timas Feridas;Pleno dia;Cï¿½u Claro;Simples;Rotatï¿½ria;Sim;0;0
2025-05-12;segunda-feira;11:46:00;MT;163;DIAMANTINO;Condutor Dormindo;Saï¿½da de leito carroï¿½ï¿½vel;Sem Vï¿½timas;Pleno dia;Cï¿½u Claro;Simples;Curva;Nï¿½o;0;0
2025-05-12;segunda-feira;14:25:00;SP;116;SAO JOSE DOS CAMPOS;Condutor deixou de manter distï¿½ncia do veï¿½culo da frente;Colisï¿½o traseira;Com Vï¿½timas Fatais;Pleno dia;Cï¿½u Claro;Mï¿½ltipla;Reta;Sim;1;1
2025-05-12;segunda-feira;15:45:00;MT;158;AGUA BOA;Transitar na contramï¿½o;Colisï¿½o lateral sentido oposto;Com Vï¿½timas Feridas;Pleno dia;Cï¿½u Claro;Simples;Reta;Nï¿½o;0;0
2025-05-12;segunda-feira;15:45:00;MG;262;IGARATINGA;Condutor Dormindo;Atropelamento de Pedestre;Com Vï¿½timas Fatais;Pleno dia;Nublado;Dupla;"Reta;Aclive";Nï¿½o;1;1
2025-05-12;segunda-feira;16:00:00;MG;262;MATIPO;Ultrapassagem Indevida;Colisï¿½o frontal;Com Vï¿½timas Fatais;Pleno dia;Nublado;Simples;"Reta;Aclive";Nï¿½o;3;1
2025-05-12;segunda-feira;14:00:00;MG;251;MONTES CLAROS;Velocidade Incompatï¿½vel;Saï¿½da de leito carroï¿½ï¿½vel;Com Vï¿½timas Fatais;Pleno dia;Cï¿½u Claro;Simples;"Reta;Ponte;Declive";Nï¿½o;1;1
2025-05-12;segunda-feira;13:00:00;MA;226;PRESIDENTE DUTRA;Transitar na contramï¿½o;Colisï¿½o traseira;Com Vï¿½timas Feridas;Pleno dia;Cï¿½u Claro;Simples;Reta;Nï¿½o;0;0
2025-05-12;segunda-feira;16:15:00;RJ;116;TERESOPOLIS;Velocidade Incompatï¿½vel;Colisï¿½o frontal;Com Vï¿½timas Fatais;Pleno dia;Chuva;Simples;"Curva;Declive";Nï¿½o;1;1
2025-05-12;segunda-feira;14:45:00;SC;116;MONTE CASTELO;Condutor deixou de manter distï¿½ncia do veï¿½culo da frente;Colisï¿½o traseira;Com Vï¿½timas Feridas;Pleno dia;Cï¿½u Claro;Simples;"Reta;Declive";Nï¿½o;0;0
2025-05-12;segunda-feira;15:45:00;RO;364;PORTO VELHO;Ausï¿½ncia de reaï¿½ï¿½o do condutor;Colisï¿½o traseira;Com Vï¿½timas Feridas;Pleno dia;Cï¿½u Claro;Dupla;Reta;Sim;0;0
2025-05-12;segunda-feira;17:00:00;MG;40;NOVA LIMA;Ausï¿½ncia de reaï¿½ï¿½o do condutor;Colisï¿½o traseira;Com Vï¿½timas Feridas;Pleno dia;Cï¿½u Claro;Dupla;"Reta;Aclive";Nï¿½o;0;0
2025-05-12;segunda-feira;14:00:00;PR;277;GUARAPUAVA;Transitar na contramï¿½o;Colisï¿½o frontal;Com Vï¿½timas Feridas;Pleno dia;Nublado;Simples;Curva;Nï¿½o;0;0
2025-03-31;segunda-feira;12:00:00;MT;70;GENERAL CARNEIRO;Acostamento em desnï¿½vel;Tombamento;Com Vï¿½timas Feridas;Pleno dia;Cï¿½u Claro;Simples;"Declive;Curva";Nï¿½o;0;0
2025-05-12;segunda-feira;18:15:00;MG;40;CONSELHEIRO LAFAIETE;Acessar a via sem observar a presenï¿½a dos outros veï¿½culos;Colisï¿½o transversal;Com Vï¿½timas Feridas;Plena Noite;Nublado;Simples;Interseï¿½ï¿½o de Vias;Nï¿½o;0;0
2025-05-12;segunda-feira;15:15:00;BA;116;JAGUAQUARA;Demais falhas mecï¿½nicas ou elï¿½tricas;Incï¿½ndio;Sem Vï¿½timas;Pleno dia;Cï¿½u Claro;Simples;Reta;Nï¿½o;0;0
2025-05-12;segunda-feira;19:00:00;ES;101;SERRA;Condutor desrespeitou a iluminaï¿½ï¿½o vermelha do semï¿½foro;Colisï¿½o transversal;Com Vï¿½timas Feridas;Plena Noite;Chuva;Mï¿½ltipla;Reta;Nï¿½o;0;0
2025-05-12;segunda-feira;14:50:00;AL;423;INHAPI;Condutor deixou de manter distï¿½ncia do veï¿½culo da frente;Colisï¿½o traseira;Com Vï¿½timas Feridas;Pleno dia;Cï¿½u Claro;Simples;Reta;Nï¿½o;0;0
2025-05-12;segunda-feira;17:00:00;MT;364;RONDONOPOLIS;Acessar a via sem observar a presenï¿½a dos outros veï¿½culos;Colisï¿½o transversal;Com Vï¿½timas Feridas;Anoitecer;Cï¿½u Claro;Dupla;"Reta;Retorno Regulamentado";Sim;0;0
2025-05-12;segunda-feira;19:10:00;SC;282;SAUDADES;Acessar a via sem observar a presenï¿½a dos outros veï¿½culos;Colisï¿½o transversal;Com Vï¿½timas Feridas;Plena Noite;Nublado;Simples;Reta;Nï¿½o;0;0
2025-05-12;segunda-feira;19:30:00;MG;365;VARJAO DE MINAS;Demais falhas mecï¿½nicas ou elï¿½tricas;Incï¿½ndio;Sem Vï¿½timas;Plena Noite;Cï¿½u Claro;Simples;Reta;Nï¿½o;0;0
2025-05-12;segunda-feira;20:40:00;SC;101;TIJUCAS;Objeto estï¿½tico sobre o leito carroï¿½ï¿½vel;Tombamento;Com Vï¿½timas Feridas;Plena Noite;Nublado;Dupla;Reta;Nï¿½o;0;0
2025-05-12;segunda-feira;19:30:00;RS;290;MINAS DO LEAO;Condutor deixou de manter distï¿½ncia do veï¿½culo da frente;Colisï¿½o traseira;Com Vï¿½timas Feridas;Plena Noite;Cï¿½u Claro;Simples;Reta;Nï¿½o;0;0
2025-05-12;segunda-feira;18:50:00;MT;70;VARZEA GRANDE;Pedestre cruzava a pista fora da faixa;Atropelamento de Pedestre;Com Vï¿½timas Feridas;Plena Noite;Cï¿½u Claro;Simples;Interseï¿½ï¿½o de Vias;Sim;0;0
2025-05-12;segunda-feira;14:17:00;MG;251;FRUTA DE LEITE;Carga excessiva e/ou mal acondicionada;Colisï¿½o lateral sentido oposto;Sem Vï¿½timas;Pleno dia;Cï¿½u Claro;Simples;"Declive;Curva";Nï¿½o;0;0
2025-05-12;segunda-feira;23:00:00;SC;101;SAO JOSE;Chuva;Colisï¿½o traseira;Com Vï¿½timas Feridas;Plena Noite;Chuva;Mï¿½ltipla;Reta;Sim;0;0
2025-05-12;segunda-feira;23:40:00;SP;116;MIRACATU;Mal sï¿½bito do condutor;Saï¿½da de leito carroï¿½ï¿½vel;Com Vï¿½timas Feridas;Plena Noite;Nublado;Dupla;"Reta;Declive";Nï¿½o;0;0
2025-05-12;segunda-feira;22:15:00;SC;101;ARAQUARI;Frear bruscamente;Colisï¿½o com objeto;Com Vï¿½timas Feridas;Plena Noite;Chuva;Dupla;Reta;Nï¿½o;0;0
2025-05-12;segunda-feira;23:30:00;SP;116;GUARULHOS;Entrada inopinada do pedestre;Atropelamento de Pedestre;Com Vï¿½timas Fatais;Plena Noite;Cï¿½u Claro;Mï¿½ltipla;"Desvio Temporï¿½rio;Em Obras;Reta;Declive";Sim;1;1
2025-05-12;segunda-feira;23:35:00;RS;116;SENTINELA DO SUL;Ausï¿½ncia de reaï¿½ï¿½o do condutor;Tombamento;Com Vï¿½timas Feridas;Plena Noite;Nublado;Dupla;Curva;Nï¿½o;0;0
2025-05-12;segunda-feira;19:50:00;BA;101;ITABELA;Transitar na contramï¿½o;Colisï¿½o frontal;Com Vï¿½timas Fatais;Plena Noite;Garoa/Chuvisco;Simples;"Curva;Declive";Nï¿½o;2;1
2025-05-13;terï¿½a-feira;01:00:00;ES;101;PEDRO CANARIO;Condutor Dormindo;Colisï¿½o traseira;Com Vï¿½timas Feridas;Plena Noite;Nublado;Simples;Reta;Sim;0;0
2025-05-13;terï¿½a-feira;00:30:00;MG;50;UBERABA;Reaï¿½ï¿½o tardia ou ineficiente do condutor;Colisï¿½o traseira;Com Vï¿½timas Feridas;Plena Noite;Cï¿½u Claro;Dupla;"Reta;Aclive";Nï¿½o;0;0
2025-05-13;terï¿½a-feira;07:45:00;ES;101;SERRA;Condutor deixou de manter distï¿½ncia do veï¿½culo da frente;Colisï¿½o traseira;Com Vï¿½timas Feridas;Pleno dia;Garoa/Chuvisco;Dupla;Reta;Nï¿½o;0;0
2025-05-13;terï¿½a-feira;07:50:00;CE;116;AQUIRAZ;Condutor Dormindo;Colisï¿½o traseira;Com Vï¿½timas Feridas;Pleno dia;Sol;Dupla;Reta;Nï¿½o;0;0
2025-05-13;terï¿½a-feira;07:57:00;TO;153;ARAGUAINA;Acumulo de areia ou detritos sobre o pavimento;Tombamento;Sem Vï¿½timas;Pleno dia;Cï¿½u Claro;Mï¿½ltipla;"Curva;Interseï¿½ï¿½o de Vias;Retorno Regulamentado";Nï¿½o;0;0
2025-05-12;segunda-feira;22:30:00;PA;222;RONDON DO PARA;Deficiï¿½ncia do Sistema de Iluminaï¿½ï¿½o/Sinalizaï¿½ï¿½o;Colisï¿½o traseira;Com Vï¿½timas Fatais;Plena Noite;Cï¿½u Claro;Simples;Reta;Sim;1;1
2025-05-12;segunda-feira;15:30:00;MA;135;ITAPECURU MIRIM;Reaï¿½ï¿½o tardia ou ineficiente do condutor;Colisï¿½o traseira;Com Vï¿½timas Feridas;Pleno dia;Cï¿½u Claro;Simples;Reta;Nï¿½o;0;0
2025-05-13;terï¿½a-feira;07:00:00;PR;116;PIRAQUARA;Acessar a via sem observar a presenï¿½a dos outros veï¿½culos;Colisï¿½o lateral mesmo sentido;Com Vï¿½timas Feridas;Pleno dia;Cï¿½u Claro;Dupla;"Interseï¿½ï¿½o de Vias;Viaduto;Reta";Nï¿½o;0;0
2025-05-13;terï¿½a-feira;09:10:00;RS;116;NOVO HAMBURGO;Condutor deixou de manter distï¿½ncia do veï¿½culo da frente;Colisï¿½o traseira;Com Vï¿½timas Feridas;Pleno dia;Cï¿½u Claro;Dupla;Reta;Sim;0;0
2025-05-13;terï¿½a-feira;10:00:00;PR;277;PARANAGUA;Velocidade Incompatï¿½vel;Colisï¿½o lateral sentido oposto;Com Vï¿½timas Feridas;Pleno dia;Garoa/Chuvisco;Dupla;Reta;Nï¿½o;0;0
2025-05-12;segunda-feira;22:00:00;PR;277;NOVA LARANJEIRAS;Velocidade Incompatï¿½vel;Tombamento;Com Vï¿½timas Feridas;Plena Noite;Cï¿½u Claro;Simples;"Declive;Curva;Ponte";Nï¿½o;0;0
2025-05-13;terï¿½a-feira;11:08:00;TO;10;PALMAS;Acessar a via sem observar a presenï¿½a dos outros veï¿½culos;Saï¿½da de leito carroï¿½ï¿½vel;Com Vï¿½timas Feridas;Pleno dia;Cï¿½u Claro;Mï¿½ltipla;"Reta;Aclive";Sim;0;0
2025-04-27;domingo;07:30:00;MG;262;LUZ;Reaï¿½ï¿½o tardia ou ineficiente do condutor;Saï¿½da de leito carroï¿½ï¿½vel;Com Vï¿½timas Feridas;Pleno dia;Sol;Simples;"Reta;Declive";Nï¿½o;0;0
2025-05-13;terï¿½a-feira;12:30:00;MG;381;CAMBUI;Demais falhas mecï¿½nicas ou elï¿½tricas;Incï¿½ndio;Sem Vï¿½timas;Pleno dia;Cï¿½u Claro;Dupla;Reta;Nï¿½o;0;0
2025-05-13;terï¿½a-feira;11:30:00;MG;116;LEOPOLDINA;Velocidade Incompatï¿½vel;Tombamento;Com Vï¿½timas Feridas;Pleno dia;Cï¿½u Claro;Simples;Curva;Nï¿½o;0;0
2025-05-13;terï¿½a-feira;10:35:00;SP;116;CAJATI;Reaï¿½ï¿½o tardia ou ineficiente do condutor;Saï¿½da de leito carroï¿½ï¿½vel;Com Vï¿½timas Feridas;Pleno dia;Garoa/Chuvisco;Mï¿½ltipla;Curva;Nï¿½o;0;0
2025-05-13;terï¿½a-feira;13:00:00;BA;415;ILHEUS;Afundamento ou ondulaï¿½ï¿½o no pavimento;Tombamento;Com Vï¿½timas Feridas;Pleno dia;Chuva;Simples;Curva;Nï¿½o;0;0
2025-05-13;terï¿½a-feira;13:55:00;SC;470;GASPAR;Demais falhas mecï¿½nicas ou elï¿½tricas;Colisï¿½o traseira;Com Vï¿½timas Feridas;Pleno dia;Chuva;Dupla;Reta;Nï¿½o;0;0
2025-05-13;terï¿½a-feira;12:55:00;SC;282;FLORIANOPOLIS;Demais falhas mecï¿½nicas ou elï¿½tricas;Incï¿½ndio;Sem Vï¿½timas;Pleno dia;Chuva;Mï¿½ltipla;Reta;Sim;0;0
2025-01-13;segunda-feira;16:10:00;BA;324;SAO SEBASTIAO DO PASSE;Frear bruscamente;Colisï¿½o traseira;Sem Vï¿½timas;Pleno dia;Cï¿½u Claro;Dupla;"Declive;Reta";Nï¿½o;0;0
2025-05-13;terï¿½a-feira;15:10:00;ES;101;SERRA;Condutor deixou de manter distï¿½ncia do veï¿½culo da frente;Colisï¿½o traseira;Com Vï¿½timas Feridas;Pleno dia;Nublado;Dupla;Reta;Sim;0;0
2025-05-13;terï¿½a-feira;12:20:00;RJ;116;PORTO REAL;Ausï¿½ncia de reaï¿½ï¿½o do condutor;Colisï¿½o lateral mesmo sentido;Com Vï¿½timas Feridas;Pleno dia;Cï¿½u Claro;Dupla;Reta;Sim;0;0
2025-05-13;terï¿½a-feira;13:19:00;MS;163;CAMPO GRANDE;Ingestï¿½o de ï¿½lcool pelo condutor;Derramamento de carga;Sem Vï¿½timas;Pleno dia;Cï¿½u Claro;Simples;Reta;Nï¿½o;0;0
2025-05-13;terï¿½a-feira;15:40:00;PR;277;PALMEIRA;Reaï¿½ï¿½o tardia ou ineficiente do condutor;Colisï¿½o frontal;Com Vï¿½timas Fatais;Pleno dia;Cï¿½u Claro;Simples;Reta;Nï¿½o;1;1
2025-05-13;terï¿½a-feira;09:30:00;MG;153;PRATA;Reaï¿½ï¿½o tardia ou ineficiente do condutor;Colisï¿½o com objeto;Com Vï¿½timas Feridas;Pleno dia;Sol;Simples;"Declive;Ponte;Reta";Nï¿½o;0;0
2025-05-13;terï¿½a-feira;11:10:00;SC;470;BLUMENAU;Ausï¿½ncia de reaï¿½ï¿½o do condutor;Colisï¿½o com objeto;Sem Vï¿½timas;Pleno dia;Garoa/Chuvisco;Dupla;Reta;Nï¿½o;0;0
2025-05-09;sexta-feira;14:40:00;RJ;493;MAGE;Condutor deixou de manter distï¿½ncia do veï¿½culo da frente;Colisï¿½o traseira;Com Vï¿½timas Feridas;Pleno dia;Cï¿½u Claro;Simples;Reta;Nï¿½o;0;0
2025-05-13;terï¿½a-feira;16:40:00;PR;116;MANDIRITUBA;Acessar a via sem observar a presenï¿½a dos outros veï¿½culos;Colisï¿½o transversal;Com Vï¿½timas Feridas;Pleno dia;Sol;Simples;Rotatï¿½ria;Nï¿½o;0;0
2025-05-09;sexta-feira;06:00:00;BA;116;ANTONIO CARDOSO;Avarias e/ou desgaste excessivo no pneu;Colisï¿½o com objeto;Sem Vï¿½timas;Amanhecer;Cï¿½u Claro;Dupla;Reta;Nï¿½o;0;0
2025-05-13;terï¿½a-feira;16:15:00;RS;386;SOLEDADE;Reaï¿½ï¿½o tardia ou ineficiente do condutor;Colisï¿½o traseira;Com Vï¿½timas Feridas;Pleno dia;Cï¿½u Claro;Simples;"Reta;Em Obras";Nï¿½o;0;0
2025-05-13;terï¿½a-feira;15:10:00;MG;116;CAMPANARIO;Condutor deixou de manter distï¿½ncia do veï¿½culo da frente;Colisï¿½o traseira;Com Vï¿½timas Feridas;Pleno dia;Chuva;Simples;Reta;Sim;0;0
2025-05-13;terï¿½a-feira;17:30:00;GO;414;ANAPOLIS;Acessar a via sem observar a presenï¿½a dos outros veï¿½culos;Colisï¿½o lateral mesmo sentido;Com Vï¿½timas Feridas;Pleno dia;Cï¿½u Claro;Simples;Aclive;Sim;0;0
2025-05-13;terï¿½a-feira;18:00:00;MG;40;RIBEIRAO DAS NEVES;Trafegar com motocicleta (ou similar) entre as faixas;Colisï¿½o lateral mesmo sentido;Com Vï¿½timas Feridas;Anoitecer;Nublado;Dupla;Reta;Sim;0;0
2025-05-13;terï¿½a-feira;18:40:00;PR;116;CURITIBA;Reaï¿½ï¿½o tardia ou ineficiente do condutor;Colisï¿½o traseira;Sem Vï¿½timas;Plena Noite;Cï¿½u Claro;Simples;"Reta;Aclive";Sim;0;0
2025-05-13;terï¿½a-feira;15:00:00;MG;153;PRATA;Reaï¿½ï¿½o tardia ou ineficiente do condutor;Colisï¿½o lateral sentido oposto;Com Vï¿½timas Feridas;Pleno dia;Cï¿½u Claro;Simples;Curva;Nï¿½o;0;0
2025-05-13;terï¿½a-feira;15:00:00;ES;262;IBATIBA;Ausï¿½ncia de reaï¿½ï¿½o do condutor;Colisï¿½o lateral sentido oposto;Sem Vï¿½timas;Pleno dia;Nublado;Simples;Curva;Sim;0;0
2025-05-13;terï¿½a-feira;19:45:00;SP;381;ATIBAIA;Reaï¿½ï¿½o tardia ou ineficiente do condutor;Colisï¿½o traseira;Com Vï¿½timas Feridas;Plena Noite;Cï¿½u Claro;Dupla;"Reta;Aclive";Nï¿½o;0;0
2025-05-13;terï¿½a-feira;18:00:00;MT;70;VARZEA GRANDE;Deficiï¿½ncia do Sistema de Iluminaï¿½ï¿½o/Sinalizaï¿½ï¿½o;Colisï¿½o traseira;Com Vï¿½timas Feridas;Anoitecer;Cï¿½u Claro;Simples;Reta;Sim;0;0
2025-05-13;terï¿½a-feira;20:15:00;SP;116;CAJATI;Demais falhas mecï¿½nicas ou elï¿½tricas;Incï¿½ndio;Com Vï¿½timas Feridas;Plena Noite;Nublado;Mï¿½ltipla;Reta;Nï¿½o;0;0
2025-05-13;terï¿½a-feira;17:50:00;BA;101;SANTO ANTONIO DE JESUS;Ingestï¿½o de ï¿½lcool pelo condutor;Colisï¿½o frontal;Com Vï¿½timas Feridas;Anoitecer;Ignorado;Simples;"Curva;Declive";Nï¿½o;0;0
2025-05-13;terï¿½a-feira;18:00:00;BA;324;CAEM;Acessar a via sem observar a presenï¿½a dos outros veï¿½culos;Atropelamento de Pedestre;Com Vï¿½timas Feridas;Plena Noite;Cï¿½u Claro;Simples;Aclive;Nï¿½o;0;0
2025-02-26;quarta-feira;13:30:00;RJ;493;ITABORAI;Ausï¿½ncia de reaï¿½ï¿½o do condutor;Colisï¿½o traseira;Com Vï¿½timas Feridas;Pleno dia;Cï¿½u Claro;Dupla;"Reta;Viaduto";Sim;0;0
2025-05-13;terï¿½a-feira;21:58:00;GO;153;NOVA GLORIA;Ausï¿½ncia de sinalizaï¿½ï¿½o;Colisï¿½o traseira;Com Vï¿½timas Fatais;Plena Noite;Cï¿½u Claro;Simples;Reta;Nï¿½o;1;1
2025-05-13;terï¿½a-feira;22:20:00;SC;282;PALHOCA;Conversï¿½o proibida;Colisï¿½o transversal;Sem Vï¿½timas;Plena Noite;Chuva;Simples;Reta;Sim;0;0
2025-05-13;terï¿½a-feira;21:00:00;BA;116;RAFAEL JAMBEIRO;Condutor Dormindo;Colisï¿½o traseira;Com Vï¿½timas Feridas;Plena Noite;Garoa/Chuvisco;Dupla;Aclive;Nï¿½o;0;0
2025-05-13;terï¿½a-feira;20:30:00;RS;386;POUSO NOVO;Reaï¿½ï¿½o tardia ou ineficiente do condutor;Capotamento;Com Vï¿½timas Feridas;Plena Noite;Cï¿½u Claro;Simples;"Curva;Declive";Nï¿½o;0;0
2025-05-13;terï¿½a-feira;15:00:00;RO;364;OURO PRETO DO OESTE;Acessar a via sem observar a presenï¿½a dos outros veï¿½culos;Colisï¿½o transversal;Com Vï¿½timas Feridas;Pleno dia;Cï¿½u Claro;Simples;Interseï¿½ï¿½o de Vias;Sim;0;0
2025-05-14;quarta-feira;02:00:00;BA;324;FEIRA DE SANTANA;Demais falhas mecï¿½nicas ou elï¿½tricas;Tombamento;Sem Vï¿½timas;Plena Noite;Cï¿½u Claro;Dupla;Reta;Sim;0;0
2025-05-13;terï¿½a-feira;23:30:00;MG;365;JEQUITAI;Chuva;Saï¿½da de leito carroï¿½ï¿½vel;Com Vï¿½timas Feridas;Plena Noite;Nublado;Simples;"Declive;Reta";Nï¿½o;0;0
2025-05-14;quarta-feira;00:30:00;MG;365;JEQUITAI;Ausï¿½ncia de reaï¿½ï¿½o do condutor;Colisï¿½o com objeto;Com Vï¿½timas Feridas;Plena Noite;Cï¿½u Claro;Simples;Reta;Nï¿½o;0;0
2025-05-14;quarta-feira;03:50:00;MG;50;UBERABA;Ausï¿½ncia de reaï¿½ï¿½o do condutor;Saï¿½da de leito carroï¿½ï¿½vel;Com Vï¿½timas Feridas;Plena Noite;Cï¿½u Claro;Dupla;"Retorno Regulamentado;Declive";Nï¿½o;0;0
2025-05-14;quarta-feira;03:55:00;SC;101;BALNEARIO CAMBORIU;Manobra de mudanï¿½a de faixa;Colisï¿½o lateral mesmo sentido;Com Vï¿½timas Feridas;Plena Noite;Cï¿½u Claro;Dupla;"Em Obras;Tï¿½nel;Reta";Nï¿½o;0;0
2025-05-14;quarta-feira;05:30:00;MT;163;SORRISO;Acessar a via sem observar a presenï¿½a dos outros veï¿½culos;Colisï¿½o transversal;Com Vï¿½timas Feridas;Amanhecer;Cï¿½u Claro;Simples;"Retorno Regulamentado;Interseï¿½ï¿½o de Vias;Reta";Nï¿½o;0;0
2025-05-14;quarta-feira;07:26:00;PR;116;CURITIBA;Trafegar com motocicleta (ou similar) entre as faixas;Colisï¿½o lateral mesmo sentido;Com Vï¿½timas Feridas;Pleno dia;Cï¿½u Claro;Dupla;Reta;Sim;0;0
2025-05-14;quarta-feira;07:15:00;PR;376;SARANDI;Condutor deixou de manter distï¿½ncia do veï¿½culo da frente;Colisï¿½o traseira;Com Vï¿½timas Feridas;Pleno dia;Cï¿½u Claro;Dupla;"Reta;Aclive";Nï¿½o;0;0
2025-05-13;terï¿½a-feira;21:20:00;MT;70;PRIMAVERA DO LESTE;Acostamento em desnï¿½vel;Saï¿½da de leito carroï¿½ï¿½vel;Com Vï¿½timas Feridas;Plena Noite;Cï¿½u Claro;Simples;Reta;Nï¿½o;0;0
2025-05-14;quarta-feira;08:15:00;SC;116;MAFRA;Acessar a via sem observar a presenï¿½a dos outros veï¿½culos;Colisï¿½o transversal;Sem Vï¿½timas;Pleno dia;Cï¿½u Claro;Simples;"Reta;Retorno Regulamentado";Sim;0;0