data_inversa;dia_semana;horario;uf;br;municipio;causa_acidente;tipo_acidente;classificacao_acidente;fase_dia;condicao_metereologica;tipo_pista;tracado_via;uso_solo;mortos;acidente_fatal
2025-05-25;domingo;12:13:00;RN;110;MOSSORO;Acessar a via sem observar a presenï¿½a dos outros veï¿½culos;Colisï¿½o transversal;Com Vï¿½timas Feridas;Pleno dia;Nublado;Simples;Reta;Sim;0;0
2025-05-25;domingo;09:50:00;RS;470;BARRACAO;Problema com o freio;Colisï¿½o com objeto;Com Vï¿½timas Feridas;Pleno dia;Cï¿½u Claro;Simples;"Curva;Declive";Nï¿½o;0;0
2025-05-25;domingo;15:30:00;TO;153;PARAISO DO TOCANTINS;Reaï¿½ï¿½o tardia ou ineficiente do condutor;Colisï¿½o traseira;Com Vï¿½timas Feridas;Pleno dia;Cï¿½u Claro;Simples;Aclive;Nï¿½o;0;0
2025-05-25;domingo;15:20:00;MT;364;DIAMANTINO;Reaï¿½ï¿½o tardia ou ineficiente do condutor;Colisï¿½o lateral sentido oposto;Com Vï¿½timas Feridas;Pleno dia;Cï¿½u Claro;Simples;Reta;Nï¿½o;0;0
2025-05-25;domingo;16:50:00;SP;116;CAJATI;Demais falhas mecï¿½nicas ou elï¿½tricas;Incï¿½ndio;Sem Vï¿½timas;Pleno dia;Cï¿½u Claro;Dupla;Curva;Nï¿½o;0;0
2025-05-25;domingo;16:35:00;MG;116;MANHUACU;Ultrapassagem Indevida;Colisï¿½o lateral sentido oposto;Com Vï¿½timas Feridas;Pleno dia;Cï¿½u Claro;Simples;"Reta;Aclive";Nï¿½o;0;0
2025-05-25;domingo;16:35:00;SC;116;PONTE ALTA;Reaï¿½ï¿½o tardia ou ineficiente do condutor;Colisï¿½o traseira;Com Vï¿½timas Fatais;Pleno dia;Nublado;Simples;Reta;Nï¿½o;1;1
2025-05-25;domingo;15:09:00;MG;40;FELIXLANDIA;Mal sï¿½bito do condutor;Saï¿½da de leito carroï¿½ï¿½vel;Com Vï¿½timas Feridas;Pleno dia;Cï¿½u Claro;Simples;Reta;Nï¿½o;0;0
2025-05-25;domingo;18:05:00;MG;381;SAO GONCALO DO SAPUCAI;Ausï¿½ncia de reaï¿½ï¿½o do condutor;Colisï¿½o com objeto;Com Vï¿½timas Feridas;Anoitecer;Cï¿½u Claro;Dupla;Curva;Nï¿½o;0;0
2025-05-25;domingo;19:10:00;RO;364;JARU;Reaï¿½ï¿½o tardia ou ineficiente do condutor;Colisï¿½o lateral sentido oposto;Sem Vï¿½timas;Plena Noite;Nublado;Simples;Reta;Nï¿½o;0;0
2025-05-25;domingo;21:20:00;GO;50;CATALAO;Reaï¿½ï¿½o tardia ou ineficiente do condutor;Colisï¿½o traseira;Com Vï¿½timas Feridas;Plena Noite;Cï¿½u Claro;Dupla;"Reta;Declive";Nï¿½o;0;0
2025-05-25;domingo;15:45:00;BA;407;PONTO NOVO;Demais falhas mecï¿½nicas ou elï¿½tricas;Incï¿½ndio;Sem Vï¿½timas;Pleno dia;Nublado;Simples;Reta;Nï¿½o;0;0
2025-05-25;domingo;18:30:00;BA;324;RIACHAO DO JACUIPE;Iluminaï¿½ï¿½o deficiente;Colisï¿½o lateral sentido oposto;Com Vï¿½timas Feridas;Plena Noite;Nublado;Simples;Reta;Nï¿½o;0;0
2025-05-25;domingo;22:10:00;PR;376;PRUDENTOPOLIS;Acessar a via sem observar a presenï¿½a dos outros veï¿½culos;Colisï¿½o transversal;Sem Vï¿½timas;Plena Noite;Nevoeiro/Neblina;Simples;"Reta;Aclive;Retorno Regulamentado";Sim;0;0
2025-05-26;segunda-feira;00:05:00;ES;101;LINHARES;Condutor Dormindo;Colisï¿½o frontal;Com Vï¿½timas Feridas;Plena Noite;Garoa/Chuvisco;Simples;Reta;Nï¿½o;0;0
2025-05-26;segunda-feira;01:00:00;MG;262;PATROCINIO;Reaï¿½ï¿½o tardia ou ineficiente do condutor;Tombamento;Com Vï¿½timas Feridas;Plena Noite;Cï¿½u Claro;Simples;"Curva;Declive";Nï¿½o;0;0
2025-05-26;segunda-feira;01:30:00;PI;343;TERESINA;Ausï¿½ncia de reaï¿½ï¿½o do condutor;Colisï¿½o frontal;Com Vï¿½timas Fatais;Plena Noite;Cï¿½u Claro;Simples;Reta;Sim;1;1
2025-05-26;segunda-feira;01:50:00;RO;364;PIMENTA BUENO;Ingestï¿½o de ï¿½lcool pelo condutor;Colisï¿½o lateral mesmo sentido;Com Vï¿½timas Feridas;Plena Noite;Cï¿½u Claro;Simples;Curva;Sim;0;0
2025-05-26;segunda-feira;00:38:00;RJ;116;GUAPIMIRIM;Reaï¿½ï¿½o tardia ou ineficiente do condutor;Colisï¿½o frontal;Com Vï¿½timas Fatais;Plena Noite;Cï¿½u Claro;Simples;Curva;Nï¿½o;1;1
2025-05-25;domingo;15:50:00;CE;222;SOBRAL;Acumulo de ï¿½gua sobre o pavimento;Saï¿½da de leito carroï¿½ï¿½vel;Com Vï¿½timas Feridas;Pleno dia;Chuva;Simples;Rotatï¿½ria;Nï¿½o;0;0
2025-05-26;segunda-feira;07:00:00;MG;381;BETIM;Ausï¿½ncia de reaï¿½ï¿½o do condutor;Colisï¿½o traseira;Com Vï¿½timas Feridas;Pleno dia;Nevoeiro/Neblina;Dupla;"Reta;Aclive";Nï¿½o;0;0
2025-05-02;sexta-feira;04:25:00;SE;235;CARIRA;Ausï¿½ncia de reaï¿½ï¿½o do condutor;Colisï¿½o traseira;Com Vï¿½timas Feridas;Plena Noite;Cï¿½u Claro;Simples;Reta;Nï¿½o;0;0
2025-05-25;domingo;23:08:00;RO;364;VILHENA;Transitar na contramï¿½o;Colisï¿½o lateral sentido oposto;Com Vï¿½timas Feridas;Plena Noite;Cï¿½u Claro;Simples;Reta;Nï¿½o;0;0
2025-05-26;segunda-feira;07:50:00;MG;381;BETIM;Reaï¿½ï¿½o tardia ou ineficiente do condutor;Colisï¿½o traseira;Com Vï¿½timas Feridas;Pleno dia;Cï¿½u Claro;Dupla;"Curva;Declive";Sim;0;0
2025-05-26;segunda-feira;07:50:00;MG;50;UBERLANDIA;Velocidade Incompatï¿½vel;Tombamento;Com Vï¿½timas Feridas;Amanhecer;Cï¿½u Claro;Dupla;"Curva;Declive";Nï¿½o;0;0
2025-05-26;segunda-feira;08:00:00;RS;158;CRUZ ALTA;Desrespeitar a preferï¿½ncia no cruzamento;Colisï¿½o transversal;Com Vï¿½timas Feridas;Pleno dia;Chuva;Simples;Interseï¿½ï¿½o de Vias;Nï¿½o;0;0
2025-05-26;segunda-feira;09:10:00;AL;101;PORTO REAL DO COLEGIO;Acessar a via sem observar a presenï¿½a dos outros veï¿½culos;Colisï¿½o transversal;Com Vï¿½timas Feridas;Pleno dia;Garoa/Chuvisco;Dupla;"Reta;Interseï¿½ï¿½o de Vias";Nï¿½o;0;0
2025-05-26;segunda-feira;09:30:00;RS;158;CRUZ ALTA;Ultrapassagem Indevida;Colisï¿½o frontal;Com Vï¿½timas Fatais;Pleno dia;Chuva;Simples;Reta;Nï¿½o;1;1
2025-05-26;segunda-feira;09:00:00;DF;20;BRASILIA;Ausï¿½ncia de reaï¿½ï¿½o do condutor;Colisï¿½o traseira;Com Vï¿½timas Feridas;Pleno dia;Sol;Simples;"Curva;Aclive";Nï¿½o;0;0
2025-05-26;segunda-feira;08:00:00;BA;324;FEIRA DE SANTANA;Pista Escorregadia;Tombamento;Com Vï¿½timas Feridas;Pleno dia;Cï¿½u Claro;Dupla;Reta;Nï¿½o;0;0
2025-05-26;segunda-feira;08:30:00;MA;10;IMPERATRIZ;Demais falhas mecï¿½nicas ou elï¿½tricas;Tombamento;Com Vï¿½timas Feridas;Pleno dia;Cï¿½u Claro;Simples;Declive;Nï¿½o;0;0
2025-05-26;segunda-feira;10:00:00;SP;116;SAO JOSE DOS CAMPOS;Reaï¿½ï¿½o tardia ou ineficiente do condutor;Colisï¿½o traseira;Com Vï¿½timas Feridas;Pleno dia;Sol;Dupla;Reta;Sim;0;0
2025-05-26;segunda-feira;10:40:00;BA;110;RIBEIRA DO POMBAL;Problema com o freio;Saï¿½da de leito carroï¿½ï¿½vel;Com Vï¿½timas Feridas;Pleno dia;Cï¿½u Claro;Simples;Reta;Nï¿½o;0;0
2025-05-26;segunda-feira;07:50:00;MG;40;PARACATU;Condutor Dormindo;Colisï¿½o traseira;Com Vï¿½timas Fatais;Pleno dia;Cï¿½u Claro;Simples;Reta;Nï¿½o;1;1
2025-05-26;segunda-feira;08:00:00;RJ;116;SAPUCAIA;Transitar na contramï¿½o;Colisï¿½o frontal;Com Vï¿½timas Feridas;Pleno dia;Cï¿½u Claro;Simples;Curva;Nï¿½o;0;0
2025-05-26;segunda-feira;12:15:00;PR;376;SAO JOSE DOS PINHAIS;Ausï¿½ncia de reaï¿½ï¿½o do condutor;Engavetamento;Sem Vï¿½timas;Pleno dia;Cï¿½u Claro;Dupla;"Reta;Declive;Interseï¿½ï¿½o de Vias";Nï¿½o;0;0
2025-05-20;terï¿½a-feira;04:00:00;MA;226;BARRA DO CORDA;Ingestï¿½o de ï¿½lcool pelo condutor;Tombamento;Sem Vï¿½timas;Plena Noite;Garoa/Chuvisco;Simples;Reta;Nï¿½o;0;0
2025-05-26;segunda-feira;11:50:00;GO;60;GOIANIA;Reaï¿½ï¿½o tardia ou ineficiente do condutor;Colisï¿½o traseira;Com Vï¿½timas Feridas;Pleno dia;Cï¿½u Claro;Dupla;"Reta;Aclive";Nï¿½o;0;0
2025-05-26;segunda-feira;12:15:00;SP;153;ONDA VERDE;Ausï¿½ncia de reaï¿½ï¿½o do condutor;Colisï¿½o traseira;Com Vï¿½timas Feridas;Pleno dia;Sol;Simples;"Reta;Em Obras";Nï¿½o;0;0
2025-04-24;quinta-feira;22:45:00;PR;277;PARANAGUA;Condutor deixou de manter distï¿½ncia do veï¿½culo da frente;Colisï¿½o traseira;Com Vï¿½timas Feridas;Plena Noite;Nublado;Simples;Reta;Sim;0;0
2025-05-26;segunda-feira;12:20:00;PR;277;CAMPO LARGO;Ausï¿½ncia de reaï¿½ï¿½o do condutor;Atropelamento de Pedestre;Com Vï¿½timas Feridas;Pleno dia;Cï¿½u Claro;Dupla;Reta;Sim;0;0
2025-05-26;segunda-feira;07:20:00;MG;116;MEDINA;Ausï¿½ncia de reaï¿½ï¿½o do condutor;Colisï¿½o lateral mesmo sentido;Com Vï¿½timas Feridas;Amanhecer;Chuva;Simples;Reta;Nï¿½o;0;0
2025-05-26;segunda-feira;09:40:00;MG;116;TEOFILO OTONI;Reaï¿½ï¿½o tardia ou ineficiente do condutor;Colisï¿½o traseira;Com Vï¿½timas Feridas;Pleno dia;Nublado;Simples;"Reta;Declive";Nï¿½o;0;0
2025-05-26;segunda-feira;07:30:00;PE;428;CABROBO;Reaï¿½ï¿½o tardia ou ineficiente do condutor;Colisï¿½o traseira;Com Vï¿½timas Feridas;Pleno dia;Cï¿½u Claro;Simples;Reta;Nï¿½o;0;0
2025-05-26;segunda-feira;13:10:00;SC;470;RIO DO SUL;Acessar a via sem observar a presenï¿½a dos outros veï¿½culos;Colisï¿½o transversal;Com Vï¿½timas Feridas;Pleno dia;Nublado;Simples;"Reta;Interseï¿½ï¿½o de Vias";Sim;0;0
2025-05-26;segunda-feira;14:00:00;SC;280;GUARAMIRIM;Desrespeitar a preferï¿½ncia no cruzamento;Colisï¿½o transversal;Com Vï¿½timas Feridas;Pleno dia;Cï¿½u Claro;Dupla;Rotatï¿½ria;Sim;0;0
2025-05-26;segunda-feira;14:30:00;PR;369;LONDRINA;Avarias e/ou desgaste excessivo no pneu;Colisï¿½o transversal;Com Vï¿½timas Feridas;Pleno dia;Cï¿½u Claro;Dupla;Reta;Sim;0;0
2025-05-26;segunda-feira;15:50:00;PR;376;SAO JOSE DOS PINHAIS;Acessar a via sem observar a presenï¿½a dos outros veï¿½culos;Colisï¿½o lateral mesmo sentido;Sem Vï¿½timas;Pleno dia;Cï¿½u Claro;Dupla;Reta;Sim;0;0
2025-05-25;domingo;23:50:00;SC;282;IRACEMINHA;Velocidade Incompatï¿½vel;Derramamento de carga;Com Vï¿½timas Feridas;Plena Noite;Cï¿½u Claro;Simples;Reta;Nï¿½o;0;0
2025-05-26;segunda-feira;15:10:00;SP;116;PINDAMONHANGABA;Manobra de mudanï¿½a de faixa;Colisï¿½o traseira;Sem Vï¿½timas;Pleno dia;Sol;Dupla;Reta;Nï¿½o;0;0
2025-05-26;segunda-feira;14:00:00;PR;116;CURITIBA;Reaï¿½ï¿½o tardia ou ineficiente do condutor;Engavetamento;Com Vï¿½timas Feridas;Pleno dia;Cï¿½u Claro;Dupla;"Reta;Aclive";Sim;0;0
2025-05-26;segunda-feira;15:15:00;SC;101;SAO JOSE;Pedestre andava na pista;Atropelamento de Pedestre;Com Vï¿½timas Fatais;Pleno dia;Cï¿½u Claro;Mï¿½ltipla;Reta;Sim;1;1
2025-05-26;segunda-feira;07:30:00;BA;324;FEIRA DE SANTANA;Ausï¿½ncia de reaï¿½ï¿½o do condutor;Tombamento;Com Vï¿½timas Feridas;Pleno dia;Cï¿½u Claro;Dupla;Reta;Sim;0;0
2025-05-26;segunda-feira;16:15:00;PE;116;SALGUEIRO;Avarias e/ou desgaste excessivo no pneu;Saï¿½da de leito carroï¿½ï¿½vel;Sem Vï¿½timas;Pleno dia;Cï¿½u Claro;Simples;"Declive;Reta";Nï¿½o;0;0
2025-05-26;segunda-feira;12:40:00;MG;262;ARAXA;Reaï¿½ï¿½o tardia ou ineficiente do condutor;Saï¿½da de leito carroï¿½ï¿½vel;Com Vï¿½timas Feridas;Pleno dia;Cï¿½u Claro;Simples;"Reta;Declive";Nï¿½o;0;0
2025-05-26;segunda-feira;17:05:00;MG;40;ESMERALDAS;Reaï¿½ï¿½o tardia ou ineficiente do condutor;Colisï¿½o traseira;Com Vï¿½timas Feridas;Pleno dia;Cï¿½u Claro;Simples;"Aclive;Curva;Interseï¿½ï¿½o de Vias";Nï¿½o;0;0
2025-05-26;segunda-feira;14:15:00;PR;369;BANDEIRANTES;Reaï¿½ï¿½o tardia ou ineficiente do condutor;Saï¿½da de leito carroï¿½ï¿½vel;Com Vï¿½timas Feridas;Pleno dia;Nublado;Simples;"Declive;Reta";Nï¿½o;0;0
2025-05-26;segunda-feira;16:40:00;ES;101;SERRA;Condutor deixou de manter distï¿½ncia do veï¿½culo da frente;Engavetamento;Com Vï¿½timas Feridas;Anoitecer;Chuva;Mï¿½ltipla;Aclive;Sim;0;0
2025-05-26;segunda-feira;17:40:00;MG;40;RESSAQUINHA;Demais falhas mecï¿½nicas ou elï¿½tricas;Colisï¿½o frontal;Com Vï¿½timas Feridas;Anoitecer;Nublado;Simples;"Reta;Aclive";Nï¿½o;0;0
2025-05-26;segunda-feira;18:30:00;GO;60;RIO VERDE;Manobra de mudanï¿½a de faixa;Saï¿½da de leito carroï¿½ï¿½vel;Com Vï¿½timas Feridas;Anoitecer;Cï¿½u Claro;Dupla;"Reta;Aclive";Nï¿½o;0;0
2025-05-26;segunda-feira;12:50:00;GO;158;CAIAPONIA;Reaï¿½ï¿½o tardia ou ineficiente do condutor;Colisï¿½o traseira;Com Vï¿½timas Feridas;Pleno dia;Cï¿½u Claro;Simples;Reta;Nï¿½o;0;0
2025-05-26;segunda-feira;18:40:00;MT;70;VARZEA GRANDE;Ausï¿½ncia de reaï¿½ï¿½o do condutor;Colisï¿½o transversal;Com Vï¿½timas Feridas;Plena Noite;Cï¿½u Claro;Simples;Reta;Sim;0;0
2025-05-26;segunda-feira;18:30:00;PR;277;SAO JOSE DOS PINHAIS;Iluminaï¿½ï¿½o deficiente;Colisï¿½o lateral mesmo sentido;Com Vï¿½timas Feridas;Plena Noite;Nublado;Dupla;Reta;Nï¿½o;0;0
2025-05-26;segunda-feira;18:35:00;PR;376;SAO JOSE DOS PINHAIS;Ausï¿½ncia de reaï¿½ï¿½o do condutor;Colisï¿½o traseira;Com Vï¿½timas Fatais;Pleno dia;Cï¿½u Claro;Dupla;"Aclive;Curva;Interseï¿½ï¿½o de Vias";Sim;1;1
2025-05-26;segunda-feira;19:30:00;MG;50;UBERABA;Mal sï¿½bito do condutor;Colisï¿½o com objeto;Com Vï¿½timas Feridas;Plena Noite;Cï¿½u Claro;Dupla;Reta;Sim;0;0
2025-05-26;segunda-feira;20:30:00;ES;101;ARACRUZ;Transitar na contramï¿½o;Colisï¿½o frontal;Com Vï¿½timas Feridas;Plena Noite;Nublado;Simples;Reta;Sim;0;0
2025-05-26;segunda-feira;18:50:00;BA;101;CARAVELAS;Transitar na contramï¿½o;Colisï¿½o frontal;Com Vï¿½timas Feridas;Plena Noite;Cï¿½u Claro;Simples;"Reta;Aclive";Nï¿½o;0;0
2025-05-26;segunda-feira;19:40:00;SC;280;SAO FRANCISCO DO SUL;Manobra de mudanï¿½a de faixa;Colisï¿½o transversal;Com Vï¿½timas Feridas;Plena Noite;Cï¿½u Claro;Simples;Rotatï¿½ria;Sim;0;0
2025-05-26;segunda-feira;19:20:00;MG;381;SABARA;Acessar a via sem observar a presenï¿½a dos outros veï¿½culos;Atropelamento de Pedestre;Com Vï¿½timas Feridas;Plena Noite;Cï¿½u Claro;Dupla;Reta;Nï¿½o;0;0
2025-05-26;segunda-feira;21:00:00;ES;101;ARACRUZ;Ausï¿½ncia de reaï¿½ï¿½o do condutor;Colisï¿½o traseira;Com Vï¿½timas Feridas;Plena Noite;Chuva;Simples;Reta;Nï¿½o;0;0
2025-05-26;segunda-feira;21:40:00;SC;101;ITAJAI;Manobra de mudanï¿½a de faixa;Tombamento;Com Vï¿½timas Feridas;Plena Noite;Nublado;Mï¿½ltipla;Reta;Sim;0;0
2025-05-26;segunda-feira;16:00:00;PA;153;SAO DOMINGOS DO ARAGUAIA;Reaï¿½ï¿½o tardia ou ineficiente do condutor;Colisï¿½o com objeto;Com Vï¿½timas Fatais;Pleno dia;Cï¿½u Claro;Simples;Reta;Nï¿½o;1;1
2025-05-26;segunda-feira;23:00:00;PR;376;GUARATUBA;Frear bruscamente;Colisï¿½o lateral mesmo sentido;Com Vï¿½timas Feridas;Plena Noite;Nublado;Dupla;"Ponte;Reta";Nï¿½o;0;0
2025-05-26;segunda-feira;21:10:00;RJ;393;SAPUCAIA;Conversï¿½o proibida;Colisï¿½o traseira;Com Vï¿½timas Feridas;Plena Noite;Cï¿½u Claro;Dupla;Reta;Nï¿½o;0;0
2025-05-26;segunda-feira;23:05:00;SC;101;NAVEGANTES;Velocidade Incompatï¿½vel;Tombamento;Com Vï¿½timas Feridas;Plena Noite;Cï¿½u Claro;Dupla;Reta;Sim;0;0
2025-05-26;segunda-feira;19:50:00;MA;135;MIRANDA DO NORTE;Ultrapassagem Indevida;Colisï¿½o frontal;Com Vï¿½timas Feridas;Plena Noite;Cï¿½u Claro;Simples;Reta;Nï¿½o;0;0
2025-05-26;segunda-feira;23:30:00;SP;116;SAO LOURENCO DA SERRA;Reaï¿½ï¿½o tardia ou ineficiente do condutor;Colisï¿½o traseira;Com Vï¿½timas Feridas;Plena Noite;Cï¿½u Claro;Dupla;"Declive;Reta";Nï¿½o;0;0
2025-05-26;segunda-feira;23:39:00;RS;392;RIO GRANDE;Acessar a via sem observar a presenï¿½a dos outros veï¿½culos;Colisï¿½o transversal;Com Vï¿½timas Feridas;Plena Noite;Garoa/Chuvisco;Simples;Reta;Nï¿½o;0;0
2025-05-27;terï¿½a-feira;01:10:00;MG;50;DELTA;Condutor Dormindo;Colisï¿½o traseira;Com Vï¿½timas Feridas;Plena Noite;Cï¿½u Claro;Dupla;Reta;Nï¿½o;0;0
2025-05-26;segunda-feira;19:40:00;GO;20;SIMOLANDIA;Falta de acostamento;Tombamento;Sem Vï¿½timas;Plena Noite;Cï¿½u Claro;Simples;Reta;Nï¿½o;0;0
2025-05-27;terï¿½a-feira;04:30:00;RS;290;VILA NOVA DO SUL;Avarias e/ou desgaste excessivo no pneu;Saï¿½da de leito carroï¿½ï¿½vel;Com Vï¿½timas Feridas;Plena Noite;Garoa/Chuvisco;Simples;"Reta;Declive";Sim;0;0
2025-05-27;terï¿½a-feira;04:00:00;SC;470;IBIRAMA;Reaï¿½ï¿½o tardia ou ineficiente do condutor;Colisï¿½o lateral sentido oposto;Com Vï¿½timas Feridas;Plena Noite;Nublado;Simples;Reta;Nï¿½o;0;0
2025-05-27;terï¿½a-feira;05:00:00;BA;116;IRAJUBA;Ausï¿½ncia de reaï¿½ï¿½o do condutor;Colisï¿½o frontal;Com Vï¿½timas Feridas;Amanhecer;Cï¿½u Claro;Simples;Reta;Nï¿½o;0;0
2025-05-27;terï¿½a-feira;05:15:00;RJ;116;RESENDE;Velocidade Incompatï¿½vel;Colisï¿½o traseira;Com Vï¿½timas Feridas;Amanhecer;Nevoeiro/Neblina;Dupla;Reta;Sim;0;0
2025-05-27;terï¿½a-feira;05:50:00;ES;101;CACHOEIRO DE ITAPEMIRIM;Transitar na contramï¿½o;Colisï¿½o lateral sentido oposto;Com Vï¿½timas Feridas;Amanhecer;Nublado;Dupla;Reta;Nï¿½o;0;0
2025-05-27;terï¿½a-feira;02:20:00;PR;376;PONTA GROSSA;Ausï¿½ncia de reaï¿½ï¿½o do condutor;Colisï¿½o lateral mesmo sentido;Com Vï¿½timas Feridas;Plena Noite;Ignorado;Dupla;Reta;Nï¿½o;0;0
2025-05-27;terï¿½a-feira;06:20:00;MG;262;SAO DOMINGOS DO PRATA;Transitar na contramï¿½o;Colisï¿½o frontal;Com Vï¿½timas Feridas;Amanhecer;Garoa/Chuvisco;Simples;"Curva;Declive";Nï¿½o;0;0
2025-05-08;quinta-feira;02:15:00;SP;116;PINDAMONHANGABA;Ausï¿½ncia de reaï¿½ï¿½o do condutor;Colisï¿½o traseira;Com Vï¿½timas Feridas;Plena Noite;Nublado;Dupla;Reta;Nï¿½o;0;0
2025-05-27;terï¿½a-feira;07:25:00;PE;408;SAO LOURENCO DA MATA;Demais falhas mecï¿½nicas ou elï¿½tricas;Incï¿½ndio;Sem Vï¿½timas;Pleno dia;Cï¿½u Claro;Dupla;"Reta;Aclive";Nï¿½o;0;0
2025-05-26;segunda-feira;21:30:00;BA;116;IRAJUBA;Demais falhas mecï¿½nicas ou elï¿½tricas;Colisï¿½o traseira;Com Vï¿½timas Feridas;Plena Noite;Cï¿½u Claro;Simples;Curva;Nï¿½o;0;0
2025-05-27;terï¿½a-feira;08:12:00;SP;153;GETULINA;Ultrapassagem Indevida;Colisï¿½o lateral mesmo sentido;Com Vï¿½timas Feridas;Pleno dia;Cï¿½u Claro;Simples;Reta;Nï¿½o;0;0
2025-05-15;quinta-feira;03:15:00;PI;316;LAGOA DO PIAUI;Transitar na contramï¿½o;Colisï¿½o frontal;Com Vï¿½timas Fatais;Plena Noite;Cï¿½u Claro;Simples;"Aclive;Reta";Sim;1;1
2025-05-27;terï¿½a-feira;07:30:00;BA;101;ALAGOINHAS;Acessar a via sem observar a presenï¿½a dos outros veï¿½culos;Colisï¿½o lateral sentido oposto;Com Vï¿½timas Feridas;Pleno dia;Cï¿½u Claro;Simples;Reta;Nï¿½o;0;0
2025-05-21;quarta-feira;02:30:00;MG;116;ITAOBIM;Ausï¿½ncia de reaï¿½ï¿½o do condutor;Saï¿½da de leito carroï¿½ï¿½vel;Com Vï¿½timas Feridas;Plena Noite;Cï¿½u Claro;Simples;Curva;Nï¿½o;0;0
2025-05-27;terï¿½a-feira;05:40:00;GO;158;BOM JARDIM DE GOIAS;Objeto estï¿½tico sobre o leito carroï¿½ï¿½vel;Colisï¿½o traseira;Sem Vï¿½timas;Amanhecer;Cï¿½u Claro;Simples;Reta;Nï¿½o;0;0
2025-05-27;terï¿½a-feira;10:05:00;RN;226;CURRAIS NOVOS;Desrespeitar a preferï¿½ncia no cruzamento;Colisï¿½o transversal;Com Vï¿½timas Feridas;Pleno dia;Cï¿½u Claro;Simples;"Reta;Aclive";Sim;0;0
2025-04-13;domingo;18:00:00;PR;163;PEROLA DOESTE;Velocidade Incompatï¿½vel;Tombamento;Com Vï¿½timas Fatais;Plena Noite;Ignorado;Simples;Curva;Nï¿½o;1;1
2025-05-27;terï¿½a-feira;06:00:00;MA;230;BARAO DE GRAJAU;Ausï¿½ncia de reaï¿½ï¿½o do condutor;Tombamento;Com Vï¿½timas Feridas;Pleno dia;Cï¿½u Claro;Simples;"Curva;Declive";Nï¿½o;0;0
2025-05-27;terï¿½a-feira;10:00:00;BA;116;JAGUAQUARA;Velocidade Incompatï¿½vel;Saï¿½da de leito carroï¿½ï¿½vel;Com Vï¿½timas Feridas;Pleno dia;Cï¿½u Claro;Simples;Reta;Nï¿½o;0;0
2025-05-27;terï¿½a-feira;13:00:00;MT;364;RONDONOPOLIS;Velocidade Incompatï¿½vel;Tombamento;Com Vï¿½timas Feridas;Pleno dia;Cï¿½u Claro;Dupla;Rotatï¿½ria;Sim;0;0
2025-05-27;terï¿½a-feira;14:15:00;GO;364;CACHOEIRA ALTA;Ingestï¿½o de ï¿½lcool pelo condutor;Saï¿½da de leito carroï¿½ï¿½vel;Com Vï¿½timas Fatais;Pleno dia;Cï¿½u Claro;Simples;Reta;Nï¿½o;1;1
2025-05-27;terï¿½a-feira;09:00:00;BA;349;CORRENTINA;Velocidade Incompatï¿½vel;Colisï¿½o frontal;Com Vï¿½timas Fatais;Pleno dia;Cï¿½u Claro;Simples;Reta;Nï¿½o;1;1
2025-05-27;terï¿½a-feira;15:30:00;SE;101;ITAPORANGA DAJUDA;Velocidade Incompatï¿½vel;Colisï¿½o com objeto;Com Vï¿½timas Feridas;Pleno dia;Nublado;Dupla;"Reta;Declive";Nï¿½o;0;0
2025-05-27;terï¿½a-feira;15:40:00;MG;50;UBERLANDIA;Manobra de mudanï¿½a de faixa;Colisï¿½o lateral mesmo sentido;Sem Vï¿½timas;Pleno dia;Sol;Dupla;"Reta;Declive";Nï¿½o;0;0
2025-05-27;terï¿½a-feira;15:40:00;PR;369;JURANDA;Ultrapassagem Indevida;Colisï¿½o frontal;Com Vï¿½timas Fatais;Pleno dia;Cï¿½u Claro;Simples;Reta;Nï¿½o;3;1
2025-05-27;terï¿½a-feira;16:20:00;SP;381;ATIBAIA;Carga excessiva e/ou mal acondicionada;Derramamento de carga;Sem Vï¿½timas;Pleno dia;Cï¿½u Claro;Dupla;"Curva;Viaduto;Interseï¿½ï¿½o de Vias";Nï¿½o;0;0
2025-05-27;terï¿½a-feira;17:55:00;SC;101;SAO JOSE;Reaï¿½ï¿½o tardia ou ineficiente do condutor;Colisï¿½o traseira;Com Vï¿½timas Feridas;Plena Noite;Nublado;Dupla;Reta;Sim;0;0
2025-05-27;terï¿½a-feira;16:50:00;RO;364;ITAPUA DO OESTE;Reaï¿½ï¿½o tardia ou ineficiente do condutor;Colisï¿½o lateral sentido oposto;Sem Vï¿½timas;Pleno dia;Cï¿½u Claro;Simples;Curva;Nï¿½o;0;0
2025-05-27;terï¿½a-feira;18:45:00;SP;116;MIRACATU;Ausï¿½ncia de reaï¿½ï¿½o do condutor;Colisï¿½o traseira;Com Vï¿½timas Feridas;Plena Noite;Nublado;Dupla;Reta;Sim;0;0
2025-05-27;terï¿½a-feira;14:30:00;ES;101;SERRA;Manobra de mudanï¿½a de faixa;Colisï¿½o lateral mesmo sentido;Com Vï¿½timas Feridas;Pleno dia;Cï¿½u Claro;Dupla;Reta;Sim;0;0
2025-05-27;terï¿½a-feira;18:50:00;SP;116;CACAPAVA;Manobra de mudanï¿½a de faixa;Colisï¿½o lateral mesmo sentido;Sem Vï¿½timas;Plena Noite;Cï¿½u Claro;Dupla;Reta;Sim;0;0
2025-05-27;terï¿½a-feira;19:00:00;PB;101;JOAO PESSOA;Acessar a via sem observar a presenï¿½a dos outros veï¿½culos;Colisï¿½o lateral mesmo sentido;Com Vï¿½timas Feridas;Plena Noite;Cï¿½u Claro;Dupla;Reta;Sim;0;0