data_inversa;dia_semana;horario;uf;br;municipio;causa_acidente;tipo_acidente;classificacao_acidente;fase_dia;condicao_metereologica;tipo_pista;tracado_via;uso_solo;mortos;acidente_fatal
2025-06-05;quinta-feira;14:45:00;MG;40;OURO PRETO;Condutor Dormindo;Colisï¿½o frontal;Com Vï¿½timas Feridas;Pleno dia;Cï¿½u Claro;Simples;Reta;Nï¿½o;0;0
2025-06-05;quinta-feira;16:10:00;DF;20;BRASILIA;Ausï¿½ncia de reaï¿½ï¿½o do condutor;Colisï¿½o lateral sentido oposto;Com Vï¿½timas Feridas;Pleno dia;Cï¿½u Claro;Mï¿½ltipla;Em Obras;Sim;0;0
2025-06-05;quinta-feira;15:15:00;PR;373;PONTA GROSSA;Velocidade Incompatï¿½vel;Saï¿½da de leito carroï¿½ï¿½vel;Com Vï¿½timas Fatais;Pleno dia;Garoa/Chuvisco;Simples;Curva;Nï¿½o;1;1
2025-05-17;sï¿½bado;07:30:00;MG;381;CAMANDUCAIA;Demais falhas mecï¿½nicas ou elï¿½tricas;Incï¿½ndio;Sem Vï¿½timas;Pleno dia;Cï¿½u Claro;Dupla;Curva;Nï¿½o;0;0
2025-06-05;quinta-feira;17:50:00;SC;101;GAROPABA;Manobra de mudanï¿½a de faixa;Colisï¿½o lateral mesmo sentido;Com Vï¿½timas Feridas;Anoitecer;Nublado;Simples;Reta;Nï¿½o;0;0
2025-06-05;quinta-feira;18:15:00;BA;324;SIMOES FILHO;Deficiï¿½ncia do Sistema de Iluminaï¿½ï¿½o/Sinalizaï¿½ï¿½o;Queda de ocupante de veï¿½culo;Com Vï¿½timas Feridas;Plena Noite;Cï¿½u Claro;Dupla;Reta;Sim;0;0
2025-06-05;quinta-feira;18:00:00;SC;153;CONCORDIA;Acessar a via sem observar a presenï¿½a dos outros veï¿½culos;Colisï¿½o lateral mesmo sentido;Com Vï¿½timas Feridas;Plena Noite;Nublado;Simples;"Reta;Interseï¿½ï¿½o de Vias";Nï¿½o;0;0
2025-06-05;quinta-feira;14:45:00;MS;267;BATAGUASSU;Carga excessiva e/ou mal acondicionada;Colisï¿½o lateral sentido oposto;Com Vï¿½timas Feridas;Pleno dia;Cï¿½u Claro;Simples;Curva;Nï¿½o;0;0
2025-06-05;quinta-feira;19:10:00;PR;116;FAZENDA RIO GRANDE;Manobra de mudanï¿½a de faixa;Colisï¿½o com objeto;Com Vï¿½timas Feridas;Plena Noite;Nublado;Dupla;Reta;Sim;0;0
2025-06-05;quinta-feira;14:10:00;RO;364;JARU;Acessar a via sem observar a presenï¿½a dos outros veï¿½culos;Colisï¿½o lateral mesmo sentido;Sem Vï¿½timas;Pleno dia;Cï¿½u Claro;Dupla;Interseï¿½ï¿½o de Vias;Sim;0;0
2025-06-05;quinta-feira;11:00:00;SC;101;ICARA;Avarias e/ou desgaste excessivo no pneu;Colisï¿½o lateral mesmo sentido;Sem Vï¿½timas;Pleno dia;Nublado;Dupla;Reta;Sim;0;0
2025-06-05;quinta-feira;18:45:00;MA;10;IMPERATRIZ;Manobra de mudanï¿½a de faixa;Colisï¿½o lateral sentido oposto;Com Vï¿½timas Feridas;Plena Noite;Cï¿½u Claro;Simples;Reta;Nï¿½o;0;0
2025-05-31;sï¿½bado;23:00:00;BA;242;IBOTIRAMA;Velocidade Incompatï¿½vel;Saï¿½da de leito carroï¿½ï¿½vel;Sem Vï¿½timas;Plena Noite;Cï¿½u Claro;Simples;"Curva;Declive";Nï¿½o;0;0
2025-06-05;quinta-feira;19:50:00;PR;277;CURITIBA;Manobra de mudanï¿½a de faixa;Colisï¿½o lateral mesmo sentido;Com Vï¿½timas Feridas;Plena Noite;Cï¿½u Claro;Dupla;Curva;Nï¿½o;0;0
2025-06-05;quinta-feira;19:50:00;RJ;393;VASSOURAS;Suicï¿½dio (presumido);Atropelamento de Pedestre;Com Vï¿½timas Feridas;Plena Noite;Nublado;Simples;Reta;Nï¿½o;0;0
2025-06-05;quinta-feira;15:45:00;MT;364;NOBRES;Acessar a via sem observar a presenï¿½a dos outros veï¿½culos;Colisï¿½o transversal;Sem Vï¿½timas;Pleno dia;Cï¿½u Claro;Dupla;Interseï¿½ï¿½o de Vias;Nï¿½o;0;0
2025-06-05;quinta-feira;18:20:00;MG;153;FRONTEIRA;Ausï¿½ncia de reaï¿½ï¿½o do condutor;Colisï¿½o traseira;Com Vï¿½timas Feridas;Plena Noite;Cï¿½u Claro;Simples;Reta;Nï¿½o;0;0
2025-06-05;quinta-feira;19:30:00;AL;316;SATUBA;Transitar na contramï¿½o;Colisï¿½o lateral sentido oposto;Sem Vï¿½timas;Plena Noite;Cï¿½u Claro;Simples;"Reta;Ponte";Nï¿½o;0;0
2025-06-05;quinta-feira;19:20:00;MA;135;SAO DOMINGOS DO MARANHAO;Transitar no Acostamento;Colisï¿½o frontal;Com Vï¿½timas Feridas;Plena Noite;Cï¿½u Claro;Simples;Reta;Nï¿½o;0;0
2025-06-05;quinta-feira;13:00:00;MT;158;BARRA DO GARCAS;Condutor Dormindo;Colisï¿½o frontal;Com Vï¿½timas Feridas;Pleno dia;Cï¿½u Claro;Simples;Reta;Nï¿½o;0;0
2025-06-05;quinta-feira;12:00:00;MG;50;UBERABA;Ausï¿½ncia de reaï¿½ï¿½o do condutor;Saï¿½da de leito carroï¿½ï¿½vel;Com Vï¿½timas Feridas;Pleno dia;Cï¿½u Claro;Dupla;Reta;Nï¿½o;0;0
2025-06-05;quinta-feira;22:00:00;ES;101;SERRA;Reaï¿½ï¿½o tardia ou ineficiente do condutor;Colisï¿½o traseira;Com Vï¿½timas Feridas;Plena Noite;Cï¿½u Claro;Dupla;Reta;Nï¿½o;0;0
2025-06-06;sexta-feira;00:25:00;SC;470;POUSO REDONDO;Condutor Dormindo;Saï¿½da de leito carroï¿½ï¿½vel;Com Vï¿½timas Feridas;Plena Noite;Nublado;Simples;Reta;Nï¿½o;0;0
2025-06-06;sexta-feira;00:30:00;PB;104;CAMPINA GRANDE;Ingestï¿½o de ï¿½lcool pelo condutor;Colisï¿½o lateral mesmo sentido;Sem Vï¿½timas;Plena Noite;Nublado;Dupla;"Curva;Em Obras";Nï¿½o;0;0
2025-06-06;sexta-feira;02:30:00;PR;116;SAO JOSE DOS PINHAIS;Pedestre cruzava a pista fora da faixa;Atropelamento de Pedestre;Com Vï¿½timas Fatais;Plena Noite;Cï¿½u Claro;Dupla;Reta;Sim;1;1
2025-06-06;sexta-feira;03:20:00;RJ;101;ANGRA DOS REIS;Transitar na contramï¿½o;Colisï¿½o frontal;Com Vï¿½timas Fatais;Plena Noite;Nublado;Simples;Reta;Nï¿½o;2;1
2025-06-06;sexta-feira;00:30:00;MG;381;CAMBUI;Curva acentuada;Saï¿½da de leito carroï¿½ï¿½vel;Com Vï¿½timas Feridas;Plena Noite;Garoa/Chuvisco;Dupla;Curva;Nï¿½o;0;0
2025-06-06;sexta-feira;05:46:00;GO;20;FORMOSA;Objeto estï¿½tico sobre o leito carroï¿½ï¿½vel;Colisï¿½o traseira;Com Vï¿½timas Fatais;Amanhecer;Chuva;Simples;Aclive;Nï¿½o;1;1
2025-06-06;sexta-feira;06:15:00;PR;277;PARANAGUA;Ausï¿½ncia de sinalizaï¿½ï¿½o;Colisï¿½o transversal;Com Vï¿½timas Feridas;Amanhecer;Garoa/Chuvisco;Dupla;Interseï¿½ï¿½o de Vias;Sim;0;0
2025-06-06;sexta-feira;05:55:00;SC;116;CAPAO ALTO;Ausï¿½ncia de reaï¿½ï¿½o do condutor;Colisï¿½o traseira;Com Vï¿½timas Feridas;Plena Noite;Cï¿½u Claro;Simples;"Reta;Aclive";Nï¿½o;0;0
2025-06-05;quinta-feira;23:00:00;BA;242;ANGICAL;Condutor Dormindo;Colisï¿½o lateral sentido oposto;Com Vï¿½timas Feridas;Plena Noite;Cï¿½u Claro;Simples;"Reta;Aclive";Nï¿½o;0;0
2025-06-06;sexta-feira;07:30:00;PB;101;JOAO PESSOA;Ultrapassagem Indevida;Colisï¿½o lateral mesmo sentido;Com Vï¿½timas Feridas;Pleno dia;Cï¿½u Claro;Dupla;Interseï¿½ï¿½o de Vias;Nï¿½o;0;0
2025-06-06;sexta-feira;06:00:00;PA;316;BENEVIDES;Acessar a via sem observar a presenï¿½a dos outros veï¿½culos;Colisï¿½o com objeto;Sem Vï¿½timas;Pleno dia;Cï¿½u Claro;Dupla;"Retorno Regulamentado;Reta";Sim;0;0
2025-06-06;sexta-feira;07:00:00;PR;277;PRUDENTOPOLIS;Acessar a via sem observar a presenï¿½a dos outros veï¿½culos;Atropelamento de Pedestre;Com Vï¿½timas Feridas;Amanhecer;Nevoeiro/Neblina;Simples;"Reta;Aclive";Nï¿½o;0;0
2025-06-06;sexta-feira;06:00:00;MG;153;MONTE ALEGRE DE MINAS;Transitar na contramï¿½o;Colisï¿½o lateral sentido oposto;Com Vï¿½timas Feridas;Amanhecer;Cï¿½u Claro;Simples;"Reta;Declive;Ponte";Nï¿½o;0;0
2025-06-06;sexta-feira;08:15:00;CE;116;FORTALEZA;Manobra de mudanï¿½a de faixa;Colisï¿½o lateral mesmo sentido;Sem Vï¿½timas;Pleno dia;Cï¿½u Claro;Dupla;Reta;Sim;0;0
2025-06-06;sexta-feira;08:25:00;BA;116;FEIRA DE SANTANA;Reaï¿½ï¿½o tardia ou ineficiente do condutor;Colisï¿½o com objeto;Com Vï¿½timas Feridas;Pleno dia;Garoa/Chuvisco;Dupla;Reta;Nï¿½o;0;0
2025-06-06;sexta-feira;08:18:00;AP;210;MACAPA;Ausï¿½ncia de reaï¿½ï¿½o do condutor;Colisï¿½o traseira;Com Vï¿½timas Feridas;Pleno dia;Cï¿½u Claro;Mï¿½ltipla;Reta;Sim;0;0
2025-06-06;sexta-feira;08:15:00;PR;376;TIBAGI;Reaï¿½ï¿½o tardia ou ineficiente do condutor;Colisï¿½o traseira;Com Vï¿½timas Feridas;Pleno dia;Nevoeiro/Neblina;Dupla;"Curva;Aclive";Nï¿½o;0;0
2025-06-06;sexta-feira;08:30:00;MG;40;CONTAGEM;Manobra de mudanï¿½a de faixa;Colisï¿½o lateral mesmo sentido;Com Vï¿½timas Feridas;Pleno dia;Cï¿½u Claro;Mï¿½ltipla;"Reta;Aclive;Interseï¿½ï¿½o de Vias";Sim;0;0
2025-06-06;sexta-feira;08:20:00;PB;230;JOAO PESSOA;Ausï¿½ncia de reaï¿½ï¿½o do condutor;Colisï¿½o traseira;Com Vï¿½timas Feridas;Pleno dia;Cï¿½u Claro;Dupla;"Aclive;Reta";Nï¿½o;0;0
2025-06-06;sexta-feira;08:20:00;MG;381;CARMOPOLIS DE MINAS;Reaï¿½ï¿½o tardia ou ineficiente do condutor;Colisï¿½o com objeto;Com Vï¿½timas Feridas;Pleno dia;Cï¿½u Claro;Dupla;"Reta;Declive";Nï¿½o;0;0
2025-06-06;sexta-feira;08:20:00;RJ;356;CAMPOS DOS GOYTACAZES;Estacionar ou parar em local proibido;Colisï¿½o lateral mesmo sentido;Com Vï¿½timas Feridas;Pleno dia;Cï¿½u Claro;Simples;Reta;Sim;0;0
2025-06-06;sexta-feira;09:00:00;SC;470;APIUNA;Entrada inopinada do pedestre;Atropelamento de Pedestre;Com Vï¿½timas Fatais;Pleno dia;Nublado;Simples;Reta;Sim;1;1
2025-05-21;quarta-feira;22:45:00;SP;116;CAJATI;Ausï¿½ncia de reaï¿½ï¿½o do condutor;Capotamento;Com Vï¿½timas Feridas;Plena Noite;Chuva;Simples;"Declive;Curva";Nï¿½o;0;0
2025-04-10;quinta-feira;23:15:00;PA;10;AURORA DO PARA;Demais falhas mecï¿½nicas ou elï¿½tricas;Colisï¿½o transversal;Com Vï¿½timas Feridas;Plena Noite;Cï¿½u Claro;Simples;Aclive;Nï¿½o;0;0
2025-06-06;sexta-feira;12:00:00;PR;376;MARIALVA;Animais na Pista;Colisï¿½o traseira;Com Vï¿½timas Feridas;Pleno dia;Cï¿½u Claro;Dupla;Declive;Nï¿½o;0;0
2025-05-11;domingo;19:00:00;MT;364;RONDONOPOLIS;Demais falhas mecï¿½nicas ou elï¿½tricas;Colisï¿½o com objeto;Com Vï¿½timas Feridas;Anoitecer;Cï¿½u Claro;Dupla;"Reta;Declive";Sim;0;0
2025-06-06;sexta-feira;11:45:00;SE;101;ESTANCIA;Ausï¿½ncia de reaï¿½ï¿½o do condutor;Colisï¿½o com objeto;Sem Vï¿½timas;Pleno dia;Nublado;Dupla;"Declive;Reta";Nï¿½o;0;0
2025-06-06;sexta-feira;11:20:00;PA;10;DOM ELISEU;Acessar a via sem observar a presenï¿½a dos outros veï¿½culos;Colisï¿½o traseira;Com Vï¿½timas Feridas;Pleno dia;Cï¿½u Claro;Simples;Reta;Sim;0;0
2025-06-06;sexta-feira;14:30:00;RJ;116;SEROPEDICA;Curva acentuada;Colisï¿½o lateral mesmo sentido;Com Vï¿½timas Feridas;Pleno dia;Cï¿½u Claro;Dupla;Curva;Sim;0;0
2025-06-06;sexta-feira;13:45:00;PR;277;GUARANIACU;Desrespeitar a preferï¿½ncia no cruzamento;Colisï¿½o transversal;Com Vï¿½timas Feridas;Pleno dia;Nublado;Simples;Reta;Nï¿½o;0;0
2025-06-06;sexta-feira;13:35:00;MS;163;BANDEIRANTES;Ausï¿½ncia de reaï¿½ï¿½o do condutor;Colisï¿½o traseira;Com Vï¿½timas Fatais;Pleno dia;Cï¿½u Claro;Dupla;Reta;Nï¿½o;1;1
2025-06-06;sexta-feira;12:20:00;PR;376;PALMEIRA;Velocidade Incompatï¿½vel;Colisï¿½o lateral mesmo sentido;Com Vï¿½timas Feridas;Pleno dia;Sol;Dupla;"Curva;Declive";Nï¿½o;0;0
2025-05-13;terï¿½a-feira;18:44:00;ES;101;SERRA;Manobra de mudanï¿½a de faixa;Colisï¿½o lateral mesmo sentido;Com Vï¿½timas Fatais;Plena Noite;Garoa/Chuvisco;Dupla;"Reta;Declive";Nï¿½o;1;1
2025-06-06;sexta-feira;15:30:00;RS;392;RIO GRANDE;Condutor deixou de manter distï¿½ncia do veï¿½culo da frente;Colisï¿½o traseira;Com Vï¿½timas Feridas;Pleno dia;Sol;Simples;Reta;Nï¿½o;0;0
2025-06-06;sexta-feira;13:00:00;SC;470;LONTRAS;Desrespeitar a preferï¿½ncia no cruzamento;Colisï¿½o transversal;Com Vï¿½timas Feridas;Pleno dia;Sol;Simples;"Retorno Regulamentado;Reta";Sim;0;0
2025-06-06;sexta-feira;12:30:00;PI;316;MONSENHOR GIL;Pedestre andava na pista;Atropelamento de Pedestre;Com Vï¿½timas Feridas;Pleno dia;Sol;Simples;Reta;Sim;0;0
2025-06-06;sexta-feira;14:14:00;BA;101;CRUZ DAS ALMAS;Ausï¿½ncia de reaï¿½ï¿½o do condutor;Colisï¿½o frontal;Com Vï¿½timas Fatais;Pleno dia;Nublado;Simples;Reta;Sim;1;1
2025-06-06;sexta-feira;15:20:00;RJ;116;BARRA MANSA;Reaï¿½ï¿½o tardia ou ineficiente do condutor;Engavetamento;Com Vï¿½timas Feridas;Pleno dia;Nublado;Dupla;Curva;Nï¿½o;0;0
2025-06-06;sexta-feira;16:25:00;PR;376;ALTO PARANA;Reaï¿½ï¿½o tardia ou ineficiente do condutor;Saï¿½da de leito carroï¿½ï¿½vel;Com Vï¿½timas Feridas;Pleno dia;Nublado;Simples;Reta;Nï¿½o;0;0
2025-06-06;sexta-feira;16:25:00;MA;316;CAXIAS;Carga excessiva e/ou mal acondicionada;Colisï¿½o com objeto;Sem Vï¿½timas;Pleno dia;Cï¿½u Claro;Simples;Reta;Nï¿½o;0;0
2025-06-06;sexta-feira;17:25:00;PB;230;JOAO PESSOA;Manobra de mudanï¿½a de faixa;Colisï¿½o lateral mesmo sentido;Com Vï¿½timas Feridas;Anoitecer;Sol;Dupla;"Reta;Declive;Viaduto";Sim;0;0
2025-05-29;quinta-feira;15:19:00;ES;101;CARIACICA;Reaï¿½ï¿½o tardia ou ineficiente do condutor;Engavetamento;Com Vï¿½timas Feridas;Pleno dia;Nublado;Mï¿½ltipla;Reta;Nï¿½o;0;0
2025-05-17;sï¿½bado;08:00:00;RN;405;MOSSORO;Manobra de mudanï¿½a de faixa;Colisï¿½o frontal;Com Vï¿½timas Fatais;Pleno dia;Cï¿½u Claro;Simples;Reta;Nï¿½o;1;1
2025-06-06;sexta-feira;16:20:00;RS;153;CACHOEIRA DO SUL;Demais falhas mecï¿½nicas ou elï¿½tricas;Incï¿½ndio;Sem Vï¿½timas;Pleno dia;Cï¿½u Claro;Dupla;Reta;Sim;0;0
2025-06-06;sexta-feira;17:06:00;MA;226;BARRA DO CORDA;Ausï¿½ncia de sinalizaï¿½ï¿½o;Colisï¿½o lateral sentido oposto;Com Vï¿½timas Feridas;Anoitecer;Cï¿½u Claro;Simples;Curva;Sim;0;0
2025-06-06;sexta-feira;18:58:00;ES;101;CARIACICA;Acessar a via sem observar a presenï¿½a dos outros veï¿½culos;Colisï¿½o transversal;Com Vï¿½timas Feridas;Plena Noite;Nublado;Dupla;Reta;Sim;0;0
2025-06-06;sexta-feira;17:10:00;PR;153;JACAREZINHO;Reaï¿½ï¿½o tardia ou ineficiente do condutor;Saï¿½da de leito carroï¿½ï¿½vel;Com Vï¿½timas Feridas;Anoitecer;Cï¿½u Claro;Simples;"Curva;Retorno Regulamentado";Nï¿½o;0;0
2025-06-06;sexta-feira;18:30:00;SP;116;BARRA DO TURVO;Pedestre andava na pista;Atropelamento de Pedestre;Com Vï¿½timas Feridas;Plena Noite;Nublado;Dupla;Reta;Nï¿½o;0;0
2025-06-06;sexta-feira;16:40:00;PA;230;ITAITUBA;Ingestï¿½o de ï¿½lcool pelo condutor;Tombamento;Sem Vï¿½timas;Pleno dia;Cï¿½u Claro;Simples;"Curva;Declive";Nï¿½o;0;0
2025-06-06;sexta-feira;19:00:00;GO;60;SANTO ANTONIO DO DESCOBERTO;Reaï¿½ï¿½o tardia ou ineficiente do condutor;Colisï¿½o traseira;Com Vï¿½timas Feridas;Plena Noite;Nublado;Dupla;Aclive;Nï¿½o;0;0
2025-06-06;sexta-feira;19:00:00;GO;153;GOIANIA;Acumulo de areia ou detritos sobre o pavimento;Queda de ocupante de veï¿½culo;Com Vï¿½timas Feridas;Plena Noite;Cï¿½u Claro;Dupla;Reta;Sim;0;0
2025-06-06;sexta-feira;18:10:00;MT;174;COMODORO;Demais falhas mecï¿½nicas ou elï¿½tricas;Incï¿½ndio;Sem Vï¿½timas;Plena Noite;Cï¿½u Claro;Simples;Reta;Nï¿½o;0;0
2025-06-06;sexta-feira;20:00:00;PR;277;CASCAVEL;Ingestï¿½o de ï¿½lcool pelo condutor;Colisï¿½o lateral sentido oposto;Sem Vï¿½timas;Plena Noite;Nevoeiro/Neblina;Simples;"Curva;Aclive";Nï¿½o;0;0
2025-06-06;sexta-feira;15:50:00;PR;116;CURITIBA;Demais falhas mecï¿½nicas ou elï¿½tricas;Tombamento;Sem Vï¿½timas;Pleno dia;Nublado;Dupla;Curva;Sim;0;0
2025-06-06;sexta-feira;19:00:00;SP;116;GUARATINGUETA;Ausï¿½ncia de reaï¿½ï¿½o do condutor;Colisï¿½o traseira;Com Vï¿½timas Feridas;Plena Noite;Chuva;Dupla;Reta;Nï¿½o;0;0
2025-06-06;sexta-feira;19:15:00;SP;116;MIRACATU;Ausï¿½ncia de reaï¿½ï¿½o do condutor;Colisï¿½o traseira;Com Vï¿½timas Feridas;Plena Noite;Chuva;Simples;Reta;Sim;0;0
2025-06-06;sexta-feira;19:45:00;MA;222;ACAILANDIA;Ausï¿½ncia de reaï¿½ï¿½o do condutor;Colisï¿½o transversal;Com Vï¿½timas Feridas;Plena Noite;Cï¿½u Claro;Simples;"Reta;Declive";Nï¿½o;0;0
2025-06-06;sexta-feira;18:03:00;RS;386;NOVA SANTA RITA;Acessar a via sem observar a presenï¿½a dos outros veï¿½culos;Colisï¿½o transversal;Com Vï¿½timas Feridas;Plena Noite;Cï¿½u Claro;Dupla;"Interseï¿½ï¿½o de Vias;Rotatï¿½ria;Retorno Regulamentado";Nï¿½o;0;0
2025-06-06;sexta-feira;15:20:00;SC;282;CAMPOS NOVOS;Ausï¿½ncia de sinalizaï¿½ï¿½o;Colisï¿½o transversal;Sem Vï¿½timas;Pleno dia;Cï¿½u Claro;Simples;Interseï¿½ï¿½o de Vias;Nï¿½o;0;0
2025-06-06;sexta-feira;18:10:00;PR;277;MATELANDIA;Acessar a via sem observar a presenï¿½a dos outros veï¿½culos;Colisï¿½o frontal;Com Vï¿½timas Fatais;Anoitecer;Cï¿½u Claro;Simples;Reta;Sim;1;1
2025-06-06;sexta-feira;19:00:00;PI;316;GEMINIANO;Ausï¿½ncia de reaï¿½ï¿½o do condutor;Colisï¿½o traseira;Com Vï¿½timas Feridas;Plena Noite;Cï¿½u Claro;Simples;Reta;Nï¿½o;0;0
2025-06-06;sexta-feira;20:40:00;MS;158;TRES LAGOAS;Sinalizaï¿½ï¿½o mal posicionada;Colisï¿½o traseira;Com Vï¿½timas Fatais;Plena Noite;Cï¿½u Claro;Simples;"Aclive;Curva";Nï¿½o;1;1
2025-06-06;sexta-feira;21:00:00;BA;101;ITABUNA;Ausï¿½ncia de reaï¿½ï¿½o do condutor;Colisï¿½o lateral sentido oposto;Com Vï¿½timas Feridas;Plena Noite;Cï¿½u Claro;Simples;Curva;Sim;0;0
2025-06-06;sexta-feira;20:20:00;MG;262;IBIA;Chuva;Saï¿½da de leito carroï¿½ï¿½vel;Sem Vï¿½timas;Plena Noite;Chuva;Simples;Reta;Nï¿½o;0;0
2025-06-06;sexta-feira;18:00:00;MG;40;FELIXLANDIA;Velocidade Incompatï¿½vel;Saï¿½da de leito carroï¿½ï¿½vel;Com Vï¿½timas Fatais;Anoitecer;Cï¿½u Claro;Simples;"Curva;Aclive";Nï¿½o;3;1
2025-06-06;sexta-feira;20:00:00;MT;163;RONDONOPOLIS;Ausï¿½ncia de reaï¿½ï¿½o do condutor;Saï¿½da de leito carroï¿½ï¿½vel;Com Vï¿½timas Feridas;Plena Noite;Cï¿½u Claro;Dupla;Reta;Nï¿½o;0;0
2025-06-06;sexta-feira;22:00:00;PB;104;SAO SEBASTIAO DE LAGOA DE  ROCA;Reaï¿½ï¿½o tardia ou ineficiente do condutor;Colisï¿½o traseira;Com Vï¿½timas Feridas;Plena Noite;Nublado;Simples;Reta;Sim;0;0
2025-06-06;sexta-feira;19:30:00;PA;163;BELTERRA;Ausï¿½ncia de reaï¿½ï¿½o do condutor;Colisï¿½o traseira;Sem Vï¿½timas;Plena Noite;Cï¿½u Claro;Simples;Reta;Sim;0;0
2025-06-06;sexta-feira;22:00:00;SC;282;PONTE SERRADA;Manobra de mudanï¿½a de faixa;Colisï¿½o lateral mesmo sentido;Sem Vï¿½timas;Plena Noite;Cï¿½u Claro;Simples;"Reta;Aclive";Nï¿½o;0;0
2025-06-06;sexta-feira;16:00:00;MT;364;PEDRA PRETA;Reaï¿½ï¿½o tardia ou ineficiente do condutor;Tombamento;Com Vï¿½timas Feridas;Pleno dia;Cï¿½u Claro;Simples;Reta;Nï¿½o;0;0
2025-06-06;sexta-feira;20:50:00;PI;230;OEIRAS;Ausï¿½ncia de reaï¿½ï¿½o do condutor;Colisï¿½o transversal;Com Vï¿½timas Feridas;Plena Noite;Cï¿½u Claro;Simples;Curva;Nï¿½o;0;0
2025-06-07;sï¿½bado;00:13:00;MG;381;PERDOES;Ausï¿½ncia de reaï¿½ï¿½o do condutor;Colisï¿½o traseira;Com Vï¿½timas Feridas;Plena Noite;Cï¿½u Claro;Dupla;Reta;Nï¿½o;0;0
2025-06-07;sï¿½bado;02:40:00;ES;101;ATILIO VIVACQUA;Condutor Dormindo;Saï¿½da de leito carroï¿½ï¿½vel;Com Vï¿½timas Feridas;Plena Noite;Cï¿½u Claro;Simples;Reta;Nï¿½o;0;0
2025-06-06;sexta-feira;17:30:00;CE;116;FORTALEZA;Trafegar com motocicleta (ou similar) entre as faixas;Tombamento;Com Vï¿½timas Feridas;Anoitecer;Cï¿½u Claro;Dupla;Reta;Sim;0;0
2025-06-07;sï¿½bado;04:00:00;PR;116;PIRAQUARA;Ausï¿½ncia de reaï¿½ï¿½o do condutor;Colisï¿½o traseira;Com Vï¿½timas Feridas;Plena Noite;Cï¿½u Claro;Dupla;Reta;Nï¿½o;0;0
2025-06-07;sï¿½bado;00:20:00;RR;174;CARACARAI;Transitar na contramï¿½o;Colisï¿½o lateral sentido oposto;Com Vï¿½timas Feridas;Plena Noite;Nublado;Simples;Curva;Nï¿½o;0;0
2025-06-06;sexta-feira;21:30:00;MG;40;NOVA LIMA;Reaï¿½ï¿½o tardia ou ineficiente do condutor;Colisï¿½o traseira;Com Vï¿½timas Feridas;Plena Noite;Nublado;Simples;"Reta;Declive";Nï¿½o;0;0
2025-06-07;sï¿½bado;04:25:00;MG;251;GRAO MOGOL;Condutor Dormindo;Colisï¿½o frontal;Com Vï¿½timas Feridas;Plena Noite;Cï¿½u Claro;Simples;Reta;Nï¿½o;0;0
2025-06-07;sï¿½bado;02:30:00;AM;174;MANAUS;Condutor Dormindo;Colisï¿½o com objeto;Com Vï¿½timas Feridas;Plena Noite;Nublado;Simples;Reta;Nï¿½o;0;0
2025-06-07;sï¿½bado;05:15:00;SP;153;BADY BASSITT;Ingestï¿½o de ï¿½lcool pelo condutor;Colisï¿½o transversal;Sem Vï¿½timas;Plena Noite;Cï¿½u Claro;Dupla;Reta;Nï¿½o;0;0
2025-06-07;sï¿½bado;06:40:00;RS;158;SANTA MARIA;Condutor Dormindo;Saï¿½da de leito carroï¿½ï¿½vel;Sem Vï¿½timas;Amanhecer;Nevoeiro/Neblina;Dupla;"Reta;Aclive;Em Obras";Nï¿½o;0;0
2025-06-06;sexta-feira;21:30:00;SC;280;CANOINHAS;Ausï¿½ncia de reaï¿½ï¿½o do condutor;Colisï¿½o frontal;Com Vï¿½timas Fatais;Plena Noite;Nublado;Simples;"Reta;Declive";Nï¿½o;1;1
2025-06-07;sï¿½bado;04:20:00;RJ;40;DUQUE DE CAXIAS;Reaï¿½ï¿½o tardia ou ineficiente do condutor;Colisï¿½o com objeto;Com Vï¿½timas Feridas;Plena Noite;Chuva;Dupla;Reta;Sim;0;0
2025-06-07;sï¿½bado;07:57:00;MG;381;BETIM;Conversï¿½o proibida;Colisï¿½o transversal;Com Vï¿½timas Feridas;Pleno dia;Cï¿½u Claro;Mï¿½ltipla;"Reta;Aclive";Sim;0;0
2025-06-07;sï¿½bado;04:55:00;BA;101;ITABELA;Neblina;Colisï¿½o frontal;Com Vï¿½timas Feridas;Amanhecer;Nevoeiro/Neblina;Simples;Reta;Nï¿½o;0;0
2025-06-07;sï¿½bado;07:15:00;RS;285;LAGOA VERMELHA;Reaï¿½ï¿½o tardia ou ineficiente do condutor;Tombamento;Com Vï¿½timas Feridas;Amanhecer;Nevoeiro/Neblina;Simples;"Declive;Curva";Nï¿½o;0;0
2025-06-07;sï¿½bado;08:40:00;SP;153;SAO JOSE DO RIO PRETO;Condutor deixou de manter distï¿½ncia do veï¿½culo da frente;Colisï¿½o traseira;Com Vï¿½timas Fatais;Pleno dia;Sol;Dupla;Reta;Sim;2;1
2025-06-07;sï¿½bado;05:30:00;PB;230;SOUSA;Condutor Dormindo;Colisï¿½o frontal;Com Vï¿½timas Fatais;Amanhecer;Cï¿½u Claro;Simples;Curva;Nï¿½o;1;1
2025-06-06;sexta-feira;21:30:00;RJ;356;CAMPOS DOS GOYTACAZES;Condutor Dormindo;Colisï¿½o frontal;Com Vï¿½timas Feridas;Plena Noite;Cï¿½u Claro;Simples;Reta;Nï¿½o;0;0
2025-06-07;sï¿½bado;09:20:00;SP;116;CACAPAVA;Manobra de mudanï¿½a de faixa;Colisï¿½o lateral mesmo sentido;Com Vï¿½timas Feridas;Pleno dia;Nublado;Dupla;Reta;Nï¿½o;0;0