data_inversa;dia_semana;horario;uf;br;municipio;causa_acidente;tipo_acidente;classificacao_acidente;fase_dia;condicao_metereologica;tipo_pista;tracado_via;uso_solo;mortos;acidente_fatal
2025-06-22;domingo;18:00:00;ES;101;CARIACICA;Desrespeitar a preferï¿½ncia no cruzamento;Colisï¿½o transversal;Com Vï¿½timas Feridas;Plena Noite;Cï¿½u Claro;Dupla;"Aclive;Reta;Retorno Regulamentado";Sim;0;0
2025-06-22;domingo;16:55:00;SP;116;BARRA DO TURVO;Reaï¿½ï¿½o tardia ou ineficiente do condutor;Tombamento;Com Vï¿½timas Feridas;Anoitecer;Cï¿½u Claro;Dupla;Curva;Nï¿½o;0;0
2025-06-22;domingo;16:35:00;SC;282;RANCHO QUEIMADO;Velocidade Incompatï¿½vel;Colisï¿½o frontal;Com Vï¿½timas Fatais;Pleno dia;Chuva;Simples;"Declive;Curva";Nï¿½o;1;1
2025-06-22;domingo;17:30:00;MG;153;CANAPOLIS;Reaï¿½ï¿½o tardia ou ineficiente do condutor;Tombamento;Com Vï¿½timas Feridas;Anoitecer;Cï¿½u Claro;Dupla;Reta;Nï¿½o;0;0
2025-06-22;domingo;14:10:00;BA;101;ALAGOINHAS;Acessar a via sem observar a presenï¿½a dos outros veï¿½culos;Colisï¿½o lateral mesmo sentido;Com Vï¿½timas Feridas;Pleno dia;Cï¿½u Claro;Simples;Reta;Nï¿½o;0;0
2025-06-22;domingo;18:23:00;AC;364;RIO BRANCO;Reaï¿½ï¿½o tardia ou ineficiente do condutor;Colisï¿½o traseira;Com Vï¿½timas Feridas;Plena Noite;Cï¿½u Claro;Dupla;Reta;Nï¿½o;0;0
2025-06-22;domingo;18:30:00;SC;280;MAFRA;Acumulo de areia ou detritos sobre o pavimento;Colisï¿½o frontal;Com Vï¿½timas Feridas;Plena Noite;Nublado;Simples;"Curva;Declive";Nï¿½o;0;0
2025-06-22;domingo;21:30:00;SP;116;ITAPECERICA DA SERRA;Entrada inopinada do pedestre;Atropelamento de Pedestre;Com Vï¿½timas Feridas;Plena Noite;Cï¿½u Claro;Dupla;Reta;Sim;0;0
2025-06-22;domingo;18:00:00;RO;435;VILHENA;Demais falhas mecï¿½nicas ou elï¿½tricas;Incï¿½ndio;Sem Vï¿½timas;Anoitecer;Cï¿½u Claro;Simples;Reta;Nï¿½o;0;0
2025-06-22;domingo;23:20:00;MG;459;SENADOR JOSE BENTO;Velocidade Incompatï¿½vel;Tombamento;Com Vï¿½timas Feridas;Plena Noite;Cï¿½u Claro;Simples;"Curva;Declive";Nï¿½o;0;0
2025-06-22;domingo;22:50:00;SP;116;BARRA DO TURVO;Ausï¿½ncia de reaï¿½ï¿½o do condutor;Colisï¿½o lateral mesmo sentido;Sem Vï¿½timas;Plena Noite;Nublado;Simples;Reta;Nï¿½o;0;0
2025-06-22;domingo;23:00:00;RJ;116;ITATIAIA;Acessar a via sem observar a presenï¿½a dos outros veï¿½culos;Colisï¿½o lateral mesmo sentido;Com Vï¿½timas Feridas;Plena Noite;Cï¿½u Claro;Simples;Interseï¿½ï¿½o de Vias;Nï¿½o;0;0
2025-06-23;segunda-feira;01:30:00;MG;40;OLIVEIRA FORTES;Velocidade Incompatï¿½vel;Tombamento;Com Vï¿½timas Feridas;Plena Noite;Nublado;Dupla;"Curva;Aclive";Nï¿½o;0;0
2025-06-23;segunda-feira;01:10:00;MT;364;SANTO ANTONIO DO LEVERGER;Condutor Dormindo;Colisï¿½o traseira;Com Vï¿½timas Feridas;Plena Noite;Cï¿½u Claro;Dupla;Reta;Nï¿½o;0;0
2025-06-23;segunda-feira;04:40:00;PE;316;OURICURI;Ausï¿½ncia de reaï¿½ï¿½o do condutor;Colisï¿½o lateral sentido oposto;Com Vï¿½timas Fatais;Amanhecer;Cï¿½u Claro;Simples;Reta;Nï¿½o;1;1
2025-06-23;segunda-feira;06:50:00;MG;381;JOAO MONLEVADE;Ausï¿½ncia de reaï¿½ï¿½o do condutor;Saï¿½da de leito carroï¿½ï¿½vel;Com Vï¿½timas Feridas;Pleno dia;Cï¿½u Claro;Simples;Reta;Nï¿½o;0;0
2025-06-23;segunda-feira;05:40:00;MG;262;BOM DESPACHO;Demais falhas mecï¿½nicas ou elï¿½tricas;Incï¿½ndio;Sem Vï¿½timas;Amanhecer;Cï¿½u Claro;Simples;Curva;Sim;0;0
2025-06-23;segunda-feira;07:15:00;MG;40;RIBEIRAO DAS NEVES;Acessar a via sem observar a presenï¿½a dos outros veï¿½culos;Colisï¿½o transversal;Com Vï¿½timas Feridas;Pleno dia;Cï¿½u Claro;Dupla;Reta;Nï¿½o;0;0
2025-06-23;segunda-feira;03:34:00;RO;364;JI-PARANA;Condutor Dormindo;Saï¿½da de leito carroï¿½ï¿½vel;Sem Vï¿½timas;Plena Noite;Cï¿½u Claro;Dupla;Curva;Sim;0;0
2025-06-23;segunda-feira;06:20:00;PR;153;PORTO VITORIA;Velocidade Incompatï¿½vel;Colisï¿½o frontal;Com Vï¿½timas Fatais;Plena Noite;Chuva;Simples;"Curva;Declive";Nï¿½o;1;1
2025-06-23;segunda-feira;06:00:00;MT;364;SANTO ANTONIO DO LEVERGER;Ausï¿½ncia de reaï¿½ï¿½o do condutor;Colisï¿½o traseira;Com Vï¿½timas Fatais;Pleno dia;Cï¿½u Claro;Dupla;Reta;Sim;1;1
2025-06-23;segunda-feira;08:45:00;RS;293;HULHA NEGRA;Pista esburacada;Colisï¿½o frontal;Com Vï¿½timas Feridas;Pleno dia;Cï¿½u Claro;Simples;Reta;Nï¿½o;0;0
2025-06-23;segunda-feira;06:10:00;BA;242;SEABRA;Manobra de mudanï¿½a de faixa;Colisï¿½o traseira;Com Vï¿½timas Fatais;Pleno dia;Nublado;Simples;Reta;Nï¿½o;1;1
2025-06-23;segunda-feira;08:00:00;SC;101;SAO JOAO DO SUL;Condutor usando celular;Colisï¿½o traseira;Com Vï¿½timas Feridas;Pleno dia;Cï¿½u Claro;Dupla;Curva;Nï¿½o;0;0
2025-06-06;sexta-feira;09:40:00;SP;116;GUARATINGUETA;Condutor deixou de manter distï¿½ncia do veï¿½culo da frente;Engavetamento;Com Vï¿½timas Feridas;Pleno dia;Sol;Dupla;"Reta;Aclive";Nï¿½o;0;0
2025-06-23;segunda-feira;08:50:00;GO;80;BARRO ALTO;Ausï¿½ncia de reaï¿½ï¿½o do condutor;Tombamento;Com Vï¿½timas Fatais;Pleno dia;Cï¿½u Claro;Simples;Reta;Nï¿½o;1;1
2025-06-23;segunda-feira;08:50:00;MT;70;CACERES;Velocidade Incompatï¿½vel;Tombamento;Com Vï¿½timas Feridas;Pleno dia;Cï¿½u Claro;Simples;Curva;Nï¿½o;0;0
2025-06-23;segunda-feira;10:15:00;MG;381;SABARA;Reaï¿½ï¿½o tardia ou ineficiente do condutor;Colisï¿½o lateral sentido oposto;Com Vï¿½timas Feridas;Pleno dia;Cï¿½u Claro;Simples;Curva;Sim;0;0
2025-06-23;segunda-feira;10:00:00;SC;101;PENHA;Chuva;Saï¿½da de leito carroï¿½ï¿½vel;Com Vï¿½timas Feridas;Pleno dia;Chuva;Mï¿½ltipla;Rotatï¿½ria;Nï¿½o;0;0
2025-06-23;segunda-feira;11:00:00;RJ;493;NOVA IGUACU;Condutor deixou de manter distï¿½ncia do veï¿½culo da frente;Colisï¿½o traseira;Com Vï¿½timas Feridas;Pleno dia;Cï¿½u Claro;Dupla;Reta;Nï¿½o;0;0
2025-06-23;segunda-feira;10:45:00;SP;153;GETULINA;Reaï¿½ï¿½o tardia ou ineficiente do condutor;Saï¿½da de leito carroï¿½ï¿½vel;Com Vï¿½timas Feridas;Pleno dia;Chuva;Simples;"Declive;Reta";Nï¿½o;0;0
2025-06-23;segunda-feira;12:30:00;RJ;116;SAPUCAIA;Velocidade Incompatï¿½vel;Colisï¿½o transversal;Com Vï¿½timas Fatais;Pleno dia;Cï¿½u Claro;Simples;Curva;Nï¿½o;1;1
2025-06-23;segunda-feira;08:30:00;MG;116;GOVERNADOR VALADARES;Ausï¿½ncia de reaï¿½ï¿½o do condutor;Colisï¿½o lateral sentido oposto;Com Vï¿½timas Feridas;Pleno dia;Cï¿½u Claro;Simples;Curva;Nï¿½o;0;0
2025-06-23;segunda-feira;13:00:00;SP;381;SAO PAULO;Reaï¿½ï¿½o tardia ou ineficiente do condutor;Colisï¿½o traseira;Sem Vï¿½timas;Pleno dia;Chuva;Dupla;Reta;Sim;0;0
2025-06-23;segunda-feira;12:07:00;MG;381;CAMANDUCAIA;Demais falhas mecï¿½nicas ou elï¿½tricas;Incï¿½ndio;Sem Vï¿½timas;Pleno dia;Chuva;Dupla;Curva;Nï¿½o;0;0
2025-05-09;sexta-feira;03:00:00;MG;381;CAMBUI;Ausï¿½ncia de reaï¿½ï¿½o do condutor;Engavetamento;Com Vï¿½timas Feridas;Plena Noite;Nevoeiro/Neblina;Dupla;Reta;Nï¿½o;0;0
2025-06-23;segunda-feira;13:20:00;RO;364;PIMENTA BUENO;Reaï¿½ï¿½o tardia ou ineficiente do condutor;Saï¿½da de leito carroï¿½ï¿½vel;Com Vï¿½timas Feridas;Pleno dia;Chuva;Simples;Reta;Nï¿½o;0;0
2025-06-20;sexta-feira;10:00:00;MT;174;COMODORO;Demais falhas mecï¿½nicas ou elï¿½tricas;Saï¿½da de leito carroï¿½ï¿½vel;Com Vï¿½timas Feridas;Pleno dia;Cï¿½u Claro;Simples;Curva;Nï¿½o;0;0
2025-06-23;segunda-feira;15:50:00;CE;20;CAUCAIA;Acessar a via sem observar a presenï¿½a dos outros veï¿½culos;Colisï¿½o transversal;Com Vï¿½timas Feridas;Pleno dia;Cï¿½u Claro;Simples;"Reta;Interseï¿½ï¿½o de Vias;Retorno Regulamentado";Nï¿½o;0;0
2025-03-28;sexta-feira;03:00:00;SC;101;JOINVILLE;Reaï¿½ï¿½o tardia ou ineficiente do condutor;Colisï¿½o traseira;Com Vï¿½timas Feridas;Plena Noite;Nublado;Dupla;Reta;Nï¿½o;0;0
2025-06-21;sï¿½bado;00:30:00;MG;50;ARAGUARI;Acessar a via sem observar a presenï¿½a dos outros veï¿½culos;Colisï¿½o transversal;Com Vï¿½timas Feridas;Plena Noite;Cï¿½u Claro;Dupla;Retorno Regulamentado;Nï¿½o;0;0
2025-06-12;quinta-feira;01:50:00;MG;381;CAMPANHA;Velocidade Incompatï¿½vel;Colisï¿½o traseira;Com Vï¿½timas Feridas;Plena Noite;Nevoeiro/Neblina;Dupla;Reta;Nï¿½o;0;0
2025-05-22;quinta-feira;12:20:00;RS;448;CANOAS;Ausï¿½ncia de reaï¿½ï¿½o do condutor;Colisï¿½o traseira;Com Vï¿½timas Feridas;Pleno dia;Cï¿½u Claro;Dupla;Reta;Sim;0;0
2025-06-23;segunda-feira;18:00:00;SC;280;SAO FRANCISCO DO SUL;Acessar a via sem observar a presenï¿½a dos outros veï¿½culos;Colisï¿½o transversal;Com Vï¿½timas Feridas;Plena Noite;Cï¿½u Claro;Simples;Reta;Sim;0;0
2025-06-23;segunda-feira;17:28:00;PR;116;PIRAQUARA;Chuva;Saï¿½da de leito carroï¿½ï¿½vel;Sem Vï¿½timas;Anoitecer;Chuva;Dupla;Curva;Nï¿½o;0;0
2025-06-23;segunda-feira;16:38:00;MG;146;MUZAMBINHO;Condutor deixou de manter distï¿½ncia do veï¿½culo da frente;Colisï¿½o traseira;Com Vï¿½timas Feridas;Pleno dia;Chuva;Simples;"Reta;Aclive";Nï¿½o;0;0
2025-06-23;segunda-feira;16:50:00;GO;60;JATAI;Acumulo de ï¿½gua sobre o pavimento;Saï¿½da de leito carroï¿½ï¿½vel;Com Vï¿½timas Feridas;Anoitecer;Chuva;Dupla;Curva;Nï¿½o;0;0
2025-06-23;segunda-feira;18:54:00;DF;40;BRASILIA;Reaï¿½ï¿½o tardia ou ineficiente do condutor;Colisï¿½o lateral mesmo sentido;Com Vï¿½timas Feridas;Plena Noite;Cï¿½u Claro;Dupla;Reta;Sim;0;0
2025-06-23;segunda-feira;18:00:00;ES;101;GUARAPARI;Conversï¿½o proibida;Colisï¿½o transversal;Com Vï¿½timas Feridas;Plena Noite;Cï¿½u Claro;Dupla;"Reta;Retorno Regulamentado";Nï¿½o;0;0
2025-06-23;segunda-feira;16:30:00;RN;406;POCO BRANCO;Avarias e/ou desgaste excessivo no pneu;Eventos atï¿½picos;Com Vï¿½timas Feridas;Pleno dia;Cï¿½u Claro;Simples;Reta;Nï¿½o;0;0
2025-06-23;segunda-feira;17:40:00;MG;40;PARAOPEBA;Velocidade Incompatï¿½vel;Tombamento;Com Vï¿½timas Feridas;Anoitecer;Cï¿½u Claro;Simples;Reta;Nï¿½o;0;0
2025-06-23;segunda-feira;16:50:00;PE;428;CABROBO;Ingestï¿½o de ï¿½lcool pelo condutor;Colisï¿½o transversal;Sem Vï¿½timas;Anoitecer;Cï¿½u Claro;Simples;Reta;Nï¿½o;0;0
2025-06-23;segunda-feira;15:00:00;SC;282;PINHALZINHO;Condutor deixou de manter distï¿½ncia do veï¿½culo da frente;Colisï¿½o traseira;Sem Vï¿½timas;Pleno dia;Cï¿½u Claro;Simples;Rotatï¿½ria;Sim;0;0
2025-06-12;quinta-feira;15:30:00;GO;364;MINEIROS;Ultrapassagem Indevida;Colisï¿½o lateral sentido oposto;Com Vï¿½timas Fatais;Pleno dia;Cï¿½u Claro;Simples;"Aclive;Curva";Nï¿½o;2;1
2025-06-23;segunda-feira;13:00:00;PR;376;PONTA GROSSA;Ausï¿½ncia de reaï¿½ï¿½o do condutor;Colisï¿½o traseira;Com Vï¿½timas Feridas;Pleno dia;Chuva;Dupla;Curva;Nï¿½o;0;0
2025-06-23;segunda-feira;19:40:00;PR;376;GUARATUBA;Velocidade Incompatï¿½vel;Tombamento;Com Vï¿½timas Feridas;Plena Noite;Nublado;Dupla;Curva;Nï¿½o;0;0
2025-06-23;segunda-feira;19:20:00;MG;116;LEOPOLDINA;Pedestre andava na pista;Atropelamento de Pedestre;Com Vï¿½timas Feridas;Plena Noite;Nublado;Simples;"Declive;Reta";Nï¿½o;0;0
2025-06-23;segunda-feira;16:00:00;PR;476;SAO JOSE DOS PINHAIS;Ausï¿½ncia de reaï¿½ï¿½o do condutor;Colisï¿½o frontal;Com Vï¿½timas Feridas;Pleno dia;Garoa/Chuvisco;Simples;Curva;Nï¿½o;0;0
2025-06-23;segunda-feira;21:00:00;MG;50;UBERABA;Condutor Dormindo;Colisï¿½o traseira;Com Vï¿½timas Feridas;Plena Noite;Chuva;Dupla;Reta;Nï¿½o;0;0
2025-06-23;segunda-feira;17:58:00;BA;110;SANTA BRIGIDA;Ultrapassagem Indevida;Colisï¿½o frontal;Com Vï¿½timas Fatais;Plena Noite;Cï¿½u Claro;Simples;"Reta;Aclive";Nï¿½o;1;1
2025-06-23;segunda-feira;17:40:00;MG;40;PARACATU;Demais falhas mecï¿½nicas ou elï¿½tricas;Incï¿½ndio;Sem Vï¿½timas;Anoitecer;Cï¿½u Claro;Simples;Curva;Nï¿½o;0;0
2025-06-23;segunda-feira;19:15:00;MG;40;TRES MARIAS;Demais falhas mecï¿½nicas ou elï¿½tricas;Incï¿½ndio;Sem Vï¿½timas;Plena Noite;Cï¿½u Claro;Simples;Reta;Nï¿½o;0;0
2025-06-23;segunda-feira;18:00:00;MG;153;FRUTAL;Condutor deixou de manter distï¿½ncia do veï¿½culo da frente;Colisï¿½o traseira;Com Vï¿½timas Feridas;Plena Noite;Garoa/Chuvisco;Simples;Reta;Nï¿½o;0;0
2025-06-23;segunda-feira;21:45:00;PR;376;CURITIBA;Reaï¿½ï¿½o tardia ou ineficiente do condutor;Colisï¿½o traseira;Com Vï¿½timas Feridas;Plena Noite;Nublado;Dupla;"Reta;Aclive";Sim;0;0
2025-06-23;segunda-feira;19:30:00;BA;116;MILAGRES;Demais falhas mecï¿½nicas ou elï¿½tricas;Incï¿½ndio;Sem Vï¿½timas;Plena Noite;Cï¿½u Claro;Simples;Reta;Nï¿½o;0;0
2025-06-23;segunda-feira;14:30:00;MG;381;GOVERNADOR VALADARES;Mal sï¿½bito do condutor;Colisï¿½o frontal;Com Vï¿½timas Feridas;Pleno dia;Cï¿½u Claro;Simples;Reta;Nï¿½o;0;0
2025-06-23;segunda-feira;23:30:00;MG;50;UBERLANDIA;Velocidade Incompatï¿½vel;Colisï¿½o traseira;Com Vï¿½timas Feridas;Plena Noite;Chuva;Dupla;"Aclive;Reta";Nï¿½o;0;0
2025-06-24;terï¿½a-feira;02:30:00;SP;116;GUARULHOS;Ingestï¿½o de ï¿½lcool pelo condutor;Colisï¿½o lateral mesmo sentido;Sem Vï¿½timas;Plena Noite;Garoa/Chuvisco;Dupla;Reta;Sim;0;0
2025-06-23;segunda-feira;23:55:00;MG;251;SALINAS;Reaï¿½ï¿½o tardia ou ineficiente do condutor;Saï¿½da de leito carroï¿½ï¿½vel;Com Vï¿½timas Feridas;Plena Noite;Cï¿½u Claro;Simples;"Curva;Declive";Nï¿½o;0;0
2025-06-24;terï¿½a-feira;00:05:00;MG;381;CARMOPOLIS DE MINAS;Condutor Dormindo;Saï¿½da de leito carroï¿½ï¿½vel;Com Vï¿½timas Fatais;Plena Noite;Cï¿½u Claro;Dupla;Reta;Nï¿½o;3;1
2025-06-24;terï¿½a-feira;02:55:00;MG;381;LAVRAS;Ausï¿½ncia de reaï¿½ï¿½o do condutor;Capotamento;Com Vï¿½timas Feridas;Plena Noite;Nublado;Dupla;"Curva;Declive";Nï¿½o;0;0
2025-06-24;terï¿½a-feira;04:20:00;SC;280;MAFRA;Reaï¿½ï¿½o tardia ou ineficiente do condutor;Saï¿½da de leito carroï¿½ï¿½vel;Com Vï¿½timas Feridas;Plena Noite;Cï¿½u Claro;Simples;"Curva;Ponte";Nï¿½o;0;0
2025-06-24;terï¿½a-feira;04:50:00;MS;163;CAMPO GRANDE;Acessar a via sem observar a presenï¿½a dos outros veï¿½culos;Colisï¿½o transversal;Com Vï¿½timas Feridas;Amanhecer;Cï¿½u Claro;Simples;"Reta;Aclive";Nï¿½o;0;0
2025-06-24;terï¿½a-feira;05:20:00;SP;381;MAIRIPORA;Pista Escorregadia;Engavetamento;Com Vï¿½timas Feridas;Amanhecer;Garoa/Chuvisco;Dupla;"Curva;Declive";Nï¿½o;0;0
2025-06-24;terï¿½a-feira;05:40:00;SP;116;JUQUIA;Condutor Dormindo;Saï¿½da de leito carroï¿½ï¿½vel;Sem Vï¿½timas;Amanhecer;Cï¿½u Claro;Dupla;Reta;Nï¿½o;0;0
2025-06-24;terï¿½a-feira;05:53:00;MG;381;ITAPEVA;Velocidade Incompatï¿½vel;Saï¿½da de leito carroï¿½ï¿½vel;Com Vï¿½timas Feridas;Amanhecer;Chuva;Dupla;Curva;Nï¿½o;0;0
2025-06-23;segunda-feira;17:05:00;MG;381;CAREACU;Velocidade Incompatï¿½vel;Saï¿½da de leito carroï¿½ï¿½vel;Com Vï¿½timas Feridas;Anoitecer;Chuva;Dupla;"Declive;Curva";Nï¿½o;0;0
2025-06-24;terï¿½a-feira;05:45:00;SC;116;LAGES;Pista Escorregadia;Colisï¿½o transversal;Com Vï¿½timas Feridas;Amanhecer;Nublado;Simples;Reta;Sim;0;0
2025-06-12;quinta-feira;20:00:00;MT;364;VARZEA GRANDE;Reaï¿½ï¿½o tardia ou ineficiente do condutor;Engavetamento;Com Vï¿½timas Feridas;Plena Noite;Cï¿½u Claro;Dupla;Reta;Nï¿½o;0;0
2025-06-24;terï¿½a-feira;08:10:00;ES;101;VILA VELHA;Reaï¿½ï¿½o tardia ou ineficiente do condutor;Colisï¿½o lateral mesmo sentido;Com Vï¿½timas Feridas;Pleno dia;Cï¿½u Claro;Dupla;Reta;Nï¿½o;0;0
2025-06-24;terï¿½a-feira;06:58:00;MA;135;SAO LUIS;Reaï¿½ï¿½o tardia ou ineficiente do condutor;Colisï¿½o traseira;Sem Vï¿½timas;Pleno dia;Cï¿½u Claro;Dupla;Reta;Sim;0;0
2025-06-24;terï¿½a-feira;08:00:00;MG;365;PATOS DE MINAS;Reaï¿½ï¿½o tardia ou ineficiente do condutor;Colisï¿½o com objeto;Com Vï¿½timas Feridas;Pleno dia;Chuva;Simples;"Viaduto;Interseï¿½ï¿½o de Vias";Sim;0;0
2025-06-24;terï¿½a-feira;06:00:00;PR;163;CAPANEMA;Ausï¿½ncia de reaï¿½ï¿½o do condutor;Atropelamento de Pedestre;Com Vï¿½timas Fatais;Plena Noite;Cï¿½u Claro;Simples;Reta;Nï¿½o;1;1
2025-06-24;terï¿½a-feira;08:35:00;MG;365;PATOS DE MINAS;Ultrapassagem Indevida;Colisï¿½o frontal;Com Vï¿½timas Fatais;Pleno dia;Cï¿½u Claro;Dupla;Reta;Nï¿½o;1;1
2025-06-24;terï¿½a-feira;06:40:00;MS;163;COXIM;Condutor Dormindo;Colisï¿½o traseira;Com Vï¿½timas Feridas;Amanhecer;Nublado;Simples;Reta;Nï¿½o;0;0
2025-06-24;terï¿½a-feira;07:30:00;SC;282;FLORIANOPOLIS;Trafegar com motocicleta (ou similar) entre as faixas;Colisï¿½o traseira;Com Vï¿½timas Feridas;Pleno dia;Sol;Mï¿½ltipla;Reta;Sim;0;0
2025-06-24;terï¿½a-feira;07:15:00;MG;459;POUSO ALEGRE;Acessar a via sem observar a presenï¿½a dos outros veï¿½culos;Colisï¿½o transversal;Com Vï¿½timas Feridas;Pleno dia;Nublado;Simples;Reta;Nï¿½o;0;0
2025-06-24;terï¿½a-feira;09:30:00;SC;470;AGRONOMICA;Velocidade Incompatï¿½vel;Tombamento;Com Vï¿½timas Feridas;Pleno dia;Cï¿½u Claro;Simples;"Curva;Retorno Regulamentado";Sim;0;0
2025-06-24;terï¿½a-feira;09:10:00;PR;116;CAMPINA GRANDE DO SUL;Reaï¿½ï¿½o tardia ou ineficiente do condutor;Colisï¿½o lateral mesmo sentido;Com Vï¿½timas Fatais;Pleno dia;Cï¿½u Claro;Dupla;Reta;Nï¿½o;1;1
2025-06-24;terï¿½a-feira;11:25:00;PR;376;ORTIGUEIRA;Ausï¿½ncia de reaï¿½ï¿½o do condutor;Tombamento;Sem Vï¿½timas;Pleno dia;Cï¿½u Claro;Simples;"Aclive;Curva";Nï¿½o;0;0
2025-06-24;terï¿½a-feira;09:26:00;PR;277;PRUDENTOPOLIS;Reaï¿½ï¿½o tardia ou ineficiente do condutor;Colisï¿½o frontal;Com Vï¿½timas Feridas;Pleno dia;Sol;Simples;Curva;Nï¿½o;0;0
2025-06-24;terï¿½a-feira;11:40:00;PI;316;INHUMA;Ausï¿½ncia de reaï¿½ï¿½o do condutor;Saï¿½da de leito carroï¿½ï¿½vel;Com Vï¿½timas Feridas;Pleno dia;Cï¿½u Claro;Simples;"Reta;Declive";Nï¿½o;0;0
2025-06-24;terï¿½a-feira;07:30:00;CE;222;FORTALEZA;Condutor deixou de manter distï¿½ncia do veï¿½culo da frente;Colisï¿½o traseira;Com Vï¿½timas Feridas;Pleno dia;Sol;Dupla;"Reta;Aclive";Sim;0;0
2025-06-24;terï¿½a-feira;11:20:00;MG;40;JOAO PINHEIRO;Acessar a via sem observar a presenï¿½a dos outros veï¿½culos;Colisï¿½o transversal;Com Vï¿½timas Feridas;Pleno dia;Nublado;Simples;Curva;Sim;0;0
2025-06-24;terï¿½a-feira;12:30:00;MG;381;ITAPEVA;Reaï¿½ï¿½o tardia ou ineficiente do condutor;Colisï¿½o com objeto;Com Vï¿½timas Feridas;Pleno dia;Chuva;Dupla;"Curva;Declive";Nï¿½o;0;0
2025-06-13;sexta-feira;18:15:00;PI;402;PARNAIBA;Reaï¿½ï¿½o tardia ou ineficiente do condutor;Queda de ocupante de veï¿½culo;Com Vï¿½timas Fatais;Plena Noite;Cï¿½u Claro;Simples;Reta;Nï¿½o;1;1
2025-06-24;terï¿½a-feira;14:55:00;ES;262;DOMINGOS MARTINS;Transitar na contramï¿½o;Colisï¿½o lateral sentido oposto;Com Vï¿½timas Feridas;Pleno dia;Sol;Simples;Curva;Nï¿½o;0;0
2025-06-24;terï¿½a-feira;11:56:00;AL;423;OURO BRANCO;Acessar a via sem observar a presenï¿½a dos outros veï¿½culos;Saï¿½da de leito carroï¿½ï¿½vel;Com Vï¿½timas Feridas;Pleno dia;Cï¿½u Claro;Simples;Reta;Nï¿½o;0;0
2025-06-24;terï¿½a-feira;14:10:00;MS;262;RIBAS DO RIO PARDO;Ausï¿½ncia de reaï¿½ï¿½o do condutor;Saï¿½da de leito carroï¿½ï¿½vel;Com Vï¿½timas Feridas;Pleno dia;Cï¿½u Claro;Simples;"Reta;Aclive";Nï¿½o;0;0
2025-06-24;terï¿½a-feira;15:30:00;RJ;116;MAGE;Reaï¿½ï¿½o tardia ou ineficiente do condutor;Colisï¿½o traseira;Com Vï¿½timas Feridas;Pleno dia;Nublado;Dupla;Reta;Nï¿½o;0;0
2025-06-24;terï¿½a-feira;13:00:00;MG;50;UBERLANDIA;Reaï¿½ï¿½o tardia ou ineficiente do condutor;Colisï¿½o lateral mesmo sentido;Sem Vï¿½timas;Pleno dia;Cï¿½u Claro;Simples;Rotatï¿½ria;Sim;0;0
2025-06-22;domingo;07:00:00;MA;226;PORTO FRANCO;Reaï¿½ï¿½o tardia ou ineficiente do condutor;Saï¿½da de leito carroï¿½ï¿½vel;Com Vï¿½timas Fatais;Pleno dia;Cï¿½u Claro;Simples;Reta;Nï¿½o;1;1
2025-06-24;terï¿½a-feira;10:00:00;MG;381;SANTO ANTONIO DO AMPARO;Ausï¿½ncia de reaï¿½ï¿½o do condutor;Colisï¿½o traseira;Com Vï¿½timas Feridas;Pleno dia;Nublado;Dupla;"Curva;Aclive";Nï¿½o;0;0
2025-06-24;terï¿½a-feira;14:45:00;CE;116;ITAITINGA;Condutor deixou de manter distï¿½ncia do veï¿½culo da frente;Colisï¿½o traseira;Com Vï¿½timas Fatais;Pleno dia;Cï¿½u Claro;Dupla;Reta;Sim;1;1
2025-06-24;terï¿½a-feira;15:40:00;ES;101;FUNDAO;Condutor Dormindo;Colisï¿½o frontal;Com Vï¿½timas Feridas;Pleno dia;Cï¿½u Claro;Simples;Curva;Nï¿½o;0;0
2025-06-24;terï¿½a-feira;16:00:00;GO;153;GOIANIA;Demais falhas mecï¿½nicas ou elï¿½tricas;Incï¿½ndio;Com Vï¿½timas Feridas;Pleno dia;Cï¿½u Claro;Mï¿½ltipla;Reta;Sim;0;0
2025-06-24;terï¿½a-feira;15:50:00;CE;116;ITAITINGA;Manobra de mudanï¿½a de faixa;Colisï¿½o lateral mesmo sentido;Sem Vï¿½timas;Pleno dia;Cï¿½u Claro;Dupla;Reta;Nï¿½o;0;0
2025-06-24;terï¿½a-feira;16:20:00;RS;153;CACAPAVA DO SUL;Ausï¿½ncia de reaï¿½ï¿½o do condutor;Saï¿½da de leito carroï¿½ï¿½vel;Com Vï¿½timas Feridas;Pleno dia;Cï¿½u Claro;Simples;"Declive;Curva";Nï¿½o;0;0
2025-06-24;terï¿½a-feira;14:30:00;MA;135;CAPINZAL DO NORTE;Acessar a via sem observar a presenï¿½a dos outros veï¿½culos;Colisï¿½o transversal;Com Vï¿½timas Feridas;Pleno dia;Sol;Simples;Curva;Nï¿½o;0;0
2025-06-24;terï¿½a-feira;10:30:00;SC;282;IRACEMINHA;Acessar a via sem observar a presenï¿½a dos outros veï¿½culos;Colisï¿½o transversal;Com Vï¿½timas Feridas;Pleno dia;Sol;Simples;Curva;Nï¿½o;0;0
2025-06-24;terï¿½a-feira;17:00:00;SP;116;SAO JOSE DOS CAMPOS;Reaï¿½ï¿½o tardia ou ineficiente do condutor;Colisï¿½o traseira;Sem Vï¿½timas;Pleno dia;Cï¿½u Claro;Mï¿½ltipla;Reta;Sim;0;0
2025-06-24;terï¿½a-feira;15:00:00;MT;163;NOVA SANTA HELENA;Transitar na contramï¿½o;Colisï¿½o lateral sentido oposto;Com Vï¿½timas Feridas;Pleno dia;Cï¿½u Claro;Simples;Reta;Nï¿½o;0;0