data_inversa;dia_semana;horario;uf;br;municipio;causa_acidente;tipo_acidente;classificacao_acidente;fase_dia;condicao_metereologica;tipo_pista;tracado_via;uso_solo;mortos;acidente_fatal
2025-07-17;quinta-feira;10:50:00;MG;262;PARA DE MINAS;Condutor Dormindo;Saï¿½da de leito carroï¿½ï¿½vel;Com Vï¿½timas Feridas;Pleno dia;Sol;Dupla;Curva;Nï¿½o;0;0
2025-07-17;quinta-feira;14:25:00;RJ;40;AREAL;Velocidade Incompatï¿½vel;Tombamento;Com Vï¿½timas Feridas;Pleno dia;Cï¿½u Claro;Dupla;Curva;Nï¿½o;0;0
2025-07-02;quarta-feira;07:00:00;SC;282;IRACEMINHA;Condutor Dormindo;Saï¿½da de leito carroï¿½ï¿½vel;Com Vï¿½timas Feridas;Amanhecer;Nevoeiro/Neblina;Simples;Reta;Nï¿½o;0;0
2025-05-30;sexta-feira;09:00:00;BA;324;SALVADOR;Trafegar com motocicleta (ou similar) entre as faixas;Colisï¿½o lateral mesmo sentido;Com Vï¿½timas Feridas;Pleno dia;Chuva;Dupla;Reta;Nï¿½o;0;0
2025-07-10;quinta-feira;21:50:00;PI;222;PIRIPIRI;Ausï¿½ncia de reaï¿½ï¿½o do condutor;Colisï¿½o traseira;Com Vï¿½timas Feridas;Plena Noite;Cï¿½u Claro;Simples;Reta;Nï¿½o;0;0
2025-07-17;quinta-feira;13:30:00;PR;376;PONTA GROSSA;Velocidade Incompatï¿½vel;Colisï¿½o traseira;Com Vï¿½timas Feridas;Pleno dia;Cï¿½u Claro;Dupla;Reta;Nï¿½o;0;0
2025-07-17;quinta-feira;11:00:00;BA;116;NOVA ITARANA;Ausï¿½ncia de reaï¿½ï¿½o do condutor;Colisï¿½o traseira;Com Vï¿½timas Feridas;Pleno dia;Cï¿½u Claro;Simples;Reta;Nï¿½o;0;0
2025-07-17;quinta-feira;16:30:00;MG;459;SENADOR JOSE BENTO;Ultrapassagem Indevida;Colisï¿½o lateral sentido oposto;Com Vï¿½timas Feridas;Pleno dia;Cï¿½u Claro;Simples;"Aclive;Curva";Nï¿½o;0;0
2025-07-17;quinta-feira;11:30:00;RJ;40;DUQUE DE CAXIAS;Reaï¿½ï¿½o tardia ou ineficiente do condutor;Colisï¿½o transversal;Com Vï¿½timas Fatais;Pleno dia;Cï¿½u Claro;Mï¿½ltipla;Curva;Sim;1;1
2025-07-17;quinta-feira;18:00:00;SC;280;RIO NEGRINHO;Acessar a via sem observar a presenï¿½a dos outros veï¿½culos;Colisï¿½o lateral sentido oposto;Com Vï¿½timas Feridas;Anoitecer;Cï¿½u Claro;Simples;"Aclive;Curva";Sim;0;0
2025-07-17;quinta-feira;17:45:00;PA;10;IPIXUNA DO PARA;Condutor deixou de manter distï¿½ncia do veï¿½culo da frente;Colisï¿½o traseira;Sem Vï¿½timas;Pleno dia;Cï¿½u Claro;Simples;Reta;Sim;0;0
2025-07-17;quinta-feira;17:00:00;PR;376;PONTA GROSSA;Problema com o freio;Eventos atï¿½picos;Com Vï¿½timas Feridas;Pleno dia;Sol;Dupla;"Reta;Aclive";Sim;0;0
2025-07-17;quinta-feira;13:45:00;MG;50;UBERABA;Condutor deixou de manter distï¿½ncia do veï¿½culo da frente;Engavetamento;Com Vï¿½timas Feridas;Pleno dia;Sol;Dupla;"Desvio Temporï¿½rio;Em Obras;Aclive";Nï¿½o;0;0
2025-07-17;quinta-feira;18:30:00;PR;116;CAMPINA GRANDE DO SUL;Reaï¿½ï¿½o tardia ou ineficiente do condutor;Colisï¿½o transversal;Com Vï¿½timas Feridas;Plena Noite;Cï¿½u Claro;Dupla;"Curva;Declive;Retorno Regulamentado";Sim;0;0
2025-07-17;quinta-feira;16:50:00;PR;277;SAO MIGUEL DO IGUACU;Avarias e/ou desgaste excessivo no pneu;Saï¿½da de leito carroï¿½ï¿½vel;Com Vï¿½timas Feridas;Pleno dia;Nublado;Dupla;"Retorno Regulamentado;Reta";Nï¿½o;0;0
2025-07-17;quinta-feira;16:05:00;GO;364;PORTELANDIA;Estacionar ou parar em local proibido;Colisï¿½o traseira;Sem Vï¿½timas;Pleno dia;Cï¿½u Claro;Simples;"Reta;Declive";Nï¿½o;0;0
2025-07-17;quinta-feira;18:30:00;SP;101;UBATUBA;Conversï¿½o proibida;Colisï¿½o traseira;Com Vï¿½timas Feridas;Plena Noite;Cï¿½u Claro;Simples;Curva;Nï¿½o;0;0
2025-07-17;quinta-feira;18:35:00;RS;101;OSORIO;Reaï¿½ï¿½o tardia ou ineficiente do condutor;Colisï¿½o traseira;Com Vï¿½timas Feridas;Plena Noite;Cï¿½u Claro;Dupla;Reta;Sim;0;0
2025-07-17;quinta-feira;16:05:00;MT;163;GUARANTA DO NORTE;Ultrapassagem Indevida;Colisï¿½o lateral mesmo sentido;Com Vï¿½timas Feridas;Pleno dia;Cï¿½u Claro;Simples;Curva;Nï¿½o;0;0
2025-07-17;quinta-feira;18:25:00;SC;116;LAGES;Reaï¿½ï¿½o tardia ou ineficiente do condutor;Colisï¿½o traseira;Com Vï¿½timas Feridas;Plena Noite;Chuva;Simples;Reta;Nï¿½o;0;0
2025-07-17;quinta-feira;20:15:00;PE;101;JABOATAO DOS GUARARAPES;Manobra de mudanï¿½a de faixa;Colisï¿½o lateral mesmo sentido;Com Vï¿½timas Feridas;Plena Noite;Chuva;Dupla;Curva;Sim;0;0
2025-07-17;quinta-feira;19:00:00;MG;262;FLORESTAL;Transitar no Acostamento;Colisï¿½o com objeto;Com Vï¿½timas Feridas;Plena Noite;Cï¿½u Claro;Dupla;Reta;Sim;0;0
2025-07-17;quinta-feira;19:30:00;RJ;40;DUQUE DE CAXIAS;Reaï¿½ï¿½o tardia ou ineficiente do condutor;Colisï¿½o traseira;Com Vï¿½timas Fatais;Plena Noite;Cï¿½u Claro;Dupla;Curva;Nï¿½o;1;1
2025-07-17;quinta-feira;21:00:00;ES;101;SAO MATEUS;Suicï¿½dio (presumido);Colisï¿½o frontal;Com Vï¿½timas Fatais;Plena Noite;Cï¿½u Claro;Simples;"Aclive;Reta";Nï¿½o;1;1
2025-07-17;quinta-feira;21:30:00;ES;101;ITAPEMIRIM;Reaï¿½ï¿½o tardia ou ineficiente do condutor;Saï¿½da de leito carroï¿½ï¿½vel;Com Vï¿½timas Feridas;Plena Noite;Cï¿½u Claro;Simples;Reta;Nï¿½o;0;0
2025-07-17;quinta-feira;20:51:00;MT;163;TERRA NOVA DO NORTE;Ultrapassagem Indevida;Colisï¿½o lateral sentido oposto;Com Vï¿½timas Fatais;Plena Noite;Cï¿½u Claro;Simples;Reta;Nï¿½o;1;1
2025-07-17;quinta-feira;21:40:00;MG;381;CARMOPOLIS DE MINAS;Ausï¿½ncia de reaï¿½ï¿½o do condutor;Colisï¿½o traseira;Com Vï¿½timas Feridas;Plena Noite;Cï¿½u Claro;Dupla;"Reta;Aclive";Nï¿½o;0;0
2025-07-17;quinta-feira;21:00:00;PR;277;GUARAPUAVA;Carga excessiva e/ou mal acondicionada;Derramamento de carga;Com Vï¿½timas Feridas;Plena Noite;Nublado;Simples;"Declive;Reta";Nï¿½o;0;0
2025-07-17;quinta-feira;23:00:00;MG;381;BOM JESUS DO AMPARO;Ausï¿½ncia de reaï¿½ï¿½o do condutor;Colisï¿½o com objeto;Com Vï¿½timas Fatais;Plena Noite;Cï¿½u Claro;Dupla;Reta;Nï¿½o;1;1
2025-07-18;sexta-feira;00:40:00;RS;116;CAMAQUA;Ausï¿½ncia de reaï¿½ï¿½o do condutor;Saï¿½da de leito carroï¿½ï¿½vel;Com Vï¿½timas Feridas;Plena Noite;Chuva;Dupla;Reta;Nï¿½o;0;0
2025-07-18;sexta-feira;00:50:00;BA;116;PLANALTO;Ingestï¿½o de ï¿½lcool pelo condutor;Colisï¿½o transversal;Com Vï¿½timas Feridas;Plena Noite;Nublado;Simples;Rotatï¿½ria;Sim;0;0
2025-07-18;sexta-feira;01:30:00;PR;277;FERNANDES PINHEIRO;Reaï¿½ï¿½o tardia ou ineficiente do condutor;Colisï¿½o frontal;Sem Vï¿½timas;Plena Noite;Cï¿½u Claro;Simples;Reta;Nï¿½o;0;0
2025-07-18;sexta-feira;02:00:00;GO;50;CAMPO ALEGRE DE GOIAS;Reaï¿½ï¿½o tardia ou ineficiente do condutor;Saï¿½da de leito carroï¿½ï¿½vel;Com Vï¿½timas Feridas;Plena Noite;Cï¿½u Claro;Dupla;Reta;Nï¿½o;0;0
2025-07-18;sexta-feira;05:20:00;MG;262;BOM DESPACHO;Condutor Dormindo;Colisï¿½o lateral sentido oposto;Com Vï¿½timas Fatais;Amanhecer;Cï¿½u Claro;Simples;Reta;Nï¿½o;1;1
2025-07-18;sexta-feira;05:00:00;ES;101;RIO NOVO DO SUL;Condutor Dormindo;Colisï¿½o frontal;Com Vï¿½timas Fatais;Plena Noite;Cï¿½u Claro;Simples;Curva;Nï¿½o;1;1
2025-07-18;sexta-feira;05:00:00;MG;381;SABARA;Velocidade Incompatï¿½vel;Tombamento;Com Vï¿½timas Feridas;Amanhecer;Cï¿½u Claro;Simples;Curva;Nï¿½o;0;0
2025-07-18;sexta-feira;04:40:00;BA;324;AMELIA RODRIGUES;Reaï¿½ï¿½o tardia ou ineficiente do condutor;Colisï¿½o traseira;Com Vï¿½timas Feridas;Amanhecer;Garoa/Chuvisco;Dupla;Reta;Nï¿½o;0;0
2025-06-15;domingo;13:30:00;GO;60;SANTO ANTONIO DO DESCOBERTO;Reaï¿½ï¿½o tardia ou ineficiente do condutor;Colisï¿½o traseira;Com Vï¿½timas Fatais;Pleno dia;Cï¿½u Claro;Dupla;Aclive;Nï¿½o;1;1
2025-07-18;sexta-feira;06:15:00;SP;116;CACAPAVA;Condutor deixou de manter distï¿½ncia do veï¿½culo da frente;Colisï¿½o traseira;Com Vï¿½timas Feridas;Amanhecer;Cï¿½u Claro;Dupla;Reta;Nï¿½o;0;0
2025-07-18;sexta-feira;07:30:00;ES;262;IBATIBA;Problema com o freio;Tombamento;Com Vï¿½timas Feridas;Pleno dia;Cï¿½u Claro;Simples;"Declive;Curva";Nï¿½o;0;0
2025-07-18;sexta-feira;06:00:00;BA;20;CORRENTINA;Manobra de mudanï¿½a de faixa;Colisï¿½o frontal;Com Vï¿½timas Fatais;Pleno dia;Cï¿½u Claro;Simples;Reta;Nï¿½o;1;1
2025-07-17;quinta-feira;17:15:00;RJ;40;DUQUE DE CAXIAS;Mal sï¿½bito do condutor;Colisï¿½o frontal;Com Vï¿½timas Feridas;Anoitecer;Cï¿½u Claro;Simples;Curva;Sim;0;0
2025-07-18;sexta-feira;07:50:00;PB;230;JOAO PESSOA;Trafegar com motocicleta (ou similar) entre as faixas;Colisï¿½o lateral mesmo sentido;Com Vï¿½timas Fatais;Pleno dia;Sol;Dupla;Reta;Sim;1;1
2025-07-14;segunda-feira;20:13:00;RJ;116;MAGE;Acessar a via sem observar a presenï¿½a dos outros veï¿½culos;Colisï¿½o transversal;Com Vï¿½timas Feridas;Plena Noite;Cï¿½u Claro;Dupla;Reta;Sim;0;0
2025-07-18;sexta-feira;08:40:00;ES;262;DOMINGOS MARTINS;Reaï¿½ï¿½o tardia ou ineficiente do condutor;Saï¿½da de leito carroï¿½ï¿½vel;Com Vï¿½timas Fatais;Pleno dia;Cï¿½u Claro;Simples;Curva;Nï¿½o;1;1
2025-07-18;sexta-feira;08:50:00;MG;381;SAO SEBASTIAO DA BELA VISTA;Condutor Dormindo;Saï¿½da de leito carroï¿½ï¿½vel;Com Vï¿½timas Feridas;Pleno dia;Cï¿½u Claro;Dupla;"Declive;Reta";Nï¿½o;0;0
2025-07-18;sexta-feira;03:00:00;MG;365;VARZEA DA PALMA;Reaï¿½ï¿½o tardia ou ineficiente do condutor;Tombamento;Com Vï¿½timas Feridas;Pleno dia;Cï¿½u Claro;Simples;Reta;Nï¿½o;0;0
2025-07-18;sexta-feira;08:20:00;TO;242;FORMOSO DO ARAGUAIA;Estacionar ou parar em local proibido;Colisï¿½o lateral mesmo sentido;Com Vï¿½timas Feridas;Pleno dia;Cï¿½u Claro;Simples;"Declive;Reta";Nï¿½o;0;0
2025-07-18;sexta-feira;07:50:00;RJ;40;PETROPOLIS;Velocidade Incompatï¿½vel;Tombamento;Com Vï¿½timas Feridas;Pleno dia;Nublado;Dupla;Curva;Nï¿½o;0;0
2025-07-18;sexta-feira;09:20:00;RS;386;SEBERI;Demais falhas mecï¿½nicas ou elï¿½tricas;Colisï¿½o com objeto;Com Vï¿½timas Feridas;Pleno dia;Nublado;Simples;Reta;Nï¿½o;0;0
2025-07-18;sexta-feira;08:58:00;BA;116;VITORIA DA CONQUISTA;Desrespeitar a preferï¿½ncia no cruzamento;Colisï¿½o transversal;Com Vï¿½timas Feridas;Pleno dia;Cï¿½u Claro;Simples;"Reta;Rotatï¿½ria";Sim;0;0
2025-07-18;sexta-feira;08:00:00;SP;116;REGISTRO;Condutor Dormindo;Saï¿½da de leito carroï¿½ï¿½vel;Com Vï¿½timas Feridas;Pleno dia;Cï¿½u Claro;Dupla;Reta;Sim;0;0
2025-07-18;sexta-feira;07:15:00;SP;116;TAUBATE;Reaï¿½ï¿½o tardia ou ineficiente do condutor;Colisï¿½o traseira;Com Vï¿½timas Feridas;Pleno dia;Sol;Dupla;Reta;Nï¿½o;0;0
2025-07-18;sexta-feira;09:00:00;MG;381;SAO GONCALO DO SAPUCAI;Condutor deixou de manter distï¿½ncia do veï¿½culo da frente;Colisï¿½o lateral mesmo sentido;Com Vï¿½timas Feridas;Pleno dia;Cï¿½u Claro;Dupla;"Reta;Aclive";Nï¿½o;0;0
2025-07-18;sexta-feira;10:20:00;SC;101;CRICIUMA;Reaï¿½ï¿½o tardia ou ineficiente do condutor;Colisï¿½o traseira;Com Vï¿½timas Feridas;Pleno dia;Nublado;Mï¿½ltipla;Reta;Sim;0;0
2025-07-16;quarta-feira;18:00:00;MG;365;VARZEA DA PALMA;Demais falhas mecï¿½nicas ou elï¿½tricas;Incï¿½ndio;Sem Vï¿½timas;Anoitecer;Cï¿½u Claro;Simples;"Reta;Declive";Nï¿½o;0;0
2025-07-18;sexta-feira;08:25:00;PR;277;CATANDUVAS;Velocidade Incompatï¿½vel;Saï¿½da de leito carroï¿½ï¿½vel;Com Vï¿½timas Feridas;Pleno dia;Sol;Simples;Reta;Nï¿½o;0;0
2025-07-18;sexta-feira;10:44:00;AM;174;PRESIDENTE FIGUEIREDO;Reaï¿½ï¿½o tardia ou ineficiente do condutor;Colisï¿½o traseira;Com Vï¿½timas Feridas;Pleno dia;Cï¿½u Claro;Mï¿½ltipla;Reta;Nï¿½o;0;0
2025-07-18;sexta-feira;12:40:00;MG;40;RIBEIRAO DAS NEVES;Trafegar com motocicleta (ou similar) entre as faixas;Colisï¿½o traseira;Com Vï¿½timas Feridas;Pleno dia;Cï¿½u Claro;Dupla;Reta;Sim;0;0
2025-07-18;sexta-feira;14:20:00;PR;373;PONTA GROSSA;Ultrapassagem Indevida;Colisï¿½o lateral mesmo sentido;Sem Vï¿½timas;Pleno dia;Sol;Dupla;"Retorno Regulamentado;Reta";Sim;0;0
2025-07-18;sexta-feira;13:55:00;PB;230;GURINHEM;Reaï¿½ï¿½o tardia ou ineficiente do condutor;Colisï¿½o lateral mesmo sentido;Com Vï¿½timas Feridas;Pleno dia;Cï¿½u Claro;Dupla;"Reta;Aclive";Nï¿½o;0;0
2025-07-18;sexta-feira;13:15:00;MG;50;UBERLANDIA;Condutor deixou de manter distï¿½ncia do veï¿½culo da frente;Colisï¿½o lateral mesmo sentido;Com Vï¿½timas Feridas;Pleno dia;Cï¿½u Claro;Dupla;Reta;Sim;0;0
2025-07-18;sexta-feira;14:40:00;PR;277;CEU AZUL;Condutor deixou de manter distï¿½ncia do veï¿½culo da frente;Colisï¿½o traseira;Sem Vï¿½timas;Pleno dia;Cï¿½u Claro;Simples;Reta;Nï¿½o;0;0
2025-07-18;sexta-feira;14:21:00;MS;163;JARAGUARI;Demais falhas mecï¿½nicas ou elï¿½tricas;Incï¿½ndio;Sem Vï¿½timas;Pleno dia;Cï¿½u Claro;Simples;"Reta;Aclive";Nï¿½o;0;0
2025-07-18;sexta-feira;12:50:00;MT;70;DOM AQUINO;Reaï¿½ï¿½o tardia ou ineficiente do condutor;Colisï¿½o lateral mesmo sentido;Com Vï¿½timas Feridas;Pleno dia;Sol;Simples;Reta;Nï¿½o;0;0
2025-07-18;sexta-feira;14:30:00;MG;116;MANHUACU;Ausï¿½ncia de reaï¿½ï¿½o do condutor;Colisï¿½o transversal;Com Vï¿½timas Feridas;Pleno dia;Cï¿½u Claro;Simples;"Declive;Curva";Nï¿½o;0;0
2025-06-24;terï¿½a-feira;09:00:00;PR;369;UBIRATA;Ultrapassagem Indevida;Colisï¿½o frontal;Com Vï¿½timas Feridas;Pleno dia;Cï¿½u Claro;Simples;"Reta;Declive";Nï¿½o;0;0
2025-07-18;sexta-feira;16:05:00;SC;470;RIO DO SUL;Ultrapassagem Indevida;Colisï¿½o lateral mesmo sentido;Com Vï¿½timas Feridas;Pleno dia;Cï¿½u Claro;Simples;Interseï¿½ï¿½o de Vias;Nï¿½o;0;0
2025-07-18;sexta-feira;14:00:00;BA;242;IBIQUERA;Reaï¿½ï¿½o tardia ou ineficiente do condutor;Colisï¿½o traseira;Com Vï¿½timas Feridas;Pleno dia;Cï¿½u Claro;Simples;"Reta;Em Obras";Nï¿½o;0;0
2025-07-18;sexta-feira;13:20:00;RJ;116;PIRAI;Manobra de mudanï¿½a de faixa;Colisï¿½o lateral mesmo sentido;Com Vï¿½timas Feridas;Pleno dia;Cï¿½u Claro;Simples;Em Obras;Nï¿½o;0;0
2025-07-18;sexta-feira;11:38:00;SC;282;VARGEM BONITA;Transitar na contramï¿½o;Colisï¿½o frontal;Com Vï¿½timas Fatais;Pleno dia;Sol;Simples;Curva;Nï¿½o;3;1
2025-05-29;quinta-feira;06:00:00;PI;343;FLORIANO;Ausï¿½ncia de reaï¿½ï¿½o do condutor;Saï¿½da de leito carroï¿½ï¿½vel;Com Vï¿½timas Fatais;Pleno dia;Cï¿½u Claro;Simples;Reta;Nï¿½o;1;1
2025-07-18;sexta-feira;04:15:00;BA;116;MILAGRES;Manobra de mudanï¿½a de faixa;Colisï¿½o frontal;Com Vï¿½timas Feridas;Amanhecer;Nublado;Simples;Reta;Nï¿½o;0;0
2025-07-18;sexta-feira;18:35:00;SP;116;TAUBATE;Reaï¿½ï¿½o tardia ou ineficiente do condutor;Engavetamento;Com Vï¿½timas Feridas;Plena Noite;Cï¿½u Claro;Dupla;Reta;Sim;0;0
2025-07-18;sexta-feira;06:15:00;AL;104;MURICI;Reaï¿½ï¿½o tardia ou ineficiente do condutor;Saï¿½da de leito carroï¿½ï¿½vel;Com Vï¿½timas Feridas;Amanhecer;Nublado;Simples;Reta;Nï¿½o;0;0
2025-07-18;sexta-feira;19:00:00;SP;381;BRAGANCA PAULISTA;Frear bruscamente;Colisï¿½o traseira;Sem Vï¿½timas;Plena Noite;Cï¿½u Claro;Dupla;Curva;Nï¿½o;0;0
2025-07-18;sexta-feira;18:30:00;MG;40;RIBEIRAO DAS NEVES;Frear bruscamente;Saï¿½da de leito carroï¿½ï¿½vel;Com Vï¿½timas Feridas;Plena Noite;Cï¿½u Claro;Dupla;Curva;Sim;0;0
2025-07-18;sexta-feira;16:00:00;PR;277;MORRETES;Demais falhas mecï¿½nicas ou elï¿½tricas;Incï¿½ndio;Sem Vï¿½timas;Pleno dia;Cï¿½u Claro;Dupla;Reta;Nï¿½o;0;0
2025-07-18;sexta-feira;17:40:00;MG;40;ITABIRITO;Avarias e/ou desgaste excessivo no pneu;Colisï¿½o frontal;Com Vï¿½timas Fatais;Anoitecer;Cï¿½u Claro;Simples;"Declive;Curva";Nï¿½o;1;1
2025-07-18;sexta-feira;19:20:00;AL;104;UNIAO DOS PALMARES;Acessar a via sem observar a presenï¿½a dos outros veï¿½culos;Saï¿½da de leito carroï¿½ï¿½vel;Com Vï¿½timas Feridas;Plena Noite;Nublado;Simples;Reta;Nï¿½o;0;0
2025-07-18;sexta-feira;16:10:00;PI;316;GEMINIANO;Ausï¿½ncia de reaï¿½ï¿½o do condutor;Colisï¿½o com objeto;Sem Vï¿½timas;Pleno dia;Cï¿½u Claro;Simples;Reta;Nï¿½o;0;0
2025-07-18;sexta-feira;18:10:00;MG;251;SALINAS;Demais falhas mecï¿½nicas ou elï¿½tricas;Saï¿½da de leito carroï¿½ï¿½vel;Com Vï¿½timas Feridas;Anoitecer;Cï¿½u Claro;Simples;Reta;Nï¿½o;0;0
2025-07-18;sexta-feira;19:08:00;RO;364;CANDEIAS DO JAMARI;Transitar na contramï¿½o;Colisï¿½o frontal;Com Vï¿½timas Fatais;Plena Noite;Cï¿½u Claro;Simples;Reta;Nï¿½o;3;1
2025-07-18;sexta-feira;19:50:00;SC;101;BIGUACU;Velocidade Incompatï¿½vel;Colisï¿½o com objeto;Com Vï¿½timas Feridas;Plena Noite;Cï¿½u Claro;Dupla;"Curva;Declive";Sim;0;0
2025-07-18;sexta-feira;20:10:00;RO;429;ALVORADA DOESTE;Transitar na contramï¿½o;Colisï¿½o frontal;Com Vï¿½timas Fatais;Plena Noite;Cï¿½u Claro;Simples;Reta;Nï¿½o;1;1
2025-06-24;terï¿½a-feira;07:00:00;PR;476;PAULO FRONTIN;Condutor Dormindo;Saï¿½da de leito carroï¿½ï¿½vel;Sem Vï¿½timas;Amanhecer;Nevoeiro/Neblina;Simples;Curva;Nï¿½o;0;0
2025-07-18;sexta-feira;20:30:00;RS;153;CACAPAVA DO SUL;Ausï¿½ncia de reaï¿½ï¿½o do condutor;Saï¿½da de leito carroï¿½ï¿½vel;Com Vï¿½timas Feridas;Plena Noite;Cï¿½u Claro;Simples;"Em Obras;Curva";Nï¿½o;0;0
2025-07-18;sexta-feira;20:00:00;GO;364;SANTA RITA DO ARAGUAIA;Acostamento em desnï¿½vel;Queda de ocupante de veï¿½culo;Com Vï¿½timas Feridas;Plena Noite;Cï¿½u Claro;Simples;Reta;Sim;0;0
2025-07-18;sexta-feira;23:30:00;SP;116;ARUJA;Reaï¿½ï¿½o tardia ou ineficiente do condutor;Saï¿½da de leito carroï¿½ï¿½vel;Sem Vï¿½timas;Plena Noite;Nublado;Dupla;Aclive;Nï¿½o;0;0
2025-07-19;sï¿½bado;00:30:00;BA;324;CAPIM GROSSO;Ausï¿½ncia de reaï¿½ï¿½o do condutor;Tombamento;Com Vï¿½timas Feridas;Plena Noite;Nublado;Simples;Rotatï¿½ria;Sim;0;0
2025-07-19;sï¿½bado;02:24:00;SP;116;MIRACATU;Acessar a via sem observar a presenï¿½a dos outros veï¿½culos;Colisï¿½o transversal;Com Vï¿½timas Feridas;Plena Noite;Cï¿½u Claro;Dupla;"Reta;Interseï¿½ï¿½o de Vias";Nï¿½o;0;0
2025-07-18;sexta-feira;23:10:00;CE;222;IRAUCUBA;Condutor Dormindo;Saï¿½da de leito carroï¿½ï¿½vel;Sem Vï¿½timas;Plena Noite;Cï¿½u Claro;Simples;Reta;Nï¿½o;0;0
2025-07-19;sï¿½bado;02:15:00;PR;163;SANTO ANTONIO DO SUDOESTE;Ingestï¿½o de ï¿½lcool pelo condutor;Colisï¿½o frontal;Com Vï¿½timas Feridas;Plena Noite;Cï¿½u Claro;Simples;"Curva;Declive";Nï¿½o;0;0
2025-07-19;sï¿½bado;04:28:00;PE;423;SAO CAITANO;Velocidade Incompatï¿½vel;Saï¿½da de leito carroï¿½ï¿½vel;Com Vï¿½timas Feridas;Amanhecer;Garoa/Chuvisco;Simples;Curva;Nï¿½o;0;0
2025-07-19;sï¿½bado;00:35:00;RS;116;GUAIBA;Ausï¿½ncia de reaï¿½ï¿½o do condutor;Tombamento;Com Vï¿½timas Feridas;Plena Noite;Nublado;Simples;Curva;Nï¿½o;0;0
2025-07-19;sï¿½bado;05:50:00;MG;262;LUZ;Acessar a via sem observar a presenï¿½a dos outros veï¿½culos;Colisï¿½o transversal;Com Vï¿½timas Feridas;Pleno dia;Cï¿½u Claro;Simples;Reta;Sim;0;0
2025-07-19;sï¿½bado;03:50:00;PI;222;SAO JOAO DA FRONTEIRA;Demais falhas mecï¿½nicas ou elï¿½tricas;Incï¿½ndio;Sem Vï¿½timas;Amanhecer;Cï¿½u Claro;Simples;"Reta;Aclive";Nï¿½o;0;0
2025-07-19;sï¿½bado;05:10:00;PE;101;JOAQUIM NABUCO;Transitar na contramï¿½o;Colisï¿½o frontal;Com Vï¿½timas Feridas;Amanhecer;Chuva;Dupla;Reta;Nï¿½o;0;0
2025-07-19;sï¿½bado;06:30:00;PR;376;IMBAU;Desrespeitar a preferï¿½ncia no cruzamento;Colisï¿½o lateral mesmo sentido;Sem Vï¿½timas;Amanhecer;Cï¿½u Claro;Dupla;Reta;Nï¿½o;0;0
2025-07-19;sï¿½bado;07:55:00;SP;116;MIRACATU;Ausï¿½ncia de reaï¿½ï¿½o do condutor;Tombamento;Com Vï¿½timas Feridas;Amanhecer;Cï¿½u Claro;Dupla;"Declive;Ponte";Nï¿½o;0;0
2025-07-19;sï¿½bado;08:20:00;MG;50;UBERLANDIA;Reaï¿½ï¿½o tardia ou ineficiente do condutor;Colisï¿½o traseira;Com Vï¿½timas Feridas;Pleno dia;Cï¿½u Claro;Dupla;Aclive;Sim;0;0
2025-07-19;sï¿½bado;08:10:00;SP;116;TAUBATE;Ausï¿½ncia de reaï¿½ï¿½o do condutor;Engavetamento;Com Vï¿½timas Feridas;Pleno dia;Nevoeiro/Neblina;Dupla;Reta;Sim;0;0
2025-07-19;sï¿½bado;07:30:00;PR;277;PALMEIRA;Ausï¿½ncia de reaï¿½ï¿½o do condutor;Colisï¿½o traseira;Com Vï¿½timas Feridas;Pleno dia;Cï¿½u Claro;Simples;Reta;Nï¿½o;0;0
2025-07-19;sï¿½bado;06:45:00;RS;285;MATO CASTELHANO;Pedestre - Ingestï¿½o de ï¿½lcool/ substï¿½ncias psicoativas;Atropelamento de Pedestre;Com Vï¿½timas Feridas;Pleno dia;Nublado;Simples;Reta;Sim;0;0
2025-07-19;sï¿½bado;06:25:00;PR;277;PRUDENTOPOLIS;Reaï¿½ï¿½o tardia ou ineficiente do condutor;Saï¿½da de leito carroï¿½ï¿½vel;Com Vï¿½timas Feridas;Amanhecer;Nevoeiro/Neblina;Dupla;"Declive;Reta";Nï¿½o;0;0
2025-07-19;sï¿½bado;07:30:00;MG;262;LUZ;Acessar a via sem observar a presenï¿½a dos outros veï¿½culos;Colisï¿½o transversal;Com Vï¿½timas Feridas;Pleno dia;Sol;Simples;Interseï¿½ï¿½o de Vias;Sim;0;0
2025-07-19;sï¿½bado;08:20:00;RJ;40;PETROPOLIS;Reaï¿½ï¿½o tardia ou ineficiente do condutor;Tombamento;Sem Vï¿½timas;Pleno dia;Nublado;Simples;"Declive;Curva";Nï¿½o;0;0
2025-07-19;sï¿½bado;09:40:00;SC;101;BIGUACU;Acessar a via sem observar a presenï¿½a dos outros veï¿½culos;Colisï¿½o lateral mesmo sentido;Com Vï¿½timas Feridas;Pleno dia;Sol;Simples;Reta;Sim;0;0
2025-07-19;sï¿½bado;10:20:00;PE;101;RECIFE;Manobra de mudanï¿½a de faixa;Colisï¿½o lateral mesmo sentido;Com Vï¿½timas Feridas;Pleno dia;Nublado;Dupla;Reta;Sim;0;0
2025-07-19;sï¿½bado;07:50:00;RN;304;MOSSORO;Demais falhas mecï¿½nicas ou elï¿½tricas;Incï¿½ndio;Com Vï¿½timas Feridas;Pleno dia;Cï¿½u Claro;Dupla;Reta;Nï¿½o;0;0
2025-07-19;sï¿½bado;09:20:00;MT;163;MATUPA;Transitar na contramï¿½o;Colisï¿½o transversal;Sem Vï¿½timas;Pleno dia;Cï¿½u Claro;Simples;Reta;Nï¿½o;0;0
2025-07-19;sï¿½bado;05:30:00;MG;267;SERITINGA;Transitar na contramï¿½o;Colisï¿½o frontal;Com Vï¿½timas Feridas;Amanhecer;Cï¿½u Claro;Simples;Curva;Nï¿½o;0;0