data_inversa;dia_semana;horario;uf;br;municipio;causa_acidente;tipo_acidente;classificacao_acidente;fase_dia;condicao_metereologica;tipo_pista;tracado_via;uso_solo;mortos;acidente_fatal
2025-07-24;quinta-feira;21:07:00;MG;40;CARANDAI;Condutor Dormindo;Saï¿½da de leito carroï¿½ï¿½vel;Com Vï¿½timas Feridas;Plena Noite;Cï¿½u Claro;Simples;Reta;Nï¿½o;0;0
2025-07-25;sexta-feira;00:20:00;MA;10;ACAILANDIA;Reaï¿½ï¿½o tardia ou ineficiente do condutor;Colisï¿½o traseira;Com Vï¿½timas Feridas;Plena Noite;Cï¿½u Claro;Mï¿½ltipla;"Reta;Aclive";Nï¿½o;0;0
2025-07-25;sexta-feira;03:10:00;BA;324;SAO SEBASTIAO DO PASSE;Demais falhas mecï¿½nicas ou elï¿½tricas;Incï¿½ndio;Sem Vï¿½timas;Plena Noite;Cï¿½u Claro;Dupla;Reta;Nï¿½o;0;0
2025-07-25;sexta-feira;05:00:00;SC;470;APIUNA;Transitar na contramï¿½o;Colisï¿½o frontal;Com Vï¿½timas Fatais;Plena Noite;Garoa/Chuvisco;Simples;Reta;Nï¿½o;3;1
2025-07-25;sexta-feira;05:30:00;PA;316;BENEVIDES;Ausï¿½ncia de reaï¿½ï¿½o do condutor;Saï¿½da de leito carroï¿½ï¿½vel;Com Vï¿½timas Feridas;Amanhecer;Cï¿½u Claro;Dupla;Reta;Nï¿½o;0;0
2025-07-25;sexta-feira;00:10:00;MG;116;ITAOBIM;Condutor Dormindo;Tombamento;Com Vï¿½timas Feridas;Plena Noite;Cï¿½u Claro;Simples;Reta;Nï¿½o;0;0
2025-07-25;sexta-feira;03:30:00;BA;101;ENTRE RIOS;Demais falhas mecï¿½nicas ou elï¿½tricas;Incï¿½ndio;Sem Vï¿½timas;Plena Noite;Cï¿½u Claro;Dupla;Reta;Nï¿½o;0;0
2025-07-25;sexta-feira;06:45:00;PR;376;CURITIBA;ï¿½rea urbana sem a presenï¿½a de local apropriado para a travessia de pedestres;Atropelamento de Pedestre;Com Vï¿½timas Fatais;Amanhecer;Nublado;Dupla;Reta;Sim;1;1
2025-07-25;sexta-feira;06:40:00;GO;40;LUZIANIA;Demais falhas na via;Colisï¿½o transversal;Com Vï¿½timas Feridas;Pleno dia;Cï¿½u Claro;Simples;"Curva;Em Obras";Sim;0;0
2025-07-24;quinta-feira;22:04:00;SP;116;SAO JOSE DOS CAMPOS;Manobra de mudanï¿½a de faixa;Colisï¿½o lateral mesmo sentido;Sem Vï¿½timas;Plena Noite;Cï¿½u Claro;Mï¿½ltipla;"Reta;Aclive;Em Obras;Desvio Temporï¿½rio";Sim;0;0
2025-07-24;quinta-feira;23:05:00;SP;116;CAJATI;Reaï¿½ï¿½o tardia ou ineficiente do condutor;Tombamento;Com Vï¿½timas Feridas;Plena Noite;Garoa/Chuvisco;Dupla;"Aclive;Curva";Nï¿½o;0;0
2025-07-24;quinta-feira;11:00:00;SC;116;MONTE CASTELO;Velocidade Incompatï¿½vel;Colisï¿½o traseira;Sem Vï¿½timas;Pleno dia;Nevoeiro/Neblina;Simples;Curva;Nï¿½o;0;0
2025-07-25;sexta-feira;05:40:00;MS;262;AGUA CLARA;Ingestï¿½o de substï¿½ncias psicoativas pelo condutor;Colisï¿½o frontal;Sem Vï¿½timas;Amanhecer;Cï¿½u Claro;Simples;Curva;Sim;0;0
2025-07-25;sexta-feira;06:50:00;MA;10;ACAILANDIA;Ultrapassagem Indevida;Colisï¿½o lateral sentido oposto;Com Vï¿½timas Feridas;Amanhecer;Nublado;Simples;"Reta;Aclive";Nï¿½o;0;0
2025-07-25;sexta-feira;08:50:00;ES;262;VIANA;Demais falhas mecï¿½nicas ou elï¿½tricas;Incï¿½ndio;Sem Vï¿½timas;Pleno dia;Cï¿½u Claro;Simples;"Reta;Aclive";Nï¿½o;0;0
2025-07-25;sexta-feira;05:00:00;SC;158;CUNHA PORA;Transitar na contramï¿½o;Colisï¿½o frontal;Com Vï¿½timas Fatais;Plena Noite;Nublado;Simples;"Reta;Declive";Nï¿½o;1;1
2025-07-25;sexta-feira;10:00:00;SP;116;GUARULHOS;Manobra de mudanï¿½a de faixa;Colisï¿½o lateral mesmo sentido;Com Vï¿½timas Feridas;Pleno dia;Nublado;Dupla;Reta;Sim;0;0
2025-07-25;sexta-feira;08:40:00;MT;70;VARZEA GRANDE;Condutor desrespeitou a iluminaï¿½ï¿½o vermelha do semï¿½foro;Colisï¿½o transversal;Com Vï¿½timas Feridas;Pleno dia;Sol;Simples;"Reta;Interseï¿½ï¿½o de Vias";Sim;0;0
2025-07-25;sexta-feira;11:00:00;SP;116;ARUJA;Entrada inopinada do pedestre;Atropelamento de Pedestre;Com Vï¿½timas Feridas;Pleno dia;Cï¿½u Claro;Mï¿½ltipla;"Reta;Interseï¿½ï¿½o de Vias";Sim;0;0
2025-07-25;sexta-feira;11:45:00;SC;101;GOVERNADOR CELSO RAMOS;Reaï¿½ï¿½o tardia ou ineficiente do condutor;Colisï¿½o traseira;Com Vï¿½timas Feridas;Pleno dia;Chuva;Mï¿½ltipla;Reta;Sim;0;0
2025-07-25;sexta-feira;11:38:00;PR;277;SAO JOSE DOS PINHAIS;Ausï¿½ncia de reaï¿½ï¿½o do condutor;Colisï¿½o traseira;Com Vï¿½timas Feridas;Pleno dia;Cï¿½u Claro;Dupla;Reta;Nï¿½o;0;0
2025-07-25;sexta-feira;10:30:00;PE;407;PETROLINA;Manobra de mudanï¿½a de faixa;Colisï¿½o lateral mesmo sentido;Com Vï¿½timas Fatais;Pleno dia;Cï¿½u Claro;Dupla;"Ponte;Reta";Sim;1;1
2025-07-25;sexta-feira;11:47:00;PR;116;FAZENDA RIO GRANDE;Ausï¿½ncia de reaï¿½ï¿½o do condutor;Colisï¿½o traseira;Com Vï¿½timas Feridas;Pleno dia;Cï¿½u Claro;Dupla;Reta;Sim;0;0
2025-07-25;sexta-feira;09:47:00;BA;324;SALVADOR;Acessar a via sem observar a presenï¿½a dos outros veï¿½culos;Saï¿½da de leito carroï¿½ï¿½vel;Com Vï¿½timas Feridas;Pleno dia;Nublado;Dupla;Interseï¿½ï¿½o de Vias;Nï¿½o;0;0
2025-07-25;sexta-feira;09:40:00;ES;262;CONCEICAO DO CASTELO;Ausï¿½ncia de reaï¿½ï¿½o do condutor;Tombamento;Com Vï¿½timas Feridas;Pleno dia;Sol;Simples;"Declive;Curva";Nï¿½o;0;0
2025-07-25;sexta-feira;12:10:00;MG;365;UBERLANDIA;Suicï¿½dio (presumido);Atropelamento de Pedestre;Com Vï¿½timas Fatais;Pleno dia;Cï¿½u Claro;Mï¿½ltipla;Reta;Sim;1;1
2025-07-25;sexta-feira;12:05:00;MG;262;MANHUACU;Acessar a via sem observar a presenï¿½a dos outros veï¿½culos;Colisï¿½o transversal;Com Vï¿½timas Feridas;Pleno dia;Cï¿½u Claro;Simples;Reta;Sim;0;0
2025-07-25;sexta-feira;11:45:00;RS;470;MONTENEGRO;Desrespeitar a preferï¿½ncia no cruzamento;Colisï¿½o transversal;Com Vï¿½timas Feridas;Pleno dia;Cï¿½u Claro;Simples;Rotatï¿½ria;Sim;0;0
2025-07-25;sexta-feira;13:15:00;RS;470;CARLOS BARBOSA;Acessar a via sem observar a presenï¿½a dos outros veï¿½culos;Colisï¿½o transversal;Com Vï¿½timas Feridas;Pleno dia;Sol;Simples;Declive;Nï¿½o;0;0
2025-07-25;sexta-feira;12:55:00;MT;364;RONDONOPOLIS;Reaï¿½ï¿½o tardia ou ineficiente do condutor;Colisï¿½o traseira;Com Vï¿½timas Feridas;Pleno dia;Sol;Dupla;"Retorno Regulamentado;Reta";Sim;0;0
2025-07-25;sexta-feira;14:00:00;RS;472;SAO BORJA;Acessar a via sem observar a presenï¿½a dos outros veï¿½culos;Colisï¿½o transversal;Com Vï¿½timas Feridas;Pleno dia;Cï¿½u Claro;Simples;Rotatï¿½ria;Sim;0;0
2025-07-25;sexta-feira;14:13:00;CE;116;FORTALEZA;Manobra de mudanï¿½a de faixa;Colisï¿½o lateral mesmo sentido;Com Vï¿½timas Feridas;Pleno dia;Cï¿½u Claro;Mï¿½ltipla;Reta;Sim;0;0
2025-07-25;sexta-feira;11:40:00;MG;251;MONTES CLAROS;Ausï¿½ncia de reaï¿½ï¿½o do condutor;Tombamento;Com Vï¿½timas Feridas;Pleno dia;Cï¿½u Claro;Simples;"Aclive;Reta";Nï¿½o;0;0
2025-06-01;domingo;20:38:00;PA;163;NOVO PROGRESSO;Ultrapassagem Indevida;Colisï¿½o frontal;Com Vï¿½timas Fatais;Anoitecer;Nublado;Simples;Reta;Nï¿½o;1;1
2025-07-25;sexta-feira;14:25:00;MT;174;PONTES E LACERDA;Ausï¿½ncia de reaï¿½ï¿½o do condutor;Eventos atï¿½picos;Sem Vï¿½timas;Pleno dia;Cï¿½u Claro;Simples;Reta;Nï¿½o;0;0
2025-07-25;sexta-feira;10:25:00;PI;135;MONTE ALEGRE DO PIAUI;Demais falhas mecï¿½nicas ou elï¿½tricas;Incï¿½ndio;Sem Vï¿½timas;Pleno dia;Cï¿½u Claro;Simples;Reta;Nï¿½o;0;0
2025-07-25;sexta-feira;15:17:00;PR;116;PIRAQUARA;Avarias e/ou desgaste excessivo no pneu;Colisï¿½o lateral mesmo sentido;Com Vï¿½timas Feridas;Pleno dia;Cï¿½u Claro;Dupla;Reta;Nï¿½o;0;0
2025-07-25;sexta-feira;15:30:00;PR;376;SAO JOSE DOS PINHAIS;Ausï¿½ncia de reaï¿½ï¿½o do condutor;Colisï¿½o traseira;Com Vï¿½timas Feridas;Pleno dia;Nublado;Simples;Reta;Sim;0;0
2025-07-25;sexta-feira;14:15:00;SP;153;ONDA VERDE;Acessar a via sem observar a presenï¿½a dos outros veï¿½culos;Colisï¿½o transversal;Com Vï¿½timas Feridas;Pleno dia;Cï¿½u Claro;Simples;"Reta;Rotatï¿½ria";Nï¿½o;0;0
2025-07-25;sexta-feira;14:20:00;MG;381;EXTREMA;Ausï¿½ncia de sinalizaï¿½ï¿½o;Colisï¿½o traseira;Com Vï¿½timas Fatais;Pleno dia;Chuva;Dupla;"Declive;Curva";Nï¿½o;1;1
2025-07-25;sexta-feira;14:10:00;PE;101;CABO DE SANTO AGOSTINHO;Condutor deixou de manter distï¿½ncia do veï¿½culo da frente;Colisï¿½o traseira;Com Vï¿½timas Feridas;Pleno dia;Nublado;Dupla;Reta;Nï¿½o;0;0
2025-07-25;sexta-feira;16:15:00;GO;414;ANAPOLIS;Transitar na contramï¿½o;Colisï¿½o frontal;Com Vï¿½timas Fatais;Pleno dia;Cï¿½u Claro;Simples;"Declive;Reta";Sim;1;1
2025-07-25;sexta-feira;15:38:00;MS;158;APARECIDA DO TABOADO;Reaï¿½ï¿½o tardia ou ineficiente do condutor;Tombamento;Com Vï¿½timas Feridas;Pleno dia;Cï¿½u Claro;Dupla;Curva;Nï¿½o;0;0
2025-07-25;sexta-feira;17:40:00;CE;116;PENAFORTE;Acessar a via sem observar a presenï¿½a dos outros veï¿½culos;Colisï¿½o frontal;Com Vï¿½timas Feridas;Anoitecer;Cï¿½u Claro;Dupla;Reta;Nï¿½o;0;0
2025-07-25;sexta-feira;17:50:00;PE;104;CARUARU;Manobra de mudanï¿½a de faixa;Colisï¿½o lateral mesmo sentido;Sem Vï¿½timas;Plena Noite;Cï¿½u Claro;Dupla;Reta;Sim;0;0
2025-07-25;sexta-feira;16:20:00;GO;452;ITUMBIARA;Velocidade Incompatï¿½vel;Colisï¿½o lateral mesmo sentido;Com Vï¿½timas Feridas;Pleno dia;Cï¿½u Claro;Simples;Declive;Nï¿½o;0;0
2025-07-25;sexta-feira;17:10:00;RJ;101;PARATY;Chuva;Colisï¿½o frontal;Com Vï¿½timas Feridas;Anoitecer;Chuva;Simples;Curva;Nï¿½o;0;0
2025-07-25;sexta-feira;16:10:00;PI;343;CAMPO MAIOR;Demais falhas mecï¿½nicas ou elï¿½tricas;Colisï¿½o com objeto;Com Vï¿½timas Feridas;Pleno dia;Cï¿½u Claro;Simples;Reta;Nï¿½o;0;0
2025-07-25;sexta-feira;19:00:00;ES;101;SERRA;Condutor deixou de manter distï¿½ncia do veï¿½culo da frente;Colisï¿½o traseira;Com Vï¿½timas Feridas;Plena Noite;Cï¿½u Claro;Mï¿½ltipla;Curva;Nï¿½o;0;0
2025-07-25;sexta-feira;07:10:00;RJ;356;ITAPERUNA;Velocidade Incompatï¿½vel;Tombamento;Com Vï¿½timas Feridas;Pleno dia;Cï¿½u Claro;Simples;Curva;Nï¿½o;0;0
2025-07-25;sexta-feira;19:00:00;GO;60;ANAPOLIS;Manobra de mudanï¿½a de faixa;Colisï¿½o traseira;Com Vï¿½timas Feridas;Plena Noite;Cï¿½u Claro;Dupla;Reta;Sim;0;0
2025-07-25;sexta-feira;19:00:00;RJ;101;CASIMIRO DE ABREU;Condutor deixou de manter distï¿½ncia do veï¿½culo da frente;Colisï¿½o traseira;Com Vï¿½timas Feridas;Plena Noite;Chuva;Simples;Reta;Sim;0;0
2025-07-25;sexta-feira;08:00:00;BA;116;IRAJUBA;Transitar na contramï¿½o;Colisï¿½o lateral sentido oposto;Com Vï¿½timas Feridas;Pleno dia;Cï¿½u Claro;Simples;"Reta;Declive";Nï¿½o;0;0
2025-07-25;sexta-feira;21:00:00;CE;304;ARACATI;Acessar a via sem observar a presenï¿½a dos outros veï¿½culos;Colisï¿½o transversal;Com Vï¿½timas Feridas;Plena Noite;Cï¿½u Claro;Simples;"Curva;Interseï¿½ï¿½o de Vias";Nï¿½o;0;0
2025-07-25;sexta-feira;21:00:00;GO;60;SANTO ANTONIO DO DESCOBERTO;Ausï¿½ncia de reaï¿½ï¿½o do condutor;Tombamento;Com Vï¿½timas Fatais;Plena Noite;Cï¿½u Claro;Dupla;"Aclive;Curva";Nï¿½o;1;1
2025-07-25;sexta-feira;16:50:00;MT;163;LUCAS DO RIO VERDE;Ingestï¿½o de ï¿½lcool pelo condutor;Saï¿½da de leito carroï¿½ï¿½vel;Sem Vï¿½timas;Pleno dia;Cï¿½u Claro;Dupla;"Retorno Regulamentado;Reta";Sim;0;0
2025-07-25;sexta-feira;20:30:00;GO;20;FORMOSA;Ingestï¿½o de ï¿½lcool pelo condutor;Colisï¿½o frontal;Sem Vï¿½timas;Plena Noite;Cï¿½u Claro;Simples;Curva;Nï¿½o;0;0
2025-07-25;sexta-feira;23:00:00;TO;153;MIRACEMA DO TOCANTINS;Demais falhas mecï¿½nicas ou elï¿½tricas;Incï¿½ndio;Sem Vï¿½timas;Plena Noite;Cï¿½u Claro;Simples;Reta;Nï¿½o;0;0
2025-07-25;sexta-feira;22:40:00;RN;304;MACAIBA;Ausï¿½ncia de reaï¿½ï¿½o do condutor;Colisï¿½o com objeto;Sem Vï¿½timas;Plena Noite;Nublado;Simples;"Reta;Em Obras";Sim;0;0
2025-07-25;sexta-feira;22:40:00;SP;116;REGISTRO;Condutor Dormindo;Saï¿½da de leito carroï¿½ï¿½vel;Sem Vï¿½timas;Plena Noite;Cï¿½u Claro;Dupla;Reta;Nï¿½o;0;0
2025-07-25;sexta-feira;22:30:00;GO;60;GOIANAPOLIS;Ausï¿½ncia de reaï¿½ï¿½o do condutor;Colisï¿½o traseira;Com Vï¿½timas Feridas;Plena Noite;Cï¿½u Claro;Dupla;"Reta;Aclive";Nï¿½o;0;0
2025-07-25;sexta-feira;20:30:00;PR;373;PRUDENTOPOLIS;Reaï¿½ï¿½o tardia ou ineficiente do condutor;Colisï¿½o lateral mesmo sentido;Com Vï¿½timas Fatais;Plena Noite;Cï¿½u Claro;Simples;Reta;Nï¿½o;2;1
2025-07-26;sï¿½bado;00:15:00;SE;235;CARIRA;Transitar na contramï¿½o;Colisï¿½o lateral sentido oposto;Com Vï¿½timas Feridas;Plena Noite;Nevoeiro/Neblina;Simples;Curva;Nï¿½o;0;0
2025-07-25;sexta-feira;22:00:00;MG;50;UBERLANDIA;Ausï¿½ncia de reaï¿½ï¿½o do condutor;Colisï¿½o traseira;Com Vï¿½timas Feridas;Plena Noite;Cï¿½u Claro;Dupla;Reta;Sim;0;0
2025-07-26;sï¿½bado;03:00:00;PR;277;PALMEIRA;Condutor Dormindo;Colisï¿½o traseira;Com Vï¿½timas Feridas;Plena Noite;Nevoeiro/Neblina;Simples;"Reta;Aclive";Nï¿½o;0;0
2025-07-26;sï¿½bado;02:57:00;MS;163;CAMPO GRANDE;Conversï¿½o proibida;Colisï¿½o lateral mesmo sentido;Com Vï¿½timas Fatais;Plena Noite;Cï¿½u Claro;Dupla;"Reta;Declive";Nï¿½o;1;1
2025-07-26;sï¿½bado;01:00:00;BA;235;CASA NOVA;Reaï¿½ï¿½o tardia ou ineficiente do condutor;Saï¿½da de leito carroï¿½ï¿½vel;Sem Vï¿½timas;Plena Noite;Cï¿½u Claro;Simples;Reta;Nï¿½o;0;0
2025-07-25;sexta-feira;22:20:00;MT;70;GENERAL CARNEIRO;Acostamento em desnï¿½vel;Saï¿½da de leito carroï¿½ï¿½vel;Com Vï¿½timas Feridas;Plena Noite;Cï¿½u Claro;Simples;Curva;Nï¿½o;0;0
2025-07-26;sï¿½bado;04:00:00;RO;319;PORTO VELHO;Condutor deixou de manter distï¿½ncia do veï¿½culo da frente;Colisï¿½o lateral mesmo sentido;Com Vï¿½timas Feridas;Plena Noite;Ignorado;Dupla;Rotatï¿½ria;Sim;0;0
2025-07-26;sï¿½bado;01:00:00;SC;153;CONCORDIA;Ingestï¿½o de ï¿½lcool pelo condutor;Colisï¿½o lateral sentido oposto;Sem Vï¿½timas;Plena Noite;Cï¿½u Claro;Simples;Curva;Sim;0;0
2025-07-26;sï¿½bado;05:00:00;PR;376;GUAIRACA;Acessar a via sem observar a presenï¿½a dos outros veï¿½culos;Colisï¿½o transversal;Com Vï¿½timas Feridas;Amanhecer;Cï¿½u Claro;Simples;"Retorno Regulamentado;Reta";Nï¿½o;0;0
2025-07-20;domingo;20:20:00;GO;452;BOM JESUS DE GOIAS;Acessar a via sem observar a presenï¿½a dos outros veï¿½culos;Colisï¿½o transversal;Com Vï¿½timas Feridas;Plena Noite;Cï¿½u Claro;Simples;Retorno Regulamentado;Nï¿½o;0;0
2025-07-26;sï¿½bado;06:00:00;MG;381;SAO SEBASTIAO DA BELA VISTA;Ausï¿½ncia de reaï¿½ï¿½o do condutor;Saï¿½da de leito carroï¿½ï¿½vel;Com Vï¿½timas Feridas;Amanhecer;Nevoeiro/Neblina;Dupla;Reta;Nï¿½o;0;0
2025-07-26;sï¿½bado;05:20:00;MG;381;BELO ORIENTE;Animais na Pista;Atropelamento de Animal;Com Vï¿½timas Feridas;Amanhecer;Cï¿½u Claro;Simples;"Aclive;Curva";Nï¿½o;0;0
2025-07-26;sï¿½bado;05:45:00;MG;262;IBIA;Ingestï¿½o de ï¿½lcool pelo condutor;Colisï¿½o frontal;Com Vï¿½timas Feridas;Amanhecer;Cï¿½u Claro;Simples;Curva;Nï¿½o;0;0
2025-07-26;sï¿½bado;08:55:00;MS;163;RIO VERDE DE MATO GROSSO;Ultrapassagem Indevida;Saï¿½da de leito carroï¿½ï¿½vel;Com Vï¿½timas Feridas;Pleno dia;Cï¿½u Claro;Mï¿½ltipla;"Reta;Aclive";Nï¿½o;0;0
2025-05-08;quinta-feira;06:08:00;PA;163;NOVO PROGRESSO;Demais falhas na via;Tombamento;Sem Vï¿½timas;Amanhecer;Cï¿½u Claro;Simples;Reta;Nï¿½o;0;0
2025-07-26;sï¿½bado;09:30:00;GO;153;MORRINHOS;Ausï¿½ncia de reaï¿½ï¿½o do condutor;Colisï¿½o traseira;Sem Vï¿½timas;Pleno dia;Cï¿½u Claro;Dupla;Curva;Nï¿½o;0;0
2025-07-26;sï¿½bado;10:00:00;RN;226;SANTA CRUZ;Reaï¿½ï¿½o tardia ou ineficiente do condutor;Tombamento;Com Vï¿½timas Feridas;Pleno dia;Cï¿½u Claro;Simples;Curva;Nï¿½o;0;0
2025-07-26;sï¿½bado;09:00:00;RS;116;BARRA DO RIBEIRO;Condutor Dormindo;Saï¿½da de leito carroï¿½ï¿½vel;Com Vï¿½timas Feridas;Pleno dia;Cï¿½u Claro;Dupla;Reta;Nï¿½o;0;0
2025-07-26;sï¿½bado;08:00:00;RJ;393;TRES RIOS;Velocidade Incompatï¿½vel;Tombamento;Com Vï¿½timas Feridas;Pleno dia;Cï¿½u Claro;Simples;"Aclive;Curva";Nï¿½o;0;0
2025-07-26;sï¿½bado;06:45:00;MG;365;INDIANOPOLIS;Condutor Dormindo;Saï¿½da de leito carroï¿½ï¿½vel;Com Vï¿½timas Feridas;Pleno dia;Cï¿½u Claro;Simples;Curva;Nï¿½o;0;0
2025-07-22;terï¿½a-feira;14:20:00;BA;242;SEABRA;Ausï¿½ncia de reaï¿½ï¿½o do condutor;Colisï¿½o traseira;Sem Vï¿½timas;Pleno dia;Cï¿½u Claro;Simples;"Reta;Aclive";Nï¿½o;0;0
2025-07-26;sï¿½bado;09:35:00;GO;153;SAO LUIZ DO NORTE;Condutor deixou de manter distï¿½ncia do veï¿½culo da frente;Tombamento;Com Vï¿½timas Feridas;Pleno dia;Cï¿½u Claro;Simples;Reta;Nï¿½o;0;0
2025-07-02;quarta-feira;19:00:00;RN;226;TANGARA;Condutor deixou de manter distï¿½ncia do veï¿½culo da frente;Colisï¿½o traseira;Com Vï¿½timas Fatais;Plena Noite;Nublado;Simples;Reta;Sim;1;1
2025-07-26;sï¿½bado;12:30:00;MG;381;TRES CORACOES;Velocidade Incompatï¿½vel;Saï¿½da de leito carroï¿½ï¿½vel;Com Vï¿½timas Feridas;Pleno dia;Cï¿½u Claro;Dupla;Interseï¿½ï¿½o de Vias;Nï¿½o;0;0
2025-07-26;sï¿½bado;13:40:00;SC;101;TIJUCAS;Reaï¿½ï¿½o tardia ou ineficiente do condutor;Colisï¿½o lateral mesmo sentido;Com Vï¿½timas Feridas;Pleno dia;Cï¿½u Claro;Mï¿½ltipla;Reta;Sim;0;0
2025-07-26;sï¿½bado;12:15:00;MG;365;PATROCINIO;Demais falhas mecï¿½nicas ou elï¿½tricas;Eventos atï¿½picos;Com Vï¿½timas Feridas;Pleno dia;Cï¿½u Claro;Simples;Reta;Nï¿½o;0;0
2025-07-26;sï¿½bado;10:45:00;MG;50;UBERLANDIA;Manobra de mudanï¿½a de faixa;Colisï¿½o traseira;Com Vï¿½timas Feridas;Pleno dia;Cï¿½u Claro;Dupla;Reta;Nï¿½o;0;0
2025-07-26;sï¿½bado;14:20:00;MG;365;UBERLANDIA;Reaï¿½ï¿½o tardia ou ineficiente do condutor;Colisï¿½o lateral mesmo sentido;Com Vï¿½timas Feridas;Pleno dia;Cï¿½u Claro;Dupla;Reta;Nï¿½o;0;0
2025-07-26;sï¿½bado;15:25:00;PR;277;MORRETES;Velocidade Incompatï¿½vel;Tombamento;Com Vï¿½timas Feridas;Pleno dia;Cï¿½u Claro;Dupla;"Reta;Declive";Nï¿½o;0;0
2025-07-26;sï¿½bado;15:35:00;RJ;393;VASSOURAS;Acessar a via sem observar a presenï¿½a dos outros veï¿½culos;Colisï¿½o transversal;Com Vï¿½timas Feridas;Pleno dia;Cï¿½u Claro;Simples;Retorno Regulamentado;Nï¿½o;0;0
2025-07-26;sï¿½bado;14:35:00;GO;40;LUZIANIA;Acessar a via sem observar a presenï¿½a dos outros veï¿½culos;Colisï¿½o traseira;Sem Vï¿½timas;Pleno dia;Sol;Dupla;Rotatï¿½ria;Sim;0;0
2025-07-26;sï¿½bado;12:30:00;RS;290;CACAPAVA DO SUL;Velocidade Incompatï¿½vel;Colisï¿½o traseira;Com Vï¿½timas Feridas;Pleno dia;Chuva;Simples;"Em Obras;Reta";Nï¿½o;0;0
2025-07-26;sï¿½bado;16:25:00;GO;364;JATAI;Demais falhas mecï¿½nicas ou elï¿½tricas;Colisï¿½o traseira;Com Vï¿½timas Feridas;Pleno dia;Cï¿½u Claro;Simples;Reta;Sim;0;0
2025-07-26;sï¿½bado;10:35:00;RJ;116;PIRAI;Problema com o freio;Tombamento;Com Vï¿½timas Fatais;Pleno dia;Cï¿½u Claro;Dupla;"Curva;Declive";Nï¿½o;2;1
2025-07-26;sï¿½bado;16:28:00;CE;222;SAO GONCALO DO AMARANTE;Ultrapassagem Indevida;Colisï¿½o lateral mesmo sentido;Com Vï¿½timas Feridas;Pleno dia;Cï¿½u Claro;Simples;"Reta;Ponte";Nï¿½o;0;0
2025-07-26;sï¿½bado;17:45:00;PR;476;LAPA;Reaï¿½ï¿½o tardia ou ineficiente do condutor;Colisï¿½o lateral mesmo sentido;Sem Vï¿½timas;Plena Noite;Cï¿½u Claro;Simples;Curva;Nï¿½o;0;0
2025-07-26;sï¿½bado;16:30:00;MG;381;PERDOES;Transitar no Acostamento;Saï¿½da de leito carroï¿½ï¿½vel;Com Vï¿½timas Fatais;Pleno dia;Cï¿½u Claro;Dupla;"Declive;Reta";Nï¿½o;1;1
2025-07-26;sï¿½bado;14:00:00;MA;316;CAXIAS;Acessar a via sem observar a presenï¿½a dos outros veï¿½culos;Colisï¿½o transversal;Com Vï¿½timas Fatais;Pleno dia;Cï¿½u Claro;Simples;Curva;Nï¿½o;1;1
2025-07-26;sï¿½bado;19:00:00;SP;116;GUARATINGUETA;Objeto estï¿½tico sobre o leito carroï¿½ï¿½vel;Derramamento de carga;Com Vï¿½timas Feridas;Plena Noite;Cï¿½u Claro;Dupla;Reta;Nï¿½o;0;0
2025-07-26;sï¿½bado;18:00:00;MS;163;BANDEIRANTES;Acessar a via sem observar a presenï¿½a dos outros veï¿½culos;Colisï¿½o lateral mesmo sentido;Sem Vï¿½timas;Plena Noite;Cï¿½u Claro;Dupla;Reta;Nï¿½o;0;0
2025-07-26;sï¿½bado;19:50:00;PR;369;ROLANDIA;Animais na Pista;Atropelamento de Animal;Com Vï¿½timas Feridas;Plena Noite;Cï¿½u Claro;Dupla;Reta;Sim;0;0
2025-07-26;sï¿½bado;20:55:00;SC;280;GUARAMIRIM;Reaï¿½ï¿½o tardia ou ineficiente do condutor;Colisï¿½o traseira;Sem Vï¿½timas;Plena Noite;Cï¿½u Claro;Dupla;"Em Obras;Reta";Nï¿½o;0;0
2025-07-26;sï¿½bado;18:40:00;PI;316;PICOS;Mal sï¿½bito do condutor;Colisï¿½o frontal;Com Vï¿½timas Feridas;Plena Noite;Cï¿½u Claro;Mï¿½ltipla;Reta;Sim;0;0
2025-07-26;sï¿½bado;17:20:00;MA;316;CAXIAS;Acessar a via sem observar a presenï¿½a dos outros veï¿½culos;Colisï¿½o transversal;Com Vï¿½timas Feridas;Pleno dia;Cï¿½u Claro;Simples;Interseï¿½ï¿½o de Vias;Sim;0;0
2025-07-26;sï¿½bado;20:00:00;RS;470;GARIBALDI;Ingestï¿½o de ï¿½lcool pelo condutor;Colisï¿½o lateral sentido oposto;Com Vï¿½timas Feridas;Plena Noite;Garoa/Chuvisco;Simples;"Curva;Declive";Nï¿½o;0;0
2025-07-26;sï¿½bado;18:40:00;GO;452;BOM JESUS DE GOIAS;Condutor deixou de manter distï¿½ncia do veï¿½culo da frente;Colisï¿½o lateral sentido oposto;Com Vï¿½timas Feridas;Plena Noite;Cï¿½u Claro;Simples;Reta;Nï¿½o;0;0
2025-07-26;sï¿½bado;16:10:00;MG;153;CAMPO FLORIDO;Manobra de mudanï¿½a de faixa;Saï¿½da de leito carroï¿½ï¿½vel;Com Vï¿½timas Feridas;Pleno dia;Cï¿½u Claro;Simples;Reta;Nï¿½o;0;0
2025-07-26;sï¿½bado;14:37:00;PA;230;ITAITUBA;Condutor deixou de manter distï¿½ncia do veï¿½culo da frente;Colisï¿½o traseira;Com Vï¿½timas Feridas;Pleno dia;Cï¿½u Claro;Simples;Aclive;Nï¿½o;0;0
2025-07-26;sï¿½bado;16:42:00;SE;101;UMBAUBA;Acessar a via sem observar a presenï¿½a dos outros veï¿½culos;Colisï¿½o transversal;Sem Vï¿½timas;Pleno dia;Cï¿½u Claro;Simples;Reta;Nï¿½o;0;0