data_inversa;dia_semana;horario;uf;br;municipio;causa_acidente;tipo_acidente;classificacao_acidente;fase_dia;condicao_metereologica;tipo_pista;tracado_via;uso_solo;mortos;acidente_fatal
2025-07-26;sï¿½bado;16:45:00;MG;50;ARAGUARI;Ausï¿½ncia de reaï¿½ï¿½o do condutor;Colisï¿½o traseira;Com Vï¿½timas Feridas;Plena Noite;Cï¿½u Claro;Dupla;Reta;Nï¿½o;0;0
2025-07-26;sï¿½bado;22:00:00;MT;364;SANTO ANTONIO DO LEVERGER;Condutor Dormindo;Saï¿½da de leito carroï¿½ï¿½vel;Com Vï¿½timas Feridas;Plena Noite;Cï¿½u Claro;Dupla;"Aclive;Reta";Nï¿½o;0;0
2025-07-26;sï¿½bado;17:40:00;MG;251;FRUTA DE LEITE;Demais falhas mecï¿½nicas ou elï¿½tricas;Incï¿½ndio;Sem Vï¿½timas;Anoitecer;Cï¿½u Claro;Simples;"Reta;Aclive";Nï¿½o;0;0
2025-07-26;sï¿½bado;18:50:00;SC;470;CAMPOS NOVOS;Velocidade Incompatï¿½vel;Tombamento;Com Vï¿½timas Fatais;Plena Noite;Garoa/Chuvisco;Simples;"Curva;Aclive";Nï¿½o;1;1
2025-07-26;sï¿½bado;18:30:00;MG;116;ALEM PARAIBA;Velocidade Incompatï¿½vel;Tombamento;Com Vï¿½timas Feridas;Anoitecer;Cï¿½u Claro;Simples;"Aclive;Curva";Nï¿½o;0;0
2025-07-27;domingo;01:40:00;SC;101;BIGUACU;Ingestï¿½o de ï¿½lcool pelo condutor;Colisï¿½o lateral mesmo sentido;Com Vï¿½timas Feridas;Plena Noite;Garoa/Chuvisco;Dupla;Reta;Nï¿½o;0;0
2025-07-27;domingo;03:30:00;RJ;40;PETROPOLIS;Ingestï¿½o de ï¿½lcool pelo condutor;Colisï¿½o traseira;Sem Vï¿½timas;Plena Noite;Cï¿½u Claro;Simples;Curva;Nï¿½o;0;0
2025-07-27;domingo;06:00:00;AL;423;INHAPI;Reaï¿½ï¿½o tardia ou ineficiente do condutor;Colisï¿½o lateral mesmo sentido;Com Vï¿½timas Feridas;Amanhecer;Cï¿½u Claro;Simples;Reta;Nï¿½o;0;0
2025-07-27;domingo;06:21:00;TO;153;GUARAI;Demais falhas mecï¿½nicas ou elï¿½tricas;Incï¿½ndio;Sem Vï¿½timas;Amanhecer;Cï¿½u Claro;Simples;Reta;Nï¿½o;0;0
2025-07-27;domingo;05:38:00;SC;282;CORDILHEIRA ALTA;Ausï¿½ncia de reaï¿½ï¿½o do condutor;Colisï¿½o frontal;Com Vï¿½timas Feridas;Plena Noite;Cï¿½u Claro;Simples;"Aclive;Curva";Nï¿½o;0;0
2025-07-27;domingo;06:45:00;PR;116;FAZENDA RIO GRANDE;Manobra de mudanï¿½a de faixa;Colisï¿½o lateral mesmo sentido;Com Vï¿½timas Feridas;Amanhecer;Ignorado;Dupla;"Reta;Aclive";Sim;0;0
2025-07-26;sï¿½bado;18:00:00;MA;222;SANTA LUZIA;Velocidade Incompatï¿½vel;Tombamento;Com Vï¿½timas Feridas;Anoitecer;Nublado;Simples;Curva;Nï¿½o;0;0
2025-07-27;domingo;07:40:00;RS;386;ALMIRANTE TAMANDARE DO SUL;Ausï¿½ncia de reaï¿½ï¿½o do condutor;Colisï¿½o frontal;Sem Vï¿½timas;Amanhecer;Chuva;Simples;Reta;Nï¿½o;0;0
2025-07-26;sï¿½bado;14:30:00;MG;381;NEPOMUCENO;Velocidade Incompatï¿½vel;Tombamento;Com Vï¿½timas Feridas;Pleno dia;Cï¿½u Claro;Dupla;"Declive;Curva";Nï¿½o;0;0
2025-07-27;domingo;10:00:00;MG;153;PRATA;Reaï¿½ï¿½o tardia ou ineficiente do condutor;Colisï¿½o lateral mesmo sentido;Com Vï¿½timas Fatais;Pleno dia;Cï¿½u Claro;Simples;"Reta;Ponte";Nï¿½o;1;1
2025-07-27;domingo;10:05:00;MG;381;BRUMADINHO;Manobra de mudanï¿½a de faixa;Colisï¿½o lateral mesmo sentido;Com Vï¿½timas Feridas;Pleno dia;Cï¿½u Claro;Dupla;"Declive;Em Obras;Curva";Nï¿½o;0;0
2025-07-27;domingo;05:30:00;BA;20;LUIS EDUARDO MAGALHAES;Reaï¿½ï¿½o tardia ou ineficiente do condutor;Colisï¿½o frontal;Com Vï¿½timas Feridas;Pleno dia;Cï¿½u Claro;Simples;Reta;Nï¿½o;0;0
2025-07-16;quarta-feira;04:55:00;MS;60;SIDROLANDIA;Acessar a via sem observar a presenï¿½a dos outros veï¿½culos;Colisï¿½o transversal;Com Vï¿½timas Feridas;Plena Noite;Cï¿½u Claro;Simples;Reta;Nï¿½o;0;0
2025-07-27;domingo;11:40:00;MG;365;BURITIZEIRO;Demais falhas mecï¿½nicas ou elï¿½tricas;Saï¿½da de leito carroï¿½ï¿½vel;Com Vï¿½timas Feridas;Pleno dia;Cï¿½u Claro;Simples;Reta;Nï¿½o;0;0
2025-07-27;domingo;12:03:00;TO;153;CARIRI DO TOCANTINS;Ausï¿½ncia de reaï¿½ï¿½o do condutor;Saï¿½da de leito carroï¿½ï¿½vel;Com Vï¿½timas Feridas;Pleno dia;Sol;Simples;Reta;Nï¿½o;0;0
2025-07-25;sexta-feira;01:50:00;GO;153;CAMPINORTE;Ingestï¿½o de substï¿½ncias psicoativas pelo condutor;Saï¿½da de leito carroï¿½ï¿½vel;Sem Vï¿½timas;Plena Noite;Cï¿½u Claro;Simples;Reta;Nï¿½o;0;0
2025-07-27;domingo;14:40:00;PR;376;NOVA ESPERANCA;Ausï¿½ncia de reaï¿½ï¿½o do condutor;Colisï¿½o frontal;Com Vï¿½timas Feridas;Pleno dia;Cï¿½u Claro;Dupla;Reta;Nï¿½o;0;0
2025-07-27;domingo;12:40:00;RJ;40;DUQUE DE CAXIAS;Reaï¿½ï¿½o tardia ou ineficiente do condutor;Saï¿½da de leito carroï¿½ï¿½vel;Sem Vï¿½timas;Pleno dia;Cï¿½u Claro;Dupla;"Declive;Curva";Nï¿½o;0;0
2025-07-27;domingo;15:41:00;TO;153;NOVA OLINDA;Velocidade Incompatï¿½vel;Colisï¿½o transversal;Com Vï¿½timas Feridas;Pleno dia;Sol;Simples;Reta;Nï¿½o;0;0
2025-07-27;domingo;16:10:00;PI;316;DEMERVAL LOBAO;Acesso irregular;Colisï¿½o transversal;Sem Vï¿½timas;Pleno dia;Cï¿½u Claro;Dupla;Reta;Nï¿½o;0;0
2025-07-27;domingo;17:00:00;MG;262;SACRAMENTO;Ultrapassagem Indevida;Colisï¿½o frontal;Com Vï¿½timas Feridas;Pleno dia;Cï¿½u Claro;Simples;"Reta;Declive";Nï¿½o;0;0
2025-07-27;domingo;17:00:00;MG;116;CARATINGA;Acessar a via sem observar a presenï¿½a dos outros veï¿½culos;Colisï¿½o transversal;Com Vï¿½timas Feridas;Pleno dia;Cï¿½u Claro;Simples;Reta;Sim;0;0
2025-07-27;domingo;17:00:00;PR;272;CAMPO MOURAO;Reaï¿½ï¿½o tardia ou ineficiente do condutor;Colisï¿½o lateral mesmo sentido;Com Vï¿½timas Feridas;Anoitecer;Nublado;Dupla;Reta;Sim;0;0
2025-07-27;domingo;16:30:00;PR;153;VENTANIA;Velocidade Incompatï¿½vel;Tombamento;Com Vï¿½timas Feridas;Pleno dia;Cï¿½u Claro;Simples;Curva;Nï¿½o;0;0
2025-07-27;domingo;17:22:00;PE;423;CALCADO;Transitar na contramï¿½o;Colisï¿½o frontal;Com Vï¿½timas Fatais;Anoitecer;Cï¿½u Claro;Simples;Reta;Sim;1;1
2025-07-27;domingo;18:30:00;PR;277;PRUDENTOPOLIS;Acessar a via sem observar a presenï¿½a dos outros veï¿½culos;Colisï¿½o transversal;Sem Vï¿½timas;Plena Noite;Chuva;Simples;Reta;Sim;0;0
2025-07-27;domingo;17:00:00;BA;101;MUCURI;Acesso irregular;Atropelamento de Pedestre;Com Vï¿½timas Feridas;Anoitecer;Nublado;Simples;Reta;Sim;0;0
2025-07-27;domingo;16:00:00;MT;163;RONDONOPOLIS;Reaï¿½ï¿½o tardia ou ineficiente do condutor;Saï¿½da de leito carroï¿½ï¿½vel;Com Vï¿½timas Fatais;Pleno dia;Cï¿½u Claro;Dupla;Reta;Nï¿½o;2;1
2025-07-27;domingo;19:50:00;BA;116;SANTA BARBARA;Ausï¿½ncia de reaï¿½ï¿½o do condutor;Colisï¿½o lateral sentido oposto;Com Vï¿½timas Feridas;Plena Noite;Cï¿½u Claro;Simples;Reta;Nï¿½o;0;0
2025-07-27;domingo;10:12:00;PA;230;ITAITUBA;Manobra de mudanï¿½a de faixa;Saï¿½da de leito carroï¿½ï¿½vel;Com Vï¿½timas Feridas;Pleno dia;Cï¿½u Claro;Simples;Reta;Nï¿½o;0;0
2025-07-27;domingo;19:50:00;MA;316;CAXIAS;Ausï¿½ncia de reaï¿½ï¿½o do condutor;Colisï¿½o traseira;Com Vï¿½timas Fatais;Plena Noite;Cï¿½u Claro;Simples;Reta;Nï¿½o;2;1
2025-07-27;domingo;20:20:00;MG;40;PARAOPEBA;Restriï¿½ï¿½o de visibilidade em curvas verticais;Atropelamento de Pedestre;Com Vï¿½timas Feridas;Plena Noite;Cï¿½u Claro;Dupla;"Curva;Retorno Regulamentado";Nï¿½o;0;0
2025-07-27;domingo;20:40:00;BA;135;RIACHAO DAS NEVES;Ultrapassagem Indevida;Colisï¿½o traseira;Com Vï¿½timas Fatais;Plena Noite;Cï¿½u Claro;Simples;"Declive;Reta";Nï¿½o;1;1
2025-07-27;domingo;18:30:00;BA;242;IBITIARA;Transitar na contramï¿½o;Colisï¿½o frontal;Com Vï¿½timas Fatais;Plena Noite;Cï¿½u Claro;Simples;Reta;Sim;1;1
2025-07-27;domingo;20:30:00;CE;20;TAUA;Acessar a via sem observar a presenï¿½a dos outros veï¿½culos;Colisï¿½o traseira;Com Vï¿½timas Feridas;Plena Noite;Cï¿½u Claro;Simples;Reta;Sim;0;0
2025-07-27;domingo;21:40:00;RS;116;VACARIA;Ingestï¿½o de ï¿½lcool pelo condutor;Colisï¿½o frontal;Com Vï¿½timas Feridas;Plena Noite;Nublado;Simples;Reta;Sim;0;0
2025-07-27;domingo;15:15:00;MG;116;CARATINGA;Entrada inopinada do pedestre;Atropelamento de Pedestre;Com Vï¿½timas Feridas;Pleno dia;Cï¿½u Claro;Simples;Curva;Sim;0;0
2025-07-27;domingo;23:10:00;MT;163;SORRISO;Acessar a via sem observar a presenï¿½a dos outros veï¿½culos;Colisï¿½o transversal;Com Vï¿½timas Feridas;Plena Noite;Cï¿½u Claro;Simples;Reta;Nï¿½o;0;0
2025-07-28;segunda-feira;04:00:00;SC;101;ITAJAI;Ausï¿½ncia de reaï¿½ï¿½o do condutor;Colisï¿½o traseira;Com Vï¿½timas Feridas;Plena Noite;Nublado;Dupla;Reta;Nï¿½o;0;0
2025-07-27;domingo;22:30:00;RS;290;CACHOEIRA DO SUL;Reaï¿½ï¿½o tardia ou ineficiente do condutor;Colisï¿½o lateral mesmo sentido;Sem Vï¿½timas;Plena Noite;Chuva;Simples;Aclive;Nï¿½o;0;0
2025-07-28;segunda-feira;05:40:00;PR;369;CORBELIA;Transitar na contramï¿½o;Colisï¿½o frontal;Com Vï¿½timas Fatais;Plena Noite;Nublado;Simples;"Reta;Aclive";Nï¿½o;3;1
2025-07-28;segunda-feira;06:20:00;BA;116;POCOES;Reaï¿½ï¿½o tardia ou ineficiente do condutor;Colisï¿½o traseira;Com Vï¿½timas Feridas;Pleno dia;Cï¿½u Claro;Simples;Reta;Nï¿½o;0;0
2025-07-28;segunda-feira;07:07:00;CE;116;FORTALEZA;Condutor deixou de manter distï¿½ncia do veï¿½culo da frente;Colisï¿½o traseira;Sem Vï¿½timas;Pleno dia;Cï¿½u Claro;Mï¿½ltipla;Reta;Sim;0;0
2025-07-28;segunda-feira;07:00:00;SC;470;NAVEGANTES;Ultrapassagem Indevida;Colisï¿½o lateral mesmo sentido;Com Vï¿½timas Feridas;Pleno dia;Cï¿½u Claro;Dupla;"Reta;Em Obras";Sim;0;0
2025-07-28;segunda-feira;07:30:00;RO;364;CACOAL;Ausï¿½ncia de reaï¿½ï¿½o do condutor;Colisï¿½o traseira;Com Vï¿½timas Feridas;Pleno dia;Cï¿½u Claro;Simples;Reta;Sim;0;0
2025-07-28;segunda-feira;07:50:00;BA;324;SIMOES FILHO;Reaï¿½ï¿½o tardia ou ineficiente do condutor;Colisï¿½o lateral mesmo sentido;Sem Vï¿½timas;Pleno dia;Nublado;Mï¿½ltipla;Reta;Nï¿½o;0;0
2025-07-17;quinta-feira;11:45:00;SC;101;ARAQUARI;Condutor deixou de manter distï¿½ncia do veï¿½culo da frente;Colisï¿½o com objeto;Com Vï¿½timas Feridas;Pleno dia;Cï¿½u Claro;Mï¿½ltipla;Curva;Nï¿½o;0;0
2025-07-28;segunda-feira;06:55:00;MS;267;NOVA ALVORADA DO SUL;Manobra de mudanï¿½a de faixa;Eventos atï¿½picos;Com Vï¿½timas Feridas;Amanhecer;Chuva;Simples;Reta;Nï¿½o;0;0
2025-07-28;segunda-feira;09:30:00;RS;290;GRAVATAI;Velocidade Incompatï¿½vel;Saï¿½da de leito carroï¿½ï¿½vel;Com Vï¿½timas Feridas;Pleno dia;Chuva;Mï¿½ltipla;"Curva;Retorno Regulamentado";Sim;0;0
2025-07-28;segunda-feira;09:30:00;TO;230;CACHOEIRINHA;Acessar a via sem observar a presenï¿½a dos outros veï¿½culos;Colisï¿½o transversal;Com Vï¿½timas Fatais;Pleno dia;Cï¿½u Claro;Simples;"Reta;Rotatï¿½ria";Nï¿½o;1;1
2025-07-28;segunda-feira;09:45:00;MG;381;ITAPEVA;Velocidade Incompatï¿½vel;Engavetamento;Sem Vï¿½timas;Pleno dia;Chuva;Dupla;"Curva;Declive";Nï¿½o;0;0
2025-07-28;segunda-feira;09:30:00;PR;116;CAMPO DO TENENTE;Reaï¿½ï¿½o tardia ou ineficiente do condutor;Tombamento;Com Vï¿½timas Feridas;Pleno dia;Cï¿½u Claro;Simples;Curva;Nï¿½o;0;0
2025-07-28;segunda-feira;09:45:00;RS;153;ERECHIM;Reaï¿½ï¿½o tardia ou ineficiente do condutor;Colisï¿½o transversal;Com Vï¿½timas Feridas;Pleno dia;Garoa/Chuvisco;Simples;Rotatï¿½ria;Sim;0;0
2025-05-09;sexta-feira;15:10:00;PI;316;TERESINA;Condutor deixou de manter distï¿½ncia do veï¿½culo da frente;Colisï¿½o traseira;Com Vï¿½timas Feridas;Pleno dia;Sol;Mï¿½ltipla;"Reta;Aclive";Sim;0;0
2025-07-28;segunda-feira;11:10:00;MG;40;NOVA LIMA;Frear bruscamente;Colisï¿½o traseira;Com Vï¿½timas Feridas;Pleno dia;Cï¿½u Claro;Simples;"Declive;Reta";Nï¿½o;0;0
2025-06-14;sï¿½bado;20:30:00;PR;373;FOZ DO JORDAO;Transitar na contramï¿½o;Colisï¿½o frontal;Com Vï¿½timas Feridas;Plena Noite;Chuva;Simples;Reta;Sim;0;0
2025-07-28;segunda-feira;12:30:00;SP;116;GUARULHOS;Manobra de mudanï¿½a de faixa;Colisï¿½o lateral mesmo sentido;Com Vï¿½timas Feridas;Pleno dia;Nublado;Mï¿½ltipla;Em Obras;Sim;0;0
2025-07-28;segunda-feira;09:37:00;ES;101;CARIACICA;Condutor deixou de manter distï¿½ncia do veï¿½culo da frente;Colisï¿½o traseira;Com Vï¿½timas Feridas;Pleno dia;Sol;Dupla;Reta;Sim;0;0
2025-07-28;segunda-feira;10:30:00;PR;163;SANTA LUCIA;Ausï¿½ncia de reaï¿½ï¿½o do condutor;Colisï¿½o traseira;Com Vï¿½timas Feridas;Pleno dia;Garoa/Chuvisco;Dupla;Reta;Nï¿½o;0;0
2025-07-28;segunda-feira;12:00:00;MG;50;UBERABA;Velocidade Incompatï¿½vel;Colisï¿½o traseira;Sem Vï¿½timas;Pleno dia;Nublado;Dupla;"Reta;Aclive";Nï¿½o;0;0
2025-07-28;segunda-feira;13:05:00;MG;251;GRAO MOGOL;Transitar na contramï¿½o;Colisï¿½o lateral sentido oposto;Com Vï¿½timas Feridas;Pleno dia;Cï¿½u Claro;Simples;Curva;Nï¿½o;0;0
2025-07-28;segunda-feira;09:50:00;RS;116;CAMPESTRE DA SERRA;Reaï¿½ï¿½o tardia ou ineficiente do condutor;Colisï¿½o frontal;Com Vï¿½timas Feridas;Pleno dia;Chuva;Simples;Curva;Nï¿½o;0;0
2025-07-28;segunda-feira;13:45:00;MG;381;SABARA;Manobra de mudanï¿½a de faixa;Colisï¿½o lateral mesmo sentido;Com Vï¿½timas Feridas;Pleno dia;Cï¿½u Claro;Simples;Reta;Nï¿½o;0;0
2025-06-30;segunda-feira;09:32:00;PA;163;NOVO PROGRESSO;Reaï¿½ï¿½o tardia ou ineficiente do condutor;Colisï¿½o traseira;Sem Vï¿½timas;Pleno dia;Ignorado;Simples;Reta;Nï¿½o;0;0
2025-07-28;segunda-feira;12:30:00;MG;40;RIBEIRAO DAS NEVES;Manobra de mudanï¿½a de faixa;Colisï¿½o lateral mesmo sentido;Com Vï¿½timas Feridas;Pleno dia;Cï¿½u Claro;Dupla;"Reta;Aclive";Nï¿½o;0;0
2025-07-28;segunda-feira;09:37:00;PI;343;CAMPO MAIOR;Transitar na contramï¿½o;Colisï¿½o frontal;Com Vï¿½timas Fatais;Pleno dia;Cï¿½u Claro;Simples;Reta;Nï¿½o;1;1
2025-07-28;segunda-feira;12:10:00;RS;386;SARANDI;Desrespeitar a preferï¿½ncia no cruzamento;Colisï¿½o transversal;Com Vï¿½timas Feridas;Pleno dia;Nublado;Simples;Curva;Nï¿½o;0;0
2025-07-28;segunda-feira;14:10:00;RJ;101;CASIMIRO DE ABREU;Reaï¿½ï¿½o tardia ou ineficiente do condutor;Colisï¿½o traseira;Sem Vï¿½timas;Pleno dia;Cï¿½u Claro;Simples;Reta;Nï¿½o;0;0
2025-07-28;segunda-feira;14:37:00;ES;101;GUARAPARI;Ausï¿½ncia de reaï¿½ï¿½o do condutor;Tombamento;Com Vï¿½timas Feridas;Pleno dia;Cï¿½u Claro;Dupla;Curva;Nï¿½o;0;0
2025-07-28;segunda-feira;12:50:00;MG;116;CACHOEIRA DE PAJEU;Transitar na contramï¿½o;Colisï¿½o transversal;Com Vï¿½timas Feridas;Pleno dia;Cï¿½u Claro;Simples;Interseï¿½ï¿½o de Vias;Nï¿½o;0;0
2025-07-28;segunda-feira;11:50:00;MT;70;CACERES;Acessar a via sem observar a presenï¿½a dos outros veï¿½culos;Colisï¿½o transversal;Sem Vï¿½timas;Pleno dia;Cï¿½u Claro;Simples;"Reta;Interseï¿½ï¿½o de Vias";Sim;0;0
2025-07-28;segunda-feira;14:30:00;SC;470;IBIRAMA;Ausï¿½ncia de sinalizaï¿½ï¿½o;Colisï¿½o traseira;Com Vï¿½timas Feridas;Pleno dia;Sol;Simples;Curva;Nï¿½o;0;0
2025-07-28;segunda-feira;14:20:00;MG;381;POUSO ALEGRE;Demais falhas mecï¿½nicas ou elï¿½tricas;Saï¿½da de leito carroï¿½ï¿½vel;Com Vï¿½timas Feridas;Pleno dia;Nublado;Dupla;Reta;Nï¿½o;0;0
2025-07-28;segunda-feira;16:00:00;MG;50;ARAGUARI;Reaï¿½ï¿½o tardia ou ineficiente do condutor;Colisï¿½o traseira;Com Vï¿½timas Fatais;Pleno dia;Cï¿½u Claro;Dupla;Aclive;Nï¿½o;1;1
2025-06-02;segunda-feira;19:30:00;BA;324;SIMOES FILHO;Acesso irregular;Colisï¿½o traseira;Com Vï¿½timas Feridas;Plena Noite;Nublado;Dupla;"Interseï¿½ï¿½o de Vias;Curva";Sim;0;0
2025-07-28;segunda-feira;17:25:00;PB;101;CAAPORA;Chuva;Colisï¿½o lateral mesmo sentido;Com Vï¿½timas Feridas;Anoitecer;Chuva;Dupla;"Declive;Reta";Nï¿½o;0;0
2025-07-28;segunda-feira;17:00:00;SP;116;TAUBATE;Condutor deixou de manter distï¿½ncia do veï¿½culo da frente;Tombamento;Sem Vï¿½timas;Anoitecer;Cï¿½u Claro;Dupla;Reta;Sim;0;0
2025-07-28;segunda-feira;16:00:00;BA;349;CORRENTINA;Reaï¿½ï¿½o tardia ou ineficiente do condutor;Saï¿½da de leito carroï¿½ï¿½vel;Sem Vï¿½timas;Pleno dia;Cï¿½u Claro;Simples;Reta;Nï¿½o;0;0
2025-07-28;segunda-feira;16:00:00;PR;369;SANTA MARIANA;Condutor Dormindo;Saï¿½da de leito carroï¿½ï¿½vel;Com Vï¿½timas Feridas;Pleno dia;Cï¿½u Claro;Simples;"Reta;Aclive";Nï¿½o;0;0
2025-07-28;segunda-feira;18:00:00;TO;153;ARAGUAINA;Demais falhas mecï¿½nicas ou elï¿½tricas;Incï¿½ndio;Sem Vï¿½timas;Pleno dia;Cï¿½u Claro;Dupla;Reta;Sim;0;0
2025-07-28;segunda-feira;17:30:00;PR;369;ARAPONGAS;Acessar a via sem observar a presenï¿½a dos outros veï¿½culos;Colisï¿½o lateral mesmo sentido;Sem Vï¿½timas;Pleno dia;Nublado;Dupla;"Reta;Interseï¿½ï¿½o de Vias";Nï¿½o;0;0
2025-07-28;segunda-feira;17:50:00;TO;153;ARAGUAINA;Demais falhas mecï¿½nicas ou elï¿½tricas;Incï¿½ndio;Sem Vï¿½timas;Anoitecer;Cï¿½u Claro;Simples;Reta;Nï¿½o;0;0
2025-07-28;segunda-feira;11:15:00;MG;262;SACRAMENTO;Ausï¿½ncia de reaï¿½ï¿½o do condutor;Colisï¿½o traseira;Com Vï¿½timas Feridas;Pleno dia;Cï¿½u Claro;Simples;"Reta;Em Obras";Nï¿½o;0;0
2025-07-28;segunda-feira;16:25:00;RN;110;MOSSORO;Demais falhas mecï¿½nicas ou elï¿½tricas;Incï¿½ndio;Sem Vï¿½timas;Pleno dia;Nublado;Simples;Reta;Nï¿½o;0;0
2025-07-28;segunda-feira;18:26:00;MG;381;IGARAPE;Manobra de mudanï¿½a de faixa;Colisï¿½o lateral mesmo sentido;Com Vï¿½timas Feridas;Plena Noite;Chuva;Dupla;"Declive;Reta";Nï¿½o;0;0
2025-07-28;segunda-feira;20:50:00;MG;262;RIO CASCA;Objeto estï¿½tico sobre o leito carroï¿½ï¿½vel;Colisï¿½o com objeto;Com Vï¿½timas Feridas;Pleno dia;Chuva;Simples;Reta;Nï¿½o;0;0
2025-07-28;segunda-feira;17:30:00;MA;316;TIMON;Transitar na contramï¿½o;Colisï¿½o frontal;Com Vï¿½timas Fatais;Anoitecer;Cï¿½u Claro;Simples;Curva;Sim;1;1
2025-07-28;segunda-feira;22:00:00;MG;40;OURO PRETO;Velocidade Incompatï¿½vel;Colisï¿½o traseira;Com Vï¿½timas Feridas;Plena Noite;Chuva;Dupla;"Curva;Declive";Nï¿½o;0;0
2025-07-28;segunda-feira;18:15:00;MS;267;RIO BRILHANTE;Velocidade Incompatï¿½vel;Colisï¿½o com objeto;Sem Vï¿½timas;Plena Noite;Cï¿½u Claro;Simples;Rotatï¿½ria;Nï¿½o;0;0
2025-07-28;segunda-feira;22:00:00;RN;406;CEARA-MIRIM;Reaï¿½ï¿½o tardia ou ineficiente do condutor;Colisï¿½o lateral mesmo sentido;Com Vï¿½timas Feridas;Plena Noite;Cï¿½u Claro;Simples;Reta;Nï¿½o;0;0
2025-07-29;terï¿½a-feira;00:24:00;PE;232;JABOATAO DOS GUARARAPES;Chuva;Saï¿½da de leito carroï¿½ï¿½vel;Sem Vï¿½timas;Plena Noite;Chuva;Dupla;Reta;Sim;0;0
2025-07-28;segunda-feira;08:30:00;SC;101;IMBITUBA;Ausï¿½ncia de reaï¿½ï¿½o do condutor;Colisï¿½o traseira;Com Vï¿½timas Feridas;Pleno dia;Cï¿½u Claro;Dupla;Reta;Nï¿½o;0;0
2025-07-29;terï¿½a-feira;03:00:00;GO;153;CAMPINORTE;Reaï¿½ï¿½o tardia ou ineficiente do condutor;Colisï¿½o lateral mesmo sentido;Com Vï¿½timas Feridas;Amanhecer;Cï¿½u Claro;Simples;Reta;Nï¿½o;0;0
2025-07-29;terï¿½a-feira;04:10:00;GO;60;ANAPOLIS;Ausï¿½ncia de reaï¿½ï¿½o do condutor;Tombamento;Com Vï¿½timas Feridas;Amanhecer;Cï¿½u Claro;Dupla;"Reta;Aclive";Nï¿½o;0;0
2025-07-29;terï¿½a-feira;04:30:00;GO;158;ARAGARCAS;Animais na Pista;Atropelamento de Animal;Com Vï¿½timas Feridas;Amanhecer;Cï¿½u Claro;Simples;Reta;Nï¿½o;0;0
2025-07-28;segunda-feira;22:50:00;SC;470;BRUNOPOLIS;Velocidade Incompatï¿½vel;Tombamento;Sem Vï¿½timas;Plena Noite;Nublado;Simples;Curva;Nï¿½o;0;0
2025-07-29;terï¿½a-feira;07:30:00;ES;101;SERRA;Condutor deixou de manter distï¿½ncia do veï¿½culo da frente;Colisï¿½o lateral mesmo sentido;Com Vï¿½timas Fatais;Pleno dia;Cï¿½u Claro;Mï¿½ltipla;"Reta;Aclive";Sim;1;1
2025-07-29;terï¿½a-feira;07:15:00;SP;116;CAJATI;Reaï¿½ï¿½o tardia ou ineficiente do condutor;Tombamento;Com Vï¿½timas Feridas;Pleno dia;Cï¿½u Claro;Simples;"Aclive;Curva";Nï¿½o;0;0
2025-07-27;domingo;12:40:00;MG;365;CLARO DOS POCOES;Velocidade Incompatï¿½vel;Tombamento;Com Vï¿½timas Feridas;Pleno dia;Sol;Simples;Curva;Nï¿½o;0;0
2025-07-29;terï¿½a-feira;07:50:00;PR;376;CURITIBA;Pedestre cruzava a pista fora da faixa;Atropelamento de Pedestre;Com Vï¿½timas Feridas;Pleno dia;Sol;Dupla;Reta;Sim;0;0
2025-07-07;segunda-feira;07:30:00;GO;80;PADRE BERNARDO;Demais falhas mecï¿½nicas ou elï¿½tricas;Incï¿½ndio;Sem Vï¿½timas;Pleno dia;Cï¿½u Claro;Simples;Reta;Nï¿½o;0;0
2025-07-29;terï¿½a-feira;10:45:00;RS;116;SAO LEOPOLDO;Reaï¿½ï¿½o tardia ou ineficiente do condutor;Colisï¿½o traseira;Com Vï¿½timas Feridas;Pleno dia;Cï¿½u Claro;Mï¿½ltipla;"Reta;Ponte";Sim;0;0
2025-07-29;terï¿½a-feira;10:13:00;SC;101;ITAPEMA;Ausï¿½ncia de reaï¿½ï¿½o do condutor;Tombamento;Com Vï¿½timas Feridas;Pleno dia;Cï¿½u Claro;Simples;Curva;Nï¿½o;0;0
2025-07-29;terï¿½a-feira;11:10:00;SC;101;PALHOCA;Reaï¿½ï¿½o tardia ou ineficiente do condutor;Colisï¿½o traseira;Com Vï¿½timas Feridas;Pleno dia;Cï¿½u Claro;Mï¿½ltipla;"Reta;Viaduto";Sim;0;0
2025-07-29;terï¿½a-feira;10:53:00;BA;415;ITABUNA;Transitar na contramï¿½o;Colisï¿½o frontal;Com Vï¿½timas Feridas;Pleno dia;Cï¿½u Claro;Simples;Reta;Sim;0;0
2025-07-29;terï¿½a-feira;08:30:00;PA;10;DOM ELISEU;Ausï¿½ncia de reaï¿½ï¿½o do condutor;Colisï¿½o traseira;Sem Vï¿½timas;Pleno dia;Cï¿½u Claro;Simples;Reta;Nï¿½o;0;0
2025-07-29;terï¿½a-feira;09:50:00;PB;101;MAMANGUAPE;Reaï¿½ï¿½o tardia ou ineficiente do condutor;Colisï¿½o traseira;Sem Vï¿½timas;Pleno dia;Cï¿½u Claro;Dupla;"Reta;Em Obras;Declive";Nï¿½o;0;0
2025-07-29;terï¿½a-feira;11:45:00;RS;386;FREDERICO WESTPHALEN;Acessar a via sem observar a presenï¿½a dos outros veï¿½culos;Colisï¿½o transversal;Com Vï¿½timas Feridas;Pleno dia;Cï¿½u Claro;Dupla;"Curva;Interseï¿½ï¿½o de Vias";Sim;0;0
2025-07-29;terï¿½a-feira;07:30:00;RJ;393;SAPUCAIA;Ausï¿½ncia de reaï¿½ï¿½o do condutor;Tombamento;Com Vï¿½timas Feridas;Pleno dia;Nublado;Simples;Curva;Nï¿½o;0;0