data_inversa;dia_semana;horario;uf;br;municipio;causa_acidente;tipo_acidente;classificacao_acidente;fase_dia;condicao_metereologica;tipo_pista;tracado_via;uso_solo;mortos;acidente_fatal
2025-08-10;domingo;18:25:00;MG;381;EXTREMA;Entrada inopinada do pedestre;Atropelamento de Pedestre;Com Vï¿½timas Fatais;Plena Noite;Cï¿½u Claro;Dupla;"Aclive;Retorno Regulamentado;Curva";Nï¿½o;1;1
2025-08-10;domingo;19:15:00;GO;20;FORMOSA;Acessar a via sem observar a presenï¿½a dos outros veï¿½culos;Colisï¿½o traseira;Com Vï¿½timas Feridas;Plena Noite;Cï¿½u Claro;Simples;Reta;Nï¿½o;0;0
2025-08-10;domingo;18:00:00;TO;230;ARAGUATINS;Ausï¿½ncia de reaï¿½ï¿½o do condutor;Tombamento;Com Vï¿½timas Feridas;Pleno dia;Cï¿½u Claro;Simples;Curva;Nï¿½o;0;0
2025-08-10;domingo;20:30:00;RS;386;FONTOURA XAVIER;Transitar na contramï¿½o;Colisï¿½o lateral sentido oposto;Com Vï¿½timas Feridas;Plena Noite;Cï¿½u Claro;Simples;Curva;Nï¿½o;0;0
2025-08-10;domingo;17:10:00;BA;101;RIO REAL;Ausï¿½ncia de reaï¿½ï¿½o do condutor;Colisï¿½o frontal;Com Vï¿½timas Feridas;Pleno dia;Cï¿½u Claro;Simples;Reta;Nï¿½o;0;0
2025-08-10;domingo;16:00:00;BA;116;CANDIDO SALES;Ultrapassagem Indevida;Colisï¿½o frontal;Com Vï¿½timas Fatais;Pleno dia;Cï¿½u Claro;Simples;"Reta;Aclive";Nï¿½o;1;1
2025-07-09;quarta-feira;08:00:00;PR;277;CEU AZUL;Acessar a via sem observar a presenï¿½a dos outros veï¿½culos;Colisï¿½o transversal;Com Vï¿½timas Feridas;Pleno dia;Cï¿½u Claro;Simples;"Retorno Regulamentado;Rotatï¿½ria;Reta";Sim;0;0
2025-08-10;domingo;16:00:00;MG;354;BAEPENDI;Velocidade Incompatï¿½vel;Tombamento;Com Vï¿½timas Feridas;Pleno dia;Cï¿½u Claro;Simples;Curva;Nï¿½o;0;0
2025-08-10;domingo;17:04:00;RJ;393;SAPUCAIA;Acesso irregular;Tombamento;Com Vï¿½timas Feridas;Pleno dia;Cï¿½u Claro;Simples;"Curva;Declive";Nï¿½o;0;0
2025-08-10;domingo;20:30:00;ES;262;IUNA;Ingestï¿½o de ï¿½lcool pelo condutor;Colisï¿½o frontal;Com Vï¿½timas Feridas;Plena Noite;Cï¿½u Claro;Simples;"Declive;Reta";Nï¿½o;0;0
2025-08-11;segunda-feira;00:20:00;ES;101;ITAPEMIRIM;Condutor deixou de manter distï¿½ncia do veï¿½culo da frente;Colisï¿½o traseira;Com Vï¿½timas Feridas;Plena Noite;Nublado;Simples;Reta;Nï¿½o;0;0
2025-08-11;segunda-feira;02:00:00;SP;116;JUQUIA;Avarias e/ou desgaste excessivo no pneu;Incï¿½ndio;Sem Vï¿½timas;Plena Noite;Cï¿½u Claro;Dupla;Reta;Nï¿½o;0;0
2025-08-11;segunda-feira;03:00:00;CE;116;PACAJUS;Iluminaï¿½ï¿½o deficiente;Saï¿½da de leito carroï¿½ï¿½vel;Com Vï¿½timas Feridas;Plena Noite;Cï¿½u Claro;Dupla;Curva;Nï¿½o;0;0
2025-08-11;segunda-feira;01:15:00;MG;381;SANTO ANTONIO DO AMPARO;Avarias e/ou desgaste excessivo no pneu;Tombamento;Com Vï¿½timas Feridas;Plena Noite;Cï¿½u Claro;Dupla;"Declive;Curva";Nï¿½o;0;0
2025-08-11;segunda-feira;03:07:00;MT;163;RONDONOPOLIS;Condutor Dormindo;Saï¿½da de leito carroï¿½ï¿½vel;Com Vï¿½timas Feridas;Plena Noite;Cï¿½u Claro;Dupla;Reta;Nï¿½o;0;0
2025-08-11;segunda-feira;03:20:00;SP;116;MIRACATU;Velocidade Incompatï¿½vel;Tombamento;Com Vï¿½timas Feridas;Plena Noite;Cï¿½u Claro;Dupla;"Curva;Aclive";Nï¿½o;0;0
2025-08-11;segunda-feira;05:50:00;BA;101;SAPEACU;Transitar na contramï¿½o;Queda de ocupante de veï¿½culo;Com Vï¿½timas Feridas;Amanhecer;Cï¿½u Claro;Simples;"Reta;Declive";Nï¿½o;0;0
2025-08-11;segunda-feira;05:00:00;MS;262;TERENOS;Reaï¿½ï¿½o tardia ou ineficiente do condutor;Colisï¿½o lateral sentido oposto;Sem Vï¿½timas;Amanhecer;Cï¿½u Claro;Simples;Reta;Sim;0;0
2025-08-10;domingo;19:14:00;BA;116;JAGUAQUARA;Acesso irregular;Colisï¿½o frontal;Com Vï¿½timas Feridas;Plena Noite;Cï¿½u Claro;Simples;Reta;Nï¿½o;0;0
2025-08-10;domingo;11:30:00;MG;365;BURITIZEIRO;Reaï¿½ï¿½o tardia ou ineficiente do condutor;Saï¿½da de leito carroï¿½ï¿½vel;Com Vï¿½timas Feridas;Pleno dia;Sol;Simples;Reta;Nï¿½o;0;0
2025-08-11;segunda-feira;07:54:00;BA;324;SALVADOR;Velocidade Incompatï¿½vel;Colisï¿½o lateral mesmo sentido;Com Vï¿½timas Feridas;Pleno dia;Cï¿½u Claro;Dupla;Reta;Sim;0;0
2025-08-11;segunda-feira;06:40:00;SP;116;SAO JOSE DOS CAMPOS;Reaï¿½ï¿½o tardia ou ineficiente do condutor;Colisï¿½o traseira;Com Vï¿½timas Feridas;Pleno dia;Cï¿½u Claro;Mï¿½ltipla;Reta;Nï¿½o;0;0
2025-07-14;segunda-feira;12:40:00;PR;376;CURITIBA;Condutor deixou de manter distï¿½ncia do veï¿½culo da frente;Engavetamento;Com Vï¿½timas Feridas;Pleno dia;Sol;Dupla;Reta;Sim;0;0
2025-08-11;segunda-feira;08:50:00;RS;386;MONTENEGRO;Condutor deixou de manter distï¿½ncia do veï¿½culo da frente;Colisï¿½o traseira;Sem Vï¿½timas;Pleno dia;Cï¿½u Claro;Mï¿½ltipla;Reta;Nï¿½o;0;0
2025-08-11;segunda-feira;07:02:00;MS;267;BATAGUASSU;Ausï¿½ncia de reaï¿½ï¿½o do condutor;Colisï¿½o lateral sentido oposto;Com Vï¿½timas Feridas;Pleno dia;Cï¿½u Claro;Simples;"Declive;Reta";Nï¿½o;0;0
2025-08-11;segunda-feira;10:10:00;PB;230;JOAO PESSOA;Transitar na contramï¿½o;Colisï¿½o lateral sentido oposto;Com Vï¿½timas Feridas;Pleno dia;Cï¿½u Claro;Dupla;Curva;Nï¿½o;0;0
2025-08-11;segunda-feira;09:30:00;GO;153;GOIATUBA;Velocidade Incompatï¿½vel;Tombamento;Com Vï¿½timas Feridas;Pleno dia;Cï¿½u Claro;Dupla;Curva;Nï¿½o;0;0
2025-07-28;segunda-feira;07:30:00;RS;290;PORTO ALEGRE;Manobra de mudanï¿½a de faixa;Queda de ocupante de veï¿½culo;Com Vï¿½timas Feridas;Amanhecer;Cï¿½u Claro;Mï¿½ltipla;Reta;Nï¿½o;0;0
2025-08-11;segunda-feira;09:00:00;BA;101;IBIRAPITANGA;Ausï¿½ncia de reaï¿½ï¿½o do condutor;Saï¿½da de leito carroï¿½ï¿½vel;Com Vï¿½timas Feridas;Pleno dia;Cï¿½u Claro;Simples;Curva;Nï¿½o;0;0
2025-08-11;segunda-feira;11:45:00;SC;101;ICARA;Reaï¿½ï¿½o tardia ou ineficiente do condutor;Colisï¿½o traseira;Com Vï¿½timas Feridas;Pleno dia;Cï¿½u Claro;Dupla;Declive;Nï¿½o;0;0
2025-08-11;segunda-feira;12:50:00;SC;101;ARAQUARI;Manobra de mudanï¿½a de faixa;Colisï¿½o lateral mesmo sentido;Com Vï¿½timas Feridas;Pleno dia;Cï¿½u Claro;Dupla;Reta;Sim;0;0
2025-08-11;segunda-feira;10:40:00;RS;287;SANTIAGO;Acessar a via sem observar a presenï¿½a dos outros veï¿½culos;Colisï¿½o transversal;Com Vï¿½timas Feridas;Pleno dia;Cï¿½u Claro;Simples;Interseï¿½ï¿½o de Vias;Nï¿½o;0;0
2025-08-11;segunda-feira;12:15:00;RS;158;ITAARA;Suicï¿½dio (presumido);Atropelamento de Pedestre;Com Vï¿½timas Feridas;Pleno dia;Sol;Simples;"Declive;Reta";Sim;0;0
2025-08-11;segunda-feira;12:15:00;PB;230;SANTA LUZIA;Demais falhas mecï¿½nicas ou elï¿½tricas;Tombamento;Com Vï¿½timas Feridas;Pleno dia;Cï¿½u Claro;Simples;Curva;Nï¿½o;0;0
2025-08-09;sï¿½bado;13:17:00;BA;407;JUAZEIRO;Ultrapassagem Indevida;Colisï¿½o transversal;Com Vï¿½timas Feridas;Pleno dia;Cï¿½u Claro;Simples;Reta;Sim;0;0
2025-08-11;segunda-feira;14:30:00;ES;101;CARIACICA;Condutor deixou de manter distï¿½ncia do veï¿½culo da frente;Colisï¿½o traseira;Com Vï¿½timas Feridas;Pleno dia;Cï¿½u Claro;Dupla;Reta;Nï¿½o;0;0
2025-08-11;segunda-feira;13:00:00;MG;40;OLIVEIRA FORTES;Problema com o freio;Saï¿½da de leito carroï¿½ï¿½vel;Sem Vï¿½timas;Pleno dia;Cï¿½u Claro;Dupla;Curva;Nï¿½o;0;0
2025-08-11;segunda-feira;12:40:00;MA;135;ITAPECURU MIRIM;Transitar na contramï¿½o;Colisï¿½o frontal;Com Vï¿½timas Fatais;Pleno dia;Cï¿½u Claro;Simples;Reta;Nï¿½o;2;1
2025-08-11;segunda-feira;15:00:00;RS;386;LAJEADO;Reaï¿½ï¿½o tardia ou ineficiente do condutor;Colisï¿½o lateral mesmo sentido;Com Vï¿½timas Feridas;Pleno dia;Cï¿½u Claro;Dupla;"Em Obras;Reta";Sim;0;0
2025-07-30;quarta-feira;04:30:00;PR;277;GUARAPUAVA;Transitar na contramï¿½o;Colisï¿½o frontal;Com Vï¿½timas Feridas;Plena Noite;Cï¿½u Claro;Simples;Curva;Nï¿½o;0;0
2025-08-11;segunda-feira;15:00:00;PR;369;ARAPONGAS;Acessar a via sem observar a presenï¿½a dos outros veï¿½culos;Colisï¿½o transversal;Com Vï¿½timas Feridas;Pleno dia;Cï¿½u Claro;Simples;Reta;Sim;0;0
2025-08-11;segunda-feira;15:40:00;PE;428;PETROLINA;Ausï¿½ncia de reaï¿½ï¿½o do condutor;Colisï¿½o transversal;Sem Vï¿½timas;Pleno dia;Cï¿½u Claro;Dupla;Reta;Sim;0;0
2025-08-11;segunda-feira;15:00:00;PR;116;SAO JOSE DOS PINHAIS;Ausï¿½ncia de reaï¿½ï¿½o do condutor;Colisï¿½o traseira;Com Vï¿½timas Feridas;Pleno dia;Sol;Mï¿½ltipla;"Aclive;Reta";Nï¿½o;0;0
2025-08-11;segunda-feira;14:45:00;MG;116;SAO JOAO DO MANHUACU;Transitar na contramï¿½o;Colisï¿½o lateral sentido oposto;Com Vï¿½timas Feridas;Pleno dia;Nublado;Simples;Curva;Nï¿½o;0;0
2025-08-11;segunda-feira;16:50:00;ES;101;VIANA;Condutor desrespeitou a iluminaï¿½ï¿½o vermelha do semï¿½foro;Colisï¿½o lateral sentido oposto;Com Vï¿½timas Feridas;Pleno dia;Cï¿½u Claro;Mï¿½ltipla;Viaduto;Sim;0;0
2025-08-11;segunda-feira;14:15:00;MG;153;CENTRALINA;Desrespeitar a preferï¿½ncia no cruzamento;Saï¿½da de leito carroï¿½ï¿½vel;Com Vï¿½timas Feridas;Pleno dia;Cï¿½u Claro;Dupla;Curva;Nï¿½o;0;0
2025-08-11;segunda-feira;18:05:00;TO;10;PALMAS;Acessar a via sem observar a presenï¿½a dos outros veï¿½culos;Colisï¿½o transversal;Com Vï¿½timas Feridas;Pleno dia;Cï¿½u Claro;Mï¿½ltipla;Reta;Sim;0;0
2025-08-11;segunda-feira;07:15:00;PI;135;GILBUES;Reaï¿½ï¿½o tardia ou ineficiente do condutor;Colisï¿½o lateral sentido oposto;Com Vï¿½timas Feridas;Pleno dia;Cï¿½u Claro;Simples;Reta;Nï¿½o;0;0
2025-08-11;segunda-feira;18:00:00;GO;60;ANAPOLIS;Ausï¿½ncia de reaï¿½ï¿½o do condutor;Colisï¿½o lateral mesmo sentido;Com Vï¿½timas Feridas;Pleno dia;Cï¿½u Claro;Dupla;Interseï¿½ï¿½o de Vias;Sim;0;0
2025-08-11;segunda-feira;19:13:00;PR;116;MANDIRITUBA;Ausï¿½ncia de reaï¿½ï¿½o do condutor;Colisï¿½o lateral sentido oposto;Com Vï¿½timas Feridas;Plena Noite;Cï¿½u Claro;Simples;Reta;Nï¿½o;0;0
2025-08-11;segunda-feira;17:19:00;PA;316;CASTANHAL;Reaï¿½ï¿½o tardia ou ineficiente do condutor;Colisï¿½o traseira;Sem Vï¿½timas;Pleno dia;Chuva;Dupla;Reta;Nï¿½o;0;0
2025-08-11;segunda-feira;19:10:00;RS;470;VERANOPOLIS;Acessar a via sem observar a presenï¿½a dos outros veï¿½culos;Colisï¿½o traseira;Com Vï¿½timas Feridas;Plena Noite;Cï¿½u Claro;Simples;"Curva;Declive";Sim;0;0
2025-08-11;segunda-feira;16:00:00;RJ;116;PIRAI;Ausï¿½ncia de reaï¿½ï¿½o do condutor;Colisï¿½o com objeto;Com Vï¿½timas Feridas;Pleno dia;Nublado;Dupla;Reta;Nï¿½o;0;0
2025-08-11;segunda-feira;17:15:00;MG;116;LEOPOLDINA;Condutor deixou de manter distï¿½ncia do veï¿½culo da frente;Colisï¿½o traseira;Com Vï¿½timas Feridas;Pleno dia;Cï¿½u Claro;Simples;Reta;Nï¿½o;0;0
2025-08-11;segunda-feira;15:00:00;BA;135;FORMOSA DO RIO PRETO;Demais falhas mecï¿½nicas ou elï¿½tricas;Incï¿½ndio;Sem Vï¿½timas;Anoitecer;Cï¿½u Claro;Simples;Reta;Nï¿½o;0;0
2025-08-11;segunda-feira;20:50:00;SC;101;ARARANGUA;Mal sï¿½bito do condutor;Colisï¿½o com objeto;Com Vï¿½timas Feridas;Plena Noite;Cï¿½u Claro;Mï¿½ltipla;Reta;Sim;0;0
2025-08-11;segunda-feira;21:00:00;RS;386;LAJEADO;Reaï¿½ï¿½o tardia ou ineficiente do condutor;Colisï¿½o frontal;Com Vï¿½timas Feridas;Plena Noite;Cï¿½u Claro;Simples;"Declive;Curva";Nï¿½o;0;0
2025-08-11;segunda-feira;19:00:00;MG;365;INDIANOPOLIS;Manobra de mudanï¿½a de faixa;Colisï¿½o traseira;Com Vï¿½timas Fatais;Plena Noite;Cï¿½u Claro;Simples;Reta;Nï¿½o;1;1
2025-08-11;segunda-feira;11:00:00;MT;70;GENERAL CARNEIRO;Falta de acostamento;Saï¿½da de leito carroï¿½ï¿½vel;Com Vï¿½timas Feridas;Pleno dia;Cï¿½u Claro;Simples;"Aclive;Curva";Nï¿½o;0;0
2025-08-11;segunda-feira;23:50:00;MG;40;NOVA LIMA;Acessar a via sem observar a presenï¿½a dos outros veï¿½culos;Atropelamento de Pedestre;Com Vï¿½timas Fatais;Plena Noite;Cï¿½u Claro;Simples;"Reta;Declive";Sim;1;1
2025-08-11;segunda-feira;22:23:00;PR;277;GUARANIACU;Acessar a via sem observar a presenï¿½a dos outros veï¿½culos;Colisï¿½o lateral mesmo sentido;Com Vï¿½timas Fatais;Plena Noite;Cï¿½u Claro;Simples;Reta;Nï¿½o;1;1
2025-08-12;terï¿½a-feira;01:30:00;BA;116;RAFAEL JAMBEIRO;Demais falhas mecï¿½nicas ou elï¿½tricas;Incï¿½ndio;Sem Vï¿½timas;Plena Noite;Cï¿½u Claro;Dupla;"Reta;Declive";Nï¿½o;0;0
2025-08-12;terï¿½a-feira;05:50:00;MG;40;OURO PRETO;Ausï¿½ncia de reaï¿½ï¿½o do condutor;Colisï¿½o traseira;Com Vï¿½timas Feridas;Plena Noite;Nevoeiro/Neblina;Simples;"Aclive;Reta";Nï¿½o;0;0
2025-08-12;terï¿½a-feira;03:18:00;PA;230;ITAITUBA;Ingestï¿½o de ï¿½lcool pelo condutor;Tombamento;Com Vï¿½timas Feridas;Plena Noite;Cï¿½u Claro;Simples;Curva;Nï¿½o;0;0
2025-08-12;terï¿½a-feira;04:10:00;PI;316;BARRO DURO;Acessar a via sem observar a presenï¿½a dos outros veï¿½culos;Colisï¿½o frontal;Com Vï¿½timas Fatais;Plena Noite;Cï¿½u Claro;Simples;Reta;Nï¿½o;1;1
2025-08-12;terï¿½a-feira;05:50:00;SC;280;CORUPA;Transitar na contramï¿½o;Colisï¿½o lateral sentido oposto;Com Vï¿½timas Feridas;Plena Noite;Cï¿½u Claro;Simples;Reta;Sim;0;0
2025-08-12;terï¿½a-feira;05:20:00;PR;277;MORRETES;Reaï¿½ï¿½o tardia ou ineficiente do condutor;Tombamento;Com Vï¿½timas Fatais;Plena Noite;Cï¿½u Claro;Dupla;"Curva;Declive";Nï¿½o;1;1
2025-08-11;segunda-feira;22:00:00;MT;70;VARZEA GRANDE;Ausï¿½ncia de reaï¿½ï¿½o do condutor;Colisï¿½o transversal;Com Vï¿½timas Feridas;Plena Noite;Cï¿½u Claro;Simples;Reta;Nï¿½o;0;0
2025-08-12;terï¿½a-feira;06:54:00;PI;343;TERESINA;Chuva;Colisï¿½o traseira;Com Vï¿½timas Feridas;Pleno dia;Chuva;Dupla;Reta;Sim;0;0
2025-08-11;segunda-feira;20:15:00;SP;116;BARRA DO TURVO;Ausï¿½ncia de reaï¿½ï¿½o do condutor;Tombamento;Com Vï¿½timas Feridas;Plena Noite;Cï¿½u Claro;Simples;"Curva;Declive";Nï¿½o;0;0
2025-08-12;terï¿½a-feira;08:10:00;BA;116;LAMARAO;Demais falhas mecï¿½nicas ou elï¿½tricas;Incï¿½ndio;Sem Vï¿½timas;Pleno dia;Cï¿½u Claro;Simples;Reta;Nï¿½o;0;0
2025-08-12;terï¿½a-feira;07:00:00;SC;282;ERVAL VELHO;Ultrapassagem Indevida;Colisï¿½o frontal;Com Vï¿½timas Feridas;Amanhecer;Nublado;Simples;"Aclive;Reta";Sim;0;0
2025-08-12;terï¿½a-feira;08:30:00;GO;153;ITUMBIARA;Reaï¿½ï¿½o tardia ou ineficiente do condutor;Colisï¿½o traseira;Com Vï¿½timas Feridas;Pleno dia;Cï¿½u Claro;Dupla;"Curva;Interseï¿½ï¿½o de Vias;Rotatï¿½ria";Sim;0;0
2025-08-12;terï¿½a-feira;09:00:00;PR;116;COLOMBO;Velocidade Incompatï¿½vel;Colisï¿½o traseira;Com Vï¿½timas Feridas;Pleno dia;Cï¿½u Claro;Dupla;"Aclive;Reta";Sim;0;0
2025-08-12;terï¿½a-feira;04:40:00;MS;163;PEDRO GOMES;Ultrapassagem Indevida;Colisï¿½o lateral sentido oposto;Sem Vï¿½timas;Amanhecer;Cï¿½u Claro;Simples;Reta;Nï¿½o;0;0
2025-08-12;terï¿½a-feira;08:40:00;PR;277;BALSA NOVA;Reaï¿½ï¿½o tardia ou ineficiente do condutor;Colisï¿½o lateral mesmo sentido;Sem Vï¿½timas;Pleno dia;Nublado;Dupla;Reta;Nï¿½o;0;0
2025-08-12;terï¿½a-feira;08:30:00;PR;277;NOVA LARANJEIRAS;Desrespeitar a preferï¿½ncia no cruzamento;Colisï¿½o transversal;Com Vï¿½timas Feridas;Pleno dia;Cï¿½u Claro;Simples;Interseï¿½ï¿½o de Vias;Sim;0;0
2025-07-18;sexta-feira;20:00:00;RO;364;CANDEIAS DO JAMARI;Acessar a via sem observar a presenï¿½a dos outros veï¿½culos;Colisï¿½o transversal;Com Vï¿½timas Feridas;Plena Noite;Cï¿½u Claro;Simples;"Reta;Interseï¿½ï¿½o de Vias";Nï¿½o;0;0
2025-08-12;terï¿½a-feira;11:15:00;RS;392;PELOTAS;Ingestï¿½o de ï¿½lcool pelo condutor;Colisï¿½o traseira;Com Vï¿½timas Feridas;Pleno dia;Cï¿½u Claro;Simples;Reta;Nï¿½o;0;0
2025-08-12;terï¿½a-feira;12:00:00;MT;163;SINOP;Acessar a via sem observar a presenï¿½a dos outros veï¿½culos;Colisï¿½o transversal;Com Vï¿½timas Feridas;Pleno dia;Cï¿½u Claro;Simples;Reta;Sim;0;0
2025-08-12;terï¿½a-feira;10:00:00;BA;407;CAEM;Transitar na contramï¿½o;Colisï¿½o frontal;Com Vï¿½timas Fatais;Pleno dia;Cï¿½u Claro;Simples;Reta;Nï¿½o;1;1
2025-08-12;terï¿½a-feira;12:15:00;MG;40;CARANDAI;Desrespeitar a preferï¿½ncia no cruzamento;Colisï¿½o transversal;Com Vï¿½timas Feridas;Pleno dia;Cï¿½u Claro;Simples;Interseï¿½ï¿½o de Vias;Sim;0;0
2025-08-12;terï¿½a-feira;14:00:00;GO;40;LUZIANIA;Ingestï¿½o de ï¿½lcool pelo condutor;Colisï¿½o traseira;Com Vï¿½timas Feridas;Pleno dia;Sol;Dupla;"Aclive;Reta";Sim;0;0
2025-08-12;terï¿½a-feira;13:40:00;PE;101;ABREU E LIMA;Problema com o freio;Colisï¿½o lateral mesmo sentido;Com Vï¿½timas Feridas;Pleno dia;Cï¿½u Claro;Mï¿½ltipla;Interseï¿½ï¿½o de Vias;Sim;0;0
2025-08-12;terï¿½a-feira;15:00:00;SP;116;JACAREI;Demais falhas mecï¿½nicas ou elï¿½tricas;Incï¿½ndio;Sem Vï¿½timas;Pleno dia;Cï¿½u Claro;Dupla;Reta;Nï¿½o;0;0
2025-08-09;sï¿½bado;03:30:00;MG;381;BETIM;Manobra de mudanï¿½a de faixa;Colisï¿½o lateral mesmo sentido;Com Vï¿½timas Feridas;Plena Noite;Nublado;Dupla;Reta;Nï¿½o;0;0
2025-08-12;terï¿½a-feira;16:00:00;ES;101;LINHARES;Ultrapassagem Indevida;Colisï¿½o frontal;Com Vï¿½timas Fatais;Pleno dia;Cï¿½u Claro;Mï¿½ltipla;"Aclive;Reta";Sim;1;1
2025-08-12;terï¿½a-feira;13:40:00;BA;242;LENCOIS;Reaï¿½ï¿½o tardia ou ineficiente do condutor;Saï¿½da de leito carroï¿½ï¿½vel;Com Vï¿½timas Feridas;Pleno dia;Cï¿½u Claro;Simples;Curva;Nï¿½o;0;0
2025-08-12;terï¿½a-feira;14:30:00;MG;40;CARANDAI;Condutor usando celular;Saï¿½da de leito carroï¿½ï¿½vel;Com Vï¿½timas Feridas;Pleno dia;Sol;Simples;Reta;Nï¿½o;0;0
2025-08-12;terï¿½a-feira;13:55:00;MG;381;SANTO ANTONIO DO AMPARO;Velocidade Incompatï¿½vel;Tombamento;Com Vï¿½timas Feridas;Pleno dia;Sol;Dupla;Curva;Nï¿½o;0;0
2025-08-12;terï¿½a-feira;17:05:00;MG;40;CAETANOPOLIS;Avarias e/ou desgaste excessivo no pneu;Tombamento;Com Vï¿½timas Feridas;Pleno dia;Cï¿½u Claro;Dupla;"Aclive;Reta";Nï¿½o;0;0
2025-08-12;terï¿½a-feira;18:00:00;MG;356;MURIAE;Transitar na contramï¿½o;Colisï¿½o lateral sentido oposto;Com Vï¿½timas Feridas;Anoitecer;Nublado;Simples;Curva;Nï¿½o;0;0
2025-08-12;terï¿½a-feira;18:10:00;PR;369;ARAPONGAS;Reaï¿½ï¿½o tardia ou ineficiente do condutor;Colisï¿½o transversal;Com Vï¿½timas Feridas;Anoitecer;Cï¿½u Claro;Simples;Reta;Sim;0;0
2025-08-12;terï¿½a-feira;19:25:00;SC;101;BALNEARIO PICARRAS;Condutor deixou de manter distï¿½ncia do veï¿½culo da frente;Colisï¿½o traseira;Com Vï¿½timas Feridas;Plena Noite;Nublado;Dupla;Reta;Nï¿½o;0;0
2025-08-12;terï¿½a-feira;17:00:00;PA;10;DOM ELISEU;Transitar na contramï¿½o;Colisï¿½o frontal;Sem Vï¿½timas;Pleno dia;Cï¿½u Claro;Simples;"Reta;Declive";Nï¿½o;0;0
2025-08-12;terï¿½a-feira;15:30:00;PA;163;NOVO PROGRESSO;Velocidade Incompatï¿½vel;Tombamento;Com Vï¿½timas Fatais;Pleno dia;Cï¿½u Claro;Simples;"Curva;Aclive";Nï¿½o;1;1
2025-08-12;terï¿½a-feira;15:50:00;BA;101;PRADO;Velocidade Incompatï¿½vel;Tombamento;Sem Vï¿½timas;Pleno dia;Chuva;Simples;Curva;Nï¿½o;0;0
2025-08-12;terï¿½a-feira;19:40:00;PR;476;LAPA;Mal sï¿½bito do condutor;Colisï¿½o lateral sentido oposto;Com Vï¿½timas Feridas;Plena Noite;Nublado;Simples;Curva;Nï¿½o;0;0
2025-08-12;terï¿½a-feira;19:00:00;BA;116;VITORIA DA CONQUISTA;Condutor Dormindo;Colisï¿½o lateral sentido oposto;Com Vï¿½timas Fatais;Plena Noite;Cï¿½u Claro;Simples;"Declive;Reta";Nï¿½o;1;1
2025-08-12;terï¿½a-feira;23:30:00;MG;381;PERIQUITO;Ausï¿½ncia de reaï¿½ï¿½o do condutor;Saï¿½da de leito carroï¿½ï¿½vel;Com Vï¿½timas Feridas;Plena Noite;Ignorado;Simples;"Declive;Curva";Nï¿½o;0;0
2025-08-13;quarta-feira;04:15:00;RS;392;CACAPAVA DO SUL;Ausï¿½ncia de reaï¿½ï¿½o do condutor;Colisï¿½o traseira;Sem Vï¿½timas;Plena Noite;Cï¿½u Claro;Simples;"Aclive;Curva";Nï¿½o;0;0
2025-08-13;quarta-feira;03:55:00;RS;116;SAPUCAIA DO SUL;Condutor Dormindo;Colisï¿½o traseira;Com Vï¿½timas Fatais;Plena Noite;Cï¿½u Claro;Mï¿½ltipla;Reta;Sim;1;1
2025-08-13;quarta-feira;06:00:00;MG;262;BETIM;Manobra de mudanï¿½a de faixa;Colisï¿½o com objeto;Com Vï¿½timas Feridas;Amanhecer;Cï¿½u Claro;Dupla;"Reta;Aclive";Nï¿½o;0;0
2025-08-13;quarta-feira;02:30:00;BA;101;TEIXEIRA DE FREITAS;Demais falhas mecï¿½nicas ou elï¿½tricas;Incï¿½ndio;Sem Vï¿½timas;Plena Noite;Garoa/Chuvisco;Simples;"Aclive;Reta";Nï¿½o;0;0
2025-08-13;quarta-feira;06:10:00;SC;282;NOVA ITABERABA;Ausï¿½ncia de reaï¿½ï¿½o do condutor;Saï¿½da de leito carroï¿½ï¿½vel;Com Vï¿½timas Feridas;Amanhecer;Nevoeiro/Neblina;Simples;Reta;Nï¿½o;0;0
2025-08-13;quarta-feira;07:30:00;SE;101;ROSARIO DO CATETE;Ausï¿½ncia de reaï¿½ï¿½o do condutor;Colisï¿½o traseira;Com Vï¿½timas Feridas;Pleno dia;Cï¿½u Claro;Dupla;Reta;Nï¿½o;0;0
2025-08-13;quarta-feira;08:10:00;MG;50;UBERLANDIA;Velocidade Incompatï¿½vel;Colisï¿½o traseira;Com Vï¿½timas Feridas;Pleno dia;Cï¿½u Claro;Dupla;"Aclive;Reta";Nï¿½o;0;0
2025-08-13;quarta-feira;06:30:00;MG;40;PARACATU;Condutor Dormindo;Colisï¿½o frontal;Com Vï¿½timas Feridas;Pleno dia;Cï¿½u Claro;Simples;"Declive;Reta";Nï¿½o;0;0
2025-08-13;quarta-feira;09:00:00;GO;60;ANAPOLIS;Acessar a via sem observar a presenï¿½a dos outros veï¿½culos;Colisï¿½o transversal;Com Vï¿½timas Feridas;Pleno dia;Cï¿½u Claro;Dupla;"Retorno Regulamentado;Curva";Sim;0;0
2025-08-13;quarta-feira;08:35:00;GO;153;HIDROLINA;Condutor Dormindo;Colisï¿½o lateral sentido oposto;Com Vï¿½timas Feridas;Pleno dia;Cï¿½u Claro;Simples;"Reta;Declive";Nï¿½o;0;0
2025-08-13;quarta-feira;10:00:00;MG;381;CARMO DA CACHOEIRA;Ausï¿½ncia de reaï¿½ï¿½o do condutor;Tombamento;Com Vï¿½timas Feridas;Pleno dia;Cï¿½u Claro;Dupla;"Curva;Declive";Nï¿½o;0;0
2025-08-13;quarta-feira;06:50:00;MG;40;CONGONHAS;Ausï¿½ncia de reaï¿½ï¿½o do condutor;Engavetamento;Com Vï¿½timas Feridas;Pleno dia;Cï¿½u Claro;Simples;"Reta;Aclive";Nï¿½o;0;0