data_inversa;dia_semana;horario;uf;br;municipio;causa_acidente;tipo_acidente;classificacao_acidente;fase_dia;condicao_metereologica;tipo_pista;tracado_via;uso_solo;mortos;acidente_fatal
2025-08-15;sexta-feira;08:03:00;RO;364;VILHENA;Condutor deixou de manter distï¿½ncia do veï¿½culo da frente;Colisï¿½o traseira;Com Vï¿½timas Feridas;Pleno dia;Cï¿½u Claro;Simples;Aclive;Nï¿½o;0;0
2025-08-15;sexta-feira;16:40:00;CE;116;PACAJUS;Condutor deixou de manter distï¿½ncia do veï¿½culo da frente;Colisï¿½o traseira;Com Vï¿½timas Feridas;Pleno dia;Cï¿½u Claro;Simples;Reta;Nï¿½o;0;0
2025-08-15;sexta-feira;16:10:00;ES;101;CARIACICA;Objeto estï¿½tico sobre o leito carroï¿½ï¿½vel;Colisï¿½o com objeto;Com Vï¿½timas Feridas;Pleno dia;Cï¿½u Claro;Dupla;"Aclive;Reta";Sim;0;0
2025-08-15;sexta-feira;17:50:00;RS;392;RIO GRANDE;Condutor deixou de manter distï¿½ncia do veï¿½culo da frente;Colisï¿½o traseira;Com Vï¿½timas Feridas;Anoitecer;Cï¿½u Claro;Dupla;Reta;Nï¿½o;0;0
2025-07-10;quinta-feira;14:40:00;MG;116;ALEM PARAIBA;Manobra de mudanï¿½a de faixa;Colisï¿½o lateral mesmo sentido;Com Vï¿½timas Feridas;Pleno dia;Cï¿½u Claro;Simples;Curva;Nï¿½o;0;0
2025-08-15;sexta-feira;17:10:00;BA;116;RAFAEL JAMBEIRO;Ausï¿½ncia de reaï¿½ï¿½o do condutor;Colisï¿½o lateral mesmo sentido;Com Vï¿½timas Feridas;Anoitecer;Cï¿½u Claro;Dupla;Reta;Nï¿½o;0;0
2025-08-15;sexta-feira;15:22:00;PE;232;SERTANIA;Transitar na contramï¿½o;Colisï¿½o transversal;Com Vï¿½timas Fatais;Pleno dia;Cï¿½u Claro;Simples;Reta;Nï¿½o;1;1
2025-08-15;sexta-feira;17:40:00;SC;280;MAFRA;Acessar a via sem observar a presenï¿½a dos outros veï¿½culos;Colisï¿½o transversal;Com Vï¿½timas Feridas;Anoitecer;Nublado;Simples;Reta;Nï¿½o;0;0
2025-08-15;sexta-feira;15:40:00;RO;364;VILHENA;Ultrapassagem Indevida;Colisï¿½o lateral sentido oposto;Com Vï¿½timas Fatais;Pleno dia;Sol;Simples;Curva;Nï¿½o;1;1
2025-08-15;sexta-feira;18:10:00;RJ;101;ANGRA DOS REIS;Ausï¿½ncia de reaï¿½ï¿½o do condutor;Colisï¿½o traseira;Com Vï¿½timas Feridas;Plena Noite;Chuva;Dupla;Reta;Nï¿½o;0;0
2025-08-15;sexta-feira;18:30:00;CE;116;FORTALEZA;Acessar a via sem observar a presenï¿½a dos outros veï¿½culos;Colisï¿½o transversal;Sem Vï¿½timas;Plena Noite;Cï¿½u Claro;Mï¿½ltipla;Interseï¿½ï¿½o de Vias;Sim;0;0
2025-08-15;sexta-feira;16:00:00;AL;101;OLHO DAGUA GRANDE;Velocidade Incompatï¿½vel;Tombamento;Com Vï¿½timas Feridas;Pleno dia;Cï¿½u Claro;Dupla;Curva;Nï¿½o;0;0
2025-08-15;sexta-feira;19:00:00;SC;282;FAXINAL DOS GUEDES;Ausï¿½ncia de reaï¿½ï¿½o do condutor;Colisï¿½o transversal;Com Vï¿½timas Feridas;Plena Noite;Cï¿½u Claro;Simples;Curva;Nï¿½o;0;0
2025-08-15;sexta-feira;19:05:00;MG;116;MURIAE;Ultrapassagem Indevida;Tombamento;Sem Vï¿½timas;Plena Noite;Nublado;Simples;Reta;Sim;0;0
2025-08-15;sexta-feira;11:50:00;BA;324;AMELIA RODRIGUES;Reaï¿½ï¿½o tardia ou ineficiente do condutor;Colisï¿½o traseira;Com Vï¿½timas Feridas;Pleno dia;Cï¿½u Claro;Dupla;Reta;Nï¿½o;0;0
2025-08-15;sexta-feira;13:00:00;RO;364;PORTO VELHO;Demais falhas mecï¿½nicas ou elï¿½tricas;Incï¿½ndio;Sem Vï¿½timas;Pleno dia;Cï¿½u Claro;Simples;Reta;Nï¿½o;0;0
2025-08-15;sexta-feira;18:50:00;RS;386;IRAI;Transitar na contramï¿½o;Colisï¿½o frontal;Com Vï¿½timas Fatais;Plena Noite;Cï¿½u Claro;Simples;Reta;Nï¿½o;1;1
2025-08-15;sexta-feira;23:30:00;RO;364;PORTO VELHO;Manobra de mudanï¿½a de faixa;Colisï¿½o lateral mesmo sentido;Com Vï¿½timas Feridas;Plena Noite;Cï¿½u Claro;Dupla;Reta;Nï¿½o;0;0
2025-08-15;sexta-feira;22:30:00;PR;376;NOVA LONDRINA;Condutor Dormindo;Colisï¿½o lateral sentido oposto;Com Vï¿½timas Feridas;Plena Noite;Cï¿½u Claro;Simples;Curva;Nï¿½o;0;0
2025-08-16;sï¿½bado;00:05:00;MG;40;NOVA LIMA;Transitar na contramï¿½o;Colisï¿½o frontal;Com Vï¿½timas Fatais;Plena Noite;Cï¿½u Claro;Dupla;"Curva;Declive";Nï¿½o;1;1
2025-08-16;sï¿½bado;01:07:00;BA;324;FEIRA DE SANTANA;Conversï¿½o proibida;Colisï¿½o transversal;Com Vï¿½timas Feridas;Plena Noite;Cï¿½u Claro;Simples;Interseï¿½ï¿½o de Vias;Sim;0;0
2025-08-15;sexta-feira;23:25:00;MG;116;DIVINO;Velocidade Incompatï¿½vel;Tombamento;Com Vï¿½timas Feridas;Plena Noite;Nublado;Simples;"Curva;Declive";Nï¿½o;0;0
2025-08-15;sexta-feira;23:10:00;SC;282;HERVAL DOESTE;Velocidade Incompatï¿½vel;Colisï¿½o traseira;Com Vï¿½timas Feridas;Plena Noite;Cï¿½u Claro;Simples;"Reta;Declive";Sim;0;0
2025-08-16;sï¿½bado;04:30:00;SC;101;BIGUACU;Ausï¿½ncia de reaï¿½ï¿½o do condutor;Colisï¿½o lateral mesmo sentido;Sem Vï¿½timas;Plena Noite;Garoa/Chuvisco;Dupla;Reta;Sim;0;0
2025-08-16;sï¿½bado;02:20:00;SC;280;GUARAMIRIM;Transitar na contramï¿½o;Colisï¿½o frontal;Com Vï¿½timas Feridas;Plena Noite;Chuva;Simples;Reta;Nï¿½o;0;0
2025-08-16;sï¿½bado;04:00:00;MT;158;NOVA NAZARE;Acostamento em desnï¿½vel;Saï¿½da de leito carroï¿½ï¿½vel;Sem Vï¿½timas;Amanhecer;Cï¿½u Claro;Simples;Reta;Nï¿½o;0;0
2025-08-16;sï¿½bado;05:30:00;SP;116;CAJATI;Reaï¿½ï¿½o tardia ou ineficiente do condutor;Saï¿½da de leito carroï¿½ï¿½vel;Com Vï¿½timas Feridas;Amanhecer;Garoa/Chuvisco;Simples;"Curva;Declive";Nï¿½o;0;0
2025-08-16;sï¿½bado;00:10:00;MG;381;ITAGUARA;Demais falhas mecï¿½nicas ou elï¿½tricas;Incï¿½ndio;Sem Vï¿½timas;Plena Noite;Cï¿½u Claro;Dupla;"Curva;Aclive";Nï¿½o;0;0
2025-05-21;quarta-feira;07:30:00;TO;10;PALMAS;Condutor deixou de manter distï¿½ncia do veï¿½culo da frente;Colisï¿½o traseira;Com Vï¿½timas Feridas;Pleno dia;Cï¿½u Claro;Simples;"Reta;Declive";Nï¿½o;0;0
2025-08-16;sï¿½bado;07:04:00;CE;116;AQUIRAZ;Manobra de mudanï¿½a de faixa;Colisï¿½o lateral mesmo sentido;Sem Vï¿½timas;Pleno dia;Nublado;Dupla;"Declive;Retorno Regulamentado;Reta";Sim;0;0
2025-08-16;sï¿½bado;08:25:00;SP;153;SAO JOSE DO RIO PRETO;Manobra de mudanï¿½a de faixa;Colisï¿½o lateral mesmo sentido;Com Vï¿½timas Feridas;Pleno dia;Cï¿½u Claro;Dupla;Reta;Sim;0;0
2025-08-16;sï¿½bado;03:19:00;PI;343;ALTOS;Problema com o freio;Tombamento;Com Vï¿½timas Feridas;Plena Noite;Chuva;Simples;Curva;Nï¿½o;0;0
2025-08-15;sexta-feira;18:00:00;RO;364;OURO PRETO DO OESTE;Acessar a via sem observar a presenï¿½a dos outros veï¿½culos;Colisï¿½o lateral mesmo sentido;Com Vï¿½timas Feridas;Pleno dia;Cï¿½u Claro;Simples;"Interseï¿½ï¿½o de Vias;Reta";Sim;0;0
2025-08-16;sï¿½bado;08:15:00;SC;470;ILHOTA;Ausï¿½ncia de reaï¿½ï¿½o do condutor;Tombamento;Com Vï¿½timas Feridas;Pleno dia;Nublado;Simples;Curva;Nï¿½o;0;0
2025-08-16;sï¿½bado;00:50:00;BA;116;NOVA ITARANA;Ultrapassagem Indevida;Colisï¿½o lateral mesmo sentido;Sem Vï¿½timas;Plena Noite;Nublado;Simples;Curva;Nï¿½o;0;0
2025-08-16;sï¿½bado;11:20:00;PB;101;ALHANDRA;Reaï¿½ï¿½o tardia ou ineficiente do condutor;Colisï¿½o traseira;Com Vï¿½timas Feridas;Pleno dia;Chuva;Dupla;Aclive;Nï¿½o;0;0
2025-08-16;sï¿½bado;11:35:00;PR;476;LAPA;Transitar na contramï¿½o;Colisï¿½o lateral sentido oposto;Com Vï¿½timas Fatais;Pleno dia;Cï¿½u Claro;Mï¿½ltipla;Curva;Nï¿½o;1;1
2025-08-16;sï¿½bado;11:19:00;RN;110;MOSSORO;Ingestï¿½o de ï¿½lcool pelo condutor;Colisï¿½o traseira;Sem Vï¿½timas;Pleno dia;Cï¿½u Claro;Simples;"Interseï¿½ï¿½o de Vias;Reta";Sim;0;0
2025-08-16;sï¿½bado;12:30:00;SE;235;NOSSA SENHORA DO SOCORRO;Reaï¿½ï¿½o tardia ou ineficiente do condutor;Colisï¿½o lateral mesmo sentido;Com Vï¿½timas Feridas;Pleno dia;Cï¿½u Claro;Dupla;Reta;Sim;0;0
2025-08-16;sï¿½bado;10:50:00;RN;304;MOSSORO;Transitar no Acostamento;Colisï¿½o traseira;Sem Vï¿½timas;Pleno dia;Cï¿½u Claro;Dupla;"Curva;Viaduto";Sim;0;0
2025-05-31;sï¿½bado;15:50:00;PA;163;NOVO PROGRESSO;Ausï¿½ncia de reaï¿½ï¿½o do condutor;Colisï¿½o lateral sentido oposto;Sem Vï¿½timas;Pleno dia;Cï¿½u Claro;Simples;Reta;Nï¿½o;0;0
2025-08-16;sï¿½bado;12:30:00;RJ;116;BARRA MANSA;Manobra de mudanï¿½a de faixa;Colisï¿½o lateral mesmo sentido;Com Vï¿½timas Feridas;Pleno dia;Cï¿½u Claro;Mï¿½ltipla;"Aclive;Reta";Sim;0;0
2025-08-16;sï¿½bado;13:48:00;BA;242;BARREIRAS;Reaï¿½ï¿½o tardia ou ineficiente do condutor;Colisï¿½o lateral mesmo sentido;Com Vï¿½timas Feridas;Pleno dia;Cï¿½u Claro;Simples;Reta;Nï¿½o;0;0
2025-08-16;sï¿½bado;14:11:00;MG;381;BETIM;Manobra de mudanï¿½a de faixa;Colisï¿½o lateral mesmo sentido;Com Vï¿½timas Feridas;Pleno dia;Cï¿½u Claro;Dupla;"Curva;Aclive";Sim;0;0
2025-08-16;sï¿½bado;15:45:00;PR;116;FAZENDA RIO GRANDE;Reaï¿½ï¿½o tardia ou ineficiente do condutor;Colisï¿½o traseira;Sem Vï¿½timas;Pleno dia;Cï¿½u Claro;Dupla;"Declive;Reta";Sim;0;0
2025-08-16;sï¿½bado;12:00:00;PA;163;ITAITUBA;Curva acentuada;Saï¿½da de leito carroï¿½ï¿½vel;Com Vï¿½timas Feridas;Pleno dia;Cï¿½u Claro;Simples;Curva;Nï¿½o;0;0
2025-08-16;sï¿½bado;11:39:00;MT;163;GUARANTA DO NORTE;Reaï¿½ï¿½o tardia ou ineficiente do condutor;Saï¿½da de leito carroï¿½ï¿½vel;Sem Vï¿½timas;Pleno dia;Cï¿½u Claro;Simples;Reta;Nï¿½o;0;0
2025-08-16;sï¿½bado;06:35:00;BA;101;MARAU;Ultrapassagem Indevida;Saï¿½da de leito carroï¿½ï¿½vel;Sem Vï¿½timas;Pleno dia;Garoa/Chuvisco;Simples;"Curva;Declive";Nï¿½o;0;0
2025-08-16;sï¿½bado;08:35:00;GO;452;BOM JESUS DE GOIAS;Reaï¿½ï¿½o tardia ou ineficiente do condutor;Tombamento;Sem Vï¿½timas;Pleno dia;Cï¿½u Claro;Simples;Reta;Nï¿½o;0;0
2025-08-16;sï¿½bado;14:05:00;SC;280;CORUPA;Ausï¿½ncia de reaï¿½ï¿½o do condutor;Tombamento;Com Vï¿½timas Feridas;Pleno dia;Cï¿½u Claro;Simples;"Curva;Declive";Nï¿½o;0;0
2025-08-16;sï¿½bado;16:40:00;GO;153;MORRINHOS;Velocidade Incompatï¿½vel;Saï¿½da de leito carroï¿½ï¿½vel;Com Vï¿½timas Feridas;Pleno dia;Cï¿½u Claro;Dupla;"Declive;Curva";Nï¿½o;0;0
2025-08-16;sï¿½bado;16:28:00;CE;116;ITAITINGA;Manobra de mudanï¿½a de faixa;Colisï¿½o lateral mesmo sentido;Com Vï¿½timas Feridas;Pleno dia;Cï¿½u Claro;Dupla;Reta;Sim;0;0
2025-08-16;sï¿½bado;18:35:00;MG;116;LEOPOLDINA;Reaï¿½ï¿½o tardia ou ineficiente do condutor;Tombamento;Com Vï¿½timas Feridas;Plena Noite;Cï¿½u Claro;Simples;Curva;Nï¿½o;0;0
2025-08-16;sï¿½bado;14:40:00;BA;101;EUNAPOLIS;Retorno proibido;Colisï¿½o traseira;Com Vï¿½timas Feridas;Pleno dia;Cï¿½u Claro;Simples;Reta;Sim;0;0
2025-08-12;terï¿½a-feira;01:30:00;BA;101;MURITIBA;Condutor deixou de manter distï¿½ncia do veï¿½culo da frente;Colisï¿½o traseira;Com Vï¿½timas Feridas;Plena Noite;Nevoeiro/Neblina;Simples;Reta;Nï¿½o;0;0
2025-08-16;sï¿½bado;17:00:00;BA;101;IBIRAPITANGA;Curva acentuada;Colisï¿½o transversal;Com Vï¿½timas Feridas;Pleno dia;Chuva;Simples;Curva;Nï¿½o;0;0
2025-08-16;sï¿½bado;17:41:00;RO;364;ITAPUA DO OESTE;Ausï¿½ncia de reaï¿½ï¿½o do condutor;Colisï¿½o traseira;Com Vï¿½timas Feridas;Anoitecer;Cï¿½u Claro;Simples;Reta;Nï¿½o;0;0
2025-08-16;sï¿½bado;17:45:00;MG;381;BRUMADINHO;Ingestï¿½o de ï¿½lcool pelo condutor;Colisï¿½o traseira;Com Vï¿½timas Feridas;Anoitecer;Cï¿½u Claro;Dupla;Curva;Nï¿½o;0;0
2025-08-10;domingo;07:15:00;MT;364;RONDONOPOLIS;Ultrapassagem Indevida;Colisï¿½o lateral mesmo sentido;Com Vï¿½timas Feridas;Pleno dia;Cï¿½u Claro;Dupla;Reta;Sim;0;0
2025-08-16;sï¿½bado;11:20:00;MG;50;UBERABA;Condutor Dormindo;Saï¿½da de leito carroï¿½ï¿½vel;Com Vï¿½timas Feridas;Pleno dia;Cï¿½u Claro;Dupla;"Declive;Reta";Nï¿½o;0;0
2025-08-16;sï¿½bado;20:30:00;PR;277;GUARANIACU;Acessar a via sem observar a presenï¿½a dos outros veï¿½culos;Colisï¿½o transversal;Com Vï¿½timas Fatais;Plena Noite;Cï¿½u Claro;Simples;"Reta;Interseï¿½ï¿½o de Vias;Declive";Sim;1;1
2025-08-16;sï¿½bado;18:18:00;SC;101;JOINVILLE;Reaï¿½ï¿½o tardia ou ineficiente do condutor;Colisï¿½o com objeto;Com Vï¿½timas Feridas;Plena Noite;Garoa/Chuvisco;Dupla;Curva;Nï¿½o;0;0
2025-08-16;sï¿½bado;18:25:00;MG;251;RUBELITA;Transitar na contramï¿½o;Colisï¿½o lateral sentido oposto;Com Vï¿½timas Feridas;Anoitecer;Cï¿½u Claro;Simples;Curva;Nï¿½o;0;0
2025-08-16;sï¿½bado;18:15:00;MG;262;MANHUACU;Velocidade Incompatï¿½vel;Tombamento;Com Vï¿½timas Feridas;Anoitecer;Cï¿½u Claro;Simples;Curva;Nï¿½o;0;0
2025-08-16;sï¿½bado;21:00:00;MT;174;CACERES;Reaï¿½ï¿½o tardia ou ineficiente do condutor;Atropelamento de Animal;Com Vï¿½timas Feridas;Plena Noite;Cï¿½u Claro;Simples;Reta;Nï¿½o;0;0
2025-08-16;sï¿½bado;20:40:00;MG;381;BRUMADINHO;Velocidade Incompatï¿½vel;Saï¿½da de leito carroï¿½ï¿½vel;Com Vï¿½timas Feridas;Plena Noite;Cï¿½u Claro;Dupla;"Curva;Declive";Nï¿½o;0;0
2025-08-16;sï¿½bado;21:35:00;BA;110;INHAMBUPE;Acessar a via sem observar a presenï¿½a dos outros veï¿½culos;Colisï¿½o transversal;Com Vï¿½timas Fatais;Plena Noite;Nublado;Simples;"Curva;Interseï¿½ï¿½o de Vias;Declive";Nï¿½o;1;1
2025-08-16;sï¿½bado;21:00:00;RN;427;CAICO;Velocidade Incompatï¿½vel;Tombamento;Com Vï¿½timas Feridas;Plena Noite;Cï¿½u Claro;Dupla;"Rotatï¿½ria;Interseï¿½ï¿½o de Vias";Sim;0;0
2025-08-17;domingo;00:35:00;RS;116;NOVO HAMBURGO;Ausï¿½ncia de reaï¿½ï¿½o do condutor;Colisï¿½o traseira;Com Vï¿½timas Feridas;Plena Noite;Nublado;Dupla;Reta;Nï¿½o;0;0
2025-08-16;sï¿½bado;21:59:00;PA;163;TRAIRAO;Ingestï¿½o de ï¿½lcool pelo condutor;Colisï¿½o traseira;Com Vï¿½timas Feridas;Plena Noite;Cï¿½u Claro;Simples;Aclive;Nï¿½o;0;0
2025-08-17;domingo;02:30:00;RS;392;PELOTAS;Ausï¿½ncia de reaï¿½ï¿½o do condutor;Colisï¿½o frontal;Sem Vï¿½timas;Plena Noite;Nublado;Simples;Reta;Nï¿½o;0;0
2025-08-17;domingo;02:15:00;PR;376;PONTA GROSSA;Ausï¿½ncia de reaï¿½ï¿½o do condutor;Colisï¿½o traseira;Com Vï¿½timas Feridas;Plena Noite;Cï¿½u Claro;Simples;Reta;Nï¿½o;0;0
2025-08-17;domingo;04:10:00;RJ;101;CAMPOS DOS GOYTACAZES;Ausï¿½ncia de reaï¿½ï¿½o do condutor;Atropelamento de Pedestre;Com Vï¿½timas Fatais;Plena Noite;Cï¿½u Claro;Simples;Reta;Nï¿½o;1;1
2025-08-16;sï¿½bado;21:30:00;PR;277;CEU AZUL;Ausï¿½ncia de reaï¿½ï¿½o do condutor;Colisï¿½o traseira;Sem Vï¿½timas;Plena Noite;Vento;Simples;"Reta;Declive";Nï¿½o;0;0
2025-08-17;domingo;05:59:00;CE;116;PACAJUS;Trafegar com motocicleta (ou similar) entre as faixas;Colisï¿½o lateral sentido oposto;Com Vï¿½timas Feridas;Amanhecer;Cï¿½u Claro;Simples;Reta;Nï¿½o;0;0
2025-08-16;sï¿½bado;23:00:00;MT;163;PEIXOTO DE AZEVEDO;Ingestï¿½o de ï¿½lcool pelo condutor;Colisï¿½o traseira;Com Vï¿½timas Feridas;Plena Noite;Cï¿½u Claro;Simples;Reta;Nï¿½o;0;0
2025-08-17;domingo;08:30:00;MG;262;LUZ;Demais Fenï¿½menos da natureza;Incï¿½ndio;Sem Vï¿½timas;Pleno dia;Sol;Simples;Reta;Nï¿½o;0;0
2025-08-16;sï¿½bado;15:30:00;GO;452;MAURILANDIA;Demais falhas mecï¿½nicas ou elï¿½tricas;Incï¿½ndio;Sem Vï¿½timas;Pleno dia;Cï¿½u Claro;Simples;Reta;Nï¿½o;0;0
2025-08-17;domingo;07:20:00;PR;277;NOVA LARANJEIRAS;Transitar na contramï¿½o;Colisï¿½o frontal;Com Vï¿½timas Fatais;Pleno dia;Cï¿½u Claro;Simples;"Declive;Reta";Nï¿½o;1;1
2025-08-17;domingo;07:55:00;PR;376;TIBAGI;Manobra de mudanï¿½a de faixa;Colisï¿½o frontal;Com Vï¿½timas Feridas;Pleno dia;Cï¿½u Claro;Simples;Reta;Nï¿½o;0;0
2025-07-17;quinta-feira;08:40:00;AL;316;ATALAIA;Velocidade Incompatï¿½vel;Colisï¿½o traseira;Com Vï¿½timas Feridas;Pleno dia;Sol;Simples;Reta;Nï¿½o;0;0
2025-08-17;domingo;10:20:00;PR;376;PONTA GROSSA;Demais falhas mecï¿½nicas ou elï¿½tricas;Incï¿½ndio;Sem Vï¿½timas;Pleno dia;Cï¿½u Claro;Dupla;Reta;Nï¿½o;0;0
2025-08-17;domingo;10:23:00;MT;163;SORRISO;Transitar na contramï¿½o;Colisï¿½o frontal;Com Vï¿½timas Fatais;Pleno dia;Cï¿½u Claro;Simples;"Em Obras;Reta";Nï¿½o;1;1
2025-08-17;domingo;11:00:00;GO;153;APARECIDA DE GOIANIA;Acessar a via sem observar a presenï¿½a dos outros veï¿½culos;Colisï¿½o transversal;Com Vï¿½timas Feridas;Pleno dia;Cï¿½u Claro;Dupla;Retorno Regulamentado;Nï¿½o;0;0
2025-08-17;domingo;11:15:00;SP;116;TAUBATE;Condutor deixou de manter distï¿½ncia do veï¿½culo da frente;Colisï¿½o traseira;Com Vï¿½timas Feridas;Pleno dia;Sol;Dupla;Reta;Nï¿½o;0;0
2025-08-17;domingo;14:25:00;MS;163;MUNDO NOVO;Ausï¿½ncia de reaï¿½ï¿½o do condutor;Saï¿½da de leito carroï¿½ï¿½vel;Com Vï¿½timas Feridas;Pleno dia;Cï¿½u Claro;Simples;"Em Obras;Declive;Desvio Temporï¿½rio";Nï¿½o;0;0
2025-08-17;domingo;15:40:00;MG;365;UBERLANDIA;Ingestï¿½o de ï¿½lcool pelo condutor;Colisï¿½o lateral mesmo sentido;Sem Vï¿½timas;Pleno dia;Cï¿½u Claro;Dupla;Reta;Sim;0;0
2025-08-17;domingo;15:45:00;PR;163;CAPANEMA;Velocidade Incompatï¿½vel;Colisï¿½o lateral sentido oposto;Com Vï¿½timas Feridas;Pleno dia;Cï¿½u Claro;Simples;Reta;Nï¿½o;0;0
2025-02-15;sï¿½bado;03:30:00;PB;230;JUAZEIRINHO;Transitar na contramï¿½o;Colisï¿½o frontal;Sem Vï¿½timas;Plena Noite;Cï¿½u Claro;Simples;Reta;Nï¿½o;0;0
2025-08-17;domingo;16:00:00;GO;364;JATAI;Ausï¿½ncia de reaï¿½ï¿½o do condutor;Tombamento;Com Vï¿½timas Feridas;Pleno dia;Cï¿½u Claro;Simples;"Declive;Reta";Nï¿½o;0;0
2025-08-17;domingo;16:40:00;MS;158;PARANAIBA;Velocidade Incompatï¿½vel;Tombamento;Com Vï¿½timas Feridas;Pleno dia;Cï¿½u Claro;Dupla;Rotatï¿½ria;Sim;0;0
2025-08-17;domingo;18:28:00;ES;101;ARACRUZ;Ultrapassagem Indevida;Colisï¿½o lateral sentido oposto;Com Vï¿½timas Feridas;Plena Noite;Cï¿½u Claro;Simples;"Reta;Declive";Nï¿½o;0;0
2025-08-16;sï¿½bado;23:00:00;MA;10;IMPERATRIZ;Transitar na contramï¿½o;Colisï¿½o frontal;Com Vï¿½timas Fatais;Plena Noite;Cï¿½u Claro;Simples;Reta;Nï¿½o;1;1
2025-08-17;domingo;18:25:00;PR;277;GUARAPUAVA;Acessar a via sem observar a presenï¿½a dos outros veï¿½culos;Colisï¿½o transversal;Sem Vï¿½timas;Plena Noite;Cï¿½u Claro;Simples;Reta;Nï¿½o;0;0
2025-08-17;domingo;15:09:00;MA;222;ITAPECURU MIRIM;Ultrapassagem Indevida;Colisï¿½o frontal;Com Vï¿½timas Fatais;Pleno dia;Cï¿½u Claro;Simples;Curva;Nï¿½o;3;1
2025-08-17;domingo;15:30:00;MG;116;LEOPOLDINA;Velocidade Incompatï¿½vel;Tombamento;Com Vï¿½timas Feridas;Pleno dia;Cï¿½u Claro;Simples;Curva;Nï¿½o;0;0
2025-08-17;domingo;16:25:00;PR;369;CORBELIA;Entrada inopinada do pedestre;Atropelamento de Pedestre;Com Vï¿½timas Fatais;Pleno dia;Cï¿½u Claro;Simples;Reta;Sim;1;1
2025-08-17;domingo;19:30:00;GO;60;ABADIANIA;Manobra de mudanï¿½a de faixa;Colisï¿½o lateral mesmo sentido;Com Vï¿½timas Feridas;Plena Noite;Cï¿½u Claro;Dupla;"Aclive;Reta";Nï¿½o;0;0
2025-08-17;domingo;20:00:00;CE;222;CAUCAIA;Ultrapassagem Indevida;Colisï¿½o frontal;Sem Vï¿½timas;Plena Noite;Cï¿½u Claro;Simples;Reta;Nï¿½o;0;0
2025-08-17;domingo;20:30:00;SP;153;SAO JOSE DO RIO PRETO;Ausï¿½ncia de reaï¿½ï¿½o do condutor;Colisï¿½o traseira;Com Vï¿½timas Feridas;Plena Noite;Cï¿½u Claro;Mï¿½ltipla;"Aclive;Reta";Sim;0;0
2025-08-17;domingo;16:00:00;MA;230;BARAO DE GRAJAU;Reaï¿½ï¿½o tardia ou ineficiente do condutor;Colisï¿½o com objeto;Com Vï¿½timas Feridas;Pleno dia;Cï¿½u Claro;Simples;"Aclive;Reta";Nï¿½o;0;0
2025-08-17;domingo;20:45:00;GO;364;JATAI;Reaï¿½ï¿½o tardia ou ineficiente do condutor;Saï¿½da de leito carroï¿½ï¿½vel;Sem Vï¿½timas;Plena Noite;Cï¿½u Claro;Simples;Reta;Sim;0;0
2025-08-17;domingo;19:00:00;GO;70;MONTES CLAROS DE GOIAS;Ingestï¿½o de ï¿½lcool pelo condutor;Colisï¿½o traseira;Sem Vï¿½timas;Anoitecer;Cï¿½u Claro;Simples;"Aclive;Reta";Nï¿½o;0;0
2025-08-17;domingo;13:45:00;MG;116;GOVERNADOR VALADARES;Ultrapassagem Indevida;Colisï¿½o lateral mesmo sentido;Com Vï¿½timas Feridas;Pleno dia;Cï¿½u Claro;Simples;"Aclive;Reta";Nï¿½o;0;0
2025-08-17;domingo;19:30:00;MG;381;PERIQUITO;Ingestï¿½o de ï¿½lcool pelo condutor;Colisï¿½o lateral sentido oposto;Com Vï¿½timas Feridas;Plena Noite;Cï¿½u Claro;Simples;Reta;Nï¿½o;0;0
2025-08-17;domingo;19:20:00;MT;163;GUARANTA DO NORTE;Demais falhas mecï¿½nicas ou elï¿½tricas;Incï¿½ndio;Sem Vï¿½timas;Plena Noite;Cï¿½u Claro;Simples;"Reta;Declive";Nï¿½o;0;0
2025-08-17;domingo;23:30:00;MT;364;JACIARA;Reaï¿½ï¿½o tardia ou ineficiente do condutor;Colisï¿½o traseira;Com Vï¿½timas Feridas;Plena Noite;Cï¿½u Claro;Dupla;Reta;Nï¿½o;0;0
2025-08-18;segunda-feira;02:30:00;SP;116;GUARULHOS;Reaï¿½ï¿½o tardia ou ineficiente do condutor;Colisï¿½o com objeto;Sem Vï¿½timas;Plena Noite;Cï¿½u Claro;Dupla;Reta;Sim;0;0
2025-08-18;segunda-feira;05:30:00;MG;40;RIBEIRAO DAS NEVES;Manobra de mudanï¿½a de faixa;Colisï¿½o lateral mesmo sentido;Com Vï¿½timas Feridas;Amanhecer;Cï¿½u Claro;Dupla;Reta;Nï¿½o;0;0
2025-08-18;segunda-feira;07:50:00;ES;101;CARIACICA;Trafegar com motocicleta (ou similar) entre as faixas;Colisï¿½o traseira;Com Vï¿½timas Feridas;Pleno dia;Cï¿½u Claro;Dupla;Reta;Nï¿½o;0;0
2025-08-18;segunda-feira;07:00:00;SC;101;PAULO LOPES;Ausï¿½ncia de reaï¿½ï¿½o do condutor;Saï¿½da de leito carroï¿½ï¿½vel;Com Vï¿½timas Feridas;Amanhecer;Cï¿½u Claro;Dupla;Reta;Nï¿½o;0;0
2025-08-18;segunda-feira;07:40:00;RS;386;CARAZINHO;Ausï¿½ncia de reaï¿½ï¿½o do condutor;Colisï¿½o lateral sentido oposto;Com Vï¿½timas Feridas;Pleno dia;Cï¿½u Claro;Simples;"Curva;Declive";Sim;0;0
2025-08-18;segunda-feira;08:45:00;RN;304;MACAIBA;Manobra de mudanï¿½a de faixa;Colisï¿½o lateral mesmo sentido;Sem Vï¿½timas;Pleno dia;Sol;Mï¿½ltipla;"Rotatï¿½ria;Interseï¿½ï¿½o de Vias";Sim;0;0
2025-08-18;segunda-feira;08:40:00;DF;251;BRASILIA;Condutor deixou de manter distï¿½ncia do veï¿½culo da frente;Colisï¿½o traseira;Com Vï¿½timas Feridas;Pleno dia;Cï¿½u Claro;Dupla;Curva;Nï¿½o;0;0