data_inversa;dia_semana;horario;uf;br;municipio;causa_acidente;tipo_acidente;classificacao_acidente;fase_dia;condicao_metereologica;tipo_pista;tracado_via;uso_solo;mortos;acidente_fatal
2025-08-18;segunda-feira;08:45:00;MG;40;CONGONHAS;Demais falhas mecï¿½nicas ou elï¿½tricas;Incï¿½ndio;Sem Vï¿½timas;Pleno dia;Cï¿½u Claro;Simples;Reta;Sim;0;0
2025-08-17;domingo;12:50:00;BA;324;RIACHAO DO JACUIPE;Ultrapassagem Indevida;Saï¿½da de leito carroï¿½ï¿½vel;Com Vï¿½timas Feridas;Pleno dia;Garoa/Chuvisco;Simples;Reta;Nï¿½o;0;0
2025-08-10;domingo;20:15:00;PR;116;QUITANDINHA;Ausï¿½ncia de reaï¿½ï¿½o do condutor;Colisï¿½o frontal;Com Vï¿½timas Feridas;Plena Noite;Cï¿½u Claro;Simples;"Curva;Declive";Nï¿½o;0;0
2025-08-18;segunda-feira;10:00:00;RN;101;PARNAMIRIM;Acesso irregular;Colisï¿½o lateral mesmo sentido;Com Vï¿½timas Feridas;Pleno dia;Cï¿½u Claro;Simples;"Interseï¿½ï¿½o de Vias;Reta";Sim;0;0
2025-08-18;segunda-feira;10:00:00;SE;235;FREI PAULO;Desrespeitar a preferï¿½ncia no cruzamento;Colisï¿½o transversal;Com Vï¿½timas Feridas;Pleno dia;Cï¿½u Claro;Simples;Interseï¿½ï¿½o de Vias;Sim;0;0
2025-08-18;segunda-feira;11:30:00;SC;470;GASPAR;Acessar a via sem observar a presenï¿½a dos outros veï¿½culos;Colisï¿½o transversal;Com Vï¿½timas Feridas;Pleno dia;Cï¿½u Claro;Simples;"Reta;Interseï¿½ï¿½o de Vias;Viaduto";Sim;0;0
2025-08-18;segunda-feira;11:30:00;SP;116;GUARULHOS;Reaï¿½ï¿½o tardia ou ineficiente do condutor;Colisï¿½o lateral mesmo sentido;Com Vï¿½timas Feridas;Pleno dia;Cï¿½u Claro;Mï¿½ltipla;"Declive;Em Obras";Sim;0;0
2025-08-18;segunda-feira;09:30:00;RS;470;BARRACAO;Demais falhas na via;Colisï¿½o lateral mesmo sentido;Com Vï¿½timas Feridas;Pleno dia;Sol;Simples;Reta;Nï¿½o;0;0
2025-08-18;segunda-feira;12:15:00;PE;316;PARNAMIRIM;Acessar a via sem observar a presenï¿½a dos outros veï¿½culos;Colisï¿½o traseira;Com Vï¿½timas Feridas;Pleno dia;Cï¿½u Claro;Simples;Reta;Nï¿½o;0;0
2025-08-14;quinta-feira;18:56:00;BA;116;FEIRA DE SANTANA;Acesso irregular;Atropelamento de Pedestre;Com Vï¿½timas Feridas;Plena Noite;Cï¿½u Claro;Dupla;Reta;Sim;0;0
2025-08-18;segunda-feira;07:20:00;MT;364;ALTO GARCAS;Problema na suspensï¿½o;Colisï¿½o lateral sentido oposto;Com Vï¿½timas Feridas;Pleno dia;Cï¿½u Claro;Simples;Reta;Nï¿½o;0;0
2025-08-09;sï¿½bado;14:50:00;MS;60;NIOAQUE;Ausï¿½ncia de reaï¿½ï¿½o do condutor;Saï¿½da de leito carroï¿½ï¿½vel;Com Vï¿½timas Feridas;Pleno dia;Cï¿½u Claro;Simples;"Curva;Declive";Nï¿½o;0;0
2025-08-18;segunda-feira;11:30:00;RO;364;VILHENA;Acessar a via sem observar a presenï¿½a dos outros veï¿½culos;Colisï¿½o lateral mesmo sentido;Com Vï¿½timas Fatais;Pleno dia;Cï¿½u Claro;Simples;Reta;Sim;1;1
2025-08-18;segunda-feira;17:55:00;PR;116;SAO JOSE DOS PINHAIS;Condutor deixou de manter distï¿½ncia do veï¿½culo da frente;Colisï¿½o traseira;Com Vï¿½timas Feridas;Plena Noite;Cï¿½u Claro;Mï¿½ltipla;"Aclive;Reta";Nï¿½o;0;0
2025-08-18;segunda-feira;16:05:00;PE;408;SAO LOURENCO DA MATA;Ausï¿½ncia de reaï¿½ï¿½o do condutor;Colisï¿½o lateral mesmo sentido;Com Vï¿½timas Feridas;Pleno dia;Cï¿½u Claro;Dupla;"Aclive;Viaduto";Nï¿½o;0;0
2025-08-18;segunda-feira;13:00:00;PI;402;LUIS CORREIA;Acostamento em desnï¿½vel;Tombamento;Com Vï¿½timas Feridas;Pleno dia;Cï¿½u Claro;Simples;Reta;Nï¿½o;0;0
2025-08-18;segunda-feira;16:30:00;SE;101;CEDRO DE SAO JOAO;Mal sï¿½bito do condutor;Saï¿½da de leito carroï¿½ï¿½vel;Com Vï¿½timas Feridas;Pleno dia;Cï¿½u Claro;Dupla;Reta;Nï¿½o;0;0
2025-08-18;segunda-feira;17:00:00;MG;40;JUIZ DE FORA;Velocidade Incompatï¿½vel;Colisï¿½o traseira;Com Vï¿½timas Feridas;Pleno dia;Cï¿½u Claro;Simples;Reta;Nï¿½o;0;0
2025-08-18;segunda-feira;16:50:00;MG;381;BOM JESUS DO AMPARO;Condutor usando celular;Colisï¿½o traseira;Com Vï¿½timas Feridas;Pleno dia;Cï¿½u Claro;Simples;Reta;Nï¿½o;0;0
2025-08-18;segunda-feira;17:00:00;SC;101;TUBARAO;Ultrapassagem Indevida;Colisï¿½o lateral mesmo sentido;Com Vï¿½timas Feridas;Pleno dia;Cï¿½u Claro;Simples;Interseï¿½ï¿½o de Vias;Sim;0;0
2025-08-18;segunda-feira;17:40:00;PR;116;CURITIBA;Reaï¿½ï¿½o tardia ou ineficiente do condutor;Colisï¿½o traseira;Sem Vï¿½timas;Anoitecer;Cï¿½u Claro;Mï¿½ltipla;Reta;Sim;0;0
2025-08-18;segunda-feira;17:10:00;SC;101;PESCARIA BRAVA;Condutor deixou de manter distï¿½ncia do veï¿½culo da frente;Colisï¿½o lateral mesmo sentido;Com Vï¿½timas Feridas;Pleno dia;Nublado;Dupla;Reta;Sim;0;0
2025-08-18;segunda-feira;16:43:00;MT;70;VARZEA GRANDE;Acessar a via sem observar a presenï¿½a dos outros veï¿½culos;Colisï¿½o lateral mesmo sentido;Sem Vï¿½timas;Anoitecer;Cï¿½u Claro;Simples;Reta;Sim;0;0
2025-08-18;segunda-feira;19:10:00;PR;376;MARINGA;Demais falhas mecï¿½nicas ou elï¿½tricas;Incï¿½ndio;Sem Vï¿½timas;Plena Noite;Cï¿½u Claro;Dupla;"Aclive;Reta";Sim;0;0
2025-08-18;segunda-feira;19:30:00;PR;376;CURITIBA;Entrada inopinada do pedestre;Atropelamento de Pedestre;Com Vï¿½timas Fatais;Plena Noite;Nublado;Dupla;"Declive;Reta";Sim;1;1
2025-08-18;segunda-feira;18:35:00;MT;163;VERA;Reaï¿½ï¿½o tardia ou ineficiente do condutor;Colisï¿½o traseira;Com Vï¿½timas Fatais;Anoitecer;Cï¿½u Claro;Simples;"Aclive;Em Obras;Reta";Nï¿½o;1;1
2025-08-18;segunda-feira;16:45:00;SC;470;POUSO REDONDO;Reaï¿½ï¿½o tardia ou ineficiente do condutor;Saï¿½da de leito carroï¿½ï¿½vel;Com Vï¿½timas Feridas;Pleno dia;Nublado;Simples;"Aclive;Reta";Nï¿½o;0;0
2025-08-18;segunda-feira;17:40:00;PA;222;DOM ELISEU;Acessar a via sem observar a presenï¿½a dos outros veï¿½culos;Colisï¿½o transversal;Com Vï¿½timas Feridas;Pleno dia;Cï¿½u Claro;Simples;Reta;Sim;0;0
2025-08-18;segunda-feira;16:00:00;RJ;101;SILVA JARDIM;Ausï¿½ncia de reaï¿½ï¿½o do condutor;Tombamento;Com Vï¿½timas Feridas;Pleno dia;Cï¿½u Claro;Dupla;Curva;Nï¿½o;0;0
2025-08-18;segunda-feira;20:13:00;SC;101;PALHOCA;Acessar a via sem observar a presenï¿½a dos outros veï¿½culos;Colisï¿½o traseira;Com Vï¿½timas Fatais;Plena Noite;Cï¿½u Claro;Dupla;"Aclive;Reta";Nï¿½o;1;1
2025-08-18;segunda-feira;20:50:00;PR;163;GUAIRA;Condutor deixou de manter distï¿½ncia do veï¿½culo da frente;Colisï¿½o traseira;Com Vï¿½timas Feridas;Plena Noite;Ignorado;Simples;"Ponte;Reta";Nï¿½o;0;0
2025-08-18;segunda-feira;20:10:00;PR;153;JAPIRA;Acessar a via sem observar a presenï¿½a dos outros veï¿½culos;Colisï¿½o transversal;Com Vï¿½timas Feridas;Plena Noite;Cï¿½u Claro;Dupla;"Reta;Interseï¿½ï¿½o de Vias";Nï¿½o;0;0
2025-08-18;segunda-feira;21:10:00;PB;230;CAJAZEIRAS;Ausï¿½ncia de reaï¿½ï¿½o do condutor;Saï¿½da de leito carroï¿½ï¿½vel;Com Vï¿½timas Feridas;Plena Noite;Cï¿½u Claro;Simples;Curva;Nï¿½o;0;0
2025-08-18;segunda-feira;20:00:00;MG;40;CONTAGEM;Condutor deixou de manter distï¿½ncia do veï¿½culo da frente;Colisï¿½o traseira;Com Vï¿½timas Feridas;Plena Noite;Cï¿½u Claro;Mï¿½ltipla;Reta;Sim;0;0
2025-08-18;segunda-feira;21:00:00;SP;116;APARECIDA;Iluminaï¿½ï¿½o deficiente;Colisï¿½o lateral mesmo sentido;Com Vï¿½timas Feridas;Plena Noite;Nublado;Dupla;Reta;Nï¿½o;0;0
2025-08-18;segunda-feira;18:20:00;MG;262;NOVA SERRANA;Objeto estï¿½tico sobre o leito carroï¿½ï¿½vel;Colisï¿½o lateral mesmo sentido;Com Vï¿½timas Feridas;Anoitecer;Cï¿½u Claro;Dupla;Reta;Nï¿½o;0;0
2025-08-18;segunda-feira;21:00:00;MG;262;LUZ;Condutor Dormindo;Tombamento;Sem Vï¿½timas;Plena Noite;Cï¿½u Claro;Simples;Reta;Nï¿½o;0;0
2025-08-18;segunda-feira;22:30:00;SP;116;GUARULHOS;Manobra de mudanï¿½a de faixa;Colisï¿½o lateral mesmo sentido;Com Vï¿½timas Feridas;Plena Noite;Nublado;Mï¿½ltipla;Declive;Sim;0;0
2025-08-17;domingo;23:10:00;MG;381;BETIM;Suicï¿½dio (presumido);Atropelamento de Pedestre;Com Vï¿½timas Feridas;Plena Noite;Cï¿½u Claro;Mï¿½ltipla;Reta;Sim;0;0
2025-08-18;segunda-feira;21:30:00;PR;277;IRATI;Transitar na contramï¿½o;Colisï¿½o lateral sentido oposto;Com Vï¿½timas Feridas;Plena Noite;Cï¿½u Claro;Simples;Curva;Nï¿½o;0;0
2025-08-18;segunda-feira;23:30:00;ES;262;DOMINGOS MARTINS;Chuva;Colisï¿½o frontal;Com Vï¿½timas Feridas;Plena Noite;Chuva;Simples;Curva;Nï¿½o;0;0
2025-08-18;segunda-feira;23:00:00;AL;316;ATALAIA;Curva acentuada;Colisï¿½o frontal;Com Vï¿½timas Feridas;Plena Noite;Chuva;Simples;Curva;Nï¿½o;0;0
2025-08-18;segunda-feira;23:00:00;SP;116;SAO JOSE DOS CAMPOS;Ausï¿½ncia de reaï¿½ï¿½o do condutor;Colisï¿½o traseira;Com Vï¿½timas Feridas;Plena Noite;Cï¿½u Claro;Dupla;"Aclive;Em Obras;Reta";Sim;0;0
2025-08-19;terï¿½a-feira;02:30:00;SC;101;CAMBORIU;Suicï¿½dio (presumido);Atropelamento de Pedestre;Com Vï¿½timas Fatais;Plena Noite;Cï¿½u Claro;Mï¿½ltipla;Reta;Nï¿½o;1;1
2025-08-19;terï¿½a-feira;04:00:00;RJ;101;SILVA JARDIM;Entrada inopinada do pedestre;Atropelamento de Pedestre;Com Vï¿½timas Feridas;Plena Noite;Cï¿½u Claro;Dupla;Reta;Nï¿½o;0;0
2025-08-19;terï¿½a-feira;07:00:00;SP;381;GUARULHOS;Ausï¿½ncia de reaï¿½ï¿½o do condutor;Colisï¿½o lateral mesmo sentido;Com Vï¿½timas Feridas;Pleno dia;Cï¿½u Claro;Mï¿½ltipla;Reta;Sim;0;0
2025-08-19;terï¿½a-feira;06:18:00;RN;101;PARNAMIRIM;Ausï¿½ncia de reaï¿½ï¿½o do condutor;Saï¿½da de leito carroï¿½ï¿½vel;Com Vï¿½timas Feridas;Pleno dia;Cï¿½u Claro;Dupla;Reta;Sim;0;0
2025-07-11;sexta-feira;03:40:00;MG;40;CONGONHAS;Velocidade Incompatï¿½vel;Tombamento;Com Vï¿½timas Fatais;Plena Noite;Cï¿½u Claro;Simples;"Declive;Curva";Nï¿½o;1;1
2025-08-19;terï¿½a-feira;08:20:00;PI;230;FLORIANO;Ausï¿½ncia de reaï¿½ï¿½o do condutor;Engavetamento;Sem Vï¿½timas;Pleno dia;Sol;Simples;"Aclive;Reta";Sim;0;0
2025-08-18;segunda-feira;17:00:00;PA;163;TRAIRAO;Pista esburacada;Tombamento;Sem Vï¿½timas;Pleno dia;Cï¿½u Claro;Simples;"Aclive;Reta";Nï¿½o;0;0
2025-08-18;segunda-feira;23:00:00;MA;222;VARGEM GRANDE;Manobra de mudanï¿½a de faixa;Colisï¿½o lateral sentido oposto;Com Vï¿½timas Feridas;Plena Noite;Cï¿½u Claro;Simples;Declive;Nï¿½o;0;0
2025-08-19;terï¿½a-feira;08:53:00;MG;262;IGARATINGA;Acessar a via sem observar a presenï¿½a dos outros veï¿½culos;Colisï¿½o traseira;Com Vï¿½timas Feridas;Pleno dia;Sol;Dupla;Retorno Regulamentado;Sim;0;0
2025-08-19;terï¿½a-feira;06:50:00;MG;116;MATHIAS LOBATO;Acessar a via sem observar a presenï¿½a dos outros veï¿½culos;Atropelamento de Pedestre;Com Vï¿½timas Fatais;Amanhecer;Cï¿½u Claro;Simples;Curva;Nï¿½o;1;1
2025-08-19;terï¿½a-feira;09:10:00;GO;60;RIO VERDE;Objeto estï¿½tico sobre o leito carroï¿½ï¿½vel;Colisï¿½o com objeto;Com Vï¿½timas Feridas;Pleno dia;Sol;Mï¿½ltipla;"Aclive;Reta";Sim;0;0
2025-08-19;terï¿½a-feira;06:25:00;RS;285;SAO LUIZ GONZAGA;Acessar a via sem observar a presenï¿½a dos outros veï¿½culos;Colisï¿½o transversal;Com Vï¿½timas Feridas;Plena Noite;Garoa/Chuvisco;Simples;Reta;Nï¿½o;0;0
2025-08-19;terï¿½a-feira;09:00:00;BA;101;TEIXEIRA DE FREITAS;Manobra de mudanï¿½a de faixa;Colisï¿½o frontal;Com Vï¿½timas Feridas;Pleno dia;Sol;Simples;"Interseï¿½ï¿½o de Vias;Reta";Sim;0;0
2025-08-19;terï¿½a-feira;06:00:00;MT;70;PRIMAVERA DO LESTE;Demais falhas mecï¿½nicas ou elï¿½tricas;Incï¿½ndio;Sem Vï¿½timas;Pleno dia;Cï¿½u Claro;Simples;Curva;Nï¿½o;0;0
2025-07-31;quinta-feira;01:30:00;PR;277;BALSA NOVA;Ausï¿½ncia de reaï¿½ï¿½o do condutor;Colisï¿½o traseira;Com Vï¿½timas Feridas;Plena Noite;Cï¿½u Claro;Simples;Reta;Nï¿½o;0;0
2025-08-19;terï¿½a-feira;08:50:00;PB;101;JOAO PESSOA;Acessar a via sem observar a presenï¿½a dos outros veï¿½culos;Colisï¿½o traseira;Sem Vï¿½timas;Pleno dia;Cï¿½u Claro;Dupla;Reta;Sim;0;0
2025-08-19;terï¿½a-feira;11:01:00;SC;282;PALHOCA;Acessar a via sem observar a presenï¿½a dos outros veï¿½culos;Colisï¿½o transversal;Com Vï¿½timas Feridas;Pleno dia;Cï¿½u Claro;Simples;Reta;Sim;0;0
2025-08-19;terï¿½a-feira;08:40:00;PI;230;FLORIANO;Reaï¿½ï¿½o tardia ou ineficiente do condutor;Tombamento;Com Vï¿½timas Feridas;Pleno dia;Cï¿½u Claro;Simples;Rotatï¿½ria;Nï¿½o;0;0
2025-08-19;terï¿½a-feira;10:20:00;MG;381;SAO GONCALO DO RIO ABAIXO;Condutor deixou de manter distï¿½ncia do veï¿½culo da frente;Engavetamento;Com Vï¿½timas Feridas;Pleno dia;Nublado;Simples;"Declive;Reta";Nï¿½o;0;0
2025-08-19;terï¿½a-feira;11:31:00;TO;153;ALIANCA DO TOCANTINS;Ingestï¿½o de ï¿½lcool pelo condutor;Colisï¿½o lateral sentido oposto;Sem Vï¿½timas;Pleno dia;Cï¿½u Claro;Simples;Reta;Nï¿½o;0;0
2025-08-19;terï¿½a-feira;10:45:00;PR;116;MANDIRITUBA;Acessar a via sem observar a presenï¿½a dos outros veï¿½culos;Colisï¿½o transversal;Com Vï¿½timas Fatais;Pleno dia;Sol;Simples;Retorno Regulamentado;Nï¿½o;2;1
2025-08-19;terï¿½a-feira;09:00:00;MT;163;VERA;Reaï¿½ï¿½o tardia ou ineficiente do condutor;Engavetamento;Com Vï¿½timas Feridas;Pleno dia;Cï¿½u Claro;Simples;Reta;Nï¿½o;0;0
2025-08-19;terï¿½a-feira;09:35:00;PR;163;CAPITAO LEONIDAS MARQUES;Velocidade Incompatï¿½vel;Colisï¿½o com objeto;Com Vï¿½timas Feridas;Pleno dia;Cï¿½u Claro;Simples;"Curva;Declive";Nï¿½o;0;0
2025-08-19;terï¿½a-feira;11:45:00;GO;0;FORMOSA;Desrespeitar a preferï¿½ncia no cruzamento;Colisï¿½o transversal;Sem Vï¿½timas;Pleno dia;Cï¿½u Claro;Dupla;"Interseï¿½ï¿½o de Vias;Reta";Sim;0;0
2025-08-19;terï¿½a-feira;12:02:00;SP;116;GUARATINGUETA;Ausï¿½ncia de reaï¿½ï¿½o do condutor;Colisï¿½o traseira;Com Vï¿½timas Feridas;Pleno dia;Sol;Dupla;Reta;Sim;0;0
2025-07-22;terï¿½a-feira;10:20:00;SC;101;SANGAO;Ausï¿½ncia de reaï¿½ï¿½o do condutor;Engavetamento;Com Vï¿½timas Feridas;Pleno dia;Cï¿½u Claro;Dupla;"Em Obras;Reta";Nï¿½o;0;0
2025-08-19;terï¿½a-feira;11:35:00;RS;470;BENTO GONCALVES;Condutor usando celular;Colisï¿½o frontal;Com Vï¿½timas Fatais;Pleno dia;Cï¿½u Claro;Simples;"Curva;Declive";Nï¿½o;1;1
2025-07-13;domingo;04:40:00;AL;104;MURICI;Transitar na contramï¿½o;Colisï¿½o frontal;Com Vï¿½timas Fatais;Plena Noite;Nublado;Simples;Reta;Nï¿½o;1;1
2025-08-19;terï¿½a-feira;12:45:00;PR;369;JURANDA;Objeto estï¿½tico sobre o leito carroï¿½ï¿½vel;Colisï¿½o com objeto;Sem Vï¿½timas;Pleno dia;Cï¿½u Claro;Simples;Reta;Nï¿½o;0;0
2025-08-19;terï¿½a-feira;12:25:00;SP;116;SAO JOSE DOS CAMPOS;Reaï¿½ï¿½o tardia ou ineficiente do condutor;Engavetamento;Com Vï¿½timas Feridas;Pleno dia;Cï¿½u Claro;Dupla;Reta;Nï¿½o;0;0
2025-08-19;terï¿½a-feira;08:00:00;AL;104;SAO JOSE DA LAJE;Problema com o freio;Saï¿½da de leito carroï¿½ï¿½vel;Com Vï¿½timas Feridas;Pleno dia;Chuva;Simples;"Curva;Declive";Nï¿½o;0;0
2025-08-19;terï¿½a-feira;15:20:00;MG;153;COMENDADOR GOMES;Mal sï¿½bito do condutor;Colisï¿½o traseira;Com Vï¿½timas Feridas;Pleno dia;Cï¿½u Claro;Simples;Reta;Nï¿½o;0;0
2025-08-19;terï¿½a-feira;14:10:00;SP;116;CAJATI;Ausï¿½ncia de reaï¿½ï¿½o do condutor;Capotamento;Com Vï¿½timas Feridas;Pleno dia;Nublado;Dupla;"Reta;Declive";Nï¿½o;0;0
2025-08-19;terï¿½a-feira;15:10:00;MG;40;NOVA LIMA;Condutor deixou de manter distï¿½ncia do veï¿½culo da frente;Colisï¿½o traseira;Com Vï¿½timas Feridas;Pleno dia;Cï¿½u Claro;Dupla;Reta;Sim;0;0
2025-08-19;terï¿½a-feira;15:30:00;RS;158;CRUZ ALTA;Ausï¿½ncia de reaï¿½ï¿½o do condutor;Colisï¿½o lateral sentido oposto;Sem Vï¿½timas;Pleno dia;Nublado;Simples;"Ponte;Reta";Nï¿½o;0;0
2025-08-19;terï¿½a-feira;14:58:00;PE;232;PARNAMIRIM;Transitar na contramï¿½o;Colisï¿½o frontal;Com Vï¿½timas Feridas;Pleno dia;Sol;Simples;Reta;Nï¿½o;0;0
2025-08-07;quinta-feira;20:15:00;ES;101;GUARAPARI;Avarias e/ou desgaste excessivo no pneu;Saï¿½da de leito carroï¿½ï¿½vel;Com Vï¿½timas Feridas;Plena Noite;Cï¿½u Claro;Dupla;Reta;Nï¿½o;0;0
2025-08-19;terï¿½a-feira;09:30:00;MG;116;UBAPORANGA;Acesso irregular;Tombamento;Com Vï¿½timas Feridas;Pleno dia;Cï¿½u Claro;Simples;"Interseï¿½ï¿½o de Vias;Reta;Ponte";Nï¿½o;0;0
2025-08-19;terï¿½a-feira;17:20:00;PR;277;NOVA LARANJEIRAS;Ausï¿½ncia de reaï¿½ï¿½o do condutor;Tombamento;Com Vï¿½timas Feridas;Pleno dia;Cï¿½u Claro;Simples;"Curva;Ponte;Declive";Sim;0;0
2025-08-19;terï¿½a-feira;15:15:00;MT;364;JUSCIMEIRA;Demais falhas mecï¿½nicas ou elï¿½tricas;Incï¿½ndio;Sem Vï¿½timas;Pleno dia;Cï¿½u Claro;Dupla;Reta;Nï¿½o;0;0
2025-08-19;terï¿½a-feira;16:00:00;MG;153;COMENDADOR GOMES;Velocidade Incompatï¿½vel;Tombamento;Com Vï¿½timas Feridas;Pleno dia;Cï¿½u Claro;Simples;Rotatï¿½ria;Nï¿½o;0;0
2025-08-19;terï¿½a-feira;18:00:00;MG;381;BETIM;Pedestre andava na pista;Atropelamento de Pedestre;Com Vï¿½timas Feridas;Anoitecer;Cï¿½u Claro;Simples;Reta;Sim;0;0
2025-08-18;segunda-feira;19:30:00;BA;116;MILAGRES;Falta de elemento de contenï¿½ï¿½o que evite a saï¿½da do leito carroï¿½ï¿½vel;Saï¿½da de leito carroï¿½ï¿½vel;Com Vï¿½timas Feridas;Plena Noite;Cï¿½u Claro;Simples;Aclive;Nï¿½o;0;0
2025-08-19;terï¿½a-feira;18:00:00;GO;60;TEREZOPOLIS DE GOIAS;Reaï¿½ï¿½o tardia ou ineficiente do condutor;Saï¿½da de leito carroï¿½ï¿½vel;Com Vï¿½timas Feridas;Anoitecer;Vento;Dupla;"Reta;Declive";Sim;0;0
2025-08-19;terï¿½a-feira;19:00:00;BA;110;NOVA SOURE;Iluminaï¿½ï¿½o deficiente;Colisï¿½o traseira;Com Vï¿½timas Fatais;Plena Noite;Cï¿½u Claro;Simples;"Declive;Reta";Nï¿½o;1;1
2025-08-19;terï¿½a-feira;17:00:00;BA;101;MUCURI;Ausï¿½ncia de reaï¿½ï¿½o do condutor;Colisï¿½o traseira;Com Vï¿½timas Feridas;Anoitecer;Cï¿½u Claro;Simples;Reta;Nï¿½o;0;0
2025-08-19;terï¿½a-feira;21:45:00;PR;153;PORTO VITORIA;Velocidade Incompatï¿½vel;Tombamento;Com Vï¿½timas Feridas;Plena Noite;Cï¿½u Claro;Simples;Curva;Nï¿½o;0;0
2025-08-19;terï¿½a-feira;18:10:00;SC;470;APIUNA;Ausï¿½ncia de reaï¿½ï¿½o do condutor;Colisï¿½o traseira;Com Vï¿½timas Feridas;Plena Noite;Garoa/Chuvisco;Simples;Reta;Sim;0;0
2025-08-19;terï¿½a-feira;16:27:00;SC;280;PORTO UNIAO;Acessar a via sem observar a presenï¿½a dos outros veï¿½culos;Colisï¿½o traseira;Com Vï¿½timas Fatais;Pleno dia;Sol;Simples;Curva;Nï¿½o;1;1
2025-08-19;terï¿½a-feira;19:30:00;PR;153;IBAITI;Acessar a via sem observar a presenï¿½a dos outros veï¿½culos;Colisï¿½o transversal;Com Vï¿½timas Feridas;Plena Noite;Cï¿½u Claro;Simples;Interseï¿½ï¿½o de Vias;Sim;0;0
2025-08-19;terï¿½a-feira;20:30:00;RO;364;VILHENA;Ausï¿½ncia de reaï¿½ï¿½o do condutor;Colisï¿½o frontal;Com Vï¿½timas Feridas;Plena Noite;Cï¿½u Claro;Simples;Reta;Nï¿½o;0;0
2025-08-19;terï¿½a-feira;19:39:00;PB;412;SERRA BRANCA;Transitar na contramï¿½o;Colisï¿½o frontal;Com Vï¿½timas Fatais;Plena Noite;Cï¿½u Claro;Simples;"Declive;Reta";Nï¿½o;1;1
2025-08-20;quarta-feira;00:02:00;PR;116;SAO JOSE DOS PINHAIS;Manobra de mudanï¿½a de faixa;Colisï¿½o traseira;Sem Vï¿½timas;Plena Noite;Nublado;Mï¿½ltipla;Reta;Nï¿½o;0;0
2025-08-20;quarta-feira;00:08:00;PA;163;ALTAMIRA;Reaï¿½ï¿½o tardia ou ineficiente do condutor;Tombamento;Com Vï¿½timas Feridas;Plena Noite;Cï¿½u Claro;Simples;"Declive;Curva";Nï¿½o;0;0
2025-08-20;quarta-feira;00:50:00;PR;373;PONTA GROSSA;Acessar a via sem observar a presenï¿½a dos outros veï¿½culos;Colisï¿½o transversal;Com Vï¿½timas Feridas;Plena Noite;Cï¿½u Claro;Dupla;"Interseï¿½ï¿½o de Vias;Curva";Sim;0;0
2025-08-20;quarta-feira;01:35:00;SC;470;APIUNA;Ausï¿½ncia de reaï¿½ï¿½o do condutor;Saï¿½da de leito carroï¿½ï¿½vel;Com Vï¿½timas Feridas;Plena Noite;Garoa/Chuvisco;Simples;"Curva;Em Obras";Nï¿½o;0;0
2025-08-20;quarta-feira;02:00:00;PB;101;JOAO PESSOA;Reaï¿½ï¿½o tardia ou ineficiente do condutor;Colisï¿½o com objeto;Com Vï¿½timas Fatais;Plena Noite;Cï¿½u Claro;Dupla;Reta;Sim;1;1
2025-08-20;quarta-feira;04:20:00;RS;290;ELDORADO DO SUL;Ausï¿½ncia de reaï¿½ï¿½o do condutor;Colisï¿½o frontal;Com Vï¿½timas Feridas;Plena Noite;Cï¿½u Claro;Simples;Reta;Nï¿½o;0;0
2025-08-20;quarta-feira;04:45:00;RJ;116;SAPUCAIA;Velocidade Incompatï¿½vel;Colisï¿½o frontal;Com Vï¿½timas Fatais;Amanhecer;Cï¿½u Claro;Simples;Curva;Nï¿½o;1;1
2025-08-20;quarta-feira;07:15:00;SP;116;MIRACATU;Demais falhas mecï¿½nicas ou elï¿½tricas;Incï¿½ndio;Sem Vï¿½timas;Pleno dia;Nublado;Dupla;"Declive;Reta";Nï¿½o;0;0
2025-08-20;quarta-feira;00:10:00;MG;116;SAO FRANCISCO DO GLORIA;Velocidade Incompatï¿½vel;Tombamento;Com Vï¿½timas Feridas;Plena Noite;Ignorado;Simples;Curva;Nï¿½o;0;0
2025-08-20;quarta-feira;06:50:00;PR;277;PORTO AMAZONAS;Reaï¿½ï¿½o tardia ou ineficiente do condutor;Colisï¿½o lateral sentido oposto;Com Vï¿½timas Feridas;Pleno dia;Chuva;Dupla;Rotatï¿½ria;Nï¿½o;0;0
2025-08-20;quarta-feira;05:30:00;SC;470;GASPAR;Reaï¿½ï¿½o tardia ou ineficiente do condutor;Tombamento;Com Vï¿½timas Feridas;Amanhecer;Garoa/Chuvisco;Dupla;Reta;Nï¿½o;0;0
2025-08-20;quarta-feira;08:00:00;MG;381;SANTA LUZIA;Ausï¿½ncia de reaï¿½ï¿½o do condutor;Engavetamento;Com Vï¿½timas Feridas;Pleno dia;Sol;Simples;"Aclive;Reta";Sim;0;0
2025-08-20;quarta-feira;06:40:00;RS;386;FREDERICO WESTPHALEN;Acessar a via sem observar a presenï¿½a dos outros veï¿½culos;Colisï¿½o transversal;Sem Vï¿½timas;Amanhecer;Nublado;Simples;Reta;Nï¿½o;0;0
2025-08-20;quarta-feira;07:30:00;BA;324;FEIRA DE SANTANA;Ultrapassagem Indevida;Colisï¿½o lateral mesmo sentido;Com Vï¿½timas Feridas;Pleno dia;Cï¿½u Claro;Dupla;"Aclive;Reta";Sim;0;0
2025-08-20;quarta-feira;08:15:00;MG;262;CAMPOS ALTOS;Velocidade Incompatï¿½vel;Colisï¿½o lateral sentido oposto;Com Vï¿½timas Feridas;Pleno dia;Cï¿½u Claro;Simples;Curva;Nï¿½o;0;0