data_inversa;dia_semana;horario;uf;br;municipio;causa_acidente;tipo_acidente;classificacao_acidente;fase_dia;condicao_metereologica;tipo_pista;tracado_via;uso_solo;mortos;acidente_fatal
2025-08-20;quarta-feira;04:12:00;MG;381;PERDOES;Ausï¿½ncia de reaï¿½ï¿½o do condutor;Colisï¿½o traseira;Com Vï¿½timas Feridas;Plena Noite;Ignorado;Dupla;"Aclive;Reta";Nï¿½o;0;0
2025-08-20;quarta-feira;09:30:00;MG;381;BETIM;Demais falhas mecï¿½nicas ou elï¿½tricas;Colisï¿½o com objeto;Com Vï¿½timas Feridas;Pleno dia;Cï¿½u Claro;Dupla;Reta;Nï¿½o;0;0
2025-07-28;segunda-feira;08:50:00;MG;365;MONTE ALEGRE DE MINAS;Reaï¿½ï¿½o tardia ou ineficiente do condutor;Colisï¿½o com objeto;Com Vï¿½timas Feridas;Pleno dia;Cï¿½u Claro;Dupla;Reta;Nï¿½o;0;0
2025-08-20;quarta-feira;11:00:00;PR;277;MORRETES;Demais falhas mecï¿½nicas ou elï¿½tricas;Incï¿½ndio;Sem Vï¿½timas;Pleno dia;Nublado;Dupla;Curva;Nï¿½o;0;0
2025-05-05;segunda-feira;07:20:00;PI;343;TERESINA;Manobra de mudanï¿½a de faixa;Colisï¿½o lateral mesmo sentido;Com Vï¿½timas Feridas;Pleno dia;Sol;Dupla;Interseï¿½ï¿½o de Vias;Sim;0;0
2025-08-20;quarta-feira;11:15:00;MG;40;SETE LAGOAS;Reaï¿½ï¿½o tardia ou ineficiente do condutor;Engavetamento;Com Vï¿½timas Feridas;Pleno dia;Cï¿½u Claro;Dupla;"Aclive;Reta";Nï¿½o;0;0
2025-08-20;quarta-feira;10:40:00;MG;365;PATROCINIO;Demais falhas mecï¿½nicas ou elï¿½tricas;Incï¿½ndio;Sem Vï¿½timas;Pleno dia;Cï¿½u Claro;Simples;"Aclive;Reta";Nï¿½o;0;0
2025-08-20;quarta-feira;05:10:00;MA;222;SANTA LUZIA;Ausï¿½ncia de sinalizaï¿½ï¿½o;Colisï¿½o traseira;Com Vï¿½timas Feridas;Amanhecer;Nublado;Simples;Curva;Nï¿½o;0;0
2025-07-08;terï¿½a-feira;00:00:00;MA;10;IMPERATRIZ;Ausï¿½ncia de reaï¿½ï¿½o do condutor;Colisï¿½o traseira;Sem Vï¿½timas;Amanhecer;Ignorado;Simples;Reta;Sim;0;0
2025-08-20;quarta-feira;09:00:00;MT;70;POXOREU;Animais na Pista;Tombamento;Com Vï¿½timas Feridas;Pleno dia;Cï¿½u Claro;Simples;"Reta;Declive";Nï¿½o;0;0
2025-08-20;quarta-feira;09:45:00;BA;116;PLANALTO;Condutor deixou de manter distï¿½ncia do veï¿½culo da frente;Colisï¿½o traseira;Com Vï¿½timas Feridas;Pleno dia;Cï¿½u Claro;Simples;Reta;Nï¿½o;0;0
2025-08-20;quarta-feira;14:00:00;PE;101;IGARASSU;Reaï¿½ï¿½o tardia ou ineficiente do condutor;Colisï¿½o traseira;Com Vï¿½timas Feridas;Pleno dia;Cï¿½u Claro;Mï¿½ltipla;Declive;Sim;0;0
2025-08-20;quarta-feira;13:20:00;PE;101;JABOATAO DOS GUARARAPES;Reaï¿½ï¿½o tardia ou ineficiente do condutor;Colisï¿½o traseira;Com Vï¿½timas Feridas;Pleno dia;Sol;Dupla;Reta;Nï¿½o;0;0
2025-08-20;quarta-feira;11:00:00;SP;116;JUQUIA;Condutor Dormindo;Saï¿½da de leito carroï¿½ï¿½vel;Com Vï¿½timas Feridas;Pleno dia;Nublado;Mï¿½ltipla;Reta;Nï¿½o;0;0
2025-08-20;quarta-feira;14:20:00;GO;60;SANTO ANTONIO DO DESCOBERTO;Manobra de mudanï¿½a de faixa;Colisï¿½o lateral mesmo sentido;Com Vï¿½timas Feridas;Pleno dia;Cï¿½u Claro;Dupla;"Reta;Declive";Nï¿½o;0;0
2025-08-20;quarta-feira;14:40:00;MG;50;UBERABA;Acessar a via sem observar a presenï¿½a dos outros veï¿½culos;Colisï¿½o lateral mesmo sentido;Com Vï¿½timas Feridas;Pleno dia;Cï¿½u Claro;Dupla;"Aclive;Reta";Nï¿½o;0;0
2025-08-20;quarta-feira;10:00:00;MA;135;SANTO ANTONIO DOS LOPES;Transitar na contramï¿½o;Colisï¿½o frontal;Com Vï¿½timas Fatais;Pleno dia;Cï¿½u Claro;Simples;Reta;Nï¿½o;1;1
2025-08-20;quarta-feira;07:15:00;PR;376;ORTIGUEIRA;Ausï¿½ncia de reaï¿½ï¿½o do condutor;Tombamento;Com Vï¿½timas Feridas;Pleno dia;Garoa/Chuvisco;Dupla;Declive;Nï¿½o;0;0
2025-08-20;quarta-feira;15:10:00;PR;376;GUARATUBA;Demais falhas mecï¿½nicas ou elï¿½tricas;Incï¿½ndio;Sem Vï¿½timas;Pleno dia;Cï¿½u Claro;Dupla;"Aclive;Reta";Nï¿½o;0;0
2025-08-20;quarta-feira;14:50:00;SC;116;LAGES;Reaï¿½ï¿½o tardia ou ineficiente do condutor;Tombamento;Com Vï¿½timas Feridas;Pleno dia;Cï¿½u Claro;Simples;Rotatï¿½ria;Sim;0;0
2025-08-20;quarta-feira;13:45:00;MT;163;NOVA MUTUM;Frear bruscamente;Colisï¿½o traseira;Com Vï¿½timas Fatais;Pleno dia;Cï¿½u Claro;Simples;"Reta;Em Obras";Nï¿½o;1;1
2025-08-20;quarta-feira;16:20:00;CE;116;AQUIRAZ;Conversï¿½o proibida;Colisï¿½o transversal;Com Vï¿½timas Feridas;Pleno dia;Cï¿½u Claro;Dupla;Reta;Nï¿½o;0;0
2025-08-20;quarta-feira;16:15:00;MA;135;ITAPECURU MIRIM;Acessar a via sem observar a presenï¿½a dos outros veï¿½culos;Colisï¿½o lateral sentido oposto;Com Vï¿½timas Feridas;Pleno dia;Cï¿½u Claro;Simples;Reta;Nï¿½o;0;0
2025-08-20;quarta-feira;11:00:00;SC;116;SANTA CECILIA;Reaï¿½ï¿½o tardia ou ineficiente do condutor;Tombamento;Com Vï¿½timas Feridas;Pleno dia;Cï¿½u Claro;Simples;"Curva;Aclive";Nï¿½o;0;0
2025-08-20;quarta-feira;17:10:00;PR;277;CASCAVEL;Transitar na contramï¿½o;Colisï¿½o lateral sentido oposto;Com Vï¿½timas Feridas;Pleno dia;Sol;Simples;Reta;Nï¿½o;0;0
2025-08-20;quarta-feira;16:30:00;RJ;493;JAPERI;Demais falhas mecï¿½nicas ou elï¿½tricas;Incï¿½ndio;Sem Vï¿½timas;Pleno dia;Cï¿½u Claro;Dupla;Reta;Nï¿½o;0;0
2025-08-20;quarta-feira;17:30:00;SP;116;BARRA DO TURVO;Acesso irregular;Colisï¿½o com objeto;Com Vï¿½timas Feridas;Pleno dia;Nublado;Dupla;Reta;Nï¿½o;0;0
2025-08-20;quarta-feira;18:20:00;PE;232;GRAVATA;Ultrapassagem Indevida;Colisï¿½o frontal;Sem Vï¿½timas;Plena Noite;Cï¿½u Claro;Simples;Reta;Nï¿½o;0;0
2025-07-23;quarta-feira;15:10:00;MG;365;MONTE CARMELO;Reaï¿½ï¿½o tardia ou ineficiente do condutor;Saï¿½da de leito carroï¿½ï¿½vel;Com Vï¿½timas Feridas;Pleno dia;Cï¿½u Claro;Simples;Reta;Nï¿½o;0;0
2025-08-20;quarta-feira;08:40:00;RJ;40;PETROPOLIS;Conversï¿½o proibida;Colisï¿½o transversal;Com Vï¿½timas Feridas;Pleno dia;Cï¿½u Claro;Simples;Reta;Sim;0;0
2025-08-20;quarta-feira;18:45:00;PR;369;CAMBARA;Condutor deixou de manter distï¿½ncia do veï¿½culo da frente;Colisï¿½o traseira;Com Vï¿½timas Feridas;Plena Noite;Cï¿½u Claro;Simples;"Aclive;Reta";Nï¿½o;0;0
2025-04-14;segunda-feira;19:30:00;MG;50;ARAGUARI;Velocidade Incompatï¿½vel;Colisï¿½o com objeto;Com Vï¿½timas Feridas;Plena Noite;Cï¿½u Claro;Dupla;"Declive;Curva";Nï¿½o;0;0
2025-08-20;quarta-feira;19:30:00;PR;277;PARANAGUA;Acessar a via sem observar a presenï¿½a dos outros veï¿½culos;Colisï¿½o frontal;Com Vï¿½timas Feridas;Plena Noite;Cï¿½u Claro;Mï¿½ltipla;Rotatï¿½ria;Sim;0;0
2025-08-20;quarta-feira;20:56:00;TO;153;SANTA RITA DO TOCANTINS;Condutor deixou de manter distï¿½ncia do veï¿½culo da frente;Colisï¿½o lateral mesmo sentido;Com Vï¿½timas Fatais;Plena Noite;Cï¿½u Claro;Simples;Reta;Nï¿½o;1;1
2025-08-20;quarta-feira;19:21:00;TO;230;SAO BENTO DO TOCANTINS;Ingestï¿½o de ï¿½lcool pelo condutor;Colisï¿½o transversal;Com Vï¿½timas Feridas;Plena Noite;Cï¿½u Claro;Simples;Declive;Sim;0;0
2025-08-20;quarta-feira;16:20:00;MT;364;DIAMANTINO;Chuva;Colisï¿½o traseira;Com Vï¿½timas Feridas;Anoitecer;Garoa/Chuvisco;Dupla;Declive;Nï¿½o;0;0
2025-08-20;quarta-feira;18:52:00;PE;232;MORENO;Ingestï¿½o de ï¿½lcool pelo condutor;Colisï¿½o traseira;Com Vï¿½timas Fatais;Plena Noite;Nublado;Dupla;Reta;Nï¿½o;1;1
2025-08-20;quarta-feira;21:30:00;MG;262;ABRE CAMPO;Desvio temporï¿½rio;Saï¿½da de leito carroï¿½ï¿½vel;Com Vï¿½timas Feridas;Plena Noite;Cï¿½u Claro;Simples;"Aclive;Curva";Nï¿½o;0;0
2025-08-20;quarta-feira;22:00:00;SC;280;ARAQUARI;Ultrapassagem Indevida;Colisï¿½o lateral mesmo sentido;Com Vï¿½timas Feridas;Plena Noite;Nublado;Simples;Reta;Nï¿½o;0;0
2025-08-20;quarta-feira;22:30:00;AL;101;NOVO LINO;Estacionar ou parar em local proibido;Colisï¿½o traseira;Com Vï¿½timas Feridas;Plena Noite;Chuva;Dupla;Curva;Sim;0;0
2025-08-20;quarta-feira;23:30:00;SC;101;MARACAJA;Condutor Dormindo;Colisï¿½o traseira;Com Vï¿½timas Feridas;Plena Noite;Cï¿½u Claro;Dupla;"Reta;Viaduto";Nï¿½o;0;0
2025-08-21;quinta-feira;00:40:00;SP;116;GUARULHOS;Ausï¿½ncia de reaï¿½ï¿½o do condutor;Colisï¿½o traseira;Sem Vï¿½timas;Plena Noite;Nublado;Mï¿½ltipla;"Em Obras;Reta";Sim;0;0
2025-08-21;quinta-feira;00:01:00;PR;376;IMBAU;Pedestre - Ingestï¿½o de ï¿½lcool/ substï¿½ncias psicoativas;Atropelamento de Pedestre;Com Vï¿½timas Fatais;Plena Noite;Cï¿½u Claro;Dupla;Curva;Nï¿½o;1;1
2025-06-05;quinta-feira;19:00:00;ES;101;CARIACICA;Velocidade Incompatï¿½vel;Colisï¿½o traseira;Com Vï¿½timas Feridas;Plena Noite;Cï¿½u Claro;Dupla;"Declive;Curva";Nï¿½o;0;0
2025-08-21;quinta-feira;04:15:00;MG;40;ESMERALDAS;Demais falhas mecï¿½nicas ou elï¿½tricas;Incï¿½ndio;Sem Vï¿½timas;Plena Noite;Cï¿½u Claro;Dupla;"Aclive;Curva";Sim;0;0
2025-08-20;quarta-feira;19:00:00;RJ;493;ITABORAI;Pedestre andava na pista;Atropelamento de Pedestre;Com Vï¿½timas Fatais;Plena Noite;Ignorado;Dupla;Reta;Nï¿½o;1;1
2025-08-21;quinta-feira;05:30:00;SP;381;BRAGANCA PAULISTA;Condutor Dormindo;Colisï¿½o com objeto;Sem Vï¿½timas;Amanhecer;Nublado;Dupla;Reta;Sim;0;0
2025-08-21;quinta-feira;05:50:00;MG;50;UBERLANDIA;Ausï¿½ncia de reaï¿½ï¿½o do condutor;Colisï¿½o traseira;Com Vï¿½timas Feridas;Amanhecer;Cï¿½u Claro;Dupla;Aclive;Nï¿½o;0;0
2025-08-21;quinta-feira;06:30:00;MG;262;UBERABA;Objeto estï¿½tico sobre o leito carroï¿½ï¿½vel;Colisï¿½o com objeto;Com Vï¿½timas Feridas;Pleno dia;Sol;Simples;Reta;Nï¿½o;0;0
2025-08-18;segunda-feira;03:28:00;MT;163;NOVA MUTUM;Reaï¿½ï¿½o tardia ou ineficiente do condutor;Colisï¿½o frontal;Com Vï¿½timas Fatais;Plena Noite;Ignorado;Simples;"Em Obras;Reta";Nï¿½o;1;1
2025-08-21;quinta-feira;07:02:00;PE;101;CABO DE SANTO AGOSTINHO;Demais falhas mecï¿½nicas ou elï¿½tricas;Colisï¿½o traseira;Com Vï¿½timas Feridas;Pleno dia;Cï¿½u Claro;Dupla;Curva;Nï¿½o;0;0
2025-08-21;quinta-feira;08:30:00;ES;101;SAO MATEUS;Acessar a via sem observar a presenï¿½a dos outros veï¿½culos;Colisï¿½o lateral mesmo sentido;Com Vï¿½timas Feridas;Pleno dia;Cï¿½u Claro;Dupla;Reta;Nï¿½o;0;0
2025-08-21;quinta-feira;06:20:00;MT;70;GENERAL CARNEIRO;Falta de acostamento;Tombamento;Com Vï¿½timas Fatais;Pleno dia;Cï¿½u Claro;Simples;Curva;Nï¿½o;1;1
2025-08-21;quinta-feira;09:15:00;MG;251;GRAO MOGOL;Transitar na contramï¿½o;Colisï¿½o lateral sentido oposto;Com Vï¿½timas Feridas;Pleno dia;Cï¿½u Claro;Simples;Reta;Nï¿½o;0;0
2025-08-21;quinta-feira;09:10:00;PR;277;MORRETES;Velocidade Incompatï¿½vel;Tombamento;Com Vï¿½timas Feridas;Pleno dia;Cï¿½u Claro;Dupla;"Curva;Declive";Nï¿½o;0;0
2025-08-21;quinta-feira;08:30:00;SE;101;ROSARIO DO CATETE;Acessar a via sem observar a presenï¿½a dos outros veï¿½culos;Tombamento;Com Vï¿½timas Feridas;Pleno dia;Chuva;Simples;Interseï¿½ï¿½o de Vias;Nï¿½o;0;0
2025-08-21;quinta-feira;08:40:00;PR;153;GENERAL CARNEIRO;Condutor deixou de manter distï¿½ncia do veï¿½culo da frente;Colisï¿½o traseira;Com Vï¿½timas Feridas;Pleno dia;Cï¿½u Claro;Simples;Reta;Sim;0;0
2025-08-21;quinta-feira;09:00:00;RS;116;JAGUARAO;Desrespeitar a preferï¿½ncia no cruzamento;Colisï¿½o transversal;Com Vï¿½timas Feridas;Pleno dia;Chuva;Simples;Interseï¿½ï¿½o de Vias;Nï¿½o;0;0
2025-08-21;quinta-feira;09:00:00;PR;153;SANTO ANTONIO DO SUDOESTE;Condutor deixou de manter distï¿½ncia do veï¿½culo da frente;Colisï¿½o traseira;Com Vï¿½timas Feridas;Pleno dia;Cï¿½u Claro;Simples;Reta;Nï¿½o;0;0
2025-08-21;quinta-feira;09:20:00;RS;285;CASEIROS;Transitar na contramï¿½o;Colisï¿½o frontal;Com Vï¿½timas Feridas;Pleno dia;Cï¿½u Claro;Simples;"Curva;Declive";Nï¿½o;0;0
2025-08-21;quinta-feira;11:00:00;SC;101;CAMBORIU;Transitar na contramï¿½o;Colisï¿½o lateral mesmo sentido;Com Vï¿½timas Feridas;Pleno dia;Cï¿½u Claro;Simples;Reta;Sim;0;0
2025-08-21;quinta-feira;10:20:00;ES;101;LINHARES;Ausï¿½ncia de reaï¿½ï¿½o do condutor;Tombamento;Com Vï¿½timas Feridas;Pleno dia;Cï¿½u Claro;Simples;Curva;Nï¿½o;0;0
2025-08-21;quinta-feira;12:00:00;PI;343;TERESINA;Acessar a via sem observar a presenï¿½a dos outros veï¿½culos;Colisï¿½o transversal;Com Vï¿½timas Feridas;Pleno dia;Cï¿½u Claro;Dupla;Reta;Sim;0;0
2025-08-21;quinta-feira;12:40:00;GO;40;LUZIANIA;Reaï¿½ï¿½o tardia ou ineficiente do condutor;Colisï¿½o traseira;Com Vï¿½timas Feridas;Pleno dia;Cï¿½u Claro;Dupla;Reta;Sim;0;0
2025-08-21;quinta-feira;11:04:00;MT;163;SORRISO;Acessar a via sem observar a presenï¿½a dos outros veï¿½culos;Colisï¿½o transversal;Com Vï¿½timas Feridas;Pleno dia;Sol;Simples;Interseï¿½ï¿½o de Vias;Nï¿½o;0;0
2025-08-21;quinta-feira;12:15:00;PA;316;CASTANHAL;Ausï¿½ncia de reaï¿½ï¿½o do condutor;Saï¿½da de leito carroï¿½ï¿½vel;Com Vï¿½timas Feridas;Pleno dia;Cï¿½u Claro;Dupla;Curva;Nï¿½o;0;0
2025-08-21;quinta-feira;13:00:00;CE;116;CASCAVEL;Reaï¿½ï¿½o tardia ou ineficiente do condutor;Saï¿½da de leito carroï¿½ï¿½vel;Com Vï¿½timas Feridas;Pleno dia;Cï¿½u Claro;Simples;Reta;Nï¿½o;0;0
2025-08-21;quinta-feira;10:05:00;BA;116;BOA NOVA;Velocidade Incompatï¿½vel;Saï¿½da de leito carroï¿½ï¿½vel;Com Vï¿½timas Feridas;Pleno dia;Cï¿½u Claro;Simples;Curva;Nï¿½o;0;0
2025-08-21;quinta-feira;14:32:00;MG;262;LUZ;Ausï¿½ncia de reaï¿½ï¿½o do condutor;Engavetamento;Com Vï¿½timas Feridas;Pleno dia;Sol;Simples;"Em Obras;Reta";Nï¿½o;0;0
2025-07-28;segunda-feira;09:00:00;BA;324;SALVADOR;Manobra de mudanï¿½a de faixa;Colisï¿½o lateral mesmo sentido;Com Vï¿½timas Feridas;Pleno dia;Cï¿½u Claro;Dupla;Reta;Nï¿½o;0;0
2025-08-21;quinta-feira;14:10:00;MG;50;UBERABA;Manobra de mudanï¿½a de faixa;Engavetamento;Com Vï¿½timas Feridas;Pleno dia;Cï¿½u Claro;Dupla;Reta;Nï¿½o;0;0
2025-08-21;quinta-feira;13:10:00;MT;163;ITIQUIRA;Acesso irregular;Colisï¿½o transversal;Com Vï¿½timas Feridas;Pleno dia;Sol;Dupla;Reta;Nï¿½o;0;0
2025-08-21;quinta-feira;15:50:00;MG;365;UBERLANDIA;Ausï¿½ncia de reaï¿½ï¿½o do condutor;Colisï¿½o frontal;Com Vï¿½timas Fatais;Pleno dia;Sol;Simples;Reta;Nï¿½o;1;1
2025-08-21;quinta-feira;16:15:00;SC;101;SAO JOSE;Reaï¿½ï¿½o tardia ou ineficiente do condutor;Colisï¿½o lateral mesmo sentido;Com Vï¿½timas Feridas;Pleno dia;Cï¿½u Claro;Dupla;"Reta;Interseï¿½ï¿½o de Vias";Sim;0;0
2025-08-21;quinta-feira;14:50:00;RS;470;VERANOPOLIS;Acessar a via sem observar a presenï¿½a dos outros veï¿½culos;Colisï¿½o transversal;Com Vï¿½timas Feridas;Pleno dia;Cï¿½u Claro;Simples;Reta;Sim;0;0
2025-08-21;quinta-feira;17:00:00;MG;40;RIBEIRAO DAS NEVES;Reaï¿½ï¿½o tardia ou ineficiente do condutor;Colisï¿½o traseira;Com Vï¿½timas Feridas;Pleno dia;Cï¿½u Claro;Dupla;"Aclive;Reta";Sim;0;0
2025-08-21;quinta-feira;17:30:00;PA;316;SANTA IZABEL DO PARA;Suicï¿½dio (presumido);Atropelamento de Pedestre;Com Vï¿½timas Fatais;Pleno dia;Cï¿½u Claro;Dupla;Reta;Nï¿½o;1;1
2025-08-14;quinta-feira;06:10:00;BA;324;FEIRA DE SANTANA;Condutor deixou de manter distï¿½ncia do veï¿½culo da frente;Colisï¿½o traseira;Com Vï¿½timas Feridas;Pleno dia;Cï¿½u Claro;Dupla;Reta;Sim;0;0
2025-08-21;quinta-feira;16:30:00;MG;116;GOVERNADOR VALADARES;Acessar a via sem observar a presenï¿½a dos outros veï¿½culos;Colisï¿½o transversal;Com Vï¿½timas Feridas;Pleno dia;Cï¿½u Claro;Simples;Interseï¿½ï¿½o de Vias;Sim;0;0
2025-08-21;quinta-feira;08:30:00;PR;163;TERRA ROXA;Velocidade Incompatï¿½vel;Saï¿½da de leito carroï¿½ï¿½vel;Sem Vï¿½timas;Pleno dia;Cï¿½u Claro;Simples;Curva;Nï¿½o;0;0
2025-08-21;quinta-feira;18:03:00;MG;262;MANHUACU;Desrespeitar a preferï¿½ncia no cruzamento;Colisï¿½o transversal;Com Vï¿½timas Feridas;Anoitecer;Cï¿½u Claro;Simples;"Rotatï¿½ria;Reta";Sim;0;0
2025-08-21;quinta-feira;17:00:00;RS;290;SAO GABRIEL;Ausï¿½ncia de reaï¿½ï¿½o do condutor;Colisï¿½o lateral sentido oposto;Sem Vï¿½timas;Pleno dia;Cï¿½u Claro;Simples;Reta;Nï¿½o;0;0
2025-08-21;quinta-feira;18:06:00;ES;101;CARIACICA;Problema com o freio;Colisï¿½o traseira;Com Vï¿½timas Feridas;Plena Noite;Nublado;Dupla;Reta;Sim;0;0
2025-08-21;quinta-feira;19:23:00;PE;101;RECIFE;Manobra de mudanï¿½a de faixa;Tombamento;Com Vï¿½timas Feridas;Plena Noite;Cï¿½u Claro;Dupla;Curva;Sim;0;0
2025-08-21;quinta-feira;18:20:00;ES;101;RIO NOVO DO SUL;Velocidade Incompatï¿½vel;Tombamento;Com Vï¿½timas Feridas;Plena Noite;Cï¿½u Claro;Simples;Curva;Nï¿½o;0;0
2025-08-21;quinta-feira;12:24:00;PE;423;AGUAS BELAS;Problema com o freio;Colisï¿½o transversal;Com Vï¿½timas Feridas;Pleno dia;Nublado;Simples;Interseï¿½ï¿½o de Vias;Nï¿½o;0;0
2025-08-21;quinta-feira;16:00:00;RJ;393;TRES RIOS;Ausï¿½ncia de reaï¿½ï¿½o do condutor;Tombamento;Com Vï¿½timas Feridas;Pleno dia;Cï¿½u Claro;Simples;Curva;Nï¿½o;0;0
2025-08-21;quinta-feira;19:00:00;RR;432;CANTA;Curva acentuada;Colisï¿½o lateral sentido oposto;Com Vï¿½timas Feridas;Plena Noite;Cï¿½u Claro;Simples;Curva;Nï¿½o;0;0
2025-08-21;quinta-feira;19:00:00;PI;230;OEIRAS;Ausï¿½ncia de reaï¿½ï¿½o do condutor;Colisï¿½o traseira;Com Vï¿½timas Feridas;Plena Noite;Cï¿½u Claro;Simples;Reta;Nï¿½o;0;0
2025-08-21;quinta-feira;21:10:00;RS;386;SOLEDADE;Velocidade Incompatï¿½vel;Colisï¿½o traseira;Com Vï¿½timas Feridas;Plena Noite;Nublado;Simples;"Em Obras;Reta";Nï¿½o;0;0
2025-08-21;quinta-feira;21:59:00;SP;153;SAO JOSE DO RIO PRETO;Acesso irregular;Colisï¿½o transversal;Com Vï¿½timas Feridas;Plena Noite;Cï¿½u Claro;Dupla;"Aclive;Viaduto;Interseï¿½ï¿½o de Vias";Sim;0;0
2025-08-21;quinta-feira;21:10:00;RS;392;RIO GRANDE;Ingestï¿½o de ï¿½lcool pelo condutor;Saï¿½da de leito carroï¿½ï¿½vel;Sem Vï¿½timas;Plena Noite;Cï¿½u Claro;Dupla;Reta;Nï¿½o;0;0
2025-08-21;quinta-feira;22:00:00;PA;163;ITAITUBA;Demais falhas mecï¿½nicas ou elï¿½tricas;Colisï¿½o traseira;Sem Vï¿½timas;Plena Noite;Cï¿½u Claro;Mï¿½ltipla;"Aclive;Reta";Nï¿½o;0;0
2025-08-22;sexta-feira;00:05:00;PR;376;GUARATUBA;Demais falhas mecï¿½nicas ou elï¿½tricas;Incï¿½ndio;Sem Vï¿½timas;Plena Noite;Cï¿½u Claro;Dupla;Reta;Nï¿½o;0;0
2025-08-21;quinta-feira;22:30:00;RJ;393;SAPUCAIA;Ultrapassagem Indevida;Colisï¿½o frontal;Com Vï¿½timas Fatais;Plena Noite;Cï¿½u Claro;Simples;Curva;Nï¿½o;1;1
2025-08-22;sexta-feira;01:30:00;BA;116;RAFAEL JAMBEIRO;Demais falhas mecï¿½nicas ou elï¿½tricas;Incï¿½ndio;Sem Vï¿½timas;Plena Noite;Cï¿½u Claro;Dupla;"Aclive;Reta";Nï¿½o;0;0
2025-08-21;quinta-feira;23:55:00;CE;222;SOBRAL;Transitar na contramï¿½o;Colisï¿½o frontal;Com Vï¿½timas Fatais;Plena Noite;Cï¿½u Claro;Simples;Reta;Sim;1;1
2025-08-22;sexta-feira;02:15:00;MG;262;BETIM;Condutor deixou de manter distï¿½ncia do veï¿½culo da frente;Colisï¿½o traseira;Com Vï¿½timas Feridas;Plena Noite;Cï¿½u Claro;Dupla;Reta;Sim;0;0
2025-08-22;sexta-feira;02:30:00;BA;116;RAFAEL JAMBEIRO;Ausï¿½ncia de sinalizaï¿½ï¿½o;Colisï¿½o com objeto;Sem Vï¿½timas;Plena Noite;Cï¿½u Claro;Dupla;Reta;Nï¿½o;0;0
2025-08-22;sexta-feira;05:10:00;MG;381;CONTAGEM;Ausï¿½ncia de reaï¿½ï¿½o do condutor;Colisï¿½o traseira;Com Vï¿½timas Feridas;Amanhecer;Cï¿½u Claro;Dupla;"Aclive;Reta";Sim;0;0
2025-08-22;sexta-feira;05:25:00;CE;116;FORTALEZA;Ausï¿½ncia de reaï¿½ï¿½o do condutor;Tombamento;Sem Vï¿½timas;Pleno dia;Cï¿½u Claro;Dupla;"Aclive;Reta";Sim;0;0
2025-08-22;sexta-feira;05:30:00;PR;376;PALMEIRA;Reaï¿½ï¿½o tardia ou ineficiente do condutor;Saï¿½da de leito carroï¿½ï¿½vel;Com Vï¿½timas Feridas;Plena Noite;Cï¿½u Claro;Dupla;Reta;Nï¿½o;0;0
2025-08-22;sexta-feira;06:00:00;BA;242;PALMEIRAS;Ausï¿½ncia de reaï¿½ï¿½o do condutor;Colisï¿½o traseira;Com Vï¿½timas Feridas;Amanhecer;Sol;Simples;"Reta;Declive";Nï¿½o;0;0
2025-08-22;sexta-feira;05:37:00;MG;153;CENTRALINA;Reaï¿½ï¿½o tardia ou ineficiente do condutor;Saï¿½da de leito carroï¿½ï¿½vel;Com Vï¿½timas Feridas;Amanhecer;Cï¿½u Claro;Dupla;Reta;Nï¿½o;0;0
2025-08-22;sexta-feira;00:30:00;MA;135;MATOES DO NORTE;Condutor Dormindo;Colisï¿½o lateral sentido oposto;Sem Vï¿½timas;Pleno dia;Cï¿½u Claro;Simples;Reta;Nï¿½o;0;0
2025-08-22;sexta-feira;07:00:00;RJ;116;RESENDE;Acessar a via sem observar a presenï¿½a dos outros veï¿½culos;Colisï¿½o lateral mesmo sentido;Com Vï¿½timas Feridas;Pleno dia;Cï¿½u Claro;Dupla;Curva;Nï¿½o;0;0
2025-08-22;sexta-feira;07:45:00;MG;381;BETIM;Manobra de mudanï¿½a de faixa;Colisï¿½o lateral mesmo sentido;Com Vï¿½timas Feridas;Pleno dia;Cï¿½u Claro;Mï¿½ltipla;Reta;Sim;0;0
2025-08-09;sï¿½bado;22:00:00;BA;242;MUQUEM DE SAO FRANCISCO;Condutor deixou de manter distï¿½ncia do veï¿½culo da frente;Colisï¿½o lateral sentido oposto;Com Vï¿½timas Feridas;Plena Noite;Cï¿½u Claro;Mï¿½ltipla;"Declive;Curva";Nï¿½o;0;0
2025-08-22;sexta-feira;05:15:00;GO;153;ESTRELA DO NORTE;Ausï¿½ncia de reaï¿½ï¿½o do condutor;Derramamento de carga;Sem Vï¿½timas;Amanhecer;Cï¿½u Claro;Simples;Reta;Nï¿½o;0;0
2025-08-22;sexta-feira;08:19:00;SC;101;TUBARAO;Manobra de mudanï¿½a de faixa;Colisï¿½o traseira;Com Vï¿½timas Feridas;Pleno dia;Cï¿½u Claro;Mï¿½ltipla;Reta;Sim;0;0
2025-08-22;sexta-feira;07:21:00;RO;364;PORTO VELHO;Acesso irregular;Colisï¿½o traseira;Com Vï¿½timas Fatais;Pleno dia;Cï¿½u Claro;Dupla;"Em Obras;Reta";Nï¿½o;1;1
2025-08-22;sexta-feira;09:00:00;PR;376;SAO JOSE DOS PINHAIS;Acessar a via sem observar a presenï¿½a dos outros veï¿½culos;Saï¿½da de leito carroï¿½ï¿½vel;Sem Vï¿½timas;Pleno dia;Nublado;Dupla;Reta;Nï¿½o;0;0