data_inversa;dia_semana;horario;uf;br;municipio;causa_acidente;tipo_acidente;classificacao_acidente;fase_dia;condicao_metereologica;tipo_pista;tracado_via;uso_solo;mortos;acidente_fatal
2025-08-22;sexta-feira;09:30:00;MG;267;JUIZ DE FORA;Condutor Dormindo;Saï¿½da de leito carroï¿½ï¿½vel;Com Vï¿½timas Feridas;Pleno dia;Cï¿½u Claro;Simples;Curva;Sim;0;0
2025-08-22;sexta-feira;07:45:00;SP;116;TAUBATE;Reaï¿½ï¿½o tardia ou ineficiente do condutor;Colisï¿½o traseira;Sem Vï¿½timas;Pleno dia;Sol;Dupla;Reta;Sim;0;0
2025-08-22;sexta-feira;09:30:00;CE;116;AQUIRAZ;Acessar a via sem observar a presenï¿½a dos outros veï¿½culos;Colisï¿½o lateral mesmo sentido;Sem Vï¿½timas;Pleno dia;Cï¿½u Claro;Dupla;"Reta;Interseï¿½ï¿½o de Vias";Sim;0;0
2025-08-22;sexta-feira;08:00:00;PR;277;MORRETES;Demais falhas mecï¿½nicas ou elï¿½tricas;Incï¿½ndio;Sem Vï¿½timas;Pleno dia;Cï¿½u Claro;Dupla;"Declive;Reta";Nï¿½o;0;0
2025-08-22;sexta-feira;08:00:00;RO;364;VILHENA;Ultrapassagem Indevida;Colisï¿½o transversal;Com Vï¿½timas Feridas;Pleno dia;Cï¿½u Claro;Simples;Reta;Sim;0;0
2025-07-21;segunda-feira;09:00:00;AL;101;JOAQUIM GOMES;Velocidade Incompatï¿½vel;Engavetamento;Com Vï¿½timas Fatais;Pleno dia;Cï¿½u Claro;Dupla;"Curva;Em Obras";Nï¿½o;2;1
2025-08-22;sexta-feira;10:16:00;PA;316;CASTANHAL;Manobra de mudanï¿½a de faixa;Colisï¿½o lateral mesmo sentido;Com Vï¿½timas Feridas;Pleno dia;Cï¿½u Claro;Simples;Reta;Sim;0;0
2025-08-17;domingo;06:20:00;MS;163;SONORA;Reaï¿½ï¿½o tardia ou ineficiente do condutor;Saï¿½da de leito carroï¿½ï¿½vel;Com Vï¿½timas Feridas;Pleno dia;Cï¿½u Claro;Simples;Reta;Nï¿½o;0;0
2025-08-22;sexta-feira;09:38:00;RS;470;CARLOS BARBOSA;Conversï¿½o proibida;Colisï¿½o lateral sentido oposto;Com Vï¿½timas Feridas;Pleno dia;Nevoeiro/Neblina;Simples;"Reta;Declive";Nï¿½o;0;0
2025-08-22;sexta-feira;12:08:00;MG;251;SALINAS;Ausï¿½ncia de reaï¿½ï¿½o do condutor;Colisï¿½o traseira;Com Vï¿½timas Feridas;Pleno dia;Cï¿½u Claro;Simples;"Curva;Declive";Nï¿½o;0;0
2025-08-22;sexta-feira;12:25:00;SC;101;TUBARAO;Reaï¿½ï¿½o tardia ou ineficiente do condutor;Colisï¿½o lateral mesmo sentido;Com Vï¿½timas Feridas;Pleno dia;Cï¿½u Claro;Dupla;Reta;Sim;0;0
2025-08-22;sexta-feira;13:40:00;MG;262;IGARATINGA;Ausï¿½ncia de reaï¿½ï¿½o do condutor;Colisï¿½o traseira;Com Vï¿½timas Feridas;Pleno dia;Sol;Dupla;Reta;Nï¿½o;0;0
2025-08-22;sexta-feira;10:15:00;MT;70;CACERES;Carga excessiva e/ou mal acondicionada;Colisï¿½o lateral mesmo sentido;Com Vï¿½timas Fatais;Pleno dia;Sol;Simples;"Ponte;Reta";Nï¿½o;1;1
2025-08-22;sexta-feira;14:35:00;ES;101;LINHARES;Acessar a via sem observar a presenï¿½a dos outros veï¿½culos;Colisï¿½o transversal;Com Vï¿½timas Feridas;Pleno dia;Cï¿½u Claro;Simples;Retorno Regulamentado;Nï¿½o;0;0
2025-08-22;sexta-feira;14:30:00;GO;50;CAMPO ALEGRE DE GOIAS;Velocidade Incompatï¿½vel;Tombamento;Com Vï¿½timas Feridas;Pleno dia;Cï¿½u Claro;Dupla;"Rotatï¿½ria;Viaduto";Nï¿½o;0;0
2025-08-22;sexta-feira;09:00:00;MT;70;CACERES;Velocidade Incompatï¿½vel;Tombamento;Com Vï¿½timas Feridas;Pleno dia;Cï¿½u Claro;Simples;"Declive;Curva";Nï¿½o;0;0
2025-08-22;sexta-feira;11:00:00;RS;285;SAO LUIZ GONZAGA;Acessar a via sem observar a presenï¿½a dos outros veï¿½culos;Colisï¿½o transversal;Com Vï¿½timas Feridas;Pleno dia;Cï¿½u Claro;Simples;Reta;Nï¿½o;0;0
2025-08-22;sexta-feira;08:00:00;PR;476;LAPA;Avarias e/ou desgaste excessivo no pneu;Tombamento;Com Vï¿½timas Feridas;Pleno dia;Cï¿½u Claro;Simples;Curva;Nï¿½o;0;0
2025-08-22;sexta-feira;06:40:00;PA;222;DOM ELISEU;Condutor Dormindo;Colisï¿½o frontal;Com Vï¿½timas Fatais;Amanhecer;Nublado;Simples;Reta;Nï¿½o;6;1
2025-08-22;sexta-feira;14:40:00;RS;285;SAO LUIZ GONZAGA;Acessar a via sem observar a presenï¿½a dos outros veï¿½culos;Colisï¿½o traseira;Sem Vï¿½timas;Pleno dia;Cï¿½u Claro;Simples;"Ponte;Reta";Nï¿½o;0;0
2025-08-22;sexta-feira;16:25:00;PE;101;JABOATAO DOS GUARARAPES;Ausï¿½ncia de reaï¿½ï¿½o do condutor;Colisï¿½o lateral mesmo sentido;Com Vï¿½timas Feridas;Pleno dia;Cï¿½u Claro;Dupla;Reta;Nï¿½o;0;0
2025-08-22;sexta-feira;16:00:00;PI;343;BURITI DOS LOPES;Velocidade Incompatï¿½vel;Colisï¿½o frontal;Com Vï¿½timas Feridas;Pleno dia;Sol;Simples;Reta;Nï¿½o;0;0
2025-08-22;sexta-feira;17:00:00;MG;40;CONTAGEM;Manobra de mudanï¿½a de faixa;Colisï¿½o lateral mesmo sentido;Com Vï¿½timas Feridas;Pleno dia;Cï¿½u Claro;Dupla;Reta;Sim;0;0
2025-08-22;sexta-feira;14:52:00;MG;381;BRUMADINHO;Demais falhas mecï¿½nicas ou elï¿½tricas;Incï¿½ndio;Sem Vï¿½timas;Pleno dia;Cï¿½u Claro;Mï¿½ltipla;Aclive;Nï¿½o;0;0
2025-08-22;sexta-feira;17:20:00;ES;101;CARIACICA;Reaï¿½ï¿½o tardia ou ineficiente do condutor;Tombamento;Com Vï¿½timas Feridas;Anoitecer;Cï¿½u Claro;Dupla;Reta;Sim;0;0
2025-06-18;quarta-feira;21:10:00;MG;40;CAETANOPOLIS;Ausï¿½ncia de reaï¿½ï¿½o do condutor;Colisï¿½o traseira;Com Vï¿½timas Feridas;Plena Noite;Cï¿½u Claro;Dupla;"Reta;Aclive";Nï¿½o;0;0
2025-08-22;sexta-feira;18:00:00;SE;101;JAPARATUBA;Reaï¿½ï¿½o tardia ou ineficiente do condutor;Colisï¿½o com objeto;Com Vï¿½timas Feridas;Plena Noite;Cï¿½u Claro;Dupla;"Curva;Declive";Nï¿½o;0;0
2025-08-22;sexta-feira;17:00:00;PR;116;CURITIBA;Manobra de mudanï¿½a de faixa;Colisï¿½o lateral mesmo sentido;Com Vï¿½timas Feridas;Pleno dia;Cï¿½u Claro;Mï¿½ltipla;"Reta;Viaduto";Nï¿½o;0;0
2025-08-22;sexta-feira;16:00:00;MG;262;MATIPO;Transitar na contramï¿½o;Colisï¿½o lateral sentido oposto;Com Vï¿½timas Feridas;Pleno dia;Cï¿½u Claro;Simples;Reta;Nï¿½o;0;0
2025-08-22;sexta-feira;17:00:00;MG;365;UBERLANDIA;Reaï¿½ï¿½o tardia ou ineficiente do condutor;Colisï¿½o traseira;Sem Vï¿½timas;Anoitecer;Cï¿½u Claro;Dupla;Interseï¿½ï¿½o de Vias;Sim;0;0
2025-08-22;sexta-feira;14:15:00;PR;116;CAMPINA GRANDE DO SUL;Reaï¿½ï¿½o tardia ou ineficiente do condutor;Tombamento;Com Vï¿½timas Feridas;Pleno dia;Cï¿½u Claro;Dupla;Curva;Nï¿½o;0;0
2025-08-22;sexta-feira;17:00:00;PB;361;CATINGUEIRA;Ausï¿½ncia de reaï¿½ï¿½o do condutor;Atropelamento de Pedestre;Com Vï¿½timas Fatais;Anoitecer;Cï¿½u Claro;Simples;Reta;Sim;1;1
2025-08-22;sexta-feira;14:00:00;RS;287;UNISTALDA;Reaï¿½ï¿½o tardia ou ineficiente do condutor;Tombamento;Com Vï¿½timas Feridas;Pleno dia;Cï¿½u Claro;Simples;"Curva;Declive";Nï¿½o;0;0
2025-08-22;sexta-feira;18:45:00;PE;423;AGUAS BELAS;Condutor deixou de manter distï¿½ncia do veï¿½culo da frente;Colisï¿½o frontal;Com Vï¿½timas Feridas;Plena Noite;Cï¿½u Claro;Simples;Reta;Nï¿½o;0;0
2025-08-22;sexta-feira;17:45:00;SP;116;SILVEIRAS;Ausï¿½ncia de sinalizaï¿½ï¿½o;Colisï¿½o traseira;Sem Vï¿½timas;Anoitecer;Cï¿½u Claro;Dupla;"Aclive;Reta";Nï¿½o;0;0
2025-08-22;sexta-feira;18:25:00;PI;343;ALTOS;Demais falhas mecï¿½nicas ou elï¿½tricas;Colisï¿½o lateral mesmo sentido;Com Vï¿½timas Feridas;Anoitecer;Cï¿½u Claro;Simples;Reta;Sim;0;0
2025-08-13;quarta-feira;18:45:00;SC;101;TUBARAO;Condutor deixou de manter distï¿½ncia do veï¿½culo da frente;Colisï¿½o traseira;Com Vï¿½timas Feridas;Plena Noite;Cï¿½u Claro;Dupla;Reta;Sim;0;0
2025-08-22;sexta-feira;18:45:00;MG;116;SANTA RITA DE MINAS;Reaï¿½ï¿½o tardia ou ineficiente do condutor;Tombamento;Com Vï¿½timas Feridas;Plena Noite;Nublado;Simples;Curva;Nï¿½o;0;0
2025-08-22;sexta-feira;17:30:00;SC;282;CAMPOS NOVOS;Transitar na contramï¿½o;Colisï¿½o frontal;Com Vï¿½timas Fatais;Anoitecer;Cï¿½u Claro;Simples;"Reta;Declive";Nï¿½o;1;1
2025-08-22;sexta-feira;21:00:00;RS;392;RIO GRANDE;Reaï¿½ï¿½o tardia ou ineficiente do condutor;Saï¿½da de leito carroï¿½ï¿½vel;Com Vï¿½timas Feridas;Plena Noite;Garoa/Chuvisco;Dupla;Reta;Sim;0;0
2025-08-22;sexta-feira;22:00:00;AL;101;MESSIAS;Transitar na contramï¿½o;Colisï¿½o frontal;Com Vï¿½timas Feridas;Plena Noite;Cï¿½u Claro;Simples;"Viaduto;Curva;Interseï¿½ï¿½o de Vias";Nï¿½o;0;0
2025-08-22;sexta-feira;23:00:00;SC;101;ITAPEMA;Ingestï¿½o de ï¿½lcool pelo condutor;Colisï¿½o lateral mesmo sentido;Com Vï¿½timas Feridas;Plena Noite;Cï¿½u Claro;Dupla;Reta;Nï¿½o;0;0
2025-08-22;sexta-feira;20:30:00;BA;242;MUQUEM DE SAO FRANCISCO;Velocidade Incompatï¿½vel;Tombamento;Com Vï¿½timas Fatais;Plena Noite;Cï¿½u Claro;Simples;"Curva;Declive";Nï¿½o;1;1
2025-08-22;sexta-feira;21:50:00;MG;116;MEDINA;Ausï¿½ncia de reaï¿½ï¿½o do condutor;Colisï¿½o lateral mesmo sentido;Sem Vï¿½timas;Pleno dia;Cï¿½u Claro;Simples;"Curva;Declive";Nï¿½o;0;0
2025-08-23;sï¿½bado;00:30:00;MG;50;UBERABA;Ingestï¿½o de ï¿½lcool pelo condutor;Saï¿½da de leito carroï¿½ï¿½vel;Sem Vï¿½timas;Plena Noite;Cï¿½u Claro;Dupla;"Reta;Declive";Sim;0;0
2025-08-23;sï¿½bado;00:50:00;MG;381;ITAGUARA;Reaï¿½ï¿½o tardia ou ineficiente do condutor;Colisï¿½o traseira;Sem Vï¿½timas;Plena Noite;Cï¿½u Claro;Dupla;"Reta;Declive";Nï¿½o;0;0
2025-08-23;sï¿½bado;03:00:00;RN;406;MACAU;Ausï¿½ncia de reaï¿½ï¿½o do condutor;Saï¿½da de leito carroï¿½ï¿½vel;Com Vï¿½timas Feridas;Pleno dia;Cï¿½u Claro;Simples;Reta;Nï¿½o;0;0
2025-08-23;sï¿½bado;04:25:00;SC;101;SANGAO;Ausï¿½ncia de reaï¿½ï¿½o do condutor;Saï¿½da de leito carroï¿½ï¿½vel;Com Vï¿½timas Feridas;Plena Noite;Cï¿½u Claro;Dupla;Reta;Nï¿½o;0;0
2025-08-22;sexta-feira;23:45:00;MG;40;OLIVEIRA FORTES;Velocidade Incompatï¿½vel;Tombamento;Com Vï¿½timas Feridas;Plena Noite;Cï¿½u Claro;Dupla;Curva;Nï¿½o;0;0
2025-08-23;sï¿½bado;03:30:00;MG;364;FRUTAL;Condutor Dormindo;Colisï¿½o traseira;Com Vï¿½timas Feridas;Plena Noite;Cï¿½u Claro;Simples;Reta;Nï¿½o;0;0
2025-08-23;sï¿½bado;05:30:00;ES;101;ARACRUZ;Ausï¿½ncia de reaï¿½ï¿½o do condutor;Colisï¿½o lateral mesmo sentido;Com Vï¿½timas Feridas;Amanhecer;Cï¿½u Claro;Simples;Reta;Nï¿½o;0;0
2025-08-22;sexta-feira;10:30:00;BA;101;ESPLANADA;Reaï¿½ï¿½o tardia ou ineficiente do condutor;Tombamento;Com Vï¿½timas Feridas;Pleno dia;Cï¿½u Claro;Dupla;Reta;Nï¿½o;0;0
2025-08-23;sï¿½bado;05:05:00;BA;116;VITORIA DA CONQUISTA;Conversï¿½o proibida;Colisï¿½o transversal;Com Vï¿½timas Fatais;Amanhecer;Nublado;Simples;Reta;Sim;1;1
2025-08-23;sï¿½bado;05:20:00;PR;153;CONSELHEIRO MAIRINCK;Condutor Dormindo;Colisï¿½o lateral sentido oposto;Com Vï¿½timas Feridas;Amanhecer;Cï¿½u Claro;Simples;Reta;Nï¿½o;0;0
2025-08-23;sï¿½bado;07:20:00;PR;376;PARANAGUA;Ausï¿½ncia de reaï¿½ï¿½o do condutor;Colisï¿½o traseira;Sem Vï¿½timas;Pleno dia;Cï¿½u Claro;Dupla;"Curva;Aclive";Nï¿½o;0;0
2025-08-23;sï¿½bado;00:00:00;GO;452;RIO VERDE;Ingestï¿½o de ï¿½lcool pelo condutor;Tombamento;Sem Vï¿½timas;Plena Noite;Cï¿½u Claro;Dupla;Reta;Nï¿½o;0;0
2025-08-23;sï¿½bado;06:42:00;MG;262;MATEUS LEME;Ausï¿½ncia de reaï¿½ï¿½o do condutor;Colisï¿½o traseira;Com Vï¿½timas Feridas;Amanhecer;Cï¿½u Claro;Dupla;"Curva;Aclive";Nï¿½o;0;0
2025-08-23;sï¿½bado;05:30:00;RJ;116;QUEIMADOS;Ausï¿½ncia de reaï¿½ï¿½o do condutor;Colisï¿½o traseira;Com Vï¿½timas Feridas;Pleno dia;Cï¿½u Claro;Mï¿½ltipla;Reta;Sim;0;0
2025-08-23;sï¿½bado;06:45:00;PR;376;CURITIBA;Reaï¿½ï¿½o tardia ou ineficiente do condutor;Colisï¿½o traseira;Sem Vï¿½timas;Pleno dia;Cï¿½u Claro;Dupla;"Reta;Declive";Sim;0;0
2025-08-23;sï¿½bado;06:54:00;DF;251;BRASILIA;Condutor deixou de manter distï¿½ncia do veï¿½culo da frente;Colisï¿½o lateral mesmo sentido;Com Vï¿½timas Feridas;Pleno dia;Cï¿½u Claro;Simples;Reta;Nï¿½o;0;0
2025-08-23;sï¿½bado;07:10:00;MS;419;AQUIDAUANA;Acessar a via sem observar a presenï¿½a dos outros veï¿½culos;Colisï¿½o transversal;Com Vï¿½timas Feridas;Pleno dia;Cï¿½u Claro;Simples;Reta;Sim;0;0
2025-08-07;quinta-feira;08:00:00;SP;116;CAJATI;Reaï¿½ï¿½o tardia ou ineficiente do condutor;Colisï¿½o com objeto;Com Vï¿½timas Feridas;Pleno dia;Cï¿½u Claro;Simples;"Declive;Curva";Nï¿½o;0;0
2025-08-23;sï¿½bado;06:20:00;PA;316;PEIXE-BOI;Transitar na contramï¿½o;Colisï¿½o lateral sentido oposto;Com Vï¿½timas Feridas;Amanhecer;Cï¿½u Claro;Simples;"Reta;Declive";Nï¿½o;0;0
2025-05-23;sexta-feira;12:30:00;TO;153;NOVA ROSALANDIA;Transitar na contramï¿½o;Colisï¿½o frontal;Com Vï¿½timas Fatais;Pleno dia;Cï¿½u Claro;Simples;Reta;Nï¿½o;1;1
2025-08-23;sï¿½bado;10:00:00;RJ;101;CAMPOS DOS GOYTACAZES;Reaï¿½ï¿½o tardia ou ineficiente do condutor;Colisï¿½o transversal;Com Vï¿½timas Feridas;Pleno dia;Cï¿½u Claro;Mï¿½ltipla;Rotatï¿½ria;Sim;0;0
2025-08-23;sï¿½bado;07:00:00;MT;70;BARRA DO GARCAS;Acostamento em desnï¿½vel;Saï¿½da de leito carroï¿½ï¿½vel;Sem Vï¿½timas;Pleno dia;Cï¿½u Claro;Simples;"Aclive;Reta";Nï¿½o;0;0
2025-08-23;sï¿½bado;06:20:00;PA;316;SANTA LUZIA DO PARA;Demais falhas mecï¿½nicas ou elï¿½tricas;Tombamento;Sem Vï¿½timas;Pleno dia;Cï¿½u Claro;Simples;Aclive;Nï¿½o;0;0
2025-08-23;sï¿½bado;08:05:00;SC;282;CORDILHEIRA ALTA;Reaï¿½ï¿½o tardia ou ineficiente do condutor;Colisï¿½o lateral sentido oposto;Com Vï¿½timas Feridas;Pleno dia;Chuva;Simples;"Curva;Aclive";Nï¿½o;0;0
2025-08-08;sexta-feira;12:24:00;SC;101;SAO JOSE;Ausï¿½ncia de reaï¿½ï¿½o do condutor;Queda de ocupante de veï¿½culo;Com Vï¿½timas Feridas;Pleno dia;Garoa/Chuvisco;Mï¿½ltipla;Reta;Sim;0;0
2025-08-23;sï¿½bado;08:45:00;RJ;101;SAO GONCALO;Ausï¿½ncia de reaï¿½ï¿½o do condutor;Colisï¿½o lateral mesmo sentido;Com Vï¿½timas Feridas;Pleno dia;Cï¿½u Claro;Dupla;Reta;Sim;0;0
2025-08-23;sï¿½bado;11:00:00;BA;135;RIACHAO DAS NEVES;Condutor deixou de manter distï¿½ncia do veï¿½culo da frente;Colisï¿½o traseira;Com Vï¿½timas Feridas;Pleno dia;Sol;Simples;Curva;Nï¿½o;0;0
2025-08-23;sï¿½bado;10:00:00;MG;381;SAO GONCALO DO RIO ABAIXO;Carga excessiva e/ou mal acondicionada;Tombamento;Com Vï¿½timas Feridas;Pleno dia;Cï¿½u Claro;Simples;"Curva;Declive";Nï¿½o;0;0
2025-08-23;sï¿½bado;12:15:00;MG;381;BRUMADINHO;Carga excessiva e/ou mal acondicionada;Tombamento;Com Vï¿½timas Feridas;Pleno dia;Cï¿½u Claro;Dupla;Curva;Nï¿½o;0;0
2025-08-23;sï¿½bado;14:35:00;SP;116;EMBU DAS ARTES;Ausï¿½ncia de reaï¿½ï¿½o do condutor;Queda de ocupante de veï¿½culo;Com Vï¿½timas Fatais;Pleno dia;Cï¿½u Claro;Dupla;Reta;Nï¿½o;1;1
2025-08-23;sï¿½bado;15:20:00;GO;452;BOM JESUS DE GOIAS;Ausï¿½ncia de reaï¿½ï¿½o do condutor;Colisï¿½o frontal;Com Vï¿½timas Feridas;Pleno dia;Cï¿½u Claro;Simples;Reta;Nï¿½o;0;0
2025-08-23;sï¿½bado;05:02:00;BA;101;GANDU;Chuva;Colisï¿½o frontal;Com Vï¿½timas Fatais;Amanhecer;Chuva;Simples;"Curva;Declive";Nï¿½o;1;1
2025-08-23;sï¿½bado;15:35:00;SC;101;PALHOCA;Manobra de mudanï¿½a de faixa;Colisï¿½o lateral mesmo sentido;Com Vï¿½timas Feridas;Pleno dia;Cï¿½u Claro;Mï¿½ltipla;Reta;Sim;0;0
2025-08-23;sï¿½bado;12:05:00;MG;381;POUSO ALEGRE;Mal sï¿½bito do condutor;Saï¿½da de leito carroï¿½ï¿½vel;Com Vï¿½timas Feridas;Pleno dia;Sol;Mï¿½ltipla;"Aclive;Reta";Nï¿½o;0;0
2025-08-23;sï¿½bado;15:30:00;PR;376;CURITIBA;Manobra de mudanï¿½a de faixa;Colisï¿½o lateral mesmo sentido;Sem Vï¿½timas;Pleno dia;Sol;Dupla;"Declive;Reta";Sim;0;0
2025-08-23;sï¿½bado;15:00:00;PR;277;MORRETES;Demais falhas mecï¿½nicas ou elï¿½tricas;Incï¿½ndio;Sem Vï¿½timas;Pleno dia;Cï¿½u Claro;Dupla;"Declive;Curva";Nï¿½o;0;0
2025-08-23;sï¿½bado;16:00:00;AL;316;SANTANA DO IPANEMA;Acessar a via sem observar a presenï¿½a dos outros veï¿½culos;Colisï¿½o lateral mesmo sentido;Sem Vï¿½timas;Pleno dia;Cï¿½u Claro;Dupla;"Interseï¿½ï¿½o de Vias;Reta";Sim;0;0
2025-08-23;sï¿½bado;14:30:00;MG;262;JUATUBA;Acessar a via sem observar a presenï¿½a dos outros veï¿½culos;Colisï¿½o transversal;Sem Vï¿½timas;Pleno dia;Cï¿½u Claro;Dupla;Retorno Regulamentado;Sim;0;0
2025-08-23;sï¿½bado;17:10:00;SC;280;SAO FRANCISCO DO SUL;Acessar a via sem observar a presenï¿½a dos outros veï¿½culos;Colisï¿½o transversal;Com Vï¿½timas Feridas;Pleno dia;Cï¿½u Claro;Simples;Curva;Sim;0;0
2025-08-13;quarta-feira;19:20:00;RJ;116;ITAGUAI;Manobra de mudanï¿½a de faixa;Colisï¿½o lateral mesmo sentido;Com Vï¿½timas Feridas;Plena Noite;Cï¿½u Claro;Dupla;Curva;Nï¿½o;0;0
2025-08-23;sï¿½bado;18:00:00;GO;40;VALPARAISO DE GOIAS;Manobra de mudanï¿½a de faixa;Colisï¿½o lateral mesmo sentido;Com Vï¿½timas Feridas;Anoitecer;Cï¿½u Claro;Dupla;Reta;Sim;0;0
2025-08-23;sï¿½bado;17:00:00;SP;116;MIRACATU;Ingestï¿½o de ï¿½lcool pelo condutor;Colisï¿½o traseira;Com Vï¿½timas Feridas;Anoitecer;Ignorado;Dupla;Reta;Sim;0;0
2025-08-23;sï¿½bado;19:00:00;MG;381;JOAO MONLEVADE;Velocidade Incompatï¿½vel;Colisï¿½o traseira;Com Vï¿½timas Feridas;Plena Noite;Cï¿½u Claro;Simples;Reta;Nï¿½o;0;0
2025-08-23;sï¿½bado;15:20:00;CE;222;CAUCAIA;Condutor deixou de manter distï¿½ncia do veï¿½culo da frente;Colisï¿½o traseira;Com Vï¿½timas Feridas;Pleno dia;Cï¿½u Claro;Dupla;Reta;Nï¿½o;0;0
2025-08-23;sï¿½bado;16:40:00;CE;222;IRAUCUBA;Velocidade Incompatï¿½vel;Colisï¿½o frontal;Com Vï¿½timas Feridas;Pleno dia;Cï¿½u Claro;Simples;Curva;Nï¿½o;0;0
2025-08-23;sï¿½bado;17:04:00;SP;116;BARRA DO TURVO;Objeto estï¿½tico sobre o leito carroï¿½ï¿½vel;Tombamento;Com Vï¿½timas Feridas;Pleno dia;Cï¿½u Claro;Simples;"Curva;Aclive";Nï¿½o;0;0
2025-08-23;sï¿½bado;20:10:00;MG;153;FRUTAL;Ausï¿½ncia de reaï¿½ï¿½o do condutor;Colisï¿½o lateral sentido oposto;Com Vï¿½timas Feridas;Plena Noite;Cï¿½u Claro;Simples;Reta;Nï¿½o;0;0
2025-08-23;sï¿½bado;16:05:00;RJ;393;BARRA DO PIRAI;Condutor Dormindo;Saï¿½da de leito carroï¿½ï¿½vel;Com Vï¿½timas Feridas;Pleno dia;Sol;Simples;Reta;Nï¿½o;0;0
2025-08-23;sï¿½bado;15:00:00;MA;10;ACAILANDIA;Ingestï¿½o de ï¿½lcool pelo condutor;Colisï¿½o frontal;Com Vï¿½timas Feridas;Pleno dia;Cï¿½u Claro;Simples;Reta;Nï¿½o;0;0
2025-08-23;sï¿½bado;22:00:00;SC;101;JOINVILLE;Manobra de mudanï¿½a de faixa;Colisï¿½o lateral mesmo sentido;Com Vï¿½timas Feridas;Plena Noite;Cï¿½u Claro;Mï¿½ltipla;Reta;Sim;0;0
2025-08-23;sï¿½bado;19:00:00;MT;163;ITAUBA;Transitar na contramï¿½o;Colisï¿½o transversal;Com Vï¿½timas Feridas;Plena Noite;Cï¿½u Claro;Simples;Reta;Nï¿½o;0;0
2025-08-23;sï¿½bado;22:45:00;PB;230;MOGEIRO;Condutor Dormindo;Colisï¿½o traseira;Com Vï¿½timas Feridas;Plena Noite;Cï¿½u Claro;Dupla;Declive;Nï¿½o;0;0
2025-08-23;sï¿½bado;22:40:00;PR;153;JACAREZINHO;Suicï¿½dio (presumido);Colisï¿½o frontal;Com Vï¿½timas Fatais;Plena Noite;Cï¿½u Claro;Simples;"Aclive;Reta";Nï¿½o;1;1
2025-08-23;sï¿½bado;22:10:00;MA;10;GOVERNADOR EDISON LOBAO;Transitar na contramï¿½o;Colisï¿½o frontal;Com Vï¿½timas Fatais;Plena Noite;Cï¿½u Claro;Simples;Reta;Nï¿½o;1;1
2025-08-23;sï¿½bado;19:30:00;RO;364;CANDEIAS DO JAMARI;Transitar no Acostamento;Atropelamento de Pedestre;Com Vï¿½timas Feridas;Plena Noite;Cï¿½u Claro;Simples;Reta;Nï¿½o;0;0
2025-08-23;sï¿½bado;17:40:00;PR;376;JANDAIA DO SUL;Demais falhas mecï¿½nicas ou elï¿½tricas;Incï¿½ndio;Sem Vï¿½timas;Anoitecer;Cï¿½u Claro;Dupla;"Declive;Curva";Nï¿½o;0;0
2025-08-23;sï¿½bado;22:25:00;ES;101;SAO MATEUS;Reaï¿½ï¿½o tardia ou ineficiente do condutor;Colisï¿½o traseira;Com Vï¿½timas Feridas;Plena Noite;Nublado;Dupla;Reta;Sim;0;0
2025-08-23;sï¿½bado;21:00:00;TO;153;MIRACEMA DO TOCANTINS;Reaï¿½ï¿½o tardia ou ineficiente do condutor;Tombamento;Com Vï¿½timas Fatais;Plena Noite;Cï¿½u Claro;Simples;Curva;Nï¿½o;1;1
2025-08-24;domingo;05:40:00;RJ;116;PARACAMBI;Demais falhas mecï¿½nicas ou elï¿½tricas;Incï¿½ndio;Sem Vï¿½timas;Amanhecer;Cï¿½u Claro;Simples;"Curva;Declive";Nï¿½o;0;0
2025-08-24;domingo;07:40:00;AL;101;JEQUIA DA PRAIA;Velocidade Incompatï¿½vel;Colisï¿½o com objeto;Com Vï¿½timas Feridas;Pleno dia;Garoa/Chuvisco;Dupla;"Declive;Curva";Nï¿½o;0;0
2025-08-24;domingo;10:30:00;PA;230;NOVO REPARTIMENTO;Declive acentuado;Colisï¿½o lateral sentido oposto;Sem Vï¿½timas;Pleno dia;Cï¿½u Claro;Simples;"Declive;Curva";Nï¿½o;0;0
2025-08-24;domingo;10:50:00;PR;277;CAMPO LARGO;Demais falhas mecï¿½nicas ou elï¿½tricas;Queda de ocupante de veï¿½culo;Com Vï¿½timas Feridas;Pleno dia;Cï¿½u Claro;Dupla;Reta;Sim;0;0
2025-08-17;domingo;04:45:00;SP;116;SAO LOURENCO DA SERRA;Manobra de mudanï¿½a de faixa;Colisï¿½o traseira;Com Vï¿½timas Feridas;Amanhecer;Cï¿½u Claro;Dupla;"Aclive;Curva";Nï¿½o;0;0
2025-06-28;sï¿½bado;11:00:00;SC;101;ITAPEMA;Manobra de mudanï¿½a de faixa;Colisï¿½o lateral mesmo sentido;Com Vï¿½timas Feridas;Pleno dia;Nublado;Mï¿½ltipla;"Reta;Declive";Sim;0;0
2025-08-24;domingo;10:30:00;MT;174;PONTES E LACERDA;Conversï¿½o proibida;Colisï¿½o lateral mesmo sentido;Sem Vï¿½timas;Pleno dia;Sol;Simples;Reta;Sim;0;0
2025-06-17;terï¿½a-feira;11:28:00;TO;153;SANTA RITA DO TOCANTINS;Ultrapassagem Indevida;Colisï¿½o frontal;Com Vï¿½timas Fatais;Pleno dia;Cï¿½u Claro;Simples;Reta;Nï¿½o;1;1
2025-08-24;domingo;12:50:00;BA;101;URUCUCA;Ultrapassagem Indevida;Colisï¿½o frontal;Com Vï¿½timas Feridas;Pleno dia;Nublado;Simples;Reta;Nï¿½o;0;0
2025-08-24;domingo;15:30:00;PR;163;LINDOESTE;Chuva;Colisï¿½o lateral mesmo sentido;Com Vï¿½timas Feridas;Pleno dia;Chuva;Dupla;Curva;Nï¿½o;0;0
2025-08-24;domingo;12:13:00;RO;364;OURO PRETO DO OESTE;Frear bruscamente;Colisï¿½o traseira;Com Vï¿½timas Feridas;Pleno dia;Sol;Simples;Reta;Sim;0;0
2025-08-24;domingo;16:49:00;ES;101;PEDRO CANARIO;Ingestï¿½o de ï¿½lcool pelo condutor;Colisï¿½o lateral sentido oposto;Com Vï¿½timas Feridas;Anoitecer;Cï¿½u Claro;Simples;Curva;Nï¿½o;0;0