data_inversa;dia_semana;horario;uf;br;municipio;causa_acidente;tipo_acidente;classificacao_acidente;fase_dia;condicao_metereologica;tipo_pista;tracado_via;uso_solo;mortos;acidente_fatal
2025-09-12;sexta-feira;16:00:00;MG;40;CONTAGEM;Trafegar com motocicleta (ou similar) entre as faixas;Colisï¿½o lateral mesmo sentido;Com Vï¿½timas Feridas;Pleno dia;Cï¿½u Claro;Dupla;Reta;Sim;0;0
2025-09-12;sexta-feira;14:40:00;MG;381;ITAGUARA;Ausï¿½ncia de reaï¿½ï¿½o do condutor;Saï¿½da de leito carroï¿½ï¿½vel;Com Vï¿½timas Feridas;Pleno dia;Cï¿½u Claro;Dupla;Reta;Nï¿½o;0;0
2025-09-12;sexta-feira;15:40:00;SP;153;SAO JOSE DO RIO PRETO;Ausï¿½ncia de reaï¿½ï¿½o do condutor;Colisï¿½o traseira;Com Vï¿½timas Feridas;Pleno dia;Cï¿½u Claro;Dupla;"Reta;Declive";Sim;0;0
2025-09-12;sexta-feira;17:58:00;RS;116;SAPUCAIA DO SUL;Manobra de mudanï¿½a de faixa;Colisï¿½o lateral mesmo sentido;Sem Vï¿½timas;Anoitecer;Cï¿½u Claro;Mï¿½ltipla;Reta;Sim;0;0
2025-09-12;sexta-feira;14:30:00;MT;364;RONDONOPOLIS;Acessar a via sem observar a presenï¿½a dos outros veï¿½culos;Colisï¿½o lateral mesmo sentido;Com Vï¿½timas Feridas;Pleno dia;Sol;Dupla;Interseï¿½ï¿½o de Vias;Sim;0;0
2025-09-12;sexta-feira;11:10:00;MT;70;VARZEA GRANDE;ï¿½rea urbana sem a presenï¿½a de local apropriado para a travessia de pedestres;Atropelamento de Pedestre;Com Vï¿½timas Feridas;Pleno dia;Cï¿½u Claro;Simples;Reta;Sim;0;0
2025-09-12;sexta-feira;16:10:00;MG;153;PRATA;Velocidade Incompatï¿½vel;Colisï¿½o com objeto;Com Vï¿½timas Feridas;Pleno dia;Cï¿½u Claro;Mï¿½ltipla;Reta;Nï¿½o;0;0
2025-09-12;sexta-feira;17:10:00;MT;70;CUIABA;Ausï¿½ncia de reaï¿½ï¿½o do condutor;Colisï¿½o traseira;Com Vï¿½timas Feridas;Pleno dia;Sol;Dupla;Reta;Nï¿½o;0;0
2025-09-12;sexta-feira;18:36:00;PE;316;TRINDADE;Transitar na contramï¿½o;Colisï¿½o frontal;Com Vï¿½timas Feridas;Plena Noite;Cï¿½u Claro;Simples;Reta;Sim;0;0
2025-09-12;sexta-feira;19:15:00;SP;153;NOVA GRANADA;Condutor Dormindo;Colisï¿½o frontal;Com Vï¿½timas Feridas;Plena Noite;Cï¿½u Claro;Simples;Interseï¿½ï¿½o de Vias;Sim;0;0
2025-09-12;sexta-feira;10:10:00;BA;242;PALMEIRAS;Velocidade Incompatï¿½vel;Tombamento;Com Vï¿½timas Feridas;Pleno dia;Sol;Simples;"Curva;Declive";Nï¿½o;0;0
2025-09-12;sexta-feira;19:30:00;MS;262;CAMPO GRANDE;Reaï¿½ï¿½o tardia ou ineficiente do condutor;Colisï¿½o com objeto;Com Vï¿½timas Feridas;Plena Noite;Cï¿½u Claro;Simples;Reta;Sim;0;0
2025-09-12;sexta-feira;18:30:00;MT;364;CUIABA;Acessar a via sem observar a presenï¿½a dos outros veï¿½culos;Colisï¿½o lateral mesmo sentido;Com Vï¿½timas Feridas;Plena Noite;Cï¿½u Claro;Dupla;Reta;Sim;0;0
2025-09-12;sexta-feira;16:55:00;SP;116;REGISTRO;Pedestre andava na pista;Atropelamento de Pedestre;Com Vï¿½timas Fatais;Pleno dia;Cï¿½u Claro;Dupla;Reta;Nï¿½o;1;1
2025-09-12;sexta-feira;20:00:00;GO;364;JATAI;Ausï¿½ncia de reaï¿½ï¿½o do condutor;Tombamento;Com Vï¿½timas Feridas;Plena Noite;Cï¿½u Claro;Simples;"Curva;Declive";Nï¿½o;0;0
2025-09-12;sexta-feira;19:46:00;PA;163;TRAIRAO;Velocidade Incompatï¿½vel;Tombamento;Com Vï¿½timas Feridas;Plena Noite;Cï¿½u Claro;Simples;"Aclive;Curva";Nï¿½o;0;0
2025-09-12;sexta-feira;18:15:00;PA;230;ITAITUBA;Carga excessiva e/ou mal acondicionada;Tombamento;Com Vï¿½timas Feridas;Plena Noite;Cï¿½u Claro;Simples;Curva;Nï¿½o;0;0
2025-09-12;sexta-feira;23:45:00;RN;226;PATU;Manobra de mudanï¿½a de faixa;Colisï¿½o lateral sentido oposto;Com Vï¿½timas Fatais;Plena Noite;Cï¿½u Claro;Simples;Reta;Nï¿½o;1;1
2025-09-12;sexta-feira;23:00:00;PR;116;CURITIBA;Ausï¿½ncia de reaï¿½ï¿½o do condutor;Colisï¿½o traseira;Com Vï¿½timas Fatais;Plena Noite;Nublado;Dupla;Reta;Nï¿½o;1;1
2025-09-12;sexta-feira;22:47:00;CE;116;MORADA NOVA;Carga excessiva e/ou mal acondicionada;Tombamento;Com Vï¿½timas Feridas;Plena Noite;Cï¿½u Claro;Simples;Curva;Nï¿½o;0;0
2025-09-13;sï¿½bado;00:50:00;RS;386;LAJEADO;Manobra de mudanï¿½a de faixa;Colisï¿½o traseira;Com Vï¿½timas Feridas;Plena Noite;Cï¿½u Claro;Dupla;Curva;Sim;0;0
2025-09-13;sï¿½bado;01:50:00;MG;381;SABARA;Reaï¿½ï¿½o tardia ou ineficiente do condutor;Atropelamento de Pedestre;Com Vï¿½timas Feridas;Plena Noite;Cï¿½u Claro;Simples;"Rotatï¿½ria;Curva";Sim;0;0
2025-09-12;sexta-feira;23:24:00;TO;153;RIO DOS BOIS;Transitar na contramï¿½o;Colisï¿½o frontal;Com Vï¿½timas Fatais;Plena Noite;Cï¿½u Claro;Simples;Reta;Nï¿½o;1;1
2025-09-13;sï¿½bado;02:20:00;PR;277;SANTA TEREZA DO OESTE;Ingestï¿½o de ï¿½lcool pelo condutor;Colisï¿½o lateral sentido oposto;Com Vï¿½timas Feridas;Plena Noite;Cï¿½u Claro;Simples;Reta;Sim;0;0
2025-09-13;sï¿½bado;03:20:00;SP;116;TAUBATE;Acessar a via sem observar a presenï¿½a dos outros veï¿½culos;Colisï¿½o traseira;Com Vï¿½timas Fatais;Plena Noite;Cï¿½u Claro;Dupla;Reta;Sim;2;1
2025-09-13;sï¿½bado;05:15:00;ES;101;CARIACICA;Ausï¿½ncia de reaï¿½ï¿½o do condutor;Colisï¿½o com objeto;Com Vï¿½timas Feridas;Amanhecer;Chuva;Dupla;Reta;Nï¿½o;0;0
2025-09-13;sï¿½bado;06:00:00;GO;364;APARECIDA DO RIO DOCE;Condutor Dormindo;Saï¿½da de leito carroï¿½ï¿½vel;Com Vï¿½timas Feridas;Amanhecer;Cï¿½u Claro;Simples;"Reta;Em Obras";Nï¿½o;0;0
2025-09-13;sï¿½bado;06:40:00;PR;376;MARINGA;Ingestï¿½o de ï¿½lcool pelo condutor;Colisï¿½o lateral mesmo sentido;Sem Vï¿½timas;Pleno dia;Cï¿½u Claro;Dupla;"Reta;Aclive";Nï¿½o;0;0
2025-09-13;sï¿½bado;06:20:00;PR;369;CAMBE;Ingestï¿½o de ï¿½lcool pelo condutor;Colisï¿½o traseira;Com Vï¿½timas Feridas;Amanhecer;Cï¿½u Claro;Dupla;Curva;Sim;0;0
2025-09-13;sï¿½bado;05:40:00;RJ;101;MACAE;Condutor Dormindo;Colisï¿½o frontal;Com Vï¿½timas Fatais;Amanhecer;Chuva;Simples;"Curva;Declive";Nï¿½o;2;1
2025-09-13;sï¿½bado;02:10:00;RJ;393;VASSOURAS;Transitar na contramï¿½o;Colisï¿½o frontal;Com Vï¿½timas Fatais;Plena Noite;Nublado;Simples;Reta;Nï¿½o;2;1
2025-09-12;sexta-feira;21:20:00;MT;364;ROSARIO OESTE;Problema com o freio;Incï¿½ndio;Sem Vï¿½timas;Plena Noite;Cï¿½u Claro;Simples;Reta;Nï¿½o;0;0
2025-09-13;sï¿½bado;06:45:00;MG;381;BELO HORIZONTE;Condutor Dormindo;Colisï¿½o traseira;Com Vï¿½timas Feridas;Amanhecer;Cï¿½u Claro;Simples;"Viaduto;Reta";Sim;0;0
2025-09-13;sï¿½bado;07:40:00;SP;116;BARRA DO TURVO;Ausï¿½ncia de reaï¿½ï¿½o do condutor;Tombamento;Com Vï¿½timas Feridas;Pleno dia;Nublado;Simples;Reta;Nï¿½o;0;0
2025-09-13;sï¿½bado;10:00:00;ES;101;LINHARES;Manobra de mudanï¿½a de faixa;Saï¿½da de leito carroï¿½ï¿½vel;Sem Vï¿½timas;Pleno dia;Nublado;Mï¿½ltipla;Reta;Sim;0;0
2025-09-13;sï¿½bado;08:45:00;MT;163;TERRA NOVA DO NORTE;Demais falhas mecï¿½nicas ou elï¿½tricas;Incï¿½ndio;Sem Vï¿½timas;Pleno dia;Cï¿½u Claro;Simples;"Reta;Declive";Nï¿½o;0;0
2025-09-13;sï¿½bado;11:00:00;PI;402;PARNAIBA;Acessar a via sem observar a presenï¿½a dos outros veï¿½culos;Colisï¿½o lateral sentido oposto;Com Vï¿½timas Feridas;Pleno dia;Cï¿½u Claro;Simples;Reta;Nï¿½o;0;0
2025-09-13;sï¿½bado;11:00:00;AM;174;MANAUS;Ultrapassagem Indevida;Colisï¿½o lateral mesmo sentido;Sem Vï¿½timas;Pleno dia;Chuva;Simples;"Reta;Aclive";Nï¿½o;0;0
2025-09-13;sï¿½bado;11:15:00;MG;116;TEOFILO OTONI;Ultrapassagem Indevida;Atropelamento de Pedestre;Com Vï¿½timas Fatais;Pleno dia;Cï¿½u Claro;Simples;Reta;Sim;1;1
2025-09-13;sï¿½bado;12:35:00;SC;280;SAO FRANCISCO DO SUL;Acessar a via sem observar a presenï¿½a dos outros veï¿½culos;Colisï¿½o transversal;Com Vï¿½timas Feridas;Pleno dia;Nublado;Simples;Reta;Sim;0;0
2025-08-22;sexta-feira;02:00:00;SP;116;JUQUIA;Reaï¿½ï¿½o tardia ou ineficiente do condutor;Colisï¿½o traseira;Com Vï¿½timas Feridas;Plena Noite;Cï¿½u Claro;Dupla;Reta;Nï¿½o;0;0
2025-09-13;sï¿½bado;13:10:00;ES;101;LINHARES;Transitar na contramï¿½o;Colisï¿½o frontal;Com Vï¿½timas Fatais;Pleno dia;Nublado;Dupla;Reta;Nï¿½o;1;1
2025-09-13;sï¿½bado;13:30:00;PR;376;MARINGA;Ausï¿½ncia de reaï¿½ï¿½o do condutor;Colisï¿½o lateral mesmo sentido;Com Vï¿½timas Feridas;Pleno dia;Nublado;Dupla;"Reta;Aclive";Sim;0;0
2025-09-13;sï¿½bado;14:20:00;DF;80;BRASILIA;Reaï¿½ï¿½o tardia ou ineficiente do condutor;Colisï¿½o lateral mesmo sentido;Com Vï¿½timas Feridas;Pleno dia;Cï¿½u Claro;Simples;Rotatï¿½ria;Sim;0;0
2025-09-13;sï¿½bado;15:10:00;SC;282;RANCHO QUEIMADO;Velocidade Incompatï¿½vel;Tombamento;Com Vï¿½timas Feridas;Pleno dia;Cï¿½u Claro;Simples;Curva;Nï¿½o;0;0
2025-09-13;sï¿½bado;14:20:00;CE;116;JAGUARIBE;Manobra de mudanï¿½a de faixa;Tombamento;Com Vï¿½timas Feridas;Pleno dia;Sol;Simples;Reta;Nï¿½o;0;0
2025-09-13;sï¿½bado;11:30:00;BA;101;PRADO;Velocidade Incompatï¿½vel;Tombamento;Com Vï¿½timas Feridas;Pleno dia;Sol;Simples;Curva;Nï¿½o;0;0
2025-09-13;sï¿½bado;15:35:00;SP;116;ROSEIRA;Ausï¿½ncia de reaï¿½ï¿½o do condutor;Colisï¿½o traseira;Com Vï¿½timas Feridas;Pleno dia;Nublado;Dupla;Reta;Nï¿½o;0;0
2025-09-13;sï¿½bado;15:35:00;RS;293;PELOTAS;Velocidade Incompatï¿½vel;Saï¿½da de leito carroï¿½ï¿½vel;Sem Vï¿½timas;Pleno dia;Cï¿½u Claro;Simples;Interseï¿½ï¿½o de Vias;Sim;0;0
2025-09-13;sï¿½bado;14:55:00;MS;262;MIRANDA;Manobra de mudanï¿½a de faixa;Colisï¿½o lateral mesmo sentido;Sem Vï¿½timas;Pleno dia;Sol;Simples;Reta;Nï¿½o;0;0
2025-09-13;sï¿½bado;16:10:00;SP;116;BARRA DO TURVO;Curva acentuada;Tombamento;Com Vï¿½timas Feridas;Pleno dia;Cï¿½u Claro;Simples;"Curva;Aclive";Nï¿½o;0;0
2025-09-13;sï¿½bado;17:15:00;RS;158;ITAARA;Velocidade Incompatï¿½vel;Tombamento;Com Vï¿½timas Feridas;Pleno dia;Cï¿½u Claro;Simples;"Aclive;Curva";Nï¿½o;0;0
2025-09-13;sï¿½bado;20:00:00;MA;135;BACABEIRA;Acessar a via sem observar a presenï¿½a dos outros veï¿½culos;Colisï¿½o traseira;Com Vï¿½timas Feridas;Plena Noite;Cï¿½u Claro;Dupla;Reta;Nï¿½o;0;0
2025-09-13;sï¿½bado;21:15:00;PR;116;MANDIRITUBA;Ingestï¿½o de ï¿½lcool pelo condutor;Colisï¿½o lateral mesmo sentido;Sem Vï¿½timas;Plena Noite;Cï¿½u Claro;Simples;Interseï¿½ï¿½o de Vias;Nï¿½o;0;0
2025-09-13;sï¿½bado;23:10:00;RS;386;FREDERICO WESTPHALEN;Ingestï¿½o de ï¿½lcool pelo condutor;Saï¿½da de leito carroï¿½ï¿½vel;Sem Vï¿½timas;Plena Noite;Cï¿½u Claro;Simples;"Curva;Aclive";Nï¿½o;0;0
2025-09-13;sï¿½bado;20:30:00;MG;116;CATUJI;Ausï¿½ncia de reaï¿½ï¿½o do condutor;Saï¿½da de leito carroï¿½ï¿½vel;Com Vï¿½timas Feridas;Plena Noite;Nublado;Simples;Curva;Nï¿½o;0;0
2025-09-13;sï¿½bado;17:50:00;GO;80;VILA PROPICIO;Reaï¿½ï¿½o tardia ou ineficiente do condutor;Tombamento;Com Vï¿½timas Feridas;Plena Noite;Cï¿½u Claro;Simples;Reta;Nï¿½o;0;0
2025-09-13;sï¿½bado;23:10:00;SP;116;SAO JOSE DOS CAMPOS;Acessar a via sem observar a presenï¿½a dos outros veï¿½culos;Colisï¿½o traseira;Sem Vï¿½timas;Plena Noite;Nublado;Mï¿½ltipla;"Reta;Desvio Temporï¿½rio;Em Obras";Sim;0;0
2025-09-13;sï¿½bado;22:40:00;PR;373;PONTA GROSSA;Ausï¿½ncia de reaï¿½ï¿½o do condutor;Colisï¿½o lateral mesmo sentido;Sem Vï¿½timas;Plena Noite;Cï¿½u Claro;Dupla;Curva;Sim;0;0
2025-09-13;sï¿½bado;23:20:00;SC;470;PONTE ALTA;Ausï¿½ncia de reaï¿½ï¿½o do condutor;Tombamento;Com Vï¿½timas Feridas;Plena Noite;Cï¿½u Claro;Simples;"Declive;Curva";Nï¿½o;0;0
2025-09-13;sï¿½bado;20:28:00;BA;324;SAO JOSE DO JACUIPE;Reaï¿½ï¿½o tardia ou ineficiente do condutor;Colisï¿½o lateral sentido oposto;Com Vï¿½timas Fatais;Plena Noite;Vento;Simples;Reta;Nï¿½o;1;1
2025-09-14;domingo;01:00:00;RS;290;ELDORADO DO SUL;Condutor Dormindo;Colisï¿½o lateral sentido oposto;Com Vï¿½timas Feridas;Plena Noite;Cï¿½u Claro;Simples;Reta;Nï¿½o;0;0
2025-09-14;domingo;00:00:00;SP;116;CAJATI;Reaï¿½ï¿½o tardia ou ineficiente do condutor;Incï¿½ndio;Sem Vï¿½timas;Plena Noite;Cï¿½u Claro;Dupla;Reta;Nï¿½o;0;0
2025-09-13;sï¿½bado;19:45:00;PE;232;SAO JOSE DO BELMONTE;Transitar na contramï¿½o;Colisï¿½o frontal;Sem Vï¿½timas;Plena Noite;Cï¿½u Claro;Simples;Reta;Nï¿½o;0;0
2025-09-14;domingo;00:40:00;PR;153;VENTANIA;Ausï¿½ncia de reaï¿½ï¿½o do condutor;Colisï¿½o traseira;Com Vï¿½timas Fatais;Plena Noite;Cï¿½u Claro;Simples;Curva;Nï¿½o;1;1
2025-09-14;domingo;04:49:00;AL;104;BRANQUINHA;Ingestï¿½o de ï¿½lcool pelo condutor;Colisï¿½o frontal;Com Vï¿½timas Fatais;Amanhecer;Nublado;Simples;"Curva;Declive";Nï¿½o;1;1
2025-09-14;domingo;05:00:00;PR;369;BANDEIRANTES;Transitar na contramï¿½o;Colisï¿½o frontal;Com Vï¿½timas Feridas;Amanhecer;Cï¿½u Claro;Simples;Reta;Nï¿½o;0;0
2025-09-13;sï¿½bado;18:36:00;MT;364;JANGADA;Acumulo de areia ou detritos sobre o pavimento;Colisï¿½o frontal;Com Vï¿½timas Feridas;Anoitecer;Ignorado;Simples;Reta;Nï¿½o;0;0
2025-09-14;domingo;07:17:00;AL;101;SAO MIGUEL DOS CAMPOS;Acessar a via sem observar a presenï¿½a dos outros veï¿½culos;Colisï¿½o transversal;Com Vï¿½timas Feridas;Pleno dia;Nublado;Simples;Rotatï¿½ria;Sim;0;0
2025-09-14;domingo;04:30:00;RJ;393;BARRA DO PIRAI;Condutor Dormindo;Saï¿½da de leito carroï¿½ï¿½vel;Com Vï¿½timas Fatais;Amanhecer;Garoa/Chuvisco;Simples;"Curva;Declive";Nï¿½o;1;1
2025-09-14;domingo;07:41:00;CE;222;SAO GONCALO DO AMARANTE;Desrespeitar a preferï¿½ncia no cruzamento;Colisï¿½o transversal;Com Vï¿½timas Feridas;Pleno dia;Cï¿½u Claro;Simples;Reta;Sim;0;0
2025-09-14;domingo;07:00:00;BA;101;CARAVELAS;Reaï¿½ï¿½o tardia ou ineficiente do condutor;Colisï¿½o traseira;Com Vï¿½timas Feridas;Pleno dia;Chuva;Simples;Reta;Nï¿½o;0;0
2025-09-14;domingo;09:00:00;SC;101;PALHOCA;Manobra de mudanï¿½a de faixa;Colisï¿½o lateral mesmo sentido;Com Vï¿½timas Feridas;Pleno dia;Nublado;Dupla;Reta;Sim;0;0
2025-09-14;domingo;10:30:00;PR;277;MORRETES;Trafegar com motocicleta (ou similar) entre as faixas;Colisï¿½o lateral mesmo sentido;Com Vï¿½timas Feridas;Pleno dia;Cï¿½u Claro;Dupla;"Curva;Aclive";Nï¿½o;0;0
2025-09-14;domingo;07:15:00;SC;116;SANTA CECILIA;Acessar a via sem observar a presenï¿½a dos outros veï¿½culos;Colisï¿½o transversal;Com Vï¿½timas Feridas;Pleno dia;Cï¿½u Claro;Simples;"Interseï¿½ï¿½o de Vias;Rotatï¿½ria;Reta;Declive";Sim;0;0
2025-09-14;domingo;10:30:00;RJ;101;ITABORAI;Reaï¿½ï¿½o tardia ou ineficiente do condutor;Tombamento;Com Vï¿½timas Feridas;Pleno dia;Nublado;Dupla;Reta;Nï¿½o;0;0
2025-09-14;domingo;10:40:00;GO;153;SAO FRANCISCO DE GOIAS;Velocidade Incompatï¿½vel;Capotamento;Com Vï¿½timas Feridas;Pleno dia;Sol;Simples;"Curva;Declive";Nï¿½o;0;0
2025-09-14;domingo;13:00:00;PR;376;CURITIBA;Reaï¿½ï¿½o tardia ou ineficiente do condutor;Atropelamento de Pedestre;Com Vï¿½timas Feridas;Pleno dia;Cï¿½u Claro;Dupla;"Reta;Declive";Sim;0;0
2025-09-14;domingo;13:30:00;RJ;101;CAMPOS DOS GOYTACAZES;Manobra de mudanï¿½a de faixa;Colisï¿½o frontal;Com Vï¿½timas Fatais;Pleno dia;Nublado;Simples;"Reta;Declive";Nï¿½o;1;1
2025-09-14;domingo;12:00:00;MT;163;GUARANTA DO NORTE;Problema com o freio;Tombamento;Com Vï¿½timas Feridas;Pleno dia;Cï¿½u Claro;Simples;"Curva;Declive";Nï¿½o;0;0
2025-09-14;domingo;14:02:00;MS;267;BATAGUASSU;Acessar a via sem observar a presenï¿½a dos outros veï¿½culos;Colisï¿½o transversal;Com Vï¿½timas Fatais;Pleno dia;Cï¿½u Claro;Simples;Declive;Nï¿½o;1;1
2025-09-14;domingo;15:30:00;PR;277;PARANAGUA;Ingestï¿½o de ï¿½lcool pelo condutor;Tombamento;Com Vï¿½timas Fatais;Pleno dia;Nublado;Dupla;"Interseï¿½ï¿½o de Vias;Curva";Sim;1;1
2025-09-10;quarta-feira;16:50:00;MS;163;DOURADOS;Ultrapassagem Indevida;Colisï¿½o traseira;Com Vï¿½timas Feridas;Pleno dia;Cï¿½u Claro;Dupla;Rotatï¿½ria;Sim;0;0
2025-09-14;domingo;16:30:00;MG;262;BOM DESPACHO;Velocidade Incompatï¿½vel;Colisï¿½o transversal;Com Vï¿½timas Fatais;Pleno dia;Sol;Simples;"Rotatï¿½ria;Reta";Nï¿½o;1;1
2025-09-14;domingo;15:20:00;GO;60;ALEXANIA;Reaï¿½ï¿½o tardia ou ineficiente do condutor;Saï¿½da de leito carroï¿½ï¿½vel;Com Vï¿½timas Feridas;Pleno dia;Cï¿½u Claro;Dupla;"Declive;Reta";Nï¿½o;0;0
2025-09-14;domingo;18:00:00;RS;386;NOVA SANTA RITA;Reaï¿½ï¿½o tardia ou ineficiente do condutor;Colisï¿½o traseira;Sem Vï¿½timas;Anoitecer;Cï¿½u Claro;Dupla;Rotatï¿½ria;Sim;0;0
2025-09-14;domingo;16:00:00;PR;277;PALMEIRA;Ausï¿½ncia de reaï¿½ï¿½o do condutor;Saï¿½da de leito carroï¿½ï¿½vel;Com Vï¿½timas Feridas;Pleno dia;Cï¿½u Claro;Simples;Reta;Nï¿½o;0;0
2025-09-14;domingo;13:00:00;MT;174;COMODORO;Reaï¿½ï¿½o tardia ou ineficiente do condutor;Saï¿½da de leito carroï¿½ï¿½vel;Com Vï¿½timas Feridas;Pleno dia;Cï¿½u Claro;Simples;Reta;Nï¿½o;0;0
2025-08-14;quinta-feira;08:35:00;RN;304;MACAIBA;Condutor deixou de manter distï¿½ncia do veï¿½culo da frente;Colisï¿½o transversal;Com Vï¿½timas Feridas;Pleno dia;Cï¿½u Claro;Dupla;"Reta;Declive";Nï¿½o;0;0
2025-09-14;domingo;19:50:00;PR;277;LARANJEIRAS DO SUL;Manobra de mudanï¿½a de faixa;Colisï¿½o com objeto;Sem Vï¿½timas;Anoitecer;Cï¿½u Claro;Simples;Reta;Nï¿½o;0;0
2025-09-14;domingo;17:30:00;MG;262;LUZ;Condutor usando celular;Saï¿½da de leito carroï¿½ï¿½vel;Com Vï¿½timas Feridas;Pleno dia;Sol;Simples;Reta;Nï¿½o;0;0
2025-09-14;domingo;19:14:00;PE;232;SERRA TALHADA;Transitar na contramï¿½o;Colisï¿½o lateral sentido oposto;Com Vï¿½timas Feridas;Plena Noite;Cï¿½u Claro;Simples;Reta;Nï¿½o;0;0
2025-09-14;domingo;19:00:00;MA;226;PORTO FRANCO;Acostamento em desnï¿½vel;Capotamento;Com Vï¿½timas Feridas;Plena Noite;Cï¿½u Claro;Simples;Reta;Nï¿½o;0;0
2025-09-14;domingo;17:11:00;MT;70;VARZEA GRANDE;Semï¿½foro com defeito;Colisï¿½o transversal;Com Vï¿½timas Feridas;Anoitecer;Nublado;Simples;"Interseï¿½ï¿½o de Vias;Reta";Sim;0;0
2025-09-06;sï¿½bado;17:10:00;PR;376;PALMEIRA;Demais falhas mecï¿½nicas ou elï¿½tricas;Colisï¿½o com objeto;Com Vï¿½timas Feridas;Pleno dia;Cï¿½u Claro;Dupla;Reta;Nï¿½o;0;0
2025-09-14;domingo;22:00:00;ES;262;VENDA NOVA DO IMIGRANTE;Demais falhas mecï¿½nicas ou elï¿½tricas;Incï¿½ndio;Sem Vï¿½timas;Plena Noite;Nublado;Simples;Reta;Sim;0;0
2025-09-14;domingo;23:45:00;BA;116;FEIRA DE SANTANA;Ingestï¿½o de substï¿½ncias psicoativas pelo condutor;Colisï¿½o com objeto;Sem Vï¿½timas;Plena Noite;Nublado;Dupla;Reta;Sim;0;0
2025-09-15;segunda-feira;01:40:00;SP;116;QUELUZ;Ausï¿½ncia de reaï¿½ï¿½o do condutor;Colisï¿½o traseira;Com Vï¿½timas Feridas;Plena Noite;Cï¿½u Claro;Dupla;Reta;Nï¿½o;0;0
2025-09-15;segunda-feira;02:00:00;MT;163;RONDONOPOLIS;Ausï¿½ncia de reaï¿½ï¿½o do condutor;Colisï¿½o traseira;Com Vï¿½timas Feridas;Plena Noite;Cï¿½u Claro;Dupla;Reta;Sim;0;0
2025-09-14;domingo;17:39:00;MA;135;SAO LUIS;Velocidade Incompatï¿½vel;Colisï¿½o traseira;Com Vï¿½timas Feridas;Anoitecer;Cï¿½u Claro;Simples;Reta;Sim;0;0
2025-09-15;segunda-feira;02:40:00;PE;232;CUSTODIA;Reaï¿½ï¿½o tardia ou ineficiente do condutor;Colisï¿½o lateral mesmo sentido;Com Vï¿½timas Fatais;Plena Noite;Cï¿½u Claro;Simples;Reta;Nï¿½o;1;1
2025-09-15;segunda-feira;04:00:00;MG;381;PERDOES;Reaï¿½ï¿½o tardia ou ineficiente do condutor;Colisï¿½o traseira;Com Vï¿½timas Feridas;Amanhecer;Nublado;Dupla;"Reta;Aclive";Nï¿½o;0;0
2025-09-15;segunda-feira;04:40:00;CE;222;SOBRAL;Acesso irregular;Colisï¿½o traseira;Com Vï¿½timas Feridas;Plena Noite;Cï¿½u Claro;Simples;Reta;Nï¿½o;0;0
2025-09-15;segunda-feira;04:20:00;MG;40;RIBEIRAO DAS NEVES;Velocidade Incompatï¿½vel;Saï¿½da de leito carroï¿½ï¿½vel;Com Vï¿½timas Feridas;Amanhecer;Cï¿½u Claro;Simples;"Retorno Regulamentado;Interseï¿½ï¿½o de Vias;Aclive;Curva";Sim;0;0
2025-09-15;segunda-feira;04:15:00;PI;316;MONSENHOR GIL;Transitar na contramï¿½o;Colisï¿½o lateral sentido oposto;Com Vï¿½timas Fatais;Plena Noite;Cï¿½u Claro;Simples;Reta;Nï¿½o;1;1
2025-09-15;segunda-feira;03:35:00;MT;174;MIRASSOL DOESTE;Animais na Pista;Atropelamento de Animal;Sem Vï¿½timas;Plena Noite;Cï¿½u Claro;Simples;Reta;Nï¿½o;0;0
2025-09-15;segunda-feira;06:05:00;SP;116;ITAPECERICA DA SERRA;Trafegar com motocicleta (ou similar) entre as faixas;Colisï¿½o lateral mesmo sentido;Com Vï¿½timas Feridas;Pleno dia;Nublado;Dupla;Reta;Sim;0;0
2025-09-15;segunda-feira;04:40:00;MG;153;MONTE ALEGRE DE MINAS;Ausï¿½ncia de reaï¿½ï¿½o do condutor;Saï¿½da de leito carroï¿½ï¿½vel;Com Vï¿½timas Fatais;Plena Noite;Cï¿½u Claro;Dupla;Reta;Nï¿½o;1;1
2025-09-15;segunda-feira;02:10:00;SC;153;CONCORDIA;Transitar na contramï¿½o;Colisï¿½o lateral sentido oposto;Com Vï¿½timas Feridas;Plena Noite;Cï¿½u Claro;Simples;Curva;Nï¿½o;0;0
2025-08-02;sï¿½bado;04:35:00;MG;251;FRANCISCO SA;Velocidade Incompatï¿½vel;Tombamento;Com Vï¿½timas Feridas;Amanhecer;Cï¿½u Claro;Simples;Reta;Nï¿½o;0;0
2025-09-15;segunda-feira;07:00:00;RS;116;PELOTAS;Ausï¿½ncia de reaï¿½ï¿½o do condutor;Colisï¿½o traseira;Com Vï¿½timas Fatais;Pleno dia;Nublado;Mï¿½ltipla;Reta;Sim;1;1
2025-09-15;segunda-feira;02:25:00;PA;163;TRAIRAO;Condutor Dormindo;Saï¿½da de leito carroï¿½ï¿½vel;Com Vï¿½timas Feridas;Plena Noite;Cï¿½u Claro;Simples;"Reta;Declive";Nï¿½o;0;0
2025-09-15;segunda-feira;07:50:00;BA;324;CANDEIAS;Carga excessiva e/ou mal acondicionada;Tombamento;Sem Vï¿½timas;Pleno dia;Nublado;Dupla;Reta;Nï¿½o;0;0
2025-09-15;segunda-feira;08:00:00;BA;101;CONCEICAO DA FEIRA;Condutor Dormindo;Colisï¿½o lateral sentido oposto;Com Vï¿½timas Feridas;Pleno dia;Cï¿½u Claro;Simples;"Aclive;Reta";Nï¿½o;0;0
2025-09-15;segunda-feira;08:02:00;MS;163;MUNDO NOVO;Desrespeitar a preferï¿½ncia no cruzamento;Colisï¿½o transversal;Com Vï¿½timas Feridas;Pleno dia;Cï¿½u Claro;Simples;"Reta;Interseï¿½ï¿½o de Vias";Nï¿½o;0;0