data_inversa;dia_semana;horario;uf;br;municipio;causa_acidente;tipo_acidente;classificacao_acidente;fase_dia;condicao_metereologica;tipo_pista;tracado_via;uso_solo;mortos;acidente_fatal
2025-09-17;quarta-feira;11:00:00;SC;101;SANGAO;Ausï¿½ncia de reaï¿½ï¿½o do condutor;Saï¿½da de leito carroï¿½ï¿½vel;Com Vï¿½timas Feridas;Pleno dia;Nublado;Simples;Curva;Nï¿½o;0;0
2025-09-17;quarta-feira;11:20:00;RS;116;VACARIA;Transitar na contramï¿½o;Colisï¿½o lateral sentido oposto;Com Vï¿½timas Feridas;Pleno dia;Cï¿½u Claro;Simples;Reta;Nï¿½o;0;0
2025-09-17;quarta-feira;09:40:00;MG;50;UBERABA;Condutor Dormindo;Colisï¿½o traseira;Com Vï¿½timas Feridas;Pleno dia;Cï¿½u Claro;Dupla;"Reta;Aclive";Nï¿½o;0;0
2025-04-08;terï¿½a-feira;10:48:00;MG;381;SAO JOAQUIM DE BICAS;Demais falhas mecï¿½nicas ou elï¿½tricas;Incï¿½ndio;Sem Vï¿½timas;Pleno dia;Cï¿½u Claro;Mï¿½ltipla;"Declive;Reta";Sim;0;0
2025-09-17;quarta-feira;06:50:00;MT;364;RONDONOPOLIS;Trafegar com motocicleta (ou similar) entre as faixas;Colisï¿½o traseira;Com Vï¿½timas Feridas;Pleno dia;Cï¿½u Claro;Dupla;Curva;Sim;0;0
2025-09-17;quarta-feira;13:00:00;SC;101;BARRA VELHA;Velocidade Incompatï¿½vel;Colisï¿½o com objeto;Com Vï¿½timas Feridas;Pleno dia;Cï¿½u Claro;Dupla;Declive;Nï¿½o;0;0
2025-09-17;quarta-feira;12:45:00;MG;116;SANTA RITA DE MINAS;Transitar na contramï¿½o;Colisï¿½o lateral sentido oposto;Com Vï¿½timas Feridas;Pleno dia;Cï¿½u Claro;Simples;Curva;Nï¿½o;0;0
2025-09-17;quarta-feira;09:05:00;MG;251;PADRE CARVALHO;Reaï¿½ï¿½o tardia ou ineficiente do condutor;Colisï¿½o com objeto;Com Vï¿½timas Feridas;Pleno dia;Sol;Simples;Curva;Nï¿½o;0;0
2025-09-17;quarta-feira;12:40:00;RJ;116;MESQUITA;Ausï¿½ncia de reaï¿½ï¿½o do condutor;Colisï¿½o lateral mesmo sentido;Com Vï¿½timas Feridas;Pleno dia;Sol;Mï¿½ltipla;Reta;Sim;0;0
2025-09-17;quarta-feira;14:00:00;SP;116;GUARATINGUETA;Carga excessiva e/ou mal acondicionada;Colisï¿½o com objeto;Com Vï¿½timas Feridas;Pleno dia;Cï¿½u Claro;Dupla;Reta;Sim;0;0
2025-09-17;quarta-feira;14:50:00;PR;277;PARANAGUA;Retorno proibido;Colisï¿½o transversal;Com Vï¿½timas Feridas;Pleno dia;Sol;Simples;Interseï¿½ï¿½o de Vias;Sim;0;0
2025-09-17;quarta-feira;14:00:00;PB;230;INGA;Demais falhas mecï¿½nicas ou elï¿½tricas;Incï¿½ndio;Com Vï¿½timas Feridas;Pleno dia;Cï¿½u Claro;Dupla;Reta;Nï¿½o;0;0
2025-09-17;quarta-feira;12:00:00;RJ;101;ITABORAI;Reaï¿½ï¿½o tardia ou ineficiente do condutor;Colisï¿½o traseira;Com Vï¿½timas Feridas;Pleno dia;Cï¿½u Claro;Dupla;Reta;Sim;0;0
2025-09-17;quarta-feira;15:50:00;GO;153;GOIATUBA;Ausï¿½ncia de reaï¿½ï¿½o do condutor;Saï¿½da de leito carroï¿½ï¿½vel;Com Vï¿½timas Feridas;Pleno dia;Cï¿½u Claro;Dupla;Declive;Nï¿½o;0;0
2025-09-05;sexta-feira;12:30:00;RS;158;PALMEIRA DAS MISSOES;Velocidade Incompatï¿½vel;Tombamento;Com Vï¿½timas Feridas;Pleno dia;Nublado;Simples;Rotatï¿½ria;Nï¿½o;0;0
2025-09-17;quarta-feira;16:10:00;PR;369;LONDRINA;Condutor desrespeitou a iluminaï¿½ï¿½o vermelha do semï¿½foro;Colisï¿½o transversal;Com Vï¿½timas Feridas;Pleno dia;Cï¿½u Claro;Dupla;"Interseï¿½ï¿½o de Vias;Retorno Regulamentado;Reta";Sim;0;0
2025-09-17;quarta-feira;15:50:00;PR;277;CURITIBA;Manobra de mudanï¿½a de faixa;Colisï¿½o lateral mesmo sentido;Com Vï¿½timas Feridas;Pleno dia;Sol;Dupla;Reta;Sim;0;0
2025-09-17;quarta-feira;16:30:00;SP;116;JUQUITIBA;Reaï¿½ï¿½o tardia ou ineficiente do condutor;Colisï¿½o frontal;Com Vï¿½timas Feridas;Pleno dia;Chuva;Dupla;Reta;Nï¿½o;0;0
2025-09-17;quarta-feira;16:30:00;SP;116;JUQUITIBA;Ausï¿½ncia de reaï¿½ï¿½o do condutor;Colisï¿½o com objeto;Com Vï¿½timas Feridas;Pleno dia;Cï¿½u Claro;Dupla;Reta;Sim;0;0
2025-09-13;sï¿½bado;22:00:00;GO;70;MONTES CLAROS DE GOIAS;Ausï¿½ncia de reaï¿½ï¿½o do condutor;Colisï¿½o traseira;Com Vï¿½timas Feridas;Plena Noite;Cï¿½u Claro;Simples;Reta;Sim;0;0
2025-09-17;quarta-feira;17:20:00;MG;153;MONTE ALEGRE DE MINAS;Manobra de mudanï¿½a de faixa;Colisï¿½o lateral mesmo sentido;Com Vï¿½timas Feridas;Pleno dia;Cï¿½u Claro;Dupla;"Reta;Declive";Nï¿½o;0;0
2025-09-17;quarta-feira;17:35:00;RN;101;PARNAMIRIM;Trafegar com motocicleta (ou similar) entre as faixas;Colisï¿½o lateral mesmo sentido;Com Vï¿½timas Feridas;Plena Noite;Cï¿½u Claro;Mï¿½ltipla;Reta;Sim;0;0
2025-09-17;quarta-feira;17:02:00;MS;163;CAMPO GRANDE;Problema com o freio;Saï¿½da de leito carroï¿½ï¿½vel;Com Vï¿½timas Feridas;Pleno dia;Cï¿½u Claro;Simples;Reta;Sim;0;0
2025-09-17;quarta-feira;16:19:00;CE;116;PENAFORTE;Reaï¿½ï¿½o tardia ou ineficiente do condutor;Colisï¿½o transversal;Com Vï¿½timas Fatais;Pleno dia;Cï¿½u Claro;Simples;Reta;Nï¿½o;1;1
2025-09-17;quarta-feira;17:55:00;RS;116;PELOTAS;Velocidade Incompatï¿½vel;Colisï¿½o traseira;Com Vï¿½timas Feridas;Pleno dia;Cï¿½u Claro;Mï¿½ltipla;Reta;Nï¿½o;0;0
2025-09-17;quarta-feira;18:00:00;RS;386;FAZENDA VILANOVA;Manobra de mudanï¿½a de faixa;Colisï¿½o transversal;Com Vï¿½timas Feridas;Pleno dia;Cï¿½u Claro;Dupla;Reta;Nï¿½o;0;0
2025-09-17;quarta-feira;18:50:00;MG;262;MOEMA;Frear bruscamente;Colisï¿½o traseira;Com Vï¿½timas Feridas;Plena Noite;Cï¿½u Claro;Simples;Reta;Nï¿½o;0;0
2025-09-17;quarta-feira;18:30:00;MG;365;INDIANOPOLIS;Transitar na contramï¿½o;Colisï¿½o frontal;Com Vï¿½timas Fatais;Plena Noite;Vento;Simples;"Reta;Aclive";Nï¿½o;1;1
2025-09-17;quarta-feira;16:00:00;GO;60;ACREUNA;Manobra de mudanï¿½a de faixa;Colisï¿½o transversal;Com Vï¿½timas Feridas;Pleno dia;Cï¿½u Claro;Dupla;Curva;Nï¿½o;0;0
2025-09-17;quarta-feira;17:30:00;SC;158;PALMITOS;Acessar a via sem observar a presenï¿½a dos outros veï¿½culos;Colisï¿½o transversal;Com Vï¿½timas Feridas;Pleno dia;Cï¿½u Claro;Simples;Rotatï¿½ria;Nï¿½o;0;0
2025-08-16;sï¿½bado;08:23:00;TO;153;ALIANCA DO TOCANTINS;Condutor Dormindo;Colisï¿½o lateral sentido oposto;Com Vï¿½timas Feridas;Pleno dia;Cï¿½u Claro;Simples;"Aclive;Reta";Nï¿½o;0;0
2025-09-17;quarta-feira;15:00:00;BA;367;EUNAPOLIS;Velocidade Incompatï¿½vel;Colisï¿½o lateral sentido oposto;Com Vï¿½timas Feridas;Pleno dia;Cï¿½u Claro;Simples;Curva;Nï¿½o;0;0
2025-09-17;quarta-feira;18:10:00;PA;155;MARABA;Ultrapassagem Indevida;Colisï¿½o lateral mesmo sentido;Com Vï¿½timas Feridas;Plena Noite;Cï¿½u Claro;Simples;Reta;Nï¿½o;0;0
2025-09-17;quarta-feira;19:30:00;GO;414;COCALZINHO DE GOIAS;Demais falhas mecï¿½nicas ou elï¿½tricas;Colisï¿½o com objeto;Com Vï¿½timas Feridas;Plena Noite;Ignorado;Simples;Reta;Nï¿½o;0;0
2025-09-17;quarta-feira;17:00:00;BA;116;JAGUAQUARA;Conversï¿½o proibida;Colisï¿½o transversal;Com Vï¿½timas Fatais;Anoitecer;Cï¿½u Claro;Simples;Reta;Sim;1;1
2025-09-17;quarta-feira;17:30:00;SC;470;CURITIBANOS;Reaï¿½ï¿½o tardia ou ineficiente do condutor;Colisï¿½o lateral sentido oposto;Com Vï¿½timas Feridas;Pleno dia;Cï¿½u Claro;Simples;"Declive;Curva";Nï¿½o;0;0
2025-09-17;quarta-feira;19:00:00;GO;60;JATAI;Demais falhas mecï¿½nicas ou elï¿½tricas;Incï¿½ndio;Sem Vï¿½timas;Plena Noite;Nublado;Dupla;Curva;Nï¿½o;0;0
2025-09-17;quarta-feira;20:15:00;SP;116;BARRA DO TURVO;Ausï¿½ncia de reaï¿½ï¿½o do condutor;Saï¿½da de leito carroï¿½ï¿½vel;Com Vï¿½timas Feridas;Plena Noite;Nublado;Simples;Aclive;Nï¿½o;0;0
2025-09-17;quarta-feira;14:16:00;PA;163;ITAITUBA;Pista Escorregadia;Colisï¿½o lateral sentido oposto;Com Vï¿½timas Feridas;Pleno dia;Chuva;Simples;"Aclive;Curva";Nï¿½o;0;0
2025-09-17;quarta-feira;22:00:00;BA;235;JEREMOABO;Reaï¿½ï¿½o tardia ou ineficiente do condutor;Colisï¿½o frontal;Com Vï¿½timas Fatais;Plena Noite;Cï¿½u Claro;Simples;Reta;Nï¿½o;2;1
2025-09-17;quarta-feira;23:10:00;PR;277;IRATI;Reaï¿½ï¿½o tardia ou ineficiente do condutor;Saï¿½da de leito carroï¿½ï¿½vel;Sem Vï¿½timas;Plena Noite;Cï¿½u Claro;Simples;Reta;Nï¿½o;0;0
2025-09-17;quarta-feira;22:10:00;BA;101;ITABELA;Ultrapassagem Indevida;Colisï¿½o frontal;Com Vï¿½timas Feridas;Plena Noite;Cï¿½u Claro;Simples;"Reta;Aclive";Nï¿½o;0;0
2025-09-18;quinta-feira;01:30:00;MG;153;COMENDADOR GOMES;Condutor deixou de manter distï¿½ncia do veï¿½culo da frente;Colisï¿½o transversal;Com Vï¿½timas Feridas;Plena Noite;Cï¿½u Claro;Simples;Interseï¿½ï¿½o de Vias;Nï¿½o;0;0
2025-09-18;quinta-feira;00:02:00;PI;343;FLORIANO;Reaï¿½ï¿½o tardia ou ineficiente do condutor;Colisï¿½o transversal;Com Vï¿½timas Fatais;Plena Noite;Cï¿½u Claro;Dupla;Interseï¿½ï¿½o de Vias;Sim;1;1
2025-09-18;quinta-feira;01:30:00;MT;364;PEDRA PRETA;Falta de acostamento;Tombamento;Com Vï¿½timas Feridas;Plena Noite;Cï¿½u Claro;Simples;Declive;Nï¿½o;0;0
2025-09-18;quinta-feira;04:45:00;DF;251;BRASILIA;Acessar a via sem observar a presenï¿½a dos outros veï¿½culos;Colisï¿½o lateral mesmo sentido;Com Vï¿½timas Feridas;Plena Noite;Cï¿½u Claro;Dupla;Reta;Sim;0;0
2025-09-18;quinta-feira;04:20:00;BA;330;JEQUIE;Velocidade Incompatï¿½vel;Saï¿½da de leito carroï¿½ï¿½vel;Com Vï¿½timas Feridas;Amanhecer;Cï¿½u Claro;Simples;Curva;Nï¿½o;0;0
2025-09-18;quinta-feira;02:00:00;MT;163;NOVA MUTUM;Condutor Dormindo;Colisï¿½o traseira;Com Vï¿½timas Feridas;Plena Noite;Cï¿½u Claro;Simples;"Em Obras;Reta";Nï¿½o;0;0
2025-09-18;quinta-feira;05:35:00;GO;153;PORANGATU;Reaï¿½ï¿½o tardia ou ineficiente do condutor;Saï¿½da de leito carroï¿½ï¿½vel;Com Vï¿½timas Feridas;Amanhecer;Cï¿½u Claro;Simples;Reta;Nï¿½o;0;0
2025-09-18;quinta-feira;05:50:00;MS;163;RIO BRILHANTE;Transitar na contramï¿½o;Colisï¿½o frontal;Com Vï¿½timas Fatais;Amanhecer;Cï¿½u Claro;Simples;Reta;Nï¿½o;1;1
2025-09-18;quinta-feira;06:40:00;SC;282;ERVAL VELHO;Desrespeitar a preferï¿½ncia no cruzamento;Colisï¿½o transversal;Com Vï¿½timas Feridas;Amanhecer;Cï¿½u Claro;Simples;"Reta;Retorno Regulamentado";Sim;0;0
2025-09-18;quinta-feira;09:00:00;MT;70;BARRA DO GARCAS;Ingestï¿½o de ï¿½lcool pelo condutor;Colisï¿½o lateral mesmo sentido;Sem Vï¿½timas;Pleno dia;Cï¿½u Claro;Simples;Reta;Sim;0;0
2025-09-15;segunda-feira;22:42:00;MT;174;JAURU;Condutor Dormindo;Saï¿½da de leito carroï¿½ï¿½vel;Com Vï¿½timas Feridas;Plena Noite;Cï¿½u Claro;Simples;Reta;Nï¿½o;0;0
2025-08-15;sexta-feira;18:20:00;SP;116;JACUPIRANGA;Ausï¿½ncia de reaï¿½ï¿½o do condutor;Colisï¿½o traseira;Com Vï¿½timas Fatais;Anoitecer;Cï¿½u Claro;Dupla;Reta;Sim;1;1
2025-09-01;segunda-feira;05:55:00;MG;365;UBERLANDIA;Manobra de mudanï¿½a de faixa;Colisï¿½o lateral mesmo sentido;Com Vï¿½timas Feridas;Plena Noite;Chuva;Simples;"Viaduto;Interseï¿½ï¿½o de Vias";Sim;0;0
2025-09-18;quinta-feira;10:25:00;SC;101;ITAJAI;Manobra de mudanï¿½a de faixa;Colisï¿½o lateral mesmo sentido;Sem Vï¿½timas;Pleno dia;Cï¿½u Claro;Dupla;Reta;Sim;0;0
2025-09-18;quinta-feira;09:52:00;BA;116;VITORIA DA CONQUISTA;Demais falhas mecï¿½nicas ou elï¿½tricas;Derramamento de carga;Com Vï¿½timas Feridas;Pleno dia;Cï¿½u Claro;Simples;Reta;Sim;0;0
2025-04-23;quarta-feira;06:55:00;SC;153;IRANI;Transitar na contramï¿½o;Colisï¿½o lateral sentido oposto;Com Vï¿½timas Fatais;Amanhecer;Cï¿½u Claro;Simples;Curva;Sim;2;1
2025-09-18;quinta-feira;08:20:00;MS;163;SAO GABRIEL DO OESTE;Demais Fenï¿½menos da natureza;Incï¿½ndio;Sem Vï¿½timas;Pleno dia;Cï¿½u Claro;Dupla;"Aclive;Reta";Nï¿½o;0;0
2025-09-18;quinta-feira;06:30:00;BA;242;LENCOIS;Demais falhas mecï¿½nicas ou elï¿½tricas;Incï¿½ndio;Sem Vï¿½timas;Pleno dia;Cï¿½u Claro;Simples;Reta;Nï¿½o;0;0
2025-09-18;quinta-feira;10:50:00;SP;116;MIRACATU;Condutor Dormindo;Saï¿½da de leito carroï¿½ï¿½vel;Com Vï¿½timas Feridas;Pleno dia;Cï¿½u Claro;Dupla;Curva;Nï¿½o;0;0
2025-09-18;quinta-feira;12:10:00;PB;101;BAYEUX;Ausï¿½ncia de reaï¿½ï¿½o do condutor;Colisï¿½o com objeto;Sem Vï¿½timas;Pleno dia;Cï¿½u Claro;Dupla;Reta;Sim;0;0
2025-09-18;quinta-feira;11:00:00;RS;386;POUSO NOVO;Problema com o freio;Colisï¿½o traseira;Com Vï¿½timas Fatais;Pleno dia;Cï¿½u Claro;Simples;"Em Obras;Declive;Curva";Nï¿½o;1;1
2025-09-18;quinta-feira;06:00:00;ES;262;IBATIBA;Ausï¿½ncia de reaï¿½ï¿½o do condutor;Colisï¿½o lateral sentido oposto;Com Vï¿½timas Feridas;Pleno dia;Nublado;Dupla;Reta;Nï¿½o;0;0
2025-09-18;quinta-feira;12:10:00;MA;316;ALTO ALEGRE DO MARANHAO;Manobra de mudanï¿½a de faixa;Colisï¿½o lateral sentido oposto;Com Vï¿½timas Feridas;Pleno dia;Cï¿½u Claro;Simples;Reta;Nï¿½o;0;0
2025-09-18;quinta-feira;11:15:00;PR;153;TIBAGI;Reaï¿½ï¿½o tardia ou ineficiente do condutor;Tombamento;Com Vï¿½timas Feridas;Pleno dia;Cï¿½u Claro;Simples;"Interseï¿½ï¿½o de Vias;Rotatï¿½ria";Nï¿½o;0;0
2025-09-18;quinta-feira;13:20:00;SC;280;CORUPA;Reaï¿½ï¿½o tardia ou ineficiente do condutor;Engavetamento;Com Vï¿½timas Feridas;Pleno dia;Cï¿½u Claro;Simples;"Reta;Em Obras;Declive";Sim;0;0
2025-09-18;quinta-feira;13:18:00;CE;222;FORQUILHA;Avarias e/ou desgaste excessivo no pneu;Saï¿½da de leito carroï¿½ï¿½vel;Com Vï¿½timas Feridas;Pleno dia;Cï¿½u Claro;Simples;Curva;Nï¿½o;0;0
2025-08-15;sexta-feira;18:00:00;BA;324;CONCEICAO DO JACUIPE;Reaï¿½ï¿½o tardia ou ineficiente do condutor;Colisï¿½o traseira;Com Vï¿½timas Feridas;Plena Noite;Cï¿½u Claro;Dupla;Reta;Nï¿½o;0;0
2025-09-18;quinta-feira;14:20:00;PB;101;RIO TINTO;Demais falhas mecï¿½nicas ou elï¿½tricas;Incï¿½ndio;Sem Vï¿½timas;Pleno dia;Cï¿½u Claro;Dupla;Reta;Nï¿½o;0;0
2025-09-18;quinta-feira;15:35:00;SP;116;ARUJA;Ausï¿½ncia de reaï¿½ï¿½o do condutor;Colisï¿½o lateral mesmo sentido;Com Vï¿½timas Feridas;Pleno dia;Cï¿½u Claro;Dupla;Reta;Sim;0;0
2025-09-18;quinta-feira;14:10:00;SC;282;XAXIM;Reaï¿½ï¿½o tardia ou ineficiente do condutor;Colisï¿½o frontal;Com Vï¿½timas Feridas;Pleno dia;Cï¿½u Claro;Simples;"Aclive;Reta";Nï¿½o;0;0
2025-09-18;quinta-feira;09:35:00;PI;407;PATOS DO PIAUI;Condutor Dormindo;Saï¿½da de leito carroï¿½ï¿½vel;Com Vï¿½timas Feridas;Pleno dia;Sol;Simples;Curva;Nï¿½o;0;0
2025-09-18;quinta-feira;16:35:00;DF;20;BRASILIA;Chuva;Saï¿½da de leito carroï¿½ï¿½vel;Sem Vï¿½timas;Pleno dia;Chuva;Dupla;"Declive;Reta";Sim;0;0
2025-09-18;quinta-feira;15:00:00;PR;376;CALIFORNIA;Reaï¿½ï¿½o tardia ou ineficiente do condutor;Colisï¿½o lateral sentido oposto;Com Vï¿½timas Feridas;Pleno dia;Cï¿½u Claro;Simples;"Declive;Curva";Nï¿½o;0;0
2025-09-18;quinta-feira;15:00:00;MG;381;GOVERNADOR VALADARES;Demais falhas mecï¿½nicas ou elï¿½tricas;Incï¿½ndio;Sem Vï¿½timas;Pleno dia;Sol;Simples;Reta;Nï¿½o;0;0
2025-09-18;quinta-feira;14:00:00;PB;230;MARIZOPOLIS;Condutor deixou de manter distï¿½ncia do veï¿½culo da frente;Engavetamento;Com Vï¿½timas Feridas;Pleno dia;Cï¿½u Claro;Simples;"Reta;Aclive";Nï¿½o;0;0
2025-09-16;terï¿½a-feira;02:50:00;RJ;101;ITABORAI;Manobra de mudanï¿½a de faixa;Colisï¿½o traseira;Com Vï¿½timas Feridas;Plena Noite;Cï¿½u Claro;Dupla;"Declive;Curva";Sim;0;0
2025-09-18;quinta-feira;17:50:00;PR;376;ALTO PARANA;Demais falhas mecï¿½nicas ou elï¿½tricas;Incï¿½ndio;Sem Vï¿½timas;Pleno dia;Cï¿½u Claro;Dupla;Reta;Nï¿½o;0;0
2025-08-30;sï¿½bado;13:30:00;AC;364;BUJARI;Demais falhas na via;Colisï¿½o frontal;Com Vï¿½timas Feridas;Pleno dia;Cï¿½u Claro;Simples;Reta;Nï¿½o;0;0
2025-09-18;quinta-feira;18:00:00;PR;277;FOZ DO IGUACU;Ultrapassagem Indevida;Colisï¿½o lateral mesmo sentido;Com Vï¿½timas Feridas;Pleno dia;Nublado;Simples;Retorno Regulamentado;Sim;0;0
2025-09-18;quinta-feira;18:30:00;SP;381;ATIBAIA;Ingestï¿½o de ï¿½lcool pelo condutor;Colisï¿½o traseira;Sem Vï¿½timas;Plena Noite;Cï¿½u Claro;Dupla;Reta;Nï¿½o;0;0
2025-09-18;quinta-feira;13:30:00;MT;163;SINOP;Reaï¿½ï¿½o tardia ou ineficiente do condutor;Tombamento;Sem Vï¿½timas;Pleno dia;Sol;Simples;"Reta;Em Obras";Nï¿½o;0;0
2025-09-18;quinta-feira;19:00:00;PR;277;SAO JOSE DOS PINHAIS;Pedestre cruzava a pista fora da faixa;Atropelamento de Pedestre;Com Vï¿½timas Feridas;Plena Noite;Nublado;Dupla;Reta;Nï¿½o;0;0
2025-09-18;quinta-feira;19:00:00;SP;116;JUQUITIBA;Trafegar com motocicleta (ou similar) entre as faixas;Colisï¿½o lateral mesmo sentido;Com Vï¿½timas Feridas;Plena Noite;Garoa/Chuvisco;Dupla;Reta;Nï¿½o;0;0
2025-09-18;quinta-feira;19:40:00;SP;116;MIRACATU;Condutor deixou de manter distï¿½ncia do veï¿½culo da frente;Colisï¿½o traseira;Com Vï¿½timas Feridas;Plena Noite;Cï¿½u Claro;Dupla;"Aclive;Reta";Nï¿½o;0;0
2025-09-18;quinta-feira;19:30:00;BA;324;AMELIA RODRIGUES;Ausï¿½ncia de reaï¿½ï¿½o do condutor;Atropelamento de Pedestre;Com Vï¿½timas Feridas;Plena Noite;Cï¿½u Claro;Simples;"Declive;Reta";Nï¿½o;0;0
2025-09-18;quinta-feira;20:00:00;SC;101;PALHOCA;Condutor deixou de manter distï¿½ncia do veï¿½culo da frente;Colisï¿½o traseira;Com Vï¿½timas Feridas;Plena Noite;Cï¿½u Claro;Mï¿½ltipla;"Reta;Tï¿½nel";Sim;0;0
2025-09-18;quinta-feira;19:50:00;SC;101;ITAPEMA;Ausï¿½ncia de reaï¿½ï¿½o do condutor;Colisï¿½o frontal;Sem Vï¿½timas;Plena Noite;Nublado;Dupla;"Reta;Aclive";Sim;0;0
2025-09-18;quinta-feira;15:30:00;PR;376;MARINGA;Acumulo de ï¿½leo sobre o pavimento;Derramamento de carga;Com Vï¿½timas Feridas;Pleno dia;Cï¿½u Claro;Dupla;Reta;Sim;0;0
2025-09-18;quinta-feira;21:56:00;ES;101;CARIACICA;Condutor deixou de manter distï¿½ncia do veï¿½culo da frente;Colisï¿½o lateral mesmo sentido;Com Vï¿½timas Feridas;Plena Noite;Cï¿½u Claro;Dupla;Reta;Sim;0;0
2025-09-18;quinta-feira;20:40:00;RJ;101;RIO DE JANEIRO;Reaï¿½ï¿½o tardia ou ineficiente do condutor;Colisï¿½o traseira;Com Vï¿½timas Fatais;Plena Noite;Cï¿½u Claro;Simples;Reta;Sim;1;1
2025-09-18;quinta-feira;22:35:00;MG;40;ESMERALDAS;Ausï¿½ncia de reaï¿½ï¿½o do condutor;Colisï¿½o traseira;Com Vï¿½timas Feridas;Plena Noite;Cï¿½u Claro;Dupla;"Declive;Reta";Nï¿½o;0;0
2025-09-19;sexta-feira;00:15:00;DF;20;BRASILIA;Chuva;Saï¿½da de leito carroï¿½ï¿½vel;Sem Vï¿½timas;Plena Noite;Chuva;Dupla;"Declive;Reta";Sim;0;0
2025-09-18;quinta-feira;20:01:00;RS;290;ALEGRETE;Transitar na contramï¿½o;Colisï¿½o lateral sentido oposto;Com Vï¿½timas Feridas;Plena Noite;Chuva;Simples;Curva;Sim;0;0
2025-09-19;sexta-feira;01:20:00;SC;470;RODEIO;Ausï¿½ncia de reaï¿½ï¿½o do condutor;Saï¿½da de leito carroï¿½ï¿½vel;Sem Vï¿½timas;Plena Noite;Garoa/Chuvisco;Simples;"Ponte;Curva";Sim;0;0
2025-09-18;quinta-feira;23:30:00;PA;155;ELDORADO DO CARAJAS;Transitar na contramï¿½o;Colisï¿½o frontal;Com Vï¿½timas Fatais;Plena Noite;Cï¿½u Claro;Simples;Declive;Nï¿½o;1;1
2025-09-19;sexta-feira;04:40:00;MG;40;CURVELO;Demais falhas mecï¿½nicas ou elï¿½tricas;Tombamento;Sem Vï¿½timas;Amanhecer;Cï¿½u Claro;Simples;Reta;Nï¿½o;0;0
2025-09-19;sexta-feira;03:30:00;MG;365;VARZEA DA PALMA;Objeto estï¿½tico sobre o leito carroï¿½ï¿½vel;Colisï¿½o com objeto;Com Vï¿½timas Feridas;Plena Noite;Cï¿½u Claro;Simples;Reta;Nï¿½o;0;0
2025-09-19;sexta-feira;05:30:00;PE;101;AGUA PRETA;Demais falhas mecï¿½nicas ou elï¿½tricas;Colisï¿½o lateral sentido oposto;Com Vï¿½timas Feridas;Amanhecer;Cï¿½u Claro;Dupla;Reta;Nï¿½o;0;0
2025-09-19;sexta-feira;05:50:00;PR;376;MARINGA;Reaï¿½ï¿½o tardia ou ineficiente do condutor;Colisï¿½o traseira;Sem Vï¿½timas;Amanhecer;Cï¿½u Claro;Dupla;Reta;Sim;0;0
2025-09-19;sexta-feira;05:40:00;RJ;40;DUQUE DE CAXIAS;Trafegar com motocicleta (ou similar) entre as faixas;Colisï¿½o lateral mesmo sentido;Com Vï¿½timas Feridas;Amanhecer;Cï¿½u Claro;Mï¿½ltipla;Reta;Sim;0;0
2025-09-19;sexta-feira;06:40:00;SC;470;RODEIO;Ultrapassagem Indevida;Colisï¿½o lateral mesmo sentido;Com Vï¿½timas Feridas;Pleno dia;Cï¿½u Claro;Simples;Reta;Nï¿½o;0;0
2025-09-19;sexta-feira;04:15:00;PR;376;ORTIGUEIRA;Reaï¿½ï¿½o tardia ou ineficiente do condutor;Tombamento;Com Vï¿½timas Feridas;Plena Noite;Cï¿½u Claro;Simples;"Curva;Aclive";Nï¿½o;0;0
2025-09-19;sexta-feira;08:10:00;RN;304;MOSSORO;Condutor usando celular;Colisï¿½o traseira;Com Vï¿½timas Feridas;Pleno dia;Sol;Dupla;Reta;Sim;0;0
2025-09-19;sexta-feira;07:50:00;AL;104;MESSIAS;Pista Escorregadia;Colisï¿½o traseira;Sem Vï¿½timas;Pleno dia;Garoa/Chuvisco;Simples;Reta;Nï¿½o;0;0
2025-08-29;sexta-feira;04:20:00;PE;423;LAJEDO;Velocidade Incompatï¿½vel;Colisï¿½o traseira;Com Vï¿½timas Feridas;Amanhecer;Ignorado;Simples;Reta;Nï¿½o;0;0
2025-08-05;terï¿½a-feira;21:13:00;MT;174;COMODORO;Objeto estï¿½tico sobre o leito carroï¿½ï¿½vel;Tombamento;Com Vï¿½timas Feridas;Plena Noite;Cï¿½u Claro;Simples;Reta;Nï¿½o;0;0
2025-09-19;sexta-feira;07:15:00;MG;381;BELO HORIZONTE;Ausï¿½ncia de reaï¿½ï¿½o do condutor;Colisï¿½o traseira;Com Vï¿½timas Feridas;Pleno dia;Cï¿½u Claro;Dupla;Reta;Nï¿½o;0;0
2025-09-19;sexta-feira;09:30:00;MG;146;BOTELHOS;Ultrapassagem Indevida;Saï¿½da de leito carroï¿½ï¿½vel;Sem Vï¿½timas;Pleno dia;Cï¿½u Claro;Simples;"Curva;Aclive";Nï¿½o;0;0
2025-08-23;sï¿½bado;05:05:00;RJ;116;DUQUE DE CAXIAS;Ausï¿½ncia de reaï¿½ï¿½o do condutor;Colisï¿½o traseira;Com Vï¿½timas Fatais;Pleno dia;Cï¿½u Claro;Dupla;Reta;Sim;1;1
2025-09-19;sexta-feira;08:55:00;PR;277;LARANJEIRAS DO SUL;Desrespeitar a preferï¿½ncia no cruzamento;Colisï¿½o transversal;Com Vï¿½timas Feridas;Pleno dia;Cï¿½u Claro;Simples;Interseï¿½ï¿½o de Vias;Sim;0;0
2025-09-19;sexta-feira;08:30:00;PA;230;MARABA;Condutor deixou de manter distï¿½ncia do veï¿½culo da frente;Engavetamento;Sem Vï¿½timas;Pleno dia;Cï¿½u Claro;Simples;"Reta;Aclive";Nï¿½o;0;0