data_inversa;dia_semana;horario;uf;br;municipio;causa_acidente;tipo_acidente;classificacao_acidente;fase_dia;condicao_metereologica;tipo_pista;tracado_via;uso_solo;mortos;acidente_fatal
2025-09-19;sexta-feira;10:45:00;PR;376;CURITIBA;Reaï¿½ï¿½o tardia ou ineficiente do condutor;Colisï¿½o traseira;Com Vï¿½timas Feridas;Pleno dia;Cï¿½u Claro;Dupla;Reta;Sim;0;0
2025-09-19;sexta-feira;08:30:00;AM;319;HUMAITA;Velocidade Incompatï¿½vel;Colisï¿½o traseira;Sem Vï¿½timas;Pleno dia;Nublado;Simples;Reta;Nï¿½o;0;0
2025-09-19;sexta-feira;11:40:00;ES;101;SERRA;Avarias e/ou desgaste excessivo no pneu;Colisï¿½o traseira;Com Vï¿½timas Feridas;Pleno dia;Chuva;Dupla;Reta;Nï¿½o;0;0
2025-09-19;sexta-feira;06:40:00;MA;135;SAO LUIS;Acessar a via sem observar a presenï¿½a dos outros veï¿½culos;Colisï¿½o lateral mesmo sentido;Com Vï¿½timas Feridas;Pleno dia;Cï¿½u Claro;Dupla;Reta;Sim;0;0
2025-09-19;sexta-feira;09:00:00;MG;381;CARMO DA CACHOEIRA;Velocidade Incompatï¿½vel;Tombamento;Com Vï¿½timas Feridas;Pleno dia;Cï¿½u Claro;Dupla;Curva;Nï¿½o;0;0
2025-09-19;sexta-feira;11:40:00;MT;364;SANTO ANTONIO DO LEVERGER;Reaï¿½ï¿½o tardia ou ineficiente do condutor;Colisï¿½o traseira;Com Vï¿½timas Feridas;Pleno dia;Cï¿½u Claro;Dupla;Curva;Nï¿½o;0;0
2025-09-17;quarta-feira;00:55:00;MG;262;BOM DESPACHO;Reaï¿½ï¿½o tardia ou ineficiente do condutor;Tombamento;Com Vï¿½timas Feridas;Plena Noite;Chuva;Simples;Curva;Nï¿½o;0;0
2025-09-19;sexta-feira;13:20:00;BA;324;SALVADOR;Reaï¿½ï¿½o tardia ou ineficiente do condutor;Colisï¿½o traseira;Com Vï¿½timas Feridas;Pleno dia;Sol;Mï¿½ltipla;Reta;Sim;0;0
2025-09-19;sexta-feira;12:40:00;PE;232;SERRA TALHADA;Suicï¿½dio (presumido);Colisï¿½o frontal;Com Vï¿½timas Fatais;Pleno dia;Cï¿½u Claro;Simples;Reta;Sim;1;1
2025-09-19;sexta-feira;14:07:00;ES;262;DOMINGOS MARTINS;Transitar na contramï¿½o;Colisï¿½o frontal;Com Vï¿½timas Feridas;Pleno dia;Chuva;Simples;Curva;Nï¿½o;0;0
2025-09-19;sexta-feira;14:45:00;SP;116;ARUJA;Velocidade Incompatï¿½vel;Colisï¿½o com objeto;Com Vï¿½timas Feridas;Pleno dia;Sol;Dupla;Reta;Nï¿½o;0;0
2025-09-19;sexta-feira;15:00:00;RJ;40;RIO DE JANEIRO;Demais falhas mecï¿½nicas ou elï¿½tricas;Incï¿½ndio;Sem Vï¿½timas;Pleno dia;Cï¿½u Claro;Simples;"Reta;Aclive";Nï¿½o;0;0
2025-09-19;sexta-feira;10:50:00;BA;116;JEQUIE;Reaï¿½ï¿½o tardia ou ineficiente do condutor;Engavetamento;Com Vï¿½timas Fatais;Pleno dia;Cï¿½u Claro;Simples;"Reta;Declive;Em Obras";Nï¿½o;1;1
2025-09-19;sexta-feira;13:50:00;BA;116;MILAGRES;Acessar a via sem observar a presenï¿½a dos outros veï¿½culos;Colisï¿½o transversal;Com Vï¿½timas Feridas;Pleno dia;Cï¿½u Claro;Simples;Interseï¿½ï¿½o de Vias;Nï¿½o;0;0
2025-09-11;quinta-feira;15:45:00;PR;277;CASCAVEL;Ultrapassagem Indevida;Colisï¿½o transversal;Com Vï¿½timas Feridas;Pleno dia;Cï¿½u Claro;Simples;"Aclive;Reta";Sim;0;0
2025-09-19;sexta-feira;13:00:00;BA;101;ITABUNA;Transitar na contramï¿½o;Colisï¿½o frontal;Com Vï¿½timas Feridas;Pleno dia;Cï¿½u Claro;Simples;Reta;Nï¿½o;0;0
2025-09-19;sexta-feira;08:40:00;SP;116;JACAREI;Demais falhas mecï¿½nicas ou elï¿½tricas;Engavetamento;Com Vï¿½timas Feridas;Pleno dia;Sol;Dupla;Reta;Nï¿½o;0;0
2025-09-19;sexta-feira;15:45:00;GO;153;HIDROLANDIA;Demais falhas mecï¿½nicas ou elï¿½tricas;Incï¿½ndio;Sem Vï¿½timas;Pleno dia;Nublado;Dupla;Reta;Nï¿½o;0;0
2025-09-19;sexta-feira;14:00:00;SP;116;CAJATI;Reaï¿½ï¿½o tardia ou ineficiente do condutor;Colisï¿½o traseira;Com Vï¿½timas Feridas;Pleno dia;Cï¿½u Claro;Simples;"Reta;Aclive";Nï¿½o;0;0
2025-09-19;sexta-feira;08:00:00;MG;116;CACHOEIRA DE PAJEU;Reaï¿½ï¿½o tardia ou ineficiente do condutor;Tombamento;Com Vï¿½timas Fatais;Pleno dia;Cï¿½u Claro;Simples;"Curva;Declive";Nï¿½o;1;1
2025-09-19;sexta-feira;16:10:00;MG;251;MONTES CLAROS;Demais falhas mecï¿½nicas ou elï¿½tricas;Colisï¿½o frontal;Com Vï¿½timas Feridas;Pleno dia;Nublado;Simples;"Declive;Reta";Nï¿½o;0;0
2025-09-19;sexta-feira;13:05:00;GO;158;BOM JARDIM DE GOIAS;Manobra de mudanï¿½a de faixa;Colisï¿½o lateral sentido oposto;Com Vï¿½timas Feridas;Pleno dia;Nublado;Simples;Reta;Nï¿½o;0;0
2025-09-19;sexta-feira;17:30:00;PR;116;CURITIBA;Trafegar com motocicleta (ou similar) entre as faixas;Colisï¿½o lateral mesmo sentido;Com Vï¿½timas Feridas;Pleno dia;Cï¿½u Claro;Dupla;Reta;Nï¿½o;0;0
2025-09-19;sexta-feira;18:00:00;MG;365;UBERLANDIA;Acumulo de ï¿½leo sobre o pavimento;Colisï¿½o lateral mesmo sentido;Com Vï¿½timas Fatais;Anoitecer;Chuva;Dupla;"Declive;Reta";Sim;1;1
2025-09-19;sexta-feira;16:25:00;AL;101;FLEXEIRAS;Velocidade Incompatï¿½vel;Tombamento;Sem Vï¿½timas;Pleno dia;Sol;Simples;"Curva;Declive;Interseï¿½ï¿½o de Vias";Nï¿½o;0;0
2025-09-19;sexta-feira;17:43:00;SC;282;VARGEM;Acessar a via sem observar a presenï¿½a dos outros veï¿½culos;Colisï¿½o traseira;Com Vï¿½timas Feridas;Pleno dia;Cï¿½u Claro;Simples;Reta;Nï¿½o;0;0
2025-09-12;sexta-feira;06:50:00;RO;364;PRESIDENTE MEDICI;Ultrapassagem Indevida;Colisï¿½o lateral mesmo sentido;Com Vï¿½timas Feridas;Amanhecer;Cï¿½u Claro;Simples;"Reta;Aclive";Nï¿½o;0;0
2025-09-19;sexta-feira;19:10:00;MG;381;BETIM;Acessar a via sem observar a presenï¿½a dos outros veï¿½culos;Colisï¿½o transversal;Com Vï¿½timas Feridas;Plena Noite;Cï¿½u Claro;Mï¿½ltipla;"Reta;Interseï¿½ï¿½o de Vias";Sim;0;0
2025-09-19;sexta-feira;17:30:00;MG;116;SAO FRANCISCO DO GLORIA;Velocidade Incompatï¿½vel;Tombamento;Com Vï¿½timas Feridas;Anoitecer;Cï¿½u Claro;Simples;Curva;Nï¿½o;0;0
2025-09-19;sexta-feira;17:33:00;MS;163;RIO VERDE DE MATO GROSSO;Reaï¿½ï¿½o tardia ou ineficiente do condutor;Colisï¿½o traseira;Sem Vï¿½timas;Anoitecer;Cï¿½u Claro;Simples;Declive;Nï¿½o;0;0
2025-09-19;sexta-feira;19:30:00;PE;101;RECIFE;Ausï¿½ncia de reaï¿½ï¿½o do condutor;Colisï¿½o traseira;Com Vï¿½timas Feridas;Plena Noite;Nublado;Dupla;Reta;Nï¿½o;0;0
2025-09-19;sexta-feira;17:10:00;RO;364;ARIQUEMES;Ultrapassagem Indevida;Colisï¿½o lateral sentido oposto;Com Vï¿½timas Fatais;Anoitecer;Cï¿½u Claro;Simples;Reta;Nï¿½o;1;1
2025-09-19;sexta-feira;19:25:00;PR;277;CAMPO LARGO;Transitar no Acostamento;Colisï¿½o com objeto;Com Vï¿½timas Feridas;Plena Noite;Ignorado;Dupla;"Reta;Aclive";Nï¿½o;0;0
2025-09-19;sexta-feira;21:00:00;SC;470;ILHOTA;Demais falhas mecï¿½nicas ou elï¿½tricas;Incï¿½ndio;Sem Vï¿½timas;Plena Noite;Cï¿½u Claro;Dupla;Reta;Nï¿½o;0;0
2025-09-19;sexta-feira;21:00:00;PR;376;ORTIGUEIRA;Demais falhas mecï¿½nicas ou elï¿½tricas;Incï¿½ndio;Sem Vï¿½timas;Plena Noite;Cï¿½u Claro;Simples;Reta;Nï¿½o;0;0
2025-09-19;sexta-feira;22:10:00;MG;40;SETE LAGOAS;Velocidade Incompatï¿½vel;Colisï¿½o traseira;Com Vï¿½timas Feridas;Plena Noite;Cï¿½u Claro;Dupla;Reta;Sim;0;0
2025-09-19;sexta-feira;20:30:00;MG;381;BETIM;Acessar a via sem observar a presenï¿½a dos outros veï¿½culos;Colisï¿½o lateral mesmo sentido;Com Vï¿½timas Feridas;Plena Noite;Cï¿½u Claro;Mï¿½ltipla;"Reta;Interseï¿½ï¿½o de Vias";Sim;0;0
2025-09-19;sexta-feira;21:00:00;PB;230;MASSARANDUBA;Demais falhas mecï¿½nicas ou elï¿½tricas;Incï¿½ndio;Sem Vï¿½timas;Plena Noite;Garoa/Chuvisco;Dupla;"Curva;Aclive";Nï¿½o;0;0
2025-09-19;sexta-feira;18:05:00;GO;50;CRISTALINA;Reaï¿½ï¿½o tardia ou ineficiente do condutor;Saï¿½da de leito carroï¿½ï¿½vel;Com Vï¿½timas Feridas;Anoitecer;Nublado;Dupla;"Retorno Regulamentado;Reta";Nï¿½o;0;0
2025-09-19;sexta-feira;22:50:00;RJ;40;AREAL;Velocidade Incompatï¿½vel;Tombamento;Com Vï¿½timas Feridas;Plena Noite;Cï¿½u Claro;Dupla;Curva;Nï¿½o;0;0
2025-09-19;sexta-feira;23:25:00;PR;277;CASCAVEL;Ultrapassagem Indevida;Colisï¿½o frontal;Com Vï¿½timas Fatais;Plena Noite;Cï¿½u Claro;Simples;Reta;Nï¿½o;1;1
2025-09-19;sexta-feira;23:40:00;ES;101;LINHARES;Ingestï¿½o de ï¿½lcool pelo condutor;Colisï¿½o lateral mesmo sentido;Sem Vï¿½timas;Plena Noite;Nublado;Mï¿½ltipla;Reta;Sim;0;0
2025-09-19;sexta-feira;21:35:00;SC;470;BRUNOPOLIS;Velocidade Incompatï¿½vel;Tombamento;Com Vï¿½timas Fatais;Plena Noite;Cï¿½u Claro;Simples;"Curva;Declive";Nï¿½o;1;1
2025-09-20;sï¿½bado;01:00:00;SP;116;JACUPIRANGA;Condutor Dormindo;Saï¿½da de leito carroï¿½ï¿½vel;Com Vï¿½timas Feridas;Plena Noite;Nublado;Dupla;Reta;Sim;0;0
2025-09-19;sexta-feira;23:00:00;MG;50;UBERABA;Manobra de mudanï¿½a de faixa;Colisï¿½o lateral mesmo sentido;Sem Vï¿½timas;Anoitecer;Cï¿½u Claro;Dupla;Reta;Nï¿½o;0;0
2025-09-20;sï¿½bado;00:40:00;RS;392;SANTANA DA BOA VISTA;Ausï¿½ncia de reaï¿½ï¿½o do condutor;Colisï¿½o frontal;Com Vï¿½timas Feridas;Plena Noite;Chuva;Simples;Reta;Nï¿½o;0;0
2025-09-19;sexta-feira;17:00:00;RS;287;SAO VICENTE DO SUL;Desrespeitar a preferï¿½ncia no cruzamento;Colisï¿½o transversal;Com Vï¿½timas Feridas;Pleno dia;Sol;Simples;Interseï¿½ï¿½o de Vias;Sim;0;0
2025-09-19;sexta-feira;06:45:00;GO;153;CAMPINORTE;Acessar a via sem observar a presenï¿½a dos outros veï¿½culos;Saï¿½da de leito carroï¿½ï¿½vel;Com Vï¿½timas Feridas;Amanhecer;Cï¿½u Claro;Simples;Reta;Nï¿½o;0;0
2025-09-20;sï¿½bado;00:42:00;RO;319;PORTO VELHO;Condutor deixou de manter distï¿½ncia do veï¿½culo da frente;Colisï¿½o traseira;Com Vï¿½timas Feridas;Plena Noite;Cï¿½u Claro;Simples;"Aclive;Reta;Ponte";Sim;0;0
2025-09-19;sexta-feira;23:50:00;BA;116;PLANALTO;Acessar a via sem observar a presenï¿½a dos outros veï¿½culos;Colisï¿½o transversal;Com Vï¿½timas Feridas;Plena Noite;Cï¿½u Claro;Simples;Reta;Nï¿½o;0;0
2025-09-20;sï¿½bado;03:10:00;SC;101;ARARANGUA;Neblina;Colisï¿½o traseira;Com Vï¿½timas Feridas;Plena Noite;Nevoeiro/Neblina;Dupla;Reta;Nï¿½o;0;0
2025-09-20;sï¿½bado;04:00:00;ES;101;RIO NOVO DO SUL;Problema na suspensï¿½o;Capotamento;Com Vï¿½timas Feridas;Amanhecer;Cï¿½u Claro;Simples;Curva;Nï¿½o;0;0
2025-09-20;sï¿½bado;04:10:00;TO;153;PALMEIRANTE;Transitar na contramï¿½o;Colisï¿½o frontal;Com Vï¿½timas Fatais;Plena Noite;Cï¿½u Claro;Simples;Reta;Nï¿½o;2;1
2025-09-20;sï¿½bado;05:15:00;RS;101;TRES CACHOEIRAS;Acessar a via sem observar a presenï¿½a dos outros veï¿½culos;Colisï¿½o transversal;Com Vï¿½timas Feridas;Amanhecer;Nublado;Dupla;"Retorno Regulamentado;Reta";Sim;0;0
2025-09-20;sï¿½bado;05:15:00;RO;364;JARU;Estacionar ou parar em local proibido;Colisï¿½o traseira;Com Vï¿½timas Fatais;Amanhecer;Nublado;Simples;Reta;Sim;1;1
2025-09-20;sï¿½bado;05:41:00;PE;101;XEXEU;Carga excessiva e/ou mal acondicionada;Tombamento;Sem Vï¿½timas;Plena Noite;Cï¿½u Claro;Dupla;Reta;Nï¿½o;0;0
2025-09-20;sï¿½bado;04:30:00;MA;10;IMPERATRIZ;Transitar na contramï¿½o;Tombamento;Com Vï¿½timas Fatais;Plena Noite;Cï¿½u Claro;Simples;Aclive;Nï¿½o;1;1
2025-09-20;sï¿½bado;08:50:00;SP;116;SAO PAULO;Manobra de mudanï¿½a de faixa;Colisï¿½o lateral mesmo sentido;Com Vï¿½timas Feridas;Pleno dia;Cï¿½u Claro;Mï¿½ltipla;"Reta;Aclive";Sim;0;0
2025-09-20;sï¿½bado;02:30:00;RJ;40;DUQUE DE CAXIAS;Demais falhas mecï¿½nicas ou elï¿½tricas;Incï¿½ndio;Sem Vï¿½timas;Plena Noite;Cï¿½u Claro;Dupla;Reta;Sim;0;0
2025-09-20;sï¿½bado;09:25:00;SC;470;CAMPOS NOVOS;Velocidade Incompatï¿½vel;Tombamento;Com Vï¿½timas Feridas;Pleno dia;Cï¿½u Claro;Simples;Curva;Nï¿½o;0;0
2025-09-20;sï¿½bado;07:00:00;MG;262;IBIA;Transitar no Acostamento;Colisï¿½o traseira;Com Vï¿½timas Feridas;Pleno dia;Cï¿½u Claro;Simples;Reta;Nï¿½o;0;0
2025-09-20;sï¿½bado;08:25:00;MS;436;APARECIDA DO TABOADO;Acessar a via sem observar a presenï¿½a dos outros veï¿½culos;Colisï¿½o transversal;Com Vï¿½timas Feridas;Pleno dia;Cï¿½u Claro;Simples;Rotatï¿½ria;Nï¿½o;0;0
2025-09-20;sï¿½bado;11:00:00;SE;101;UMBAUBA;Acessar a via sem observar a presenï¿½a dos outros veï¿½culos;Colisï¿½o transversal;Com Vï¿½timas Feridas;Pleno dia;Garoa/Chuvisco;Simples;Reta;Sim;0;0
2025-09-20;sï¿½bado;11:26:00;PB;230;JOAO PESSOA;Trafegar com motocicleta (ou similar) entre as faixas;Colisï¿½o lateral mesmo sentido;Com Vï¿½timas Fatais;Pleno dia;Nublado;Dupla;"Reta;Interseï¿½ï¿½o de Vias;Aclive";Sim;1;1
2025-09-20;sï¿½bado;08:40:00;RJ;116;PINHEIRAL;Manobra de mudanï¿½a de faixa;Colisï¿½o lateral mesmo sentido;Com Vï¿½timas Feridas;Pleno dia;Sol;Dupla;Curva;Sim;0;0
2025-09-20;sï¿½bado;10:52:00;BA;116;BOA NOVA;Velocidade Incompatï¿½vel;Saï¿½da de leito carroï¿½ï¿½vel;Com Vï¿½timas Feridas;Pleno dia;Cï¿½u Claro;Simples;"Curva;Declive";Sim;0;0
2025-09-20;sï¿½bado;01:30:00;BA;110;OLINDINA;Acessar a via sem observar a presenï¿½a dos outros veï¿½culos;Colisï¿½o transversal;Com Vï¿½timas Feridas;Plena Noite;Cï¿½u Claro;Simples;Interseï¿½ï¿½o de Vias;Sim;0;0
2025-09-20;sï¿½bado;13:39:00;PB;101;MAMANGUAPE;Reaï¿½ï¿½o tardia ou ineficiente do condutor;Saï¿½da de leito carroï¿½ï¿½vel;Com Vï¿½timas Feridas;Pleno dia;Cï¿½u Claro;Dupla;"Reta;Aclive";Nï¿½o;0;0
2025-09-20;sï¿½bado;14:11:00;PB;101;BAYEUX;Ausï¿½ncia de reaï¿½ï¿½o do condutor;Colisï¿½o lateral mesmo sentido;Com Vï¿½timas Feridas;Pleno dia;Sol;Mï¿½ltipla;"Aclive;Viaduto";Sim;0;0
2025-09-20;sï¿½bado;13:22:00;CE;116;LIMOEIRO DO NORTE;Transitar na contramï¿½o;Colisï¿½o lateral sentido oposto;Com Vï¿½timas Feridas;Pleno dia;Cï¿½u Claro;Simples;Curva;Nï¿½o;0;0
2025-09-20;sï¿½bado;12:00:00;MA;226;TIMON;Objeto estï¿½tico sobre o leito carroï¿½ï¿½vel;Colisï¿½o frontal;Com Vï¿½timas Feridas;Pleno dia;Cï¿½u Claro;Dupla;Reta;Sim;0;0
2025-09-20;sï¿½bado;15:30:00;SP;116;SAO PAULO;Reaï¿½ï¿½o tardia ou ineficiente do condutor;Colisï¿½o traseira;Com Vï¿½timas Feridas;Pleno dia;Cï¿½u Claro;Dupla;Reta;Sim;0;0
2025-09-20;sï¿½bado;16:18:00;BA;116;PLANALTO;Acessar a via sem observar a presenï¿½a dos outros veï¿½culos;Colisï¿½o transversal;Sem Vï¿½timas;Pleno dia;Cï¿½u Claro;Simples;"Reta;Interseï¿½ï¿½o de Vias";Sim;0;0
2025-09-08;segunda-feira;10:15:00;GO;364;PORTELANDIA;Condutor deixou de manter distï¿½ncia do veï¿½culo da frente;Tombamento;Com Vï¿½timas Feridas;Pleno dia;Cï¿½u Claro;Simples;Reta;Nï¿½o;0;0
2025-09-20;sï¿½bado;15:00:00;SC;282;ALFREDO WAGNER;Problema com o freio;Saï¿½da de leito carroï¿½ï¿½vel;Com Vï¿½timas Feridas;Pleno dia;Nublado;Simples;"Declive;Reta";Nï¿½o;0;0
2025-09-20;sï¿½bado;16:30:00;RS;285;MUITOS CAPOES;Ausï¿½ncia de reaï¿½ï¿½o do condutor;Saï¿½da de leito carroï¿½ï¿½vel;Com Vï¿½timas Feridas;Pleno dia;Nublado;Simples;Curva;Nï¿½o;0;0
2025-09-20;sï¿½bado;16:50:00;PR;277;MATELANDIA;Demais falhas mecï¿½nicas ou elï¿½tricas;Engavetamento;Com Vï¿½timas Feridas;Pleno dia;Cï¿½u Claro;Simples;Reta;Nï¿½o;0;0
2025-09-20;sï¿½bado;17:30:00;RJ;493;DUQUE DE CAXIAS;Demais falhas mecï¿½nicas ou elï¿½tricas;Incï¿½ndio;Sem Vï¿½timas;Anoitecer;Cï¿½u Claro;Dupla;Reta;Nï¿½o;0;0
2025-09-20;sï¿½bado;16:50:00;SC;101;ITAPEMA;Condutor deixou de manter distï¿½ncia do veï¿½culo da frente;Colisï¿½o traseira;Sem Vï¿½timas;Pleno dia;Cï¿½u Claro;Mï¿½ltipla;"Curva;Declive";Sim;0;0
2025-09-20;sï¿½bado;18:45:00;GO;153;CAMPINORTE;Ingestï¿½o de ï¿½lcool pelo condutor;Colisï¿½o traseira;Com Vï¿½timas Fatais;Plena Noite;Cï¿½u Claro;Simples;"Retorno Regulamentado;Reta";Sim;7;1
2025-09-20;sï¿½bado;19:00:00;MG;381;SABARA;Objeto estï¿½tico sobre o leito carroï¿½ï¿½vel;Colisï¿½o lateral mesmo sentido;Com Vï¿½timas Feridas;Plena Noite;Cï¿½u Claro;Simples;Curva;Nï¿½o;0;0
2025-09-20;sï¿½bado;17:15:00;PI;343;TERESINA;Acessar a via sem observar a presenï¿½a dos outros veï¿½culos;Colisï¿½o transversal;Com Vï¿½timas Feridas;Anoitecer;Cï¿½u Claro;Simples;Reta;Nï¿½o;0;0
2025-09-20;sï¿½bado;17:28:00;PR;476;PAULO FRONTIN;Ingestï¿½o de ï¿½lcool pelo condutor;Colisï¿½o lateral mesmo sentido;Sem Vï¿½timas;Pleno dia;Cï¿½u Claro;Simples;"Reta;Em Obras";Nï¿½o;0;0
2025-09-20;sï¿½bado;18:05:00;RS;290;ROSARIO DO SUL;Acumulo de ï¿½gua sobre o pavimento;Tombamento;Com Vï¿½timas Feridas;Plena Noite;Chuva;Simples;Reta;Nï¿½o;0;0
2025-09-20;sï¿½bado;20:45:00;ES;101;LINHARES;Acessar a via sem observar a presenï¿½a dos outros veï¿½culos;Colisï¿½o transversal;Com Vï¿½timas Feridas;Plena Noite;Nublado;Simples;Retorno Regulamentado;Sim;0;0
2025-09-20;sï¿½bado;15:48:00;RO;364;PRESIDENTE MEDICI;Ultrapassagem Indevida;Colisï¿½o frontal;Com Vï¿½timas Feridas;Pleno dia;Cï¿½u Claro;Simples;Reta;Nï¿½o;0;0
2025-09-20;sï¿½bado;16:15:00;MT;174;MIRASSOL DOESTE;Ausï¿½ncia de reaï¿½ï¿½o do condutor;Saï¿½da de leito carroï¿½ï¿½vel;Com Vï¿½timas Fatais;Pleno dia;Cï¿½u Claro;Simples;"Reta;Declive";Nï¿½o;1;1
2025-09-20;sï¿½bado;21:10:00;SC;101;PALHOCA;Transitar na contramï¿½o;Colisï¿½o frontal;Com Vï¿½timas Feridas;Plena Noite;Cï¿½u Claro;Dupla;Reta;Nï¿½o;0;0
2025-09-20;sï¿½bado;16:53:00;PA;316;SANTA IZABEL DO PARA;Entrada inopinada do pedestre;Atropelamento de Pedestre;Com Vï¿½timas Feridas;Pleno dia;Cï¿½u Claro;Simples;Reta;Sim;0;0
2025-09-20;sï¿½bado;11:05:00;MG;262;MATIPO;Reaï¿½ï¿½o tardia ou ineficiente do condutor;Saï¿½da de leito carroï¿½ï¿½vel;Com Vï¿½timas Feridas;Pleno dia;Cï¿½u Claro;Simples;"Curva;Ponte";Nï¿½o;0;0
2025-09-20;sï¿½bado;19:45:00;PR;116;MANDIRITUBA;Reaï¿½ï¿½o tardia ou ineficiente do condutor;Colisï¿½o lateral mesmo sentido;Sem Vï¿½timas;Plena Noite;Nublado;Dupla;Reta;Sim;0;0
2025-09-20;sï¿½bado;21:30:00;SP;116;CAJATI;Transitar na contramï¿½o;Colisï¿½o lateral sentido oposto;Com Vï¿½timas Feridas;Plena Noite;Cï¿½u Claro;Simples;Reta;Sim;0;0
2025-09-20;sï¿½bado;21:20:00;MG;262;ABRE CAMPO;Reaï¿½ï¿½o tardia ou ineficiente do condutor;Saï¿½da de leito carroï¿½ï¿½vel;Com Vï¿½timas Feridas;Plena Noite;Cï¿½u Claro;Simples;Curva;Nï¿½o;0;0
2025-09-20;sï¿½bado;21:30:00;PI;407;GEMINIANO;Demais falhas mecï¿½nicas ou elï¿½tricas;Tombamento;Com Vï¿½timas Feridas;Plena Noite;Cï¿½u Claro;Simples;Reta;Nï¿½o;0;0
2025-09-20;sï¿½bado;22:43:00;SE;101;UMBAUBA;Suicï¿½dio (presumido);Atropelamento de Pedestre;Com Vï¿½timas Fatais;Plena Noite;Cï¿½u Claro;Simples;Reta;Sim;1;1
2025-09-20;sï¿½bado;15:00:00;MT;364;RONDONOPOLIS;Condutor deixou de manter distï¿½ncia do veï¿½culo da frente;Colisï¿½o traseira;Com Vï¿½timas Feridas;Pleno dia;Cï¿½u Claro;Simples;"Declive;Reta";Nï¿½o;0;0
2025-09-20;sï¿½bado;21:40:00;MG;262;JUATUBA;Demais falhas mecï¿½nicas ou elï¿½tricas;Colisï¿½o com objeto;Com Vï¿½timas Feridas;Plena Noite;Cï¿½u Claro;Dupla;Curva;Sim;0;0
2025-09-20;sï¿½bado;17:50:00;SC;282;XAXIM;Ingestï¿½o de ï¿½lcool pelo condutor;Tombamento;Com Vï¿½timas Feridas;Pleno dia;Cï¿½u Claro;Simples;Curva;Nï¿½o;0;0
2025-09-20;sï¿½bado;22:10:00;MG;40;PARACATU;Manobra de mudanï¿½a de faixa;Colisï¿½o lateral mesmo sentido;Com Vï¿½timas Feridas;Plena Noite;Cï¿½u Claro;Dupla;Reta;Sim;0;0
2025-09-19;sexta-feira;20:20:00;AM;319;CAREIRO;Carga excessiva e/ou mal acondicionada;Incï¿½ndio;Sem Vï¿½timas;Pleno dia;Cï¿½u Claro;Simples;Reta;Sim;0;0
2025-09-20;sï¿½bado;17:15:00;MG;116;GOVERNADOR VALADARES;Ingestï¿½o de ï¿½lcool pelo condutor;Colisï¿½o transversal;Sem Vï¿½timas;Pleno dia;Cï¿½u Claro;Simples;"Reta;Retorno Regulamentado;Interseï¿½ï¿½o de Vias";Nï¿½o;0;0
2025-09-20;sï¿½bado;23:45:00;TO;153;COLINAS DO TOCANTINS;Acessar a via sem observar a presenï¿½a dos outros veï¿½culos;Colisï¿½o lateral mesmo sentido;Com Vï¿½timas Feridas;Plena Noite;Cï¿½u Claro;Dupla;Reta;Sim;0;0
2025-09-20;sï¿½bado;22:10:00;SC;280;IRINEOPOLIS;Ingestï¿½o de ï¿½lcool pelo condutor;Colisï¿½o frontal;Com Vï¿½timas Feridas;Plena Noite;Cï¿½u Claro;Simples;"Declive;Reta";Nï¿½o;0;0
2025-09-20;sï¿½bado;23:55:00;MG;381;ESTIVA;Objeto estï¿½tico sobre o leito carroï¿½ï¿½vel;Colisï¿½o com objeto;Com Vï¿½timas Feridas;Plena Noite;Nublado;Dupla;Reta;Nï¿½o;0;0
2025-09-20;sï¿½bado;23:40:00;RS;290;BUTIA;Acessar a via sem observar a presenï¿½a dos outros veï¿½culos;Colisï¿½o transversal;Com Vï¿½timas Feridas;Plena Noite;Garoa/Chuvisco;Simples;Reta;Nï¿½o;0;0
2025-09-21;domingo;00:30:00;MG;116;MANHUACU;Pedestre andava na pista;Atropelamento de Pedestre;Com Vï¿½timas Fatais;Plena Noite;Nublado;Simples;Reta;Nï¿½o;1;1
2025-09-21;domingo;01:40:00;BA;324;FEIRA DE SANTANA;Manobra de mudanï¿½a de faixa;Colisï¿½o lateral mesmo sentido;Com Vï¿½timas Feridas;Plena Noite;Chuva;Dupla;Reta;Sim;0;0
2025-09-21;domingo;01:03:00;GO;153;ESTRELA DO NORTE;Ingestï¿½o de ï¿½lcool pelo condutor;Saï¿½da de leito carroï¿½ï¿½vel;Com Vï¿½timas Feridas;Plena Noite;Cï¿½u Claro;Simples;Reta;Nï¿½o;0;0
2025-09-20;sï¿½bado;19:50:00;MG;365;UBERLANDIA;Ausï¿½ncia de reaï¿½ï¿½o do condutor;Colisï¿½o traseira;Com Vï¿½timas Feridas;Plena Noite;Cï¿½u Claro;Dupla;Reta;Nï¿½o;0;0
2025-09-21;domingo;06:29:00;TO;153;ALIANCA DO TOCANTINS;Condutor Dormindo;Saï¿½da de leito carroï¿½ï¿½vel;Com Vï¿½timas Fatais;Amanhecer;Nublado;Simples;Reta;Nï¿½o;1;1
2025-09-21;domingo;06:25:00;AL;101;JEQUIA DA PRAIA;Velocidade Incompatï¿½vel;Tombamento;Com Vï¿½timas Feridas;Pleno dia;Cï¿½u Claro;Dupla;"Ponte;Reta";Nï¿½o;0;0
2025-09-21;domingo;07:40:00;RJ;393;BARRA DO PIRAI;Velocidade Incompatï¿½vel;Colisï¿½o lateral sentido oposto;Com Vï¿½timas Feridas;Pleno dia;Sol;Simples;Curva;Nï¿½o;0;0