data_inversa;dia_semana;horario;uf;br;municipio;causa_acidente;tipo_acidente;classificacao_acidente;fase_dia;condicao_metereologica;tipo_pista;tracado_via;uso_solo;mortos;acidente_fatal
2025-10-17;sexta-feira;01:30:00;PR;277;MORRETES;Ausï¿½ncia de reaï¿½ï¿½o do condutor;Tombamento;Com Vï¿½timas Feridas;Plena Noite;Ignorado;Simples;Curva;Nï¿½o;0;0
2025-10-17;sexta-feira;04:30:00;RS;392;RIO GRANDE;Transitar na contramï¿½o;Colisï¿½o frontal;Com Vï¿½timas Feridas;Amanhecer;Cï¿½u Claro;Simples;Reta;Nï¿½o;0;0
2025-10-17;sexta-feira;03:40:00;MG;251;SALINAS;Demais falhas mecï¿½nicas ou elï¿½tricas;Incï¿½ndio;Sem Vï¿½timas;Amanhecer;Cï¿½u Claro;Simples;"Reta;Declive";Nï¿½o;0;0
2025-10-17;sexta-feira;04:50:00;ES;101;SERRA;Reaï¿½ï¿½o tardia ou ineficiente do condutor;Colisï¿½o com objeto;Sem Vï¿½timas;Pleno dia;Cï¿½u Claro;Dupla;Reta;Nï¿½o;0;0
2025-10-17;sexta-feira;06:40:00;SE;101;ESTANCIA;Transitar na contramï¿½o;Colisï¿½o frontal;Com Vï¿½timas Feridas;Pleno dia;Cï¿½u Claro;Simples;Reta;Sim;0;0
2025-10-17;sexta-feira;06:27:00;ES;101;VILA VELHA;Ausï¿½ncia de reaï¿½ï¿½o do condutor;Colisï¿½o transversal;Com Vï¿½timas Fatais;Pleno dia;Cï¿½u Claro;Dupla;"Declive;Reta";Nï¿½o;1;1
2025-10-17;sexta-feira;06:40:00;RS;392;RIO GRANDE;Condutor deixou de manter distï¿½ncia do veï¿½culo da frente;Colisï¿½o traseira;Com Vï¿½timas Feridas;Amanhecer;Nublado;Dupla;Curva;Sim;0;0
2025-10-17;sexta-feira;07:00:00;SC;101;BIGUACU;Manobra de mudanï¿½a de faixa;Colisï¿½o lateral mesmo sentido;Com Vï¿½timas Feridas;Pleno dia;Cï¿½u Claro;Dupla;Curva;Sim;0;0
2025-10-17;sexta-feira;07:30:00;MG;381;TRES CORACOES;Velocidade Incompatï¿½vel;Colisï¿½o traseira;Com Vï¿½timas Feridas;Pleno dia;Cï¿½u Claro;Dupla;Reta;Nï¿½o;0;0
2025-09-11;quinta-feira;10:26:00;ES;262;VENDA NOVA DO IMIGRANTE;Reaï¿½ï¿½o tardia ou ineficiente do condutor;Tombamento;Com Vï¿½timas Feridas;Pleno dia;Sol;Simples;"Curva;Declive";Nï¿½o;0;0
2025-10-17;sexta-feira;07:00:00;BA;101;IBIRAPITANGA;Condutor Dormindo;Colisï¿½o transversal;Com Vï¿½timas Feridas;Pleno dia;Cï¿½u Claro;Simples;Curva;Nï¿½o;0;0
2025-08-29;sexta-feira;12:16:00;MG;40;FELIXLANDIA;Ausï¿½ncia de reaï¿½ï¿½o do condutor;Colisï¿½o traseira;Com Vï¿½timas Feridas;Pleno dia;Cï¿½u Claro;Simples;"Curva;Aclive";Nï¿½o;0;0
2025-10-17;sexta-feira;08:45:00;GO;153;GOIANIA;Ingestï¿½o de ï¿½lcool pelo condutor;Colisï¿½o traseira;Sem Vï¿½timas;Pleno dia;Sol;Dupla;Reta;Sim;0;0
2025-10-17;sexta-feira;07:48:00;SC;101;GARUVA;Acessar a via sem observar a presenï¿½a dos outros veï¿½culos;Colisï¿½o lateral mesmo sentido;Com Vï¿½timas Feridas;Pleno dia;Nublado;Mï¿½ltipla;"Reta;Retorno Regulamentado";Nï¿½o;0;0
2025-10-17;sexta-feira;10:00:00;MG;381;BETIM;Reaï¿½ï¿½o tardia ou ineficiente do condutor;Colisï¿½o lateral mesmo sentido;Com Vï¿½timas Feridas;Pleno dia;Sol;Mï¿½ltipla;Reta;Nï¿½o;0;0
2025-10-17;sexta-feira;09:59:00;ES;101;VIANA;Ausï¿½ncia de reaï¿½ï¿½o do condutor;Colisï¿½o traseira;Com Vï¿½timas Feridas;Pleno dia;Sol;Dupla;Curva;Sim;0;0
2025-10-17;sexta-feira;09:50:00;MG;381;SAO GONCALO DO RIO ABAIXO;Condutor deixou de manter distï¿½ncia do veï¿½culo da frente;Colisï¿½o traseira;Com Vï¿½timas Feridas;Pleno dia;Cï¿½u Claro;Simples;Curva;Sim;0;0
2025-10-17;sexta-feira;10:50:00;PI;343;ALTOS;Transitar na contramï¿½o;Colisï¿½o lateral sentido oposto;Com Vï¿½timas Feridas;Pleno dia;Cï¿½u Claro;Simples;Reta;Nï¿½o;0;0
2025-10-17;sexta-feira;08:00:00;MT;364;ALTO GARCAS;Frear bruscamente;Colisï¿½o traseira;Com Vï¿½timas Feridas;Pleno dia;Cï¿½u Claro;Simples;"Reta;Declive";Nï¿½o;0;0
2025-10-17;sexta-feira;08:45:00;MT;174;CONQUISTA DOESTE;Acostamento em desnï¿½vel;Tombamento;Sem Vï¿½timas;Pleno dia;Cï¿½u Claro;Simples;"Reta;Declive";Nï¿½o;0;0
2025-10-17;sexta-feira;10:30:00;ES;101;ITAPEMIRIM;Condutor Dormindo;Colisï¿½o lateral sentido oposto;Com Vï¿½timas Fatais;Pleno dia;Cï¿½u Claro;Simples;Aclive;Nï¿½o;1;1
2025-10-17;sexta-feira;10:25:00;MS;163;DOURADOS;Transitar na contramï¿½o;Colisï¿½o lateral sentido oposto;Com Vï¿½timas Feridas;Pleno dia;Cï¿½u Claro;Dupla;Reta;Nï¿½o;0;0
2025-10-17;sexta-feira;10:40:00;GO;60;RIO VERDE;Acumulo de areia ou detritos sobre o pavimento;Derramamento de carga;Com Vï¿½timas Feridas;Pleno dia;Cï¿½u Claro;Dupla;Reta;Sim;0;0
2025-10-17;sexta-feira;11:50:00;BA;116;VITORIA DA CONQUISTA;Conversï¿½o proibida;Colisï¿½o transversal;Com Vï¿½timas Feridas;Pleno dia;Sol;Simples;Reta;Sim;0;0
2025-10-17;sexta-feira;12:00:00;RS;448;CANOAS;Manobra de mudanï¿½a de faixa;Colisï¿½o traseira;Com Vï¿½timas Feridas;Pleno dia;Nublado;Dupla;Reta;Sim;0;0
2025-10-17;sexta-feira;11:32:00;PE;101;IGARASSU;Trafegar com motocicleta (ou similar) entre as faixas;Colisï¿½o lateral mesmo sentido;Com Vï¿½timas Feridas;Pleno dia;Sol;Dupla;Reta;Sim;0;0
2025-10-17;sexta-feira;12:52:00;SP;116;SAO PAULO;Ausï¿½ncia de reaï¿½ï¿½o do condutor;Colisï¿½o lateral mesmo sentido;Com Vï¿½timas Feridas;Pleno dia;Sol;Mï¿½ltipla;Reta;Sim;0;0
2025-10-17;sexta-feira;12:30:00;SP;116;JACAREI;Reaï¿½ï¿½o tardia ou ineficiente do condutor;Colisï¿½o traseira;Com Vï¿½timas Feridas;Pleno dia;Cï¿½u Claro;Dupla;Reta;Nï¿½o;0;0
2025-10-17;sexta-feira;12:30:00;SP;116;MIRACATU;Manobra de mudanï¿½a de faixa;Colisï¿½o transversal;Com Vï¿½timas Feridas;Pleno dia;Sol;Dupla;Reta;Nï¿½o;0;0
2025-10-17;sexta-feira;14:20:00;BA;324;FEIRA DE SANTANA;Ausï¿½ncia de reaï¿½ï¿½o do condutor;Colisï¿½o traseira;Com Vï¿½timas Feridas;Pleno dia;Cï¿½u Claro;Dupla;Reta;Nï¿½o;0;0
2025-10-17;sexta-feira;14:45:00;BA;20;SAO DESIDERIO;Acessar a via sem observar a presenï¿½a dos outros veï¿½culos;Colisï¿½o transversal;Com Vï¿½timas Feridas;Pleno dia;Cï¿½u Claro;Simples;Reta;Nï¿½o;0;0
2025-10-17;sexta-feira;12:10:00;PR;163;PEROLA DOESTE;Conversï¿½o proibida;Colisï¿½o lateral sentido oposto;Com Vï¿½timas Feridas;Pleno dia;Chuva;Simples;"Declive;Curva;Ponte";Nï¿½o;0;0
2025-10-17;sexta-feira;13:20:00;SC;282;CUNHA PORA;Condutor deixou de manter distï¿½ncia do veï¿½culo da frente;Colisï¿½o traseira;Com Vï¿½timas Feridas;Pleno dia;Chuva;Simples;Curva;Nï¿½o;0;0
2025-10-17;sexta-feira;14:40:00;MG;40;CONGONHAS;Frear bruscamente;Colisï¿½o traseira;Sem Vï¿½timas;Pleno dia;Nublado;Simples;"Declive;Reta";Nï¿½o;0;0
2025-10-17;sexta-feira;15:35:00;PR;153;SANTO ANTONIO DA PLATINA;Ausï¿½ncia de reaï¿½ï¿½o do condutor;Colisï¿½o com objeto;Sem Vï¿½timas;Pleno dia;Cï¿½u Claro;Simples;Reta;Nï¿½o;0;0
2025-10-17;sexta-feira;14:00:00;RS;285;MUITOS CAPOES;Transitar na contramï¿½o;Colisï¿½o lateral sentido oposto;Com Vï¿½timas Feridas;Pleno dia;Chuva;Simples;"Declive;Reta";Nï¿½o;0;0
2025-09-11;quinta-feira;13:30:00;PR;277;CURITIBA;Manobra de mudanï¿½a de faixa;Colisï¿½o lateral mesmo sentido;Com Vï¿½timas Feridas;Pleno dia;Cï¿½u Claro;Dupla;Reta;Nï¿½o;0;0
2025-10-17;sexta-feira;14:30:00;PE;232;CARUARU;Reaï¿½ï¿½o tardia ou ineficiente do condutor;Colisï¿½o traseira;Com Vï¿½timas Feridas;Pleno dia;Cï¿½u Claro;Dupla;"Declive;Reta";Nï¿½o;0;0
2025-10-17;sexta-feira;18:00:00;PB;101;BAYEUX;Acessar a via sem observar a presenï¿½a dos outros veï¿½culos;Colisï¿½o lateral mesmo sentido;Sem Vï¿½timas;Plena Noite;Cï¿½u Claro;Dupla;Reta;Sim;0;0
2025-10-17;sexta-feira;13:30:00;MG;262;IGARATINGA;Reaï¿½ï¿½o tardia ou ineficiente do condutor;Saï¿½da de leito carroï¿½ï¿½vel;Com Vï¿½timas Feridas;Pleno dia;Sol;Dupla;Curva;Nï¿½o;0;0
2025-10-17;sexta-feira;16:20:00;RJ;116;MAGE;Condutor deixou de manter distï¿½ncia do veï¿½culo da frente;Colisï¿½o lateral mesmo sentido;Sem Vï¿½timas;Pleno dia;Cï¿½u Claro;Dupla;Reta;Sim;0;0
2025-10-17;sexta-feira;14:50:00;MG;381;ESTIVA;Frear bruscamente;Saï¿½da de leito carroï¿½ï¿½vel;Com Vï¿½timas Feridas;Pleno dia;Chuva;Dupla;"Declive;Reta";Nï¿½o;0;0
2025-10-17;sexta-feira;17:50:00;RN;101;CANGUARETAMA;Acessar a via sem observar a presenï¿½a dos outros veï¿½culos;Colisï¿½o transversal;Com Vï¿½timas Fatais;Plena Noite;Cï¿½u Claro;Dupla;Reta;Nï¿½o;1;1
2025-10-17;sexta-feira;15:00:00;MG;40;JOAO PINHEIRO;Ausï¿½ncia de reaï¿½ï¿½o do condutor;Colisï¿½o traseira;Com Vï¿½timas Feridas;Pleno dia;Sol;Simples;Reta;Nï¿½o;0;0
2025-10-17;sexta-feira;19:50:00;GO;60;ABADIANIA;Ingestï¿½o de ï¿½lcool pelo condutor;Colisï¿½o transversal;Sem Vï¿½timas;Plena Noite;Cï¿½u Claro;Dupla;Reta;Sim;0;0
2025-10-17;sexta-feira;18:20:00;SP;153;ICEM;Manobra de mudanï¿½a de faixa;Colisï¿½o lateral mesmo sentido;Com Vï¿½timas Feridas;Anoitecer;Nublado;Simples;Reta;Nï¿½o;0;0
2025-10-17;sexta-feira;17:10:00;RJ;40;DUQUE DE CAXIAS;Desrespeitar a preferï¿½ncia no cruzamento;Colisï¿½o lateral sentido oposto;Com Vï¿½timas Feridas;Pleno dia;Cï¿½u Claro;Simples;Reta;Nï¿½o;0;0
2025-10-17;sexta-feira;13:35:00;BA;116;FEIRA DE SANTANA;Velocidade Incompatï¿½vel;Tombamento;Com Vï¿½timas Feridas;Pleno dia;Sol;Dupla;"Curva;Declive";Nï¿½o;0;0
2025-10-17;sexta-feira;19:30:00;GO;153;MORRINHOS;Reaï¿½ï¿½o tardia ou ineficiente do condutor;Colisï¿½o traseira;Com Vï¿½timas Feridas;Plena Noite;Nublado;Dupla;Aclive;Nï¿½o;0;0
2025-10-17;sexta-feira;18:30:00;BA;101;ARATACA;Velocidade Incompatï¿½vel;Tombamento;Com Vï¿½timas Feridas;Plena Noite;Cï¿½u Claro;Simples;"Curva;Aclive";Nï¿½o;0;0
2025-10-17;sexta-feira;06:00:00;MA;10;CIDELANDIA;Ausï¿½ncia de reaï¿½ï¿½o do condutor;Saï¿½da de leito carroï¿½ï¿½vel;Sem Vï¿½timas;Amanhecer;Cï¿½u Claro;Simples;Reta;Nï¿½o;0;0
2025-10-17;sexta-feira;21:00:00;RJ;101;RIO BONITO;Ausï¿½ncia de reaï¿½ï¿½o do condutor;Tombamento;Com Vï¿½timas Feridas;Plena Noite;Nublado;Dupla;Curva;Nï¿½o;0;0
2025-10-17;sexta-feira;22:30:00;RS;116;CAPAO DO LEAO;Condutor Dormindo;Saï¿½da de leito carroï¿½ï¿½vel;Com Vï¿½timas Feridas;Plena Noite;Nublado;Simples;Reta;Nï¿½o;0;0
2025-10-17;sexta-feira;18:18:00;MT;70;DOM AQUINO;Acessar a via sem observar a presenï¿½a dos outros veï¿½culos;Colisï¿½o transversal;Com Vï¿½timas Feridas;Plena Noite;Cï¿½u Claro;Simples;Reta;Nï¿½o;0;0
2025-10-17;sexta-feira;21:30:00;SP;116;TAUBATE;Entrada inopinada do pedestre;Atropelamento de Pedestre;Com Vï¿½timas Feridas;Plena Noite;Cï¿½u Claro;Dupla;Declive;Nï¿½o;0;0
2025-10-17;sexta-feira;22:10:00;MT;364;JACIARA;Ausï¿½ncia de reaï¿½ï¿½o do condutor;Colisï¿½o traseira;Com Vï¿½timas Feridas;Plena Noite;Cï¿½u Claro;Dupla;Reta;Nï¿½o;0;0
2025-10-17;sexta-feira;22:40:00;MG;50;ARAGUARI;Reaï¿½ï¿½o tardia ou ineficiente do condutor;Colisï¿½o traseira;Com Vï¿½timas Fatais;Plena Noite;Cï¿½u Claro;Dupla;Reta;Nï¿½o;1;1
2025-10-17;sexta-feira;21:11:00;PR;277;PALMEIRA;Ausï¿½ncia de reaï¿½ï¿½o do condutor;Saï¿½da de leito carroï¿½ï¿½vel;Com Vï¿½timas Feridas;Plena Noite;Chuva;Simples;"Declive;Reta";Sim;0;0
2025-10-17;sexta-feira;23:00:00;SC;470;ILHOTA;Objeto estï¿½tico sobre o leito carroï¿½ï¿½vel;Colisï¿½o com objeto;Sem Vï¿½timas;Plena Noite;Nublado;Dupla;Reta;Nï¿½o;0;0
2025-10-18;sï¿½bado;00:20:00;RS;448;CANOAS;Acumulo de ï¿½gua sobre o pavimento;Colisï¿½o lateral mesmo sentido;Com Vï¿½timas Feridas;Plena Noite;Chuva;Dupla;"Viaduto;Interseï¿½ï¿½o de Vias";Nï¿½o;0;0
2025-10-18;sï¿½bado;01:08:00;RS;392;RIO GRANDE;Ingestï¿½o de ï¿½lcool pelo condutor;Colisï¿½o traseira;Com Vï¿½timas Feridas;Plena Noite;Cï¿½u Claro;Simples;Reta;Sim;0;0
2025-10-18;sï¿½bado;00:20:00;MT;364;SANTO ANTONIO DO LEVERGER;Condutor Dormindo;Saï¿½da de leito carroï¿½ï¿½vel;Com Vï¿½timas Feridas;Plena Noite;Cï¿½u Claro;Dupla;Curva;Nï¿½o;0;0
2025-10-18;sï¿½bado;02:20:00;RN;304;ITAJA;Demais falhas mecï¿½nicas ou elï¿½tricas;Incï¿½ndio;Sem Vï¿½timas;Plena Noite;Cï¿½u Claro;Simples;Reta;Nï¿½o;0;0
2025-10-18;sï¿½bado;04:30:00;ES;101;SERRA;Curva acentuada;Tombamento;Com Vï¿½timas Feridas;Amanhecer;Cï¿½u Claro;Dupla;"Reta;Retorno Regulamentado";Sim;0;0
2025-10-18;sï¿½bado;01:40:00;BA;101;ITAMARAJU;Velocidade Incompatï¿½vel;Tombamento;Sem Vï¿½timas;Plena Noite;Cï¿½u Claro;Simples;"Curva;Declive";Nï¿½o;0;0
2025-10-18;sï¿½bado;06:00:00;SC;101;ITAJAI;Reaï¿½ï¿½o tardia ou ineficiente do condutor;Colisï¿½o traseira;Com Vï¿½timas Feridas;Amanhecer;Chuva;Dupla;Reta;Sim;0;0
2025-10-18;sï¿½bado;04:40:00;MG;262;BOM DESPACHO;Ingestï¿½o de ï¿½lcool pelo condutor;Colisï¿½o frontal;Com Vï¿½timas Fatais;Pleno dia;Cï¿½u Claro;Simples;Reta;Nï¿½o;1;1
2025-10-18;sï¿½bado;02:30:00;PR;277;NOVA LARANJEIRAS;Ultrapassagem Indevida;Colisï¿½o lateral mesmo sentido;Com Vï¿½timas Feridas;Plena Noite;Chuva;Simples;Reta;Nï¿½o;0;0
2025-10-18;sï¿½bado;06:30:00;PI;343;BURITI DOS LOPES;Reaï¿½ï¿½o tardia ou ineficiente do condutor;Saï¿½da de leito carroï¿½ï¿½vel;Com Vï¿½timas Feridas;Pleno dia;Sol;Simples;Curva;Nï¿½o;0;0
2025-10-18;sï¿½bado;07:25:00;PI;316;TERESINA;Condutor deixou de manter distï¿½ncia do veï¿½culo da frente;Colisï¿½o traseira;Com Vï¿½timas Feridas;Pleno dia;Cï¿½u Claro;Dupla;Reta;Sim;0;0
2025-10-18;sï¿½bado;05:30:00;MS;163;BANDEIRANTES;Ausï¿½ncia de reaï¿½ï¿½o do condutor;Saï¿½da de leito carroï¿½ï¿½vel;Com Vï¿½timas Feridas;Amanhecer;Nublado;Simples;Declive;Nï¿½o;0;0
2025-10-18;sï¿½bado;07:38:00;PB;230;INGA;Condutor Dormindo;Saï¿½da de leito carroï¿½ï¿½vel;Sem Vï¿½timas;Pleno dia;Cï¿½u Claro;Dupla;Curva;Nï¿½o;0;0
2025-10-18;sï¿½bado;07:10:00;MT;70;PRIMAVERA DO LESTE;Condutor deixou de manter distï¿½ncia do veï¿½culo da frente;Colisï¿½o traseira;Com Vï¿½timas Feridas;Pleno dia;Cï¿½u Claro;Simples;Reta;Nï¿½o;0;0
2025-10-18;sï¿½bado;08:25:00;PI;402;PARNAIBA;Acessar a via sem observar a presenï¿½a dos outros veï¿½culos;Colisï¿½o lateral mesmo sentido;Com Vï¿½timas Feridas;Pleno dia;Cï¿½u Claro;Simples;"Interseï¿½ï¿½o de Vias;Curva";Sim;0;0
2025-10-18;sï¿½bado;04:30:00;MG;381;PERDOES;Condutor Dormindo;Colisï¿½o traseira;Com Vï¿½timas Fatais;Amanhecer;Nublado;Dupla;"Reta;Aclive";Nï¿½o;2;1
2025-09-12;sexta-feira;05:13:00;GO;153;GOIATUBA;Reaï¿½ï¿½o tardia ou ineficiente do condutor;Tombamento;Com Vï¿½timas Feridas;Amanhecer;Cï¿½u Claro;Dupla;Reta;Nï¿½o;0;0
2025-10-18;sï¿½bado;08:00:00;PI;343;TERESINA;Condutor deixou de manter distï¿½ncia do veï¿½culo da frente;Colisï¿½o traseira;Com Vï¿½timas Feridas;Pleno dia;Cï¿½u Claro;Simples;Reta;Nï¿½o;0;0
2025-09-23;terï¿½a-feira;19:15:00;MT;364;JACIARA;Reaï¿½ï¿½o tardia ou ineficiente do condutor;Colisï¿½o lateral mesmo sentido;Com Vï¿½timas Feridas;Plena Noite;Cï¿½u Claro;Dupla;Reta;Nï¿½o;0;0
2025-10-18;sï¿½bado;07:20:00;MA;135;SAO LUIS;Ausï¿½ncia de reaï¿½ï¿½o do condutor;Colisï¿½o frontal;Com Vï¿½timas Feridas;Pleno dia;Cï¿½u Claro;Dupla;"Reta;Aclive";Sim;0;0
2025-10-18;sï¿½bado;07:56:00;MS;262;TRES LAGOAS;Reaï¿½ï¿½o tardia ou ineficiente do condutor;Colisï¿½o traseira;Com Vï¿½timas Feridas;Pleno dia;Chuva;Simples;Reta;Nï¿½o;0;0
2025-10-18;sï¿½bado;01:10:00;MG;251;RUBELITA;Ausï¿½ncia de reaï¿½ï¿½o do condutor;Colisï¿½o lateral sentido oposto;Com Vï¿½timas Feridas;Plena Noite;Cï¿½u Claro;Simples;"Declive;Curva";Nï¿½o;0;0
2025-10-18;sï¿½bado;11:20:00;GO;153;ANAPOLIS;Velocidade Incompatï¿½vel;Saï¿½da de leito carroï¿½ï¿½vel;Com Vï¿½timas Feridas;Pleno dia;Cï¿½u Claro;Dupla;"Desvio Temporï¿½rio;Curva";Sim;0;0
2025-10-18;sï¿½bado;09:47:00;MG;116;SAO FRANCISCO DO GLORIA;Condutor deixou de manter distï¿½ncia do veï¿½culo da frente;Engavetamento;Com Vï¿½timas Feridas;Pleno dia;Nublado;Simples;Reta;Nï¿½o;0;0
2025-10-18;sï¿½bado;11:02:00;PA;10;MAE DO RIO;Acostamento em desnï¿½vel;Saï¿½da de leito carroï¿½ï¿½vel;Com Vï¿½timas Feridas;Pleno dia;Sol;Simples;Reta;Nï¿½o;0;0
2025-10-18;sï¿½bado;11:40:00;MT;158;RIBEIRAO CASCALHEIRA;Ausï¿½ncia de reaï¿½ï¿½o do condutor;Saï¿½da de leito carroï¿½ï¿½vel;Com Vï¿½timas Feridas;Pleno dia;Cï¿½u Claro;Simples;Curva;Nï¿½o;0;0
2025-10-18;sï¿½bado;13:05:00;PE;101;GOIANA;Ausï¿½ncia de reaï¿½ï¿½o do condutor;Colisï¿½o lateral mesmo sentido;Sem Vï¿½timas;Pleno dia;Cï¿½u Claro;Dupla;Reta;Nï¿½o;0;0
2025-10-18;sï¿½bado;11:00:00;SP;116;BARRA DO TURVO;Ausï¿½ncia de reaï¿½ï¿½o do condutor;Saï¿½da de leito carroï¿½ï¿½vel;Com Vï¿½timas Feridas;Pleno dia;Cï¿½u Claro;Simples;Reta;Nï¿½o;0;0
2025-10-18;sï¿½bado;12:38:00;PE;101;ESCADA;Manobra de mudanï¿½a de faixa;Colisï¿½o traseira;Com Vï¿½timas Feridas;Pleno dia;Cï¿½u Claro;Dupla;Reta;Nï¿½o;0;0
2025-10-18;sï¿½bado;10:40:00;SC;282;CHAPECO;Transitar na contramï¿½o;Colisï¿½o lateral sentido oposto;Com Vï¿½timas Feridas;Pleno dia;Cï¿½u Claro;Simples;Curva;Nï¿½o;0;0
2025-10-18;sï¿½bado;14:40:00;CE;222;CAUCAIA;Manobra de mudanï¿½a de faixa;Colisï¿½o frontal;Com Vï¿½timas Fatais;Pleno dia;Sol;Simples;"Reta;Em Obras;Desvio Temporï¿½rio";Nï¿½o;1;1
2025-10-18;sï¿½bado;16:35:00;SC;282;CATANDUVAS;Ausï¿½ncia de reaï¿½ï¿½o do condutor;Saï¿½da de leito carroï¿½ï¿½vel;Com Vï¿½timas Feridas;Pleno dia;Garoa/Chuvisco;Simples;Reta;Nï¿½o;0;0
2025-10-18;sï¿½bado;15:55:00;PR;376;SAO JOSE DOS PINHAIS;Ausï¿½ncia de reaï¿½ï¿½o do condutor;Colisï¿½o lateral mesmo sentido;Com Vï¿½timas Feridas;Pleno dia;Chuva;Mï¿½ltipla;Reta;Nï¿½o;0;0
2025-10-18;sï¿½bado;17:15:00;PI;135;CRISTINO CASTRO;Acessar a via sem observar a presenï¿½a dos outros veï¿½culos;Colisï¿½o lateral mesmo sentido;Com Vï¿½timas Feridas;Pleno dia;Cï¿½u Claro;Simples;Reta;Sim;0;0
2025-10-06;segunda-feira;11:15:00;TO;153;ARAGUAINA;Demais falhas mecï¿½nicas ou elï¿½tricas;Tombamento;Com Vï¿½timas Feridas;Pleno dia;Cï¿½u Claro;Simples;"Ponte;Reta";Nï¿½o;0;0
2025-10-18;sï¿½bado;18:07:00;MA;230;BALSAS;Ausï¿½ncia de reaï¿½ï¿½o do condutor;Colisï¿½o traseira;Com Vï¿½timas Feridas;Pleno dia;Cï¿½u Claro;Simples;"Declive;Reta";Nï¿½o;0;0
2025-10-18;sï¿½bado;18:15:00;AL;104;RIO LARGO;Acessar a via sem observar a presenï¿½a dos outros veï¿½culos;Colisï¿½o transversal;Com Vï¿½timas Feridas;Plena Noite;Cï¿½u Claro;Dupla;Reta;Sim;0;0
2025-10-18;sï¿½bado;17:50:00;SP;116;CACHOEIRA PAULISTA;Demais falhas mecï¿½nicas ou elï¿½tricas;Colisï¿½o traseira;Com Vï¿½timas Feridas;Pleno dia;Chuva;Dupla;"Reta;Declive";Nï¿½o;0;0
2025-10-18;sï¿½bado;18:15:00;GO;153;ANAPOLIS;Ingestï¿½o de ï¿½lcool pelo condutor;Colisï¿½o transversal;Sem Vï¿½timas;Anoitecer;Chuva;Dupla;"Reta;Aclive";Nï¿½o;0;0
2025-10-18;sï¿½bado;20:15:00;PR;376;SARANDI;Demais falhas mecï¿½nicas ou elï¿½tricas;Incï¿½ndio;Sem Vï¿½timas;Plena Noite;Cï¿½u Claro;Dupla;Declive;Sim;0;0
2025-10-18;sï¿½bado;17:28:00;MA;135;SAO LUIS;Desrespeitar a preferï¿½ncia no cruzamento;Colisï¿½o transversal;Sem Vï¿½timas;Anoitecer;Cï¿½u Claro;Dupla;Retorno Regulamentado;Sim;0;0
2025-10-18;sï¿½bado;19:50:00;MG;116;ALEM PARAIBA;Acessar a via sem observar a presenï¿½a dos outros veï¿½culos;Colisï¿½o transversal;Com Vï¿½timas Feridas;Plena Noite;Nublado;Simples;"Reta;Aclive";Sim;0;0
2025-10-18;sï¿½bado;17:00:00;PI;230;FLORIANO;Carga excessiva e/ou mal acondicionada;Tombamento;Com Vï¿½timas Feridas;Pleno dia;Sol;Simples;"Reta;Rotatï¿½ria";Nï¿½o;0;0
2025-10-18;sï¿½bado;19:00:00;MG;116;CARATINGA;Conversï¿½o proibida;Colisï¿½o lateral mesmo sentido;Com Vï¿½timas Feridas;Plena Noite;Nublado;Simples;"Reta;Interseï¿½ï¿½o de Vias";Sim;0;0
2025-10-18;sï¿½bado;23:26:00;DF;20;BRASILIA;Chuva;Eventos atï¿½picos;Com Vï¿½timas Feridas;Plena Noite;Chuva;Dupla;Declive;Nï¿½o;0;0
2025-10-18;sï¿½bado;22:30:00;MT;163;RONDONOPOLIS;Reaï¿½ï¿½o tardia ou ineficiente do condutor;Saï¿½da de leito carroï¿½ï¿½vel;Com Vï¿½timas Feridas;Plena Noite;Nublado;Dupla;Reta;Nï¿½o;0;0
2025-10-19;domingo;02:50:00;MG;381;BETIM;Reaï¿½ï¿½o tardia ou ineficiente do condutor;Colisï¿½o traseira;Com Vï¿½timas Feridas;Plena Noite;Cï¿½u Claro;Dupla;Reta;Sim;0;0
2025-10-19;domingo;03:30:00;SC;101;BIGUACU;Avarias e/ou desgaste excessivo no pneu;Colisï¿½o com objeto;Com Vï¿½timas Feridas;Plena Noite;Cï¿½u Claro;Dupla;Reta;Sim;0;0
2025-10-19;domingo;03:15:00;MG;116;TEOFILO OTONI;Transitar na contramï¿½o;Colisï¿½o frontal;Com Vï¿½timas Feridas;Plena Noite;Nublado;Simples;Reta;Sim;0;0
2025-10-19;domingo;05:45:00;SP;116;MIRACATU;Reaï¿½ï¿½o tardia ou ineficiente do condutor;Tombamento;Com Vï¿½timas Feridas;Amanhecer;Cï¿½u Claro;Dupla;"Aclive;Curva";Nï¿½o;0;0
2025-10-19;domingo;02:00:00;MT;163;RONDONOPOLIS;Ausï¿½ncia de reaï¿½ï¿½o do condutor;Saï¿½da de leito carroï¿½ï¿½vel;Com Vï¿½timas Feridas;Plena Noite;Cï¿½u Claro;Dupla;Reta;Nï¿½o;0;0
2025-10-19;domingo;03:50:00;GO;153;PANAMA;Reaï¿½ï¿½o tardia ou ineficiente do condutor;Colisï¿½o traseira;Com Vï¿½timas Feridas;Plena Noite;Cï¿½u Claro;Dupla;"Curva;Declive";Nï¿½o;0;0
2025-10-19;domingo;05:20:00;PB;230;CAMPINA GRANDE;Condutor Dormindo;Colisï¿½o traseira;Com Vï¿½timas Feridas;Amanhecer;Nublado;Dupla;"Reta;Aclive";Sim;0;0
2025-10-15;quarta-feira;20:40:00;MG;459;CALDAS;Velocidade Incompatï¿½vel;Tombamento;Com Vï¿½timas Feridas;Plena Noite;Nublado;Simples;Curva;Nï¿½o;0;0
2025-10-19;domingo;01:30:00;BA;242;BARREIRAS;Frear bruscamente;Colisï¿½o traseira;Sem Vï¿½timas;Plena Noite;Cï¿½u Claro;Simples;Reta;Nï¿½o;0;0