data_inversa;dia_semana;horario;uf;br;municipio;causa_acidente;tipo_acidente;classificacao_acidente;fase_dia;condicao_metereologica;tipo_pista;tracado_via;uso_solo;mortos;acidente_fatal
2025-10-24;sexta-feira;22:40:00;MA;222;ACAILANDIA;Reaï¿½ï¿½o tardia ou ineficiente do condutor;Colisï¿½o traseira;Com Vï¿½timas Fatais;Plena Noite;Cï¿½u Claro;Simples;Reta;Nï¿½o;1;1
2025-10-24;sexta-feira;22:35:00;SP;116;CRUZEIRO;Ausï¿½ncia de reaï¿½ï¿½o do condutor;Colisï¿½o traseira;Com Vï¿½timas Fatais;Plena Noite;Cï¿½u Claro;Dupla;"Curva;Declive";Nï¿½o;1;1
2025-10-25;sï¿½bado;05:25:00;MT;163;RONDONOPOLIS;Ausï¿½ncia de reaï¿½ï¿½o do condutor;Colisï¿½o traseira;Com Vï¿½timas Feridas;Amanhecer;Cï¿½u Claro;Dupla;"Aclive;Reta";Nï¿½o;0;0
2025-10-25;sï¿½bado;08:30:00;MG;50;UBERLANDIA;Ausï¿½ncia de reaï¿½ï¿½o do condutor;Capotamento;Com Vï¿½timas Feridas;Pleno dia;Cï¿½u Claro;Dupla;Reta;Nï¿½o;0;0
2025-10-25;sï¿½bado;07:20:00;ES;262;CONCEICAO DO CASTELO;Ausï¿½ncia de reaï¿½ï¿½o do condutor;Colisï¿½o frontal;Com Vï¿½timas Feridas;Pleno dia;Nublado;Simples;Curva;Nï¿½o;0;0
2025-10-25;sï¿½bado;06:00:00;MG;267;ARGIRITA;Ausï¿½ncia de reaï¿½ï¿½o do condutor;Colisï¿½o frontal;Com Vï¿½timas Fatais;Amanhecer;Cï¿½u Claro;Simples;Declive;Nï¿½o;1;1
2025-10-25;sï¿½bado;05:00:00;PR;373;CANDOI;Transitar na contramï¿½o;Colisï¿½o lateral sentido oposto;Com Vï¿½timas Fatais;Amanhecer;Cï¿½u Claro;Simples;Curva;Nï¿½o;1;1
2025-10-25;sï¿½bado;10:00:00;MG;381;SANTA LUZIA;Ultrapassagem Indevida;Colisï¿½o lateral mesmo sentido;Com Vï¿½timas Feridas;Pleno dia;Cï¿½u Claro;Simples;Curva;Nï¿½o;0;0
2025-10-25;sï¿½bado;10:50:00;SP;381;MAIRIPORA;Ausï¿½ncia de reaï¿½ï¿½o do condutor;Colisï¿½o traseira;Com Vï¿½timas Feridas;Pleno dia;Cï¿½u Claro;Dupla;Reta;Nï¿½o;0;0
2025-10-24;sexta-feira;14:50:00;BA;116;NOVA ITARANA;Ultrapassagem Indevida;Colisï¿½o frontal;Com Vï¿½timas Fatais;Pleno dia;Nublado;Mï¿½ltipla;"Aclive;Curva";Nï¿½o;1;1
2025-10-25;sï¿½bado;10:23:00;MS;163;CAARAPO;Transitar na contramï¿½o;Colisï¿½o lateral sentido oposto;Com Vï¿½timas Feridas;Pleno dia;Cï¿½u Claro;Simples;"Declive;Reta";Nï¿½o;0;0
2025-10-25;sï¿½bado;10:40:00;PI;343;FLORIANO;Manobra de mudanï¿½a de faixa;Colisï¿½o transversal;Com Vï¿½timas Feridas;Pleno dia;Cï¿½u Claro;Dupla;Reta;Sim;0;0
2025-10-25;sï¿½bado;09:45:00;SC;282;XAXIM;Conversï¿½o proibida;Colisï¿½o transversal;Com Vï¿½timas Feridas;Pleno dia;Sol;Simples;Reta;Sim;0;0
2025-09-13;sï¿½bado;08:30:00;RS;116;VACARIA;Retorno proibido;Colisï¿½o transversal;Sem Vï¿½timas;Pleno dia;Cï¿½u Claro;Simples;"Interseï¿½ï¿½o de Vias;Reta";Sim;0;0
2025-10-25;sï¿½bado;12:20:00;MS;262;CAMPO GRANDE;Manobra de mudanï¿½a de faixa;Colisï¿½o traseira;Com Vï¿½timas Feridas;Pleno dia;Cï¿½u Claro;Simples;Reta;Nï¿½o;0;0
2025-10-25;sï¿½bado;13:25:00;PR;376;ORTIGUEIRA;Avarias e/ou desgaste excessivo no pneu;Tombamento;Com Vï¿½timas Feridas;Pleno dia;Cï¿½u Claro;Dupla;Reta;Nï¿½o;0;0
2025-10-25;sï¿½bado;12:00:00;RS;285;PASSO FUNDO;Frear bruscamente;Colisï¿½o traseira;Com Vï¿½timas Feridas;Pleno dia;Nublado;Simples;Reta;Sim;0;0
2025-10-25;sï¿½bado;13:30:00;PE;423;GARANHUNS;Acesso irregular;Colisï¿½o traseira;Com Vï¿½timas Feridas;Pleno dia;Cï¿½u Claro;Simples;"Declive;Reta";Nï¿½o;0;0
2025-10-25;sï¿½bado;12:00:00;PR;277;BALSA NOVA;Reaï¿½ï¿½o tardia ou ineficiente do condutor;Tombamento;Sem Vï¿½timas;Pleno dia;Cï¿½u Claro;Dupla;Reta;Nï¿½o;0;0
2025-10-25;sï¿½bado;13:30:00;SC;101;ITAPEMA;Manobra de mudanï¿½a de faixa;Colisï¿½o lateral mesmo sentido;Com Vï¿½timas Feridas;Pleno dia;Cï¿½u Claro;Dupla;Reta;Sim;0;0
2025-10-25;sï¿½bado;02:00:00;BA;116;BREJOES;Velocidade Incompatï¿½vel;Colisï¿½o frontal;Com Vï¿½timas Feridas;Plena Noite;Cï¿½u Claro;Simples;Curva;Nï¿½o;0;0
2025-10-25;sï¿½bado;11:40:00;BA;116;NOVA ITARANA;Condutor deixou de manter distï¿½ncia do veï¿½culo da frente;Colisï¿½o traseira;Com Vï¿½timas Feridas;Pleno dia;Cï¿½u Claro;Simples;"Reta;Declive;Desvio Temporï¿½rio";Nï¿½o;0;0
2025-10-25;sï¿½bado;14:00:00;MG;50;ARAGUARI;Desrespeitar a preferï¿½ncia no cruzamento;Colisï¿½o transversal;Com Vï¿½timas Feridas;Pleno dia;Cï¿½u Claro;Dupla;Interseï¿½ï¿½o de Vias;Sim;0;0
2025-10-25;sï¿½bado;13:30:00;PR;373;CORONEL VIVIDA;Mal sï¿½bito do condutor;Colisï¿½o frontal;Com Vï¿½timas Feridas;Pleno dia;Cï¿½u Claro;Simples;Reta;Nï¿½o;0;0
2025-10-25;sï¿½bado;14:30:00;MG;262;LUZ;Velocidade Incompatï¿½vel;Tombamento;Com Vï¿½timas Feridas;Pleno dia;Sol;Simples;"Curva;Declive";Nï¿½o;0;0
2025-10-25;sï¿½bado;05:51:00;PA;230;ITAITUBA;Reaï¿½ï¿½o tardia ou ineficiente do condutor;Saï¿½da de leito carroï¿½ï¿½vel;Com Vï¿½timas Feridas;Plena Noite;Cï¿½u Claro;Simples;Curva;Nï¿½o;0;0
2025-10-25;sï¿½bado;14:20:00;PR;476;ARAUCARIA;Ultrapassagem Indevida;Colisï¿½o frontal;Com Vï¿½timas Fatais;Pleno dia;Cï¿½u Claro;Simples;"Interseï¿½ï¿½o de Vias;Reta";Nï¿½o;2;1
2025-10-25;sï¿½bado;16:00:00;SC;282;ALFREDO WAGNER;Velocidade Incompatï¿½vel;Tombamento;Com Vï¿½timas Feridas;Pleno dia;Nublado;Simples;Curva;Nï¿½o;0;0
2025-10-25;sï¿½bado;14:30:00;BA;101;TEODORO SAMPAIO;Acessar a via sem observar a presenï¿½a dos outros veï¿½culos;Colisï¿½o transversal;Com Vï¿½timas Fatais;Pleno dia;Cï¿½u Claro;Simples;"Declive;Interseï¿½ï¿½o de Vias";Nï¿½o;1;1
2025-10-25;sï¿½bado;15:00:00;BA;116;BREJOES;Acessar a via sem observar a presenï¿½a dos outros veï¿½culos;Atropelamento de Pedestre;Com Vï¿½timas Feridas;Pleno dia;Cï¿½u Claro;Simples;Reta;Sim;0;0
2025-10-25;sï¿½bado;13:30:00;ES;262;VENDA NOVA DO IMIGRANTE;Velocidade Incompatï¿½vel;Saï¿½da de leito carroï¿½ï¿½vel;Com Vï¿½timas Feridas;Pleno dia;Chuva;Simples;Curva;Nï¿½o;0;0
2025-10-25;sï¿½bado;18:40:00;PA;163;ITAITUBA;Deficiï¿½ncia do Sistema de Iluminaï¿½ï¿½o/Sinalizaï¿½ï¿½o;Colisï¿½o traseira;Sem Vï¿½timas;Anoitecer;Cï¿½u Claro;Simples;Reta;Nï¿½o;0;0
2025-10-25;sï¿½bado;17:40:00;MA;135;BACABEIRA;Acessar a via sem observar a presenï¿½a dos outros veï¿½culos;Colisï¿½o lateral mesmo sentido;Com Vï¿½timas Fatais;Pleno dia;Cï¿½u Claro;Dupla;Reta;Nï¿½o;1;1
2025-10-25;sï¿½bado;19:00:00;SP;153;GUAIMBE;Manobra de mudanï¿½a de faixa;Colisï¿½o frontal;Com Vï¿½timas Feridas;Plena Noite;Nublado;Simples;Reta;Nï¿½o;0;0
2025-10-25;sï¿½bado;19:15:00;RS;386;ALMIRANTE TAMANDARE DO SUL;Demais falhas mecï¿½nicas ou elï¿½tricas;Saï¿½da de leito carroï¿½ï¿½vel;Sem Vï¿½timas;Plena Noite;Chuva;Simples;"Curva;Declive";Nï¿½o;0;0
2025-10-25;sï¿½bado;17:58:00;GO;153;ESTRELA DO NORTE;Desrespeitar a preferï¿½ncia no cruzamento;Colisï¿½o transversal;Sem Vï¿½timas;Plena Noite;Cï¿½u Claro;Simples;"Reta;Interseï¿½ï¿½o de Vias";Sim;0;0
2025-10-25;sï¿½bado;20:00:00;BA;407;JUAZEIRO;Ingestï¿½o de ï¿½lcool pelo condutor;Colisï¿½o com objeto;Sem Vï¿½timas;Plena Noite;Cï¿½u Claro;Dupla;Reta;Sim;0;0
2025-10-25;sï¿½bado;18:45:00;MT;163;SINOP;Manobra de mudanï¿½a de faixa;Colisï¿½o transversal;Sem Vï¿½timas;Plena Noite;Cï¿½u Claro;Dupla;"Viaduto;Retorno Regulamentado";Sim;0;0
2025-10-25;sï¿½bado;19:00:00;SC;280;TRES BARRAS;Acessar a via sem observar a presenï¿½a dos outros veï¿½culos;Colisï¿½o transversal;Sem Vï¿½timas;Plena Noite;Cï¿½u Claro;Simples;Reta;Nï¿½o;0;0
2025-10-25;sï¿½bado;20:31:00;RS;116;VACARIA;Reaï¿½ï¿½o tardia ou ineficiente do condutor;Saï¿½da de leito carroï¿½ï¿½vel;Com Vï¿½timas Fatais;Plena Noite;Nublado;Simples;"Declive;Curva";Nï¿½o;2;1
2025-10-25;sï¿½bado;21:05:00;RR;174;RORAINOPOLIS;Ingestï¿½o de ï¿½lcool pelo condutor;Colisï¿½o lateral sentido oposto;Sem Vï¿½timas;Plena Noite;Cï¿½u Claro;Simples;Reta;Sim;0;0
2025-10-25;sï¿½bado;00:01:00;PA;316;SANTA MARIA DO PARA;Ingestï¿½o de substï¿½ncias psicoativas pelo condutor;Saï¿½da de leito carroï¿½ï¿½vel;Sem Vï¿½timas;Plena Noite;Cï¿½u Claro;Simples;Reta;Sim;0;0
2025-10-25;sï¿½bado;20:20:00;SC;101;BARRA VELHA;Pedestre andava na pista;Atropelamento de Pedestre;Com Vï¿½timas Feridas;Plena Noite;Garoa/Chuvisco;Mï¿½ltipla;Reta;Nï¿½o;0;0
2025-10-25;sï¿½bado;20:50:00;SC;101;BARRA VELHA;Ausï¿½ncia de reaï¿½ï¿½o do condutor;Colisï¿½o traseira;Com Vï¿½timas Fatais;Plena Noite;Cï¿½u Claro;Dupla;"Reta;Aclive";Nï¿½o;1;1
2025-10-25;sï¿½bado;20:15:00;PA;10;IRITUIA;Transitar na contramï¿½o;Colisï¿½o frontal;Com Vï¿½timas Feridas;Plena Noite;Cï¿½u Claro;Simples;Reta;Nï¿½o;0;0
2025-10-26;domingo;04:20:00;SP;116;SAO JOSE DOS CAMPOS;Reaï¿½ï¿½o tardia ou ineficiente do condutor;Colisï¿½o lateral mesmo sentido;Sem Vï¿½timas;Amanhecer;Sol;Dupla;"Reta;Em Obras";Sim;0;0
2025-10-26;domingo;00:15:00;RO;364;VILHENA;Deficiï¿½ncia do Sistema de Iluminaï¿½ï¿½o/Sinalizaï¿½ï¿½o;Colisï¿½o traseira;Com Vï¿½timas Feridas;Plena Noite;Chuva;Simples;Reta;Nï¿½o;0;0
2025-10-26;domingo;04:30:00;RJ;101;CAMPOS DOS GOYTACAZES;Ausï¿½ncia de reaï¿½ï¿½o do condutor;Tombamento;Com Vï¿½timas Feridas;Amanhecer;Nevoeiro/Neblina;Simples;Curva;Nï¿½o;0;0
2025-10-25;sï¿½bado;18:20:00;BA;116;RAFAEL JAMBEIRO;Demais falhas mecï¿½nicas ou elï¿½tricas;Incï¿½ndio;Sem Vï¿½timas;Plena Noite;Cï¿½u Claro;Dupla;Reta;Nï¿½o;0;0
2025-10-26;domingo;04:00:00;MA;316;SANTA INES;Reaï¿½ï¿½o tardia ou ineficiente do condutor;Colisï¿½o frontal;Com Vï¿½timas Fatais;Plena Noite;Nublado;Simples;Curva;Nï¿½o;1;1
2025-10-26;domingo;05:40:00;PR;369;CORBELIA;Chuva;Colisï¿½o frontal;Com Vï¿½timas Feridas;Amanhecer;Chuva;Simples;Reta;Nï¿½o;0;0
2025-10-26;domingo;06:30:00;PR;163;TOLEDO;Demais falhas mecï¿½nicas ou elï¿½tricas;Incï¿½ndio;Sem Vï¿½timas;Pleno dia;Garoa/Chuvisco;Dupla;Reta;Nï¿½o;0;0
2025-10-26;domingo;05:33:00;MG;116;GOVERNADOR VALADARES;Ingestï¿½o de ï¿½lcool pelo condutor;Colisï¿½o com objeto;Com Vï¿½timas Feridas;Amanhecer;Nublado;Simples;Reta;Sim;0;0
2025-10-26;domingo;07:20:00;PI;222;SAO JOAO DA FRONTEIRA;Ingestï¿½o de ï¿½lcool pelo condutor;Colisï¿½o com objeto;Com Vï¿½timas Feridas;Pleno dia;Cï¿½u Claro;Simples;Reta;Sim;0;0
2025-09-04;quinta-feira;18:30:00;MG;116;CACHOEIRA DE PAJEU;Pedestre andava na pista;Atropelamento de Pedestre;Com Vï¿½timas Feridas;Anoitecer;Cï¿½u Claro;Simples;Reta;Nï¿½o;0;0
2025-10-26;domingo;07:06:00;MS;158;PARANAIBA;Ausï¿½ncia de reaï¿½ï¿½o do condutor;Saï¿½da de leito carroï¿½ï¿½vel;Com Vï¿½timas Feridas;Pleno dia;Cï¿½u Claro;Simples;"Reta;Aclive";Nï¿½o;0;0
2025-10-25;sï¿½bado;04:45:00;BA;116;POCOES;Demais falhas mecï¿½nicas ou elï¿½tricas;Colisï¿½o lateral sentido oposto;Sem Vï¿½timas;Amanhecer;Cï¿½u Claro;Simples;"Aclive;Reta";Nï¿½o;0;0
2025-10-26;domingo;05:05:00;MG;251;TAIOBEIRAS;Reaï¿½ï¿½o tardia ou ineficiente do condutor;Colisï¿½o lateral sentido oposto;Com Vï¿½timas Feridas;Amanhecer;Cï¿½u Claro;Simples;"Aclive;Curva";Nï¿½o;0;0
2025-10-25;sï¿½bado;01:40:00;PI;135;SEBASTIAO LEAL;Reaï¿½ï¿½o tardia ou ineficiente do condutor;Tombamento;Com Vï¿½timas Feridas;Plena Noite;Cï¿½u Claro;Simples;"Declive;Curva";Nï¿½o;0;0
2025-10-26;domingo;07:20:00;MG;262;SACRAMENTO;Acessar a via sem observar a presenï¿½a dos outros veï¿½culos;Colisï¿½o transversal;Com Vï¿½timas Feridas;Pleno dia;Cï¿½u Claro;Simples;Interseï¿½ï¿½o de Vias;Nï¿½o;0;0
2025-10-26;domingo;11:07:00;PA;316;CASTANHAL;Condutor desrespeitou a iluminaï¿½ï¿½o vermelha do semï¿½foro;Colisï¿½o transversal;Sem Vï¿½timas;Pleno dia;Cï¿½u Claro;Dupla;Reta;Sim;0;0
2025-10-26;domingo;08:25:00;MG;262;MANHUACU;Velocidade Incompatï¿½vel;Colisï¿½o frontal;Com Vï¿½timas Fatais;Pleno dia;Cï¿½u Claro;Simples;"Curva;Declive";Nï¿½o;1;1
2025-10-26;domingo;12:07:00;ES;101;SERRA;Acessar a via sem observar a presenï¿½a dos outros veï¿½culos;Colisï¿½o transversal;Com Vï¿½timas Feridas;Pleno dia;Nublado;Dupla;"Retorno Regulamentado;Reta";Nï¿½o;0;0
2025-10-26;domingo;12:05:00;RJ;116;ITATIAIA;Reaï¿½ï¿½o tardia ou ineficiente do condutor;Colisï¿½o lateral mesmo sentido;Com Vï¿½timas Feridas;Pleno dia;Cï¿½u Claro;Dupla;Reta;Nï¿½o;0;0
2025-10-26;domingo;12:10:00;SE;101;SAO CRISTOVAO;Carga excessiva e/ou mal acondicionada;Incï¿½ndio;Sem Vï¿½timas;Pleno dia;Nublado;Dupla;Aclive;Nï¿½o;0;0
2025-10-26;domingo;11:00:00;MT;364;CUIABA;Manobra de mudanï¿½a de faixa;Colisï¿½o lateral mesmo sentido;Com Vï¿½timas Feridas;Pleno dia;Cï¿½u Claro;Dupla;Reta;Sim;0;0
2025-10-26;domingo;14:10:00;PB;230;CAMPINA GRANDE;Condutor deixou de manter distï¿½ncia do veï¿½culo da frente;Colisï¿½o traseira;Com Vï¿½timas Feridas;Pleno dia;Cï¿½u Claro;Simples;"Declive;Reta";Nï¿½o;0;0
2025-09-03;quarta-feira;09:58:00;PA;163;NOVO PROGRESSO;Desvio temporï¿½rio;Colisï¿½o lateral sentido oposto;Sem Vï¿½timas;Pleno dia;Cï¿½u Claro;Simples;Reta;Nï¿½o;0;0
2025-10-26;domingo;14:50:00;PR;277;PRUDENTOPOLIS;Condutor deixou de manter distï¿½ncia do veï¿½culo da frente;Colisï¿½o traseira;Com Vï¿½timas Feridas;Pleno dia;Chuva;Simples;"Curva;Declive";Nï¿½o;0;0
2025-10-26;domingo;15:30:00;MG;40;NOVA LIMA;Ausï¿½ncia de reaï¿½ï¿½o do condutor;Colisï¿½o traseira;Sem Vï¿½timas;Pleno dia;Cï¿½u Claro;Simples;"Declive;Reta";Nï¿½o;0;0
2025-10-26;domingo;15:00:00;SC;282;CORDILHEIRA ALTA;Condutor usando celular;Colisï¿½o frontal;Com Vï¿½timas Fatais;Pleno dia;Nublado;Simples;Curva;Nï¿½o;1;1
2025-10-26;domingo;16:45:00;MG;381;RIO MANSO;Ingestï¿½o de ï¿½lcool pelo condutor;Colisï¿½o lateral mesmo sentido;Com Vï¿½timas Feridas;Pleno dia;Cï¿½u Claro;Dupla;Reta;Nï¿½o;0;0
2025-10-26;domingo;16:00:00;BA;116;ABARE;Ausï¿½ncia de reaï¿½ï¿½o do condutor;Saï¿½da de leito carroï¿½ï¿½vel;Com Vï¿½timas Fatais;Pleno dia;Cï¿½u Claro;Simples;Reta;Nï¿½o;1;1
2025-10-26;domingo;12:40:00;PR;476;LAPA;Velocidade Incompatï¿½vel;Tombamento;Com Vï¿½timas Feridas;Pleno dia;Nublado;Simples;Curva;Nï¿½o;0;0
2025-10-26;domingo;15:30:00;MT;70;BARRA DO GARCAS;Manobra de mudanï¿½a de faixa;Saï¿½da de leito carroï¿½ï¿½vel;Sem Vï¿½timas;Pleno dia;Cï¿½u Claro;Simples;"Reta;Declive";Nï¿½o;0;0
2025-10-26;domingo;10:15:00;MT;70;CUIABA;Condutor deixou de manter distï¿½ncia do veï¿½culo da frente;Colisï¿½o traseira;Sem Vï¿½timas;Pleno dia;Cï¿½u Claro;Simples;"Reta;Em Obras";Sim;0;0
2025-10-26;domingo;19:30:00;PR;376;TIBAGI;Reaï¿½ï¿½o tardia ou ineficiente do condutor;Saï¿½da de leito carroï¿½ï¿½vel;Com Vï¿½timas Feridas;Plena Noite;Chuva;Dupla;Reta;Nï¿½o;0;0
2025-10-26;domingo;20:30:00;MG;262;NOVA SERRANA;Ausï¿½ncia de reaï¿½ï¿½o do condutor;Tombamento;Com Vï¿½timas Fatais;Plena Noite;Cï¿½u Claro;Dupla;"Declive;Curva";Nï¿½o;1;1
2025-10-07;terï¿½a-feira;02:00:00;PR;277;MATELANDIA;Acessar a via sem observar a presenï¿½a dos outros veï¿½culos;Colisï¿½o lateral mesmo sentido;Sem Vï¿½timas;Plena Noite;Ignorado;Dupla;Curva;Nï¿½o;0;0
2025-10-26;domingo;19:45:00;GO;50;CAMPO ALEGRE DE GOIAS;Condutor Dormindo;Tombamento;Com Vï¿½timas Feridas;Plena Noite;Cï¿½u Claro;Dupla;Reta;Nï¿½o;0;0
2025-10-26;domingo;21:00:00;PR;373;CHOPINZINHO;Transitar na contramï¿½o;Colisï¿½o frontal;Com Vï¿½timas Fatais;Plena Noite;Cï¿½u Claro;Simples;Reta;Nï¿½o;1;1
2025-10-26;domingo;17:00:00;MT;70;POCONE;Reaï¿½ï¿½o tardia ou ineficiente do condutor;Colisï¿½o frontal;Com Vï¿½timas Feridas;Plena Noite;Chuva;Simples;Aclive;Nï¿½o;0;0
2025-10-26;domingo;19:00:00;MG;116;TEOFILO OTONI;Demais falhas mecï¿½nicas ou elï¿½tricas;Eventos atï¿½picos;Com Vï¿½timas Feridas;Plena Noite;Nublado;Simples;Reta;Nï¿½o;0;0
2025-10-26;domingo;21:45:00;PR;476;LAPA;Velocidade Incompatï¿½vel;Colisï¿½o lateral sentido oposto;Com Vï¿½timas Fatais;Plena Noite;Nublado;Simples;Curva;Nï¿½o;1;1
2025-10-26;domingo;21:45:00;RS;471;SANTA CRUZ DO SUL;Ultrapassagem Indevida;Colisï¿½o lateral sentido oposto;Com Vï¿½timas Fatais;Plena Noite;Cï¿½u Claro;Simples;Reta;Sim;1;1
2025-10-26;domingo;20:00:00;MG;381;TRES CORACOES;Demais falhas mecï¿½nicas ou elï¿½tricas;Colisï¿½o com objeto;Com Vï¿½timas Feridas;Plena Noite;Cï¿½u Claro;Dupla;"Curva;Declive";Nï¿½o;0;0
2025-10-18;sï¿½bado;16:15:00;BA;116;SANTA BARBARA;Avarias e/ou desgaste excessivo no pneu;Tombamento;Com Vï¿½timas Feridas;Pleno dia;Cï¿½u Claro;Simples;"Reta;Em Obras;Declive";Nï¿½o;0;0
2025-10-26;domingo;20:20:00;MT;364;VARZEA GRANDE;Acumulo de ï¿½gua sobre o pavimento;Engavetamento;Com Vï¿½timas Feridas;Plena Noite;Cï¿½u Claro;Simples;Reta;Nï¿½o;0;0
2025-10-27;segunda-feira;05:00:00;DF;40;BRASILIA;Acessar a via sem observar a presenï¿½a dos outros veï¿½culos;Colisï¿½o lateral mesmo sentido;Com Vï¿½timas Feridas;Amanhecer;Cï¿½u Claro;Dupla;Reta;Sim;0;0
2025-10-27;segunda-feira;05:27:00;PR;116;FAZENDA RIO GRANDE;Condutor deixou de manter distï¿½ncia do veï¿½culo da frente;Queda de ocupante de veï¿½culo;Com Vï¿½timas Fatais;Amanhecer;Garoa/Chuvisco;Dupla;"Reta;Ponte";Nï¿½o;1;1
2025-10-27;segunda-feira;03:40:00;RN;304;MOSSORO;Ingestï¿½o de ï¿½lcool pelo condutor;Colisï¿½o lateral sentido oposto;Com Vï¿½timas Feridas;Plena Noite;Cï¿½u Claro;Simples;Reta;Nï¿½o;0;0
2025-10-27;segunda-feira;02:30:00;RN;304;ITAJA;Farï¿½is desregulados;Colisï¿½o traseira;Com Vï¿½timas Feridas;Plena Noite;Cï¿½u Claro;Simples;"Declive;Reta";Nï¿½o;0;0
2025-10-27;segunda-feira;05:40:00;MG;40;CONGONHAS;Ausï¿½ncia de reaï¿½ï¿½o do condutor;Colisï¿½o lateral sentido oposto;Com Vï¿½timas Feridas;Amanhecer;Cï¿½u Claro;Simples;"Viaduto;Reta";Nï¿½o;0;0
2025-10-27;segunda-feira;04:34:00;MG;262;PERDIZES;Manobra de mudanï¿½a de faixa;Colisï¿½o traseira;Com Vï¿½timas Feridas;Plena Noite;Cï¿½u Claro;Simples;Reta;Nï¿½o;0;0
2025-10-27;segunda-feira;06:50:00;RS;285;MATO CASTELHANO;Ausï¿½ncia de reaï¿½ï¿½o do condutor;Colisï¿½o frontal;Com Vï¿½timas Fatais;Pleno dia;Garoa/Chuvisco;Simples;Curva;Nï¿½o;1;1
2025-10-02;quinta-feira;18:55:00;TO;10;APARECIDA DO RIO NEGRO;Reaï¿½ï¿½o tardia ou ineficiente do condutor;Colisï¿½o traseira;Com Vï¿½timas Fatais;Anoitecer;Cï¿½u Claro;Simples;Reta;Nï¿½o;1;1
2025-10-27;segunda-feira;04:30:00;PE;101;XEXEU;Ausï¿½ncia de reaï¿½ï¿½o do condutor;Saï¿½da de leito carroï¿½ï¿½vel;Sem Vï¿½timas;Amanhecer;Cï¿½u Claro;Simples;Reta;Nï¿½o;0;0
2025-10-27;segunda-feira;08:00:00;ES;101;CARIACICA;Transitar no Acostamento;Colisï¿½o lateral mesmo sentido;Com Vï¿½timas Feridas;Pleno dia;Sol;Dupla;"Declive;Reta";Sim;0;0
2025-10-27;segunda-feira;04:30:00;PA;10;MAE DO RIO;Manobra de mudanï¿½a de faixa;Colisï¿½o frontal;Com Vï¿½timas Fatais;Amanhecer;Ignorado;Simples;Reta;Nï¿½o;1;1
2025-09-04;quinta-feira;07:11:00;PA;163;NOVO PROGRESSO;Reaï¿½ï¿½o tardia ou ineficiente do condutor;Saï¿½da de leito carroï¿½ï¿½vel;Com Vï¿½timas Feridas;Pleno dia;Cï¿½u Claro;Simples;Reta;Nï¿½o;0;0
2025-10-27;segunda-feira;09:00:00;MG;40;BARBACENA;Acessar a via sem observar a presenï¿½a dos outros veï¿½culos;Colisï¿½o transversal;Com Vï¿½timas Feridas;Pleno dia;Cï¿½u Claro;Dupla;Reta;Nï¿½o;0;0
2025-08-04;segunda-feira;03:20:00;SC;280;RIO NEGRINHO;Transitar na contramï¿½o;Colisï¿½o frontal;Com Vï¿½timas Fatais;Plena Noite;Cï¿½u Claro;Simples;Reta;Sim;1;1
2025-10-27;segunda-feira;10:10:00;ES;262;MARECHAL FLORIANO;Mal sï¿½bito do condutor;Colisï¿½o traseira;Sem Vï¿½timas;Pleno dia;Sol;Simples;Curva;Nï¿½o;0;0
2025-10-27;segunda-feira;09:20:00;PR;376;CALIFORNIA;Reaï¿½ï¿½o tardia ou ineficiente do condutor;Colisï¿½o traseira;Com Vï¿½timas Feridas;Pleno dia;Cï¿½u Claro;Dupla;Reta;Nï¿½o;0;0
2025-10-27;segunda-feira;10:15:00;ES;101;VIANA;Trafegar com motocicleta (ou similar) entre as faixas;Colisï¿½o lateral mesmo sentido;Com Vï¿½timas Feridas;Pleno dia;Cï¿½u Claro;Dupla;Reta;Nï¿½o;0;0
2025-08-04;segunda-feira;18:00:00;RS;153;MARCELINO RAMOS;Ausï¿½ncia de reaï¿½ï¿½o do condutor;Colisï¿½o lateral sentido oposto;Sem Vï¿½timas;Anoitecer;Cï¿½u Claro;Simples;Curva;Nï¿½o;0;0
2025-10-27;segunda-feira;10:50:00;PR;116;CAMPINA GRANDE DO SUL;Reaï¿½ï¿½o tardia ou ineficiente do condutor;Colisï¿½o lateral mesmo sentido;Com Vï¿½timas Feridas;Pleno dia;Chuva;Dupla;Reta;Sim;0;0
2025-10-27;segunda-feira;11:40:00;PR;277;MORRETES;Entrada inopinada do pedestre;Colisï¿½o traseira;Com Vï¿½timas Feridas;Pleno dia;Garoa/Chuvisco;Dupla;Reta;Nï¿½o;0;0
2025-10-27;segunda-feira;08:45:00;BA;235;JUAZEIRO;Condutor deixou de manter distï¿½ncia do veï¿½culo da frente;Colisï¿½o traseira;Com Vï¿½timas Feridas;Pleno dia;Sol;Simples;Reta;Sim;0;0
2025-10-27;segunda-feira;11:30:00;PR;116;ANTONINA;Chuva;Saï¿½da de leito carroï¿½ï¿½vel;Com Vï¿½timas Feridas;Pleno dia;Chuva;Dupla;Curva;Nï¿½o;0;0
2025-10-27;segunda-feira;10:15:00;SP;116;CAJATI;Ausï¿½ncia de reaï¿½ï¿½o do condutor;Saï¿½da de leito carroï¿½ï¿½vel;Com Vï¿½timas Feridas;Pleno dia;Garoa/Chuvisco;Simples;"Curva;Declive";Nï¿½o;0;0
2025-10-27;segunda-feira;12:00:00;RS;386;MARQUES DE SOUZA;Ausï¿½ncia de reaï¿½ï¿½o do condutor;Colisï¿½o lateral sentido oposto;Com Vï¿½timas Fatais;Pleno dia;Cï¿½u Claro;Simples;Curva;Nï¿½o;1;1
2025-09-01;segunda-feira;00:10:00;PB;230;TENORIO;Ingestï¿½o de ï¿½lcool pelo condutor;Colisï¿½o frontal;Com Vï¿½timas Feridas;Plena Noite;Cï¿½u Claro;Simples;Reta;Nï¿½o;0;0
2025-10-27;segunda-feira;13:00:00;MG;262;CAMPOS ALTOS;Condutor Dormindo;Saï¿½da de leito carroï¿½ï¿½vel;Sem Vï¿½timas;Pleno dia;Nublado;Simples;Curva;Nï¿½o;0;0