data_inversa;dia_semana;horario;uf;br;municipio;causa_acidente;tipo_acidente;classificacao_acidente;fase_dia;condicao_metereologica;tipo_pista;tracado_via;uso_solo;mortos;acidente_fatal
2025-11-07;sexta-feira;08:32:00;ES;101;LINHARES;Desrespeitar a preferï¿½ncia no cruzamento;Colisï¿½o transversal;Com Vï¿½timas Feridas;Pleno dia;Nublado;Simples;Interseï¿½ï¿½o de Vias;Nï¿½o;0;0
2025-11-07;sexta-feira;09:07:00;SP;116;SAO LOURENCO DA SERRA;Reaï¿½ï¿½o tardia ou ineficiente do condutor;Queda de ocupante de veï¿½culo;Com Vï¿½timas Feridas;Pleno dia;Nublado;Dupla;"Aclive;Reta";Nï¿½o;0;0
2025-11-07;sexta-feira;07:06:00;PA;163;ITAITUBA;Ausï¿½ncia de reaï¿½ï¿½o do condutor;Tombamento;Com Vï¿½timas Feridas;Pleno dia;Cï¿½u Claro;Simples;Curva;Nï¿½o;0;0
2025-11-07;sexta-feira;10:00:00;BA;101;ITAMARAJU;Condutor deixou de manter distï¿½ncia do veï¿½culo da frente;Colisï¿½o traseira;Com Vï¿½timas Feridas;Pleno dia;Cï¿½u Claro;Simples;Reta;Sim;0;0
2025-11-07;sexta-feira;10:00:00;SC;101;BALNEARIO CAMBORIU;Reaï¿½ï¿½o tardia ou ineficiente do condutor;Colisï¿½o traseira;Sem Vï¿½timas;Pleno dia;Nublado;Dupla;Reta;Sim;0;0
2025-11-07;sexta-feira;10:50:00;RS;386;SARANDI;Acumulo de ï¿½gua sobre o pavimento;Saï¿½da de leito carroï¿½ï¿½vel;Com Vï¿½timas Feridas;Pleno dia;Chuva;Simples;"Curva;Declive";Sim;0;0
2025-11-07;sexta-feira;09:58:00;GO;364;JATAI;Acessar a via sem observar a presenï¿½a dos outros veï¿½culos;Colisï¿½o transversal;Com Vï¿½timas Feridas;Pleno dia;Sol;Dupla;"Em Obras;Aclive;Curva;Retorno Regulamentado";Nï¿½o;0;0
2025-11-07;sexta-feira;10:55:00;SC;101;SAO JOSE;Reaï¿½ï¿½o tardia ou ineficiente do condutor;Saï¿½da de leito carroï¿½ï¿½vel;Com Vï¿½timas Feridas;Pleno dia;Garoa/Chuvisco;Mï¿½ltipla;"Declive;Reta";Sim;0;0
2025-11-07;sexta-feira;11:55:00;SP;381;GUARULHOS;Ausï¿½ncia de reaï¿½ï¿½o do condutor;Colisï¿½o traseira;Com Vï¿½timas Feridas;Pleno dia;Sol;Dupla;Reta;Sim;0;0
2025-11-07;sexta-feira;11:30:00;RS;153;CACAPAVA DO SUL;Desrespeitar a preferï¿½ncia no cruzamento;Colisï¿½o transversal;Com Vï¿½timas Feridas;Pleno dia;Chuva;Simples;"Interseï¿½ï¿½o de Vias;Viaduto;Rotatï¿½ria;Ponte";Nï¿½o;0;0
2025-11-07;sexta-feira;11:50:00;RO;364;PORTO VELHO;Demais falhas mecï¿½nicas ou elï¿½tricas;Derramamento de carga;Sem Vï¿½timas;Pleno dia;Cï¿½u Claro;Dupla;Reta;Nï¿½o;0;0
2025-11-07;sexta-feira;07:40:00;SC;280;ARAQUARI;Mal sï¿½bito do condutor;Colisï¿½o traseira;Com Vï¿½timas Feridas;Pleno dia;Cï¿½u Claro;Simples;Reta;Nï¿½o;0;0
2025-11-07;sexta-feira;12:20:00;SC;101;PALHOCA;Reaï¿½ï¿½o tardia ou ineficiente do condutor;Colisï¿½o traseira;Com Vï¿½timas Feridas;Pleno dia;Garoa/Chuvisco;Simples;Reta;Sim;0;0
2025-11-07;sexta-feira;13:10:00;SE;101;ITAPORANGA DAJUDA;Reaï¿½ï¿½o tardia ou ineficiente do condutor;Tombamento;Com Vï¿½timas Feridas;Pleno dia;Cï¿½u Claro;Dupla;Reta;Nï¿½o;0;0
2025-11-07;sexta-feira;11:15:00;CE;304;ARACATI;Manobra de mudanï¿½a de faixa;Colisï¿½o lateral mesmo sentido;Com Vï¿½timas Feridas;Pleno dia;Cï¿½u Claro;Dupla;Reta;Sim;0;0
2025-11-07;sexta-feira;13:15:00;SC;282;FLORIANOPOLIS;Reaï¿½ï¿½o tardia ou ineficiente do condutor;Colisï¿½o traseira;Com Vï¿½timas Feridas;Pleno dia;Chuva;Mï¿½ltipla;Reta;Sim;0;0
2025-11-07;sexta-feira;12:40:00;ES;101;ARACRUZ;Acessar a via sem observar a presenï¿½a dos outros veï¿½culos;Colisï¿½o transversal;Com Vï¿½timas Feridas;Pleno dia;Nublado;Simples;Reta;Nï¿½o;0;0
2025-10-30;quinta-feira;23:10:00;RS;386;FREDERICO WESTPHALEN;Reaï¿½ï¿½o tardia ou ineficiente do condutor;Colisï¿½o traseira;Sem Vï¿½timas;Plena Noite;Cï¿½u Claro;Simples;"Reta;Interseï¿½ï¿½o de Vias";Sim;0;0
2025-11-07;sexta-feira;11:24:00;SC;470;POUSO REDONDO;Reaï¿½ï¿½o tardia ou ineficiente do condutor;Saï¿½da de leito carroï¿½ï¿½vel;Com Vï¿½timas Feridas;Pleno dia;Garoa/Chuvisco;Simples;"Reta;Declive";Sim;0;0
2025-11-07;sexta-feira;11:45:00;MT;163;LUCAS DO RIO VERDE;Ausï¿½ncia de reaï¿½ï¿½o do condutor;Colisï¿½o lateral mesmo sentido;Com Vï¿½timas Feridas;Pleno dia;Cï¿½u Claro;Simples;Reta;Nï¿½o;0;0
2025-10-23;quinta-feira;08:55:00;SC;282;CHAPECO;Desrespeitar a preferï¿½ncia no cruzamento;Colisï¿½o transversal;Sem Vï¿½timas;Pleno dia;Cï¿½u Claro;Dupla;"Reta;Interseï¿½ï¿½o de Vias";Sim;0;0
2025-11-07;sexta-feira;15:40:00;RS;293;HULHA NEGRA;Demais falhas mecï¿½nicas ou elï¿½tricas;Saï¿½da de leito carroï¿½ï¿½vel;Sem Vï¿½timas;Pleno dia;Chuva;Simples;Reta;Nï¿½o;0;0
2025-11-07;sexta-feira;14:10:00;MT;163;SORRISO;Ausï¿½ncia de reaï¿½ï¿½o do condutor;Colisï¿½o frontal;Com Vï¿½timas Fatais;Pleno dia;Cï¿½u Claro;Simples;"Reta;Em Obras";Nï¿½o;1;1
2025-11-07;sexta-feira;15:59:00;SP;116;EMBU DAS ARTES;Manobra de mudanï¿½a de faixa;Colisï¿½o lateral mesmo sentido;Com Vï¿½timas Feridas;Pleno dia;Cï¿½u Claro;Dupla;Reta;Sim;0;0
2025-11-07;sexta-feira;15:40:00;SC;101;ARARANGUA;Chuva;Colisï¿½o traseira;Com Vï¿½timas Feridas;Pleno dia;Chuva;Mï¿½ltipla;"Aclive;Reta";Nï¿½o;0;0
2025-11-07;sexta-feira;15:40:00;SC;101;PAULO LOPES;Ausï¿½ncia de reaï¿½ï¿½o do condutor;Colisï¿½o traseira;Com Vï¿½timas Feridas;Pleno dia;Chuva;Dupla;"Tï¿½nel;Aclive;Reta";Nï¿½o;0;0
2025-11-07;sexta-feira;14:00:00;PE;116;CABROBO;Ultrapassagem Indevida;Colisï¿½o traseira;Com Vï¿½timas Feridas;Pleno dia;Cï¿½u Claro;Simples;"Declive;Reta";Nï¿½o;0;0
2025-11-07;sexta-feira;07:00:00;MG;365;JEQUITAI;Condutor Dormindo;Saï¿½da de leito carroï¿½ï¿½vel;Com Vï¿½timas Feridas;Amanhecer;Chuva;Simples;Reta;Nï¿½o;0;0
2025-11-07;sexta-feira;16:45:00;SC;101;SAO JOSE;Reaï¿½ï¿½o tardia ou ineficiente do condutor;Colisï¿½o traseira;Sem Vï¿½timas;Anoitecer;Chuva;Mï¿½ltipla;"Declive;Reta";Sim;0;0
2025-11-07;sexta-feira;16:00:00;SC;282;CAMPOS NOVOS;Ultrapassagem Indevida;Colisï¿½o frontal;Com Vï¿½timas Feridas;Pleno dia;Chuva;Simples;Curva;Nï¿½o;0;0
2025-11-07;sexta-feira;17:10:00;RS;386;NOVA SANTA RITA;Acumulo de ï¿½gua sobre o pavimento;Saï¿½da de leito carroï¿½ï¿½vel;Com Vï¿½timas Fatais;Pleno dia;Chuva;Dupla;Reta;Sim;1;1
2025-11-07;sexta-feira;15:00:00;PA;316;BENEVIDES;Acessar a via sem observar a presenï¿½a dos outros veï¿½culos;Saï¿½da de leito carroï¿½ï¿½vel;Com Vï¿½timas Feridas;Pleno dia;Cï¿½u Claro;Dupla;Reta;Sim;0;0
2025-11-07;sexta-feira;17:00:00;PR;277;IRATI;Ausï¿½ncia de reaï¿½ï¿½o do condutor;Colisï¿½o frontal;Com Vï¿½timas Feridas;Pleno dia;Chuva;Simples;"Reta;Declive";Nï¿½o;0;0
2025-11-07;sexta-feira;15:15:00;RO;364;OURO PRETO DO OESTE;Acessar a via sem observar a presenï¿½a dos outros veï¿½culos;Colisï¿½o transversal;Com Vï¿½timas Feridas;Pleno dia;Cï¿½u Claro;Simples;"Reta;Rotatï¿½ria";Sim;0;0
2025-11-07;sexta-feira;14:40:00;SP;116;REGISTRO;Problema com o freio;Incï¿½ndio;Sem Vï¿½timas;Pleno dia;Cï¿½u Claro;Dupla;Reta;Sim;0;0
2025-11-07;sexta-feira;18:10:00;GO;414;ABADIANIA;Acessar a via sem observar a presenï¿½a dos outros veï¿½culos;Colisï¿½o transversal;Com Vï¿½timas Feridas;Plena Noite;Cï¿½u Claro;Simples;Reta;Nï¿½o;0;0
2025-11-07;sexta-feira;18:30:00;SP;381;BRAGANCA PAULISTA;Ausï¿½ncia de reaï¿½ï¿½o do condutor;Colisï¿½o com objeto;Com Vï¿½timas Feridas;Plena Noite;Garoa/Chuvisco;Dupla;"Declive;Curva";Nï¿½o;0;0
2025-11-07;sexta-feira;18:45:00;SP;381;BRAGANCA PAULISTA;Frear bruscamente;Saï¿½da de leito carroï¿½ï¿½vel;Com Vï¿½timas Feridas;Plena Noite;Garoa/Chuvisco;Dupla;Reta;Nï¿½o;0;0
2025-11-07;sexta-feira;18:44:00;SP;381;SAO PAULO;Entrada inopinada do pedestre;Atropelamento de Pedestre;Com Vï¿½timas Fatais;Anoitecer;Nublado;Mï¿½ltipla;Reta;Sim;1;1
2025-11-07;sexta-feira;15:40:00;PB;230;POCINHOS;Demais falhas mecï¿½nicas ou elï¿½tricas;Derramamento de carga;Sem Vï¿½timas;Pleno dia;Cï¿½u Claro;Simples;"Reta;Declive";Nï¿½o;0;0
2025-11-07;sexta-feira;17:00:00;MA;316;TIMON;Ausï¿½ncia de reaï¿½ï¿½o do condutor;Colisï¿½o frontal;Com Vï¿½timas Fatais;Pleno dia;Cï¿½u Claro;Simples;"Reta;Declive";Nï¿½o;3;1
2025-11-07;sexta-feira;16:15:00;PI;222;SAO JOAO DA FRONTEIRA;Condutor Dormindo;Colisï¿½o frontal;Com Vï¿½timas Fatais;Pleno dia;Cï¿½u Claro;Simples;Curva;Nï¿½o;1;1
2025-11-07;sexta-feira;09:30:00;RJ;116;PIRAI;Problema com o freio;Colisï¿½o lateral mesmo sentido;Com Vï¿½timas Feridas;Pleno dia;Nublado;Simples;"Curva;Declive";Nï¿½o;0;0
2025-11-07;sexta-feira;18:47:00;SC;282;JOACABA;Reaï¿½ï¿½o tardia ou ineficiente do condutor;Colisï¿½o com objeto;Sem Vï¿½timas;Plena Noite;Chuva;Dupla;Reta;Nï¿½o;0;0
2025-11-07;sexta-feira;19:00:00;PR;277;FERNANDES PINHEIRO;Acessar a via sem observar a presenï¿½a dos outros veï¿½culos;Colisï¿½o transversal;Com Vï¿½timas Feridas;Plena Noite;Chuva;Simples;Reta;Nï¿½o;0;0
2025-11-07;sexta-feira;19:30:00;PR;376;CALIFORNIA;Ausï¿½ncia de reaï¿½ï¿½o do condutor;Colisï¿½o lateral sentido oposto;Com Vï¿½timas Feridas;Plena Noite;Cï¿½u Claro;Simples;Reta;Nï¿½o;0;0
2025-11-07;sexta-feira;18:50:00;PR;277;GUARANIACU;Entrada inopinada do pedestre;Atropelamento de Pedestre;Com Vï¿½timas Fatais;Plena Noite;Chuva;Simples;Reta;Nï¿½o;1;1
2025-11-07;sexta-feira;18:55:00;RJ;40;RIO DE JANEIRO;Reaï¿½ï¿½o tardia ou ineficiente do condutor;Colisï¿½o traseira;Com Vï¿½timas Feridas;Plena Noite;Cï¿½u Claro;Dupla;Reta;Sim;0;0
2025-11-07;sexta-feira;16:45:00;RJ;101;ITABORAI;Ausï¿½ncia de reaï¿½ï¿½o do condutor;Engavetamento;Com Vï¿½timas Feridas;Pleno dia;Cï¿½u Claro;Dupla;Reta;Sim;0;0
2025-11-07;sexta-feira;15:40:00;MT;70;PRIMAVERA DO LESTE;Mal sï¿½bito do condutor;Saï¿½da de leito carroï¿½ï¿½vel;Sem Vï¿½timas;Pleno dia;Cï¿½u Claro;Simples;Reta;Sim;0;0
2025-11-07;sexta-feira;21:10:00;PB;230;RIACHAO DO POCO;Ausï¿½ncia de reaï¿½ï¿½o do condutor;Colisï¿½o traseira;Com Vï¿½timas Fatais;Plena Noite;Cï¿½u Claro;Dupla;Reta;Nï¿½o;1;1
2025-11-07;sexta-feira;17:00:00;PR;163;BARRACAO;Restriï¿½ï¿½o de visibilidade em curvas horizontais;Colisï¿½o frontal;Com Vï¿½timas Feridas;Anoitecer;Chuva;Simples;"Declive;Curva";Nï¿½o;0;0
2025-11-07;sexta-feira;19:00:00;MA;316;PERITORO;Ingestï¿½o de ï¿½lcool pelo condutor;Colisï¿½o frontal;Com Vï¿½timas Fatais;Plena Noite;Cï¿½u Claro;Simples;Reta;Sim;1;1
2025-11-07;sexta-feira;20:30:00;MT;163;NOVA MUTUM;Reaï¿½ï¿½o tardia ou ineficiente do condutor;Colisï¿½o traseira;Com Vï¿½timas Feridas;Plena Noite;Cï¿½u Claro;Simples;"Reta;Em Obras";Nï¿½o;0;0
2025-11-07;sexta-feira;22:15:00;PR;116;CAMPINA GRANDE DO SUL;Chuva;Colisï¿½o com objeto;Sem Vï¿½timas;Plena Noite;Chuva;Dupla;Reta;Nï¿½o;0;0
2025-11-07;sexta-feira;22:20:00;MG;40;CURVELO;Manobra de mudanï¿½a de faixa;Colisï¿½o traseira;Com Vï¿½timas Feridas;Plena Noite;Nublado;Simples;"Aclive;Reta";Nï¿½o;0;0
2025-11-07;sexta-feira;20:40:00;MT;364;RONDONOPOLIS;Ausï¿½ncia de reaï¿½ï¿½o do condutor;Saï¿½da de leito carroï¿½ï¿½vel;Sem Vï¿½timas;Plena Noite;Cï¿½u Claro;Dupla;Reta;Sim;0;0
2025-11-07;sexta-feira;18:40:00;MG;251;FRANCISCO SA;Velocidade Incompatï¿½vel;Colisï¿½o com objeto;Com Vï¿½timas Feridas;Plena Noite;Cï¿½u Claro;Simples;"Curva;Declive";Nï¿½o;0;0
2025-11-08;sï¿½bado;00:33:00;PR;277;PALMEIRA;Velocidade Incompatï¿½vel;Colisï¿½o com objeto;Com Vï¿½timas Feridas;Plena Noite;Chuva;Simples;Curva;Nï¿½o;0;0
2025-11-08;sï¿½bado;01:40:00;SP;116;GUARATINGUETA;Ausï¿½ncia de reaï¿½ï¿½o do condutor;Colisï¿½o traseira;Com Vï¿½timas Fatais;Plena Noite;Nublado;Dupla;Reta;Sim;1;1
2025-11-08;sï¿½bado;01:00:00;SP;116;PARIQUERA-ACU;Ausï¿½ncia de reaï¿½ï¿½o do condutor;Colisï¿½o traseira;Com Vï¿½timas Feridas;Plena Noite;Chuva;Dupla;Reta;Sim;0;0
2025-11-08;sï¿½bado;01:30:00;PR;376;GUARATUBA;Demais falhas mecï¿½nicas ou elï¿½tricas;Colisï¿½o lateral mesmo sentido;Sem Vï¿½timas;Plena Noite;Garoa/Chuvisco;Simples;"Declive;Curva";Nï¿½o;0;0
2025-11-07;sexta-feira;23:30:00;MG;381;ITAGUARA;Demais falhas mecï¿½nicas ou elï¿½tricas;Incï¿½ndio;Sem Vï¿½timas;Plena Noite;Chuva;Dupla;"Curva;Retorno Regulamentado";Nï¿½o;0;0
2025-11-08;sï¿½bado;00:20:00;MG;381;ITATIAIUCU;Ingestï¿½o de ï¿½lcool pelo condutor;Capotamento;Com Vï¿½timas Feridas;Plena Noite;Chuva;Dupla;"Curva;Declive";Nï¿½o;0;0
2025-11-08;sï¿½bado;01:30:00;MG;381;RIO MANSO;Reaï¿½ï¿½o tardia ou ineficiente do condutor;Capotamento;Com Vï¿½timas Feridas;Plena Noite;Garoa/Chuvisco;Dupla;"Declive;Curva";Nï¿½o;0;0
2025-11-08;sï¿½bado;02:00:00;GO;40;CRISTALINA;Condutor Dormindo;Tombamento;Com Vï¿½timas Feridas;Plena Noite;Cï¿½u Claro;Dupla;Reta;Nï¿½o;0;0
2025-11-08;sï¿½bado;04:00:00;MG;262;CAMPOS ALTOS;Ausï¿½ncia de reaï¿½ï¿½o do condutor;Saï¿½da de leito carroï¿½ï¿½vel;Com Vï¿½timas Feridas;Plena Noite;Nublado;Simples;Reta;Nï¿½o;0;0
2025-11-08;sï¿½bado;04:30:00;MG;381;JOAO MONLEVADE;Velocidade Incompatï¿½vel;Tombamento;Com Vï¿½timas Fatais;Amanhecer;Nublado;Simples;"Declive;Curva";Nï¿½o;1;1
2025-11-08;sï¿½bado;04:40:00;SP;153;JOSE BONIFACIO;Transitar na contramï¿½o;Colisï¿½o frontal;Com Vï¿½timas Feridas;Plena Noite;Nublado;Simples;Reta;Sim;0;0
2025-11-07;sexta-feira;19:30:00;BA;116;FEIRA DE SANTANA;Acesso irregular;Colisï¿½o lateral mesmo sentido;Sem Vï¿½timas;Plena Noite;Nublado;Simples;Interseï¿½ï¿½o de Vias;Sim;0;0
2025-11-07;sexta-feira;20:20:00;SC;116;PAPANDUVA;Transitar na contramï¿½o;Colisï¿½o frontal;Com Vï¿½timas Feridas;Plena Noite;Chuva;Simples;Reta;Nï¿½o;0;0
2025-11-07;sexta-feira;18:33:00;MT;163;LUCAS DO RIO VERDE;Condutor deixou de manter distï¿½ncia do veï¿½culo da frente;Engavetamento;Com Vï¿½timas Fatais;Plena Noite;Cï¿½u Claro;Simples;Reta;Nï¿½o;1;1
2025-11-08;sï¿½bado;07:00:00;SC;101;ARAQUARI;Condutor deixou de manter distï¿½ncia do veï¿½culo da frente;Colisï¿½o traseira;Com Vï¿½timas Feridas;Pleno dia;Cï¿½u Claro;Dupla;Reta;Sim;0;0
2025-10-15;quarta-feira;22:50:00;SC;470;IBIRAMA;Reaï¿½ï¿½o tardia ou ineficiente do condutor;Tombamento;Com Vï¿½timas Feridas;Plena Noite;Ignorado;Simples;Curva;Nï¿½o;0;0
2025-11-08;sï¿½bado;06:50:00;RJ;116;PIRAI;Chuva;Tombamento;Com Vï¿½timas Feridas;Amanhecer;Chuva;Dupla;Curva;Sim;0;0
2025-11-08;sï¿½bado;08:22:00;MG;381;LAVRAS;Chuva;Saï¿½da de leito carroï¿½ï¿½vel;Com Vï¿½timas Feridas;Pleno dia;Chuva;Dupla;Curva;Nï¿½o;0;0
2025-11-08;sï¿½bado;10:00:00;MG;381;SABARA;Chuva;Colisï¿½o frontal;Com Vï¿½timas Feridas;Pleno dia;Chuva;Simples;Reta;Sim;0;0
2025-11-08;sï¿½bado;09:50:00;MG;40;SETE LAGOAS;Condutor deixou de manter distï¿½ncia do veï¿½culo da frente;Colisï¿½o traseira;Com Vï¿½timas Feridas;Pleno dia;Garoa/Chuvisco;Dupla;"Reta;Aclive";Nï¿½o;0;0
2025-10-20;segunda-feira;07:45:00;RJ;101;PARATY;Condutor deixou de manter distï¿½ncia do veï¿½culo da frente;Colisï¿½o traseira;Com Vï¿½timas Feridas;Pleno dia;Nublado;Simples;Reta;Nï¿½o;0;0
2025-11-08;sï¿½bado;09:17:00;MG;381;ITATIAIUCU;Velocidade Incompatï¿½vel;Colisï¿½o traseira;Com Vï¿½timas Feridas;Pleno dia;Chuva;Dupla;"Declive;Reta";Nï¿½o;0;0
2025-11-08;sï¿½bado;12:30:00;BA;116;SANTA BARBARA;Ausï¿½ncia de reaï¿½ï¿½o do condutor;Colisï¿½o com objeto;Com Vï¿½timas Fatais;Pleno dia;Cï¿½u Claro;Dupla;Reta;Sim;1;1
2025-11-08;sï¿½bado;12:27:00;PE;232;POMBOS;Acesso irregular;Colisï¿½o traseira;Sem Vï¿½timas;Pleno dia;Cï¿½u Claro;Dupla;Reta;Nï¿½o;0;0
2025-11-08;sï¿½bado;12:00:00;SC;101;ICARA;Chuva;Colisï¿½o lateral mesmo sentido;Com Vï¿½timas Feridas;Pleno dia;Chuva;Mï¿½ltipla;Aclive;Sim;0;0
2025-11-08;sï¿½bado;13:00:00;SP;116;CACHOEIRA PAULISTA;Demais falhas mecï¿½nicas ou elï¿½tricas;Colisï¿½o com objeto;Com Vï¿½timas Feridas;Pleno dia;Chuva;Dupla;Reta;Nï¿½o;0;0
2025-11-08;sï¿½bado;12:30:00;PR;476;LAPA;Reaï¿½ï¿½o tardia ou ineficiente do condutor;Tombamento;Com Vï¿½timas Feridas;Pleno dia;Cï¿½u Claro;Simples;Curva;Nï¿½o;0;0
2025-11-08;sï¿½bado;03:30:00;SP;116;GUARATINGUETA;Reaï¿½ï¿½o tardia ou ineficiente do condutor;Colisï¿½o traseira;Sem Vï¿½timas;Plena Noite;Nublado;Dupla;Reta;Nï¿½o;0;0
2025-11-08;sï¿½bado;13:35:00;MG;381;ITAGUARA;Ingestï¿½o de ï¿½lcool pelo condutor;Colisï¿½o traseira;Sem Vï¿½timas;Pleno dia;Nublado;Dupla;"Reta;Aclive";Nï¿½o;0;0
2025-11-08;sï¿½bado;12:15:00;SC;101;ITAJAI;Condutor deixou de manter distï¿½ncia do veï¿½culo da frente;Colisï¿½o traseira;Com Vï¿½timas Fatais;Pleno dia;Nublado;Mï¿½ltipla;Reta;Nï¿½o;1;1
2025-11-08;sï¿½bado;13:26:00;PE;101;PAULISTA;Reaï¿½ï¿½o tardia ou ineficiente do condutor;Colisï¿½o traseira;Com Vï¿½timas Feridas;Pleno dia;Cï¿½u Claro;Simples;Viaduto;Sim;0;0
2025-11-08;sï¿½bado;14:14:00;RN;304;MOSSORO;Condutor deixou de manter distï¿½ncia do veï¿½culo da frente;Colisï¿½o traseira;Com Vï¿½timas Feridas;Pleno dia;Cï¿½u Claro;Simples;Reta;Nï¿½o;0;0
2025-11-08;sï¿½bado;13:50:00;MT;364;ROSARIO OESTE;Transitar na contramï¿½o;Colisï¿½o frontal;Com Vï¿½timas Fatais;Pleno dia;Cï¿½u Claro;Simples;Reta;Nï¿½o;1;1
2025-11-08;sï¿½bado;15:00:00;SC;282;XAXIM;Carga excessiva e/ou mal acondicionada;Tombamento;Sem Vï¿½timas;Pleno dia;Nublado;Simples;Interseï¿½ï¿½o de Vias;Sim;0;0
2025-11-08;sï¿½bado;14:30:00;SP;459;PIQUETE;Ausï¿½ncia de reaï¿½ï¿½o do condutor;Colisï¿½o frontal;Sem Vï¿½timas;Pleno dia;Garoa/Chuvisco;Simples;Curva;Nï¿½o;0;0
2025-11-08;sï¿½bado;14:30:00;SP;116;JUQUITIBA;Velocidade Incompatï¿½vel;Colisï¿½o traseira;Com Vï¿½timas Feridas;Pleno dia;Cï¿½u Claro;Dupla;"Aclive;Reta";Sim;0;0
2025-11-08;sï¿½bado;09:45:00;MG;262;MANHUACU;Velocidade Incompatï¿½vel;Colisï¿½o frontal;Com Vï¿½timas Fatais;Pleno dia;Chuva;Simples;Curva;Nï¿½o;1;1
2025-11-08;sï¿½bado;14:00:00;BA;116;NOVA ITARANA;Falta de acostamento;Saï¿½da de leito carroï¿½ï¿½vel;Sem Vï¿½timas;Pleno dia;Cï¿½u Claro;Simples;Reta;Nï¿½o;0;0
2025-11-08;sï¿½bado;08:20:00;PI;343;CAMPO MAIOR;Ultrapassagem Indevida;Colisï¿½o frontal;Com Vï¿½timas Feridas;Pleno dia;Cï¿½u Claro;Simples;Reta;Nï¿½o;0;0
2025-11-08;sï¿½bado;12:30:00;SP;116;TAUBATE;Reaï¿½ï¿½o tardia ou ineficiente do condutor;Colisï¿½o traseira;Com Vï¿½timas Feridas;Pleno dia;Cï¿½u Claro;Dupla;"Declive;Reta";Nï¿½o;0;0
2025-11-08;sï¿½bado;16:05:00;RO;364;PIMENTA BUENO;Reaï¿½ï¿½o tardia ou ineficiente do condutor;Colisï¿½o traseira;Com Vï¿½timas Fatais;Pleno dia;Cï¿½u Claro;Simples;Declive;Nï¿½o;1;1
2025-11-08;sï¿½bado;17:00:00;DF;251;BRASILIA;Transitar na contramï¿½o;Colisï¿½o frontal;Com Vï¿½timas Fatais;Pleno dia;Nublado;Simples;"Reta;Ponte";Nï¿½o;1;1
2025-11-08;sï¿½bado;16:45:00;ES;101;SAO MATEUS;Acessar a via sem observar a presenï¿½a dos outros veï¿½culos;Colisï¿½o transversal;Com Vï¿½timas Feridas;Pleno dia;Cï¿½u Claro;Mï¿½ltipla;"Reta;Interseï¿½ï¿½o de Vias";Sim;0;0
2025-11-08;sï¿½bado;13:50:00;SC;280;CORUPA;Velocidade Incompatï¿½vel;Tombamento;Com Vï¿½timas Feridas;Pleno dia;Sol;Simples;"Curva;Declive";Nï¿½o;0;0
2025-11-08;sï¿½bado;17:15:00;CE;222;ITAPAJE;Ausï¿½ncia de reaï¿½ï¿½o do condutor;Colisï¿½o traseira;Com Vï¿½timas Fatais;Pleno dia;Cï¿½u Claro;Simples;Reta;Nï¿½o;1;1
2025-11-08;sï¿½bado;18:25:00;RJ;101;RIO BONITO;Reaï¿½ï¿½o tardia ou ineficiente do condutor;Colisï¿½o traseira;Sem Vï¿½timas;Anoitecer;Ignorado;Dupla;Reta;Nï¿½o;0;0
2025-11-08;sï¿½bado;18:21:00;MA;135;DOM PEDRO;Transitar na contramï¿½o;Colisï¿½o frontal;Com Vï¿½timas Fatais;Plena Noite;Cï¿½u Claro;Simples;Reta;Nï¿½o;2;1
2025-11-08;sï¿½bado;17:45:00;RS;386;SANTO ANTONIO DO PLANALTO;Transitar na contramï¿½o;Colisï¿½o frontal;Com Vï¿½timas Feridas;Pleno dia;Cï¿½u Claro;Simples;"Declive;Reta";Nï¿½o;0;0
2025-11-08;sï¿½bado;15:01:00;RO;364;OURO PRETO DO OESTE;Demais falhas mecï¿½nicas ou elï¿½tricas;Colisï¿½o com objeto;Com Vï¿½timas Feridas;Pleno dia;Cï¿½u Claro;Simples;Reta;Sim;0;0
2025-11-08;sï¿½bado;17:30:00;BA;101;URUCUCA;Ultrapassagem Indevida;Colisï¿½o transversal;Sem Vï¿½timas;Anoitecer;Cï¿½u Claro;Simples;Reta;Nï¿½o;0;0
2025-11-08;sï¿½bado;18:50:00;ES;262;IUNA;Demais falhas mecï¿½nicas ou elï¿½tricas;Capotamento;Com Vï¿½timas Fatais;Plena Noite;Nublado;Simples;Curva;Nï¿½o;2;1
2025-11-08;sï¿½bado;20:55:00;RN;405;FELIPE GUERRA;Manobra de mudanï¿½a de faixa;Colisï¿½o frontal;Com Vï¿½timas Feridas;Plena Noite;Cï¿½u Claro;Simples;Reta;Nï¿½o;0;0
2025-11-08;sï¿½bado;13:05:00;PR;163;CASCAVEL;Reaï¿½ï¿½o tardia ou ineficiente do condutor;Saï¿½da de leito carroï¿½ï¿½vel;Com Vï¿½timas Feridas;Pleno dia;Cï¿½u Claro;Dupla;"Reta;Declive";Sim;0;0
2025-10-11;sï¿½bado;18:30:00;SC;101;PALHOCA;Manobra de mudanï¿½a de faixa;Colisï¿½o lateral mesmo sentido;Com Vï¿½timas Feridas;Anoitecer;Chuva;Mï¿½ltipla;Reta;Nï¿½o;0;0
2025-11-08;sï¿½bado;15:17:00;PI;316;MARCOLANDIA;Transitar na contramï¿½o;Colisï¿½o frontal;Com Vï¿½timas Feridas;Pleno dia;Cï¿½u Claro;Simples;"Reta;Aclive";Nï¿½o;0;0
2025-11-08;sï¿½bado;20:00:00;CE;116;JAGUARIBE;Pedestre andava na pista;Atropelamento de Pedestre;Com Vï¿½timas Fatais;Plena Noite;Ignorado;Simples;"Reta;Declive";Nï¿½o;1;1
2025-10-24;sexta-feira;05:50:00;RS;116;GUAIBA;Reaï¿½ï¿½o tardia ou ineficiente do condutor;Colisï¿½o traseira;Com Vï¿½timas Feridas;Amanhecer;Cï¿½u Claro;Simples;"Em Obras;Reta";Sim;0;0