data_inversa;dia_semana;horario;uf;br;municipio;causa_acidente;tipo_acidente;classificacao_acidente;fase_dia;condicao_metereologica;tipo_pista;tracado_via;uso_solo;mortos;acidente_fatal
2025-11-17;segunda-feira;15:45:00;MA;135;SANTA RITA;Reaï¿½ï¿½o tardia ou ineficiente do condutor;Colisï¿½o traseira;Com Vï¿½timas Feridas;Pleno dia;Cï¿½u Claro;Simples;Reta;Sim;0;0
2025-11-17;segunda-feira;16:50:00;BA;116;FEIRA DE SANTANA;Velocidade Incompatï¿½vel;Tombamento;Com Vï¿½timas Feridas;Pleno dia;Cï¿½u Claro;Dupla;"Curva;Declive";Nï¿½o;0;0
2025-11-17;segunda-feira;16:00:00;PR;116;CAMPINA GRANDE DO SUL;Manobra de mudanï¿½a de faixa;Tombamento;Com Vï¿½timas Feridas;Pleno dia;Garoa/Chuvisco;Dupla;Reta;Nï¿½o;0;0
2025-11-17;segunda-feira;13:20:00;BA;116;ENCRUZILHADA;Ausï¿½ncia de reaï¿½ï¿½o do condutor;Colisï¿½o traseira;Com Vï¿½timas Feridas;Pleno dia;Cï¿½u Claro;Simples;"Declive;Curva;Em Obras";Nï¿½o;0;0
2025-11-17;segunda-feira;14:00:00;SC;282;CHAPECO;Condutor Dormindo;Colisï¿½o lateral sentido oposto;Com Vï¿½timas Fatais;Pleno dia;Nublado;Simples;Curva;Nï¿½o;1;1
2025-11-17;segunda-feira;17:10:00;GO;414;ABADIANIA;Transitar na contramï¿½o;Colisï¿½o frontal;Com Vï¿½timas Feridas;Anoitecer;Nublado;Simples;"Declive;Curva";Nï¿½o;0;0
2025-11-17;segunda-feira;15:35:00;PB;230;JUAZEIRINHO;Condutor Dormindo;Colisï¿½o lateral sentido oposto;Com Vï¿½timas Fatais;Pleno dia;Cï¿½u Claro;Simples;Reta;Sim;1;1
2025-11-17;segunda-feira;16:00:00;PR;369;APUCARANA;Ausï¿½ncia de reaï¿½ï¿½o do condutor;Atropelamento de Pedestre;Com Vï¿½timas Feridas;Pleno dia;Garoa/Chuvisco;Simples;"Interseï¿½ï¿½o de Vias;Rotatï¿½ria";Sim;0;0
2025-11-17;segunda-feira;17:20:00;MG;116;UBAPORANGA;Transitar no Acostamento;Colisï¿½o lateral mesmo sentido;Com Vï¿½timas Feridas;Pleno dia;Nublado;Simples;Reta;Nï¿½o;0;0
2025-11-17;segunda-feira;19:00:00;BA;242;BARREIRAS;Demais falhas na via;Tombamento;Com Vï¿½timas Feridas;Plena Noite;Cï¿½u Claro;Simples;Reta;Nï¿½o;0;0
2025-11-17;segunda-feira;20:10:00;PR;277;CURITIBA;Ultrapassagem Indevida;Colisï¿½o lateral mesmo sentido;Com Vï¿½timas Feridas;Plena Noite;Nublado;Simples;"Viaduto;Retorno Regulamentado";Sim;0;0
2025-11-17;segunda-feira;17:30:00;CE;116;RUSSAS;Ingestï¿½o de ï¿½lcool pelo condutor;Colisï¿½o traseira;Sem Vï¿½timas;Pleno dia;Cï¿½u Claro;Simples;Reta;Sim;0;0
2025-11-17;segunda-feira;20:35:00;ES;101;CONCEICAO DA BARRA;Transitar na contramï¿½o;Colisï¿½o frontal;Com Vï¿½timas Feridas;Plena Noite;Cï¿½u Claro;Simples;"Reta;Declive";Nï¿½o;0;0
2025-11-17;segunda-feira;17:45:00;MA;316;CAXIAS;Acessar a via sem observar a presenï¿½a dos outros veï¿½culos;Colisï¿½o transversal;Com Vï¿½timas Fatais;Anoitecer;Cï¿½u Claro;Simples;Curva;Nï¿½o;1;1
2025-11-17;segunda-feira;16:10:00;MG;262;MATIPO;Reaï¿½ï¿½o tardia ou ineficiente do condutor;Saï¿½da de leito carroï¿½ï¿½vel;Com Vï¿½timas Fatais;Pleno dia;Cï¿½u Claro;Simples;"Curva;Declive";Nï¿½o;1;1
2025-11-17;segunda-feira;21:15:00;PR;277;CAMPO LARGO;Manobra de mudanï¿½a de faixa;Colisï¿½o lateral mesmo sentido;Com Vï¿½timas Feridas;Plena Noite;Garoa/Chuvisco;Dupla;Reta;Sim;0;0
2025-11-17;segunda-feira;20:40:00;MT;364;ROSARIO OESTE;Demais falhas mecï¿½nicas ou elï¿½tricas;Incï¿½ndio;Sem Vï¿½timas;Plena Noite;Cï¿½u Claro;Simples;Reta;Nï¿½o;0;0
2025-11-13;quinta-feira;01:30:00;SC;116;PAPANDUVA;Condutor Dormindo;Colisï¿½o frontal;Com Vï¿½timas Feridas;Plena Noite;Cï¿½u Claro;Simples;Reta;Nï¿½o;0;0
2025-11-17;segunda-feira;21:15:00;MG;262;UBERABA;Transitar no Acostamento;Colisï¿½o com objeto;Sem Vï¿½timas;Plena Noite;Chuva;Dupla;"Aclive;Reta";Sim;0;0
2025-11-17;segunda-feira;20:45:00;MG;381;CAMBUI;Pedestre andava na pista;Atropelamento de Pedestre;Com Vï¿½timas Fatais;Plena Noite;Nublado;Dupla;"Declive;Curva";Nï¿½o;1;1
2025-11-17;segunda-feira;21:10:00;MG;459;SENADOR JOSE BENTO;Velocidade Incompatï¿½vel;Saï¿½da de leito carroï¿½ï¿½vel;Com Vï¿½timas Feridas;Plena Noite;Cï¿½u Claro;Simples;"Declive;Curva";Nï¿½o;0;0
2025-11-17;segunda-feira;19:45:00;MS;163;CAMPO GRANDE;Acessar a via sem observar a presenï¿½a dos outros veï¿½culos;Colisï¿½o lateral mesmo sentido;Com Vï¿½timas Feridas;Plena Noite;Garoa/Chuvisco;Simples;Reta;Nï¿½o;0;0
2025-11-17;segunda-feira;23:05:00;PR;376;SAO JOSE DOS PINHAIS;Reaï¿½ï¿½o tardia ou ineficiente do condutor;Colisï¿½o lateral mesmo sentido;Com Vï¿½timas Feridas;Plena Noite;Chuva;Mï¿½ltipla;"Reta;Declive;Retorno Regulamentado";Nï¿½o;0;0
2025-11-17;segunda-feira;22:35:00;PR;369;CAMPO MOURAO;Ultrapassagem Indevida;Colisï¿½o lateral mesmo sentido;Sem Vï¿½timas;Plena Noite;Cï¿½u Claro;Simples;Curva;Nï¿½o;0;0
2025-11-18;terï¿½a-feira;05:29:00;SP;116;TAUBATE;Entrada inopinada do pedestre;Atropelamento de Pedestre;Com Vï¿½timas Fatais;Amanhecer;Cï¿½u Claro;Dupla;Aclive;Nï¿½o;1;1
2025-11-17;segunda-feira;23:00:00;SC;282;PONTE SERRADA;Ingestï¿½o de ï¿½lcool pelo condutor;Colisï¿½o transversal;Com Vï¿½timas Feridas;Plena Noite;Cï¿½u Claro;Simples;Reta;Nï¿½o;0;0
2025-11-18;terï¿½a-feira;04:55:00;MG;262;MANHUACU;Transitar na contramï¿½o;Colisï¿½o frontal;Com Vï¿½timas Feridas;Amanhecer;Cï¿½u Claro;Simples;Curva;Nï¿½o;0;0
2025-11-18;terï¿½a-feira;05:30:00;BA;101;ALAGOINHAS;Reaï¿½ï¿½o tardia ou ineficiente do condutor;Saï¿½da de leito carroï¿½ï¿½vel;Com Vï¿½timas Feridas;Pleno dia;Cï¿½u Claro;Simples;Reta;Nï¿½o;0;0
2025-11-18;terï¿½a-feira;04:30:00;PE;232;SERTANIA;Animais na Pista;Atropelamento de Animal;Sem Vï¿½timas;Plena Noite;Cï¿½u Claro;Simples;"Reta;Declive";Nï¿½o;0;0
2025-11-18;terï¿½a-feira;06:10:00;PR;277;PALMEIRA;Conversï¿½o proibida;Colisï¿½o transversal;Com Vï¿½timas Feridas;Amanhecer;Nublado;Simples;Curva;Nï¿½o;0;0
2025-11-18;terï¿½a-feira;05:00:00;GO;153;PROFESSOR JAMIL;Velocidade Incompatï¿½vel;Tombamento;Sem Vï¿½timas;Plena Noite;Cï¿½u Claro;Dupla;"Declive;Curva";Sim;0;0
2025-11-18;terï¿½a-feira;07:05:00;SC;280;MAFRA;Reaï¿½ï¿½o tardia ou ineficiente do condutor;Saï¿½da de leito carroï¿½ï¿½vel;Com Vï¿½timas Feridas;Pleno dia;Chuva;Simples;"Curva;Aclive";Nï¿½o;0;0
2025-11-18;terï¿½a-feira;06:10:00;MG;381;SABARA;Condutor deixou de manter distï¿½ncia do veï¿½culo da frente;Colisï¿½o traseira;Sem Vï¿½timas;Pleno dia;Cï¿½u Claro;Simples;Reta;Nï¿½o;0;0
2025-10-29;quarta-feira;20:30:00;PA;308;BRAGANCA;Ausï¿½ncia de reaï¿½ï¿½o do condutor;Colisï¿½o traseira;Com Vï¿½timas Fatais;Plena Noite;Cï¿½u Claro;Simples;Reta;Nï¿½o;1;1
2025-11-18;terï¿½a-feira;08:00:00;MG;459;SENADOR JOSE BENTO;Ausï¿½ncia de reaï¿½ï¿½o do condutor;Colisï¿½o frontal;Com Vï¿½timas Feridas;Pleno dia;Nublado;Simples;Curva;Nï¿½o;0;0
2025-05-15;quinta-feira;06:15:00;SC;101;BALNEARIO CAMBORIU;Transitar na contramï¿½o;Colisï¿½o lateral sentido oposto;Com Vï¿½timas Fatais;Amanhecer;Cï¿½u Claro;Dupla;Curva;Sim;1;1
2025-11-18;terï¿½a-feira;08:45:00;PR;476;LAPA;Reaï¿½ï¿½o tardia ou ineficiente do condutor;Colisï¿½o frontal;Com Vï¿½timas Fatais;Pleno dia;Chuva;Simples;Reta;Nï¿½o;1;1
2025-11-18;terï¿½a-feira;08:30:00;RS;290;PORTO ALEGRE;Condutor deixou de manter distï¿½ncia do veï¿½culo da frente;Colisï¿½o traseira;Com Vï¿½timas Feridas;Pleno dia;Cï¿½u Claro;Dupla;Reta;Sim;0;0
2025-11-18;terï¿½a-feira;08:25:00;PR;376;GUARATUBA;Ausï¿½ncia de reaï¿½ï¿½o do condutor;Colisï¿½o com objeto;Com Vï¿½timas Fatais;Pleno dia;Chuva;Dupla;"Aclive;Reta";Nï¿½o;1;1
2025-11-18;terï¿½a-feira;10:27:00;GO;153;URUACU;Condutor usando celular;Colisï¿½o transversal;Com Vï¿½timas Feridas;Pleno dia;Cï¿½u Claro;Simples;"Reta;Declive";Nï¿½o;0;0
2025-11-18;terï¿½a-feira;07:40:00;CE;403;CARIRE;Animais na Pista;Atropelamento de Animal;Sem Vï¿½timas;Pleno dia;Cï¿½u Claro;Simples;Reta;Nï¿½o;0;0
2025-11-18;terï¿½a-feira;09:45:00;SC;101;JOINVILLE;Condutor deixou de manter distï¿½ncia do veï¿½culo da frente;Colisï¿½o traseira;Com Vï¿½timas Feridas;Pleno dia;Garoa/Chuvisco;Dupla;Reta;Nï¿½o;0;0
2025-11-18;terï¿½a-feira;04:30:00;RS;386;FONTOURA XAVIER;Sinalizaï¿½ï¿½o mal posicionada;Saï¿½da de leito carroï¿½ï¿½vel;Com Vï¿½timas Feridas;Plena Noite;Nublado;Simples;"Em Obras;Declive";Nï¿½o;0;0
2025-11-18;terï¿½a-feira;11:55:00;MS;262;CAMPO GRANDE;Transitar na contramï¿½o;Colisï¿½o lateral sentido oposto;Com Vï¿½timas Feridas;Pleno dia;Cï¿½u Claro;Simples;Reta;Nï¿½o;0;0
2025-11-18;terï¿½a-feira;12:10:00;RJ;393;VOLTA REDONDA;Condutor Dormindo;Saï¿½da de leito carroï¿½ï¿½vel;Com Vï¿½timas Feridas;Pleno dia;Cï¿½u Claro;Simples;Reta;Nï¿½o;0;0
2025-09-16;terï¿½a-feira;06:45:00;SC;470;INDAIAL;Reaï¿½ï¿½o tardia ou ineficiente do condutor;Colisï¿½o traseira;Com Vï¿½timas Feridas;Pleno dia;Cï¿½u Claro;Dupla;Reta;Sim;0;0
2025-11-18;terï¿½a-feira;12:50:00;PR;369;CAMBE;Avarias e/ou desgaste excessivo no pneu;Tombamento;Com Vï¿½timas Feridas;Pleno dia;Cï¿½u Claro;Dupla;"Retorno Regulamentado;Reta;Declive";Sim;0;0
2025-11-18;terï¿½a-feira;13:20:00;DF;251;BRASILIA;Condutor Dormindo;Colisï¿½o lateral sentido oposto;Sem Vï¿½timas;Pleno dia;Cï¿½u Claro;Simples;Reta;Nï¿½o;0;0
2025-11-18;terï¿½a-feira;13:05:00;PR;369;CAMBARA;Estacionar ou parar em local proibido;Colisï¿½o traseira;Com Vï¿½timas Feridas;Pleno dia;Cï¿½u Claro;Simples;"Aclive;Reta";Nï¿½o;0;0
2025-11-18;terï¿½a-feira;09:43:00;MT;163;SORRISO;Transitar na contramï¿½o;Saï¿½da de leito carroï¿½ï¿½vel;Com Vï¿½timas Feridas;Pleno dia;Cï¿½u Claro;Simples;"Reta;Em Obras;Aclive;Desvio Temporï¿½rio";Nï¿½o;0;0
2025-11-18;terï¿½a-feira;12:00:00;PR;376;PONTA GROSSA;Ausï¿½ncia de reaï¿½ï¿½o do condutor;Colisï¿½o traseira;Com Vï¿½timas Feridas;Pleno dia;Ignorado;Simples;Reta;Nï¿½o;0;0
2025-11-18;terï¿½a-feira;14:10:00;SC;470;RIO DO SUL;Reaï¿½ï¿½o tardia ou ineficiente do condutor;Colisï¿½o transversal;Com Vï¿½timas Feridas;Pleno dia;Chuva;Simples;"Retorno Regulamentado;Reta";Sim;0;0
2025-11-18;terï¿½a-feira;11:30:00;SP;116;CAJATI;Reaï¿½ï¿½o tardia ou ineficiente do condutor;Colisï¿½o com objeto;Sem Vï¿½timas;Pleno dia;Chuva;Simples;"Curva;Declive";Nï¿½o;0;0
2025-11-18;terï¿½a-feira;15:00:00;SP;381;MAIRIPORA;Transitar na contramï¿½o;Colisï¿½o frontal;Com Vï¿½timas Feridas;Pleno dia;Chuva;Dupla;"Reta;Aclive";Nï¿½o;0;0
2025-11-18;terï¿½a-feira;15:05:00;GO;153;ITUMBIARA;Ausï¿½ncia de reaï¿½ï¿½o do condutor;Colisï¿½o traseira;Com Vï¿½timas Feridas;Pleno dia;Nublado;Dupla;Reta;Nï¿½o;0;0
2025-11-18;terï¿½a-feira;13:45:00;SC;470;ILHOTA;Condutor Dormindo;Colisï¿½o lateral mesmo sentido;Sem Vï¿½timas;Pleno dia;Chuva;Dupla;Reta;Sim;0;0
2025-11-18;terï¿½a-feira;12:10:00;MG;262;ARAXA;Ultrapassagem Indevida;Colisï¿½o lateral sentido oposto;Sem Vï¿½timas;Pleno dia;Cï¿½u Claro;Simples;"Reta;Declive;Ponte";Nï¿½o;0;0
2025-11-18;terï¿½a-feira;11:56:00;MG;381;RIBEIRAO VERMELHO;Velocidade Incompatï¿½vel;Tombamento;Com Vï¿½timas Feridas;Pleno dia;Nublado;Dupla;Curva;Nï¿½o;0;0
2025-11-18;terï¿½a-feira;15:30:00;SP;116;REGISTRO;Condutor deixou de manter distï¿½ncia do veï¿½culo da frente;Colisï¿½o traseira;Com Vï¿½timas Feridas;Pleno dia;Cï¿½u Claro;Dupla;Reta;Nï¿½o;0;0
2025-11-18;terï¿½a-feira;16:10:00;ES;101;VIANA;Manobra de mudanï¿½a de faixa;Colisï¿½o lateral mesmo sentido;Com Vï¿½timas Feridas;Pleno dia;Cï¿½u Claro;Dupla;Curva;Nï¿½o;0;0
2025-11-18;terï¿½a-feira;16:10:00;PR;277;PALMEIRA;Reaï¿½ï¿½o tardia ou ineficiente do condutor;Saï¿½da de leito carroï¿½ï¿½vel;Com Vï¿½timas Feridas;Pleno dia;Cï¿½u Claro;Simples;"Reta;Declive";Nï¿½o;0;0
2025-11-18;terï¿½a-feira;16:30:00;BA;324;CANDEIAS;Reaï¿½ï¿½o tardia ou ineficiente do condutor;Colisï¿½o frontal;Com Vï¿½timas Feridas;Pleno dia;Cï¿½u Claro;Dupla;Reta;Nï¿½o;0;0
2025-11-18;terï¿½a-feira;16:40:00;RS;287;SAO PEDRO DO SUL;Ausï¿½ncia de reaï¿½ï¿½o do condutor;Colisï¿½o traseira;Com Vï¿½timas Feridas;Pleno dia;Sol;Simples;"Aclive;Reta";Nï¿½o;0;0
2025-11-18;terï¿½a-feira;16:00:00;MT;70;BARRA DO GARCAS;Acostamento em desnï¿½vel;Saï¿½da de leito carroï¿½ï¿½vel;Com Vï¿½timas Feridas;Pleno dia;Cï¿½u Claro;Simples;Aclive;Nï¿½o;0;0
2025-11-18;terï¿½a-feira;13:00:00;SC;163;SAO JOSE DO CEDRO;Ausï¿½ncia de reaï¿½ï¿½o do condutor;Colisï¿½o frontal;Com Vï¿½timas Fatais;Pleno dia;Cï¿½u Claro;Simples;"Declive;Curva";Nï¿½o;1;1
2025-11-18;terï¿½a-feira;17:45:00;MG;381;SAO JOAQUIM DE BICAS;Desrespeitar a preferï¿½ncia no cruzamento;Colisï¿½o transversal;Com Vï¿½timas Feridas;Anoitecer;Nublado;Simples;Reta;Sim;0;0
2025-11-18;terï¿½a-feira;17:20:00;SP;116;EMBU DAS ARTES;Entrada inopinada do pedestre;Colisï¿½o transversal;Com Vï¿½timas Feridas;Pleno dia;Cï¿½u Claro;Dupla;Reta;Sim;0;0
2025-11-18;terï¿½a-feira;04:00:00;MS;262;MIRANDA;Acostamento em desnï¿½vel;Tombamento;Sem Vï¿½timas;Pleno dia;Cï¿½u Claro;Simples;Reta;Nï¿½o;0;0
2025-11-18;terï¿½a-feira;18:25:00;MG;146;POCOS DE CALDAS;Velocidade Incompatï¿½vel;Colisï¿½o lateral sentido oposto;Com Vï¿½timas Feridas;Anoitecer;Cï¿½u Claro;Simples;"Declive;Curva";Nï¿½o;0;0
2025-11-18;terï¿½a-feira;18:10:00;MG;381;CONTAGEM;Trafegar com motocicleta (ou similar) entre as faixas;Colisï¿½o traseira;Com Vï¿½timas Feridas;Anoitecer;Nublado;Dupla;Reta;Sim;0;0
2025-10-25;sï¿½bado;14:30:00;GO;60;GOIANAPOLIS;Ausï¿½ncia de reaï¿½ï¿½o do condutor;Colisï¿½o lateral mesmo sentido;Com Vï¿½timas Feridas;Pleno dia;Sol;Dupla;Curva;Nï¿½o;0;0
2025-11-18;terï¿½a-feira;18:20:00;PR;277;SANTA TEREZINHA DE ITAIPU;Ingestï¿½o de ï¿½lcool pelo condutor;Colisï¿½o lateral mesmo sentido;Sem Vï¿½timas;Anoitecer;Cï¿½u Claro;Dupla;Reta;Nï¿½o;0;0
2025-11-18;terï¿½a-feira;18:30:00;PB;101;MAMANGUAPE;Ultrapassagem Indevida;Colisï¿½o lateral mesmo sentido;Com Vï¿½timas Feridas;Plena Noite;Cï¿½u Claro;Dupla;Em Obras;Nï¿½o;0;0
2025-11-18;terï¿½a-feira;19:45:00;BA;116;TUCANO;Suicï¿½dio (presumido);Eventos atï¿½picos;Com Vï¿½timas Fatais;Plena Noite;Cï¿½u Claro;Simples;Curva;Sim;1;1
2025-11-18;terï¿½a-feira;19:30:00;RS;471;RIO GRANDE;Ultrapassagem Indevida;Saï¿½da de leito carroï¿½ï¿½vel;Com Vï¿½timas Feridas;Anoitecer;Cï¿½u Claro;Simples;Reta;Nï¿½o;0;0
2025-10-21;terï¿½a-feira;17:45:00;SP;381;ATIBAIA;Reaï¿½ï¿½o tardia ou ineficiente do condutor;Colisï¿½o lateral mesmo sentido;Com Vï¿½timas Feridas;Pleno dia;Cï¿½u Claro;Dupla;Reta;Sim;0;0
2025-11-18;terï¿½a-feira;07:20:00;SC;101;PORTO BELO;Reaï¿½ï¿½o tardia ou ineficiente do condutor;Colisï¿½o traseira;Com Vï¿½timas Feridas;Pleno dia;Chuva;Mï¿½ltipla;Interseï¿½ï¿½o de Vias;Sim;0;0
2025-11-18;terï¿½a-feira;20:15:00;RJ;116;PIRAI;Condutor deixou de manter distï¿½ncia do veï¿½culo da frente;Colisï¿½o lateral mesmo sentido;Com Vï¿½timas Feridas;Plena Noite;Garoa/Chuvisco;Dupla;"Reta;Declive";Nï¿½o;0;0
2025-11-18;terï¿½a-feira;21:00:00;AL;101;JEQUIA DA PRAIA;Reaï¿½ï¿½o tardia ou ineficiente do condutor;Atropelamento de Pedestre;Com Vï¿½timas Fatais;Plena Noite;Cï¿½u Claro;Dupla;"Aclive;Reta";Nï¿½o;1;1
2025-11-18;terï¿½a-feira;21:10:00;CE;402;ITAPIPOCA;Ingestï¿½o de ï¿½lcool pelo condutor;Colisï¿½o frontal;Com Vï¿½timas Feridas;Plena Noite;Cï¿½u Claro;Simples;Reta;Nï¿½o;0;0
2025-11-18;terï¿½a-feira;17:20:00;GO;153;GOIATUBA;Reaï¿½ï¿½o tardia ou ineficiente do condutor;Tombamento;Sem Vï¿½timas;Pleno dia;Sol;Dupla;Declive;Nï¿½o;0;0
2025-11-18;terï¿½a-feira;21:40:00;SC;101;PALHOCA;Manobra de mudanï¿½a de faixa;Colisï¿½o lateral mesmo sentido;Com Vï¿½timas Feridas;Plena Noite;Nublado;Mï¿½ltipla;Reta;Nï¿½o;0;0
2025-11-18;terï¿½a-feira;21:25:00;SC;480;CHAPECO;Velocidade Incompatï¿½vel;Tombamento;Com Vï¿½timas Feridas;Plena Noite;Cï¿½u Claro;Dupla;"Viaduto;Curva";Sim;0;0
2025-11-18;terï¿½a-feira;23:15:00;MG;40;ITABIRITO;Chuva;Colisï¿½o frontal;Com Vï¿½timas Feridas;Plena Noite;Chuva;Simples;Reta;Nï¿½o;0;0
2025-11-19;quarta-feira;00:40:00;SP;116;JUQUITIBA;Problema com o freio;Incï¿½ndio;Sem Vï¿½timas;Plena Noite;Cï¿½u Claro;Dupla;Reta;Nï¿½o;0;0
2025-11-18;terï¿½a-feira;22:00:00;MG;262;PARA DE MINAS;Chuva;Colisï¿½o com objeto;Com Vï¿½timas Feridas;Plena Noite;Chuva;Dupla;"Reta;Ponte";Nï¿½o;0;0
2025-11-19;quarta-feira;02:10:00;MG;40;CAETANOPOLIS;Condutor Dormindo;Colisï¿½o traseira;Com Vï¿½timas Feridas;Pleno dia;Nublado;Dupla;"Aclive;Reta";Nï¿½o;0;0
2025-11-18;terï¿½a-feira;21:00:00;MS;376;IVINHEMA;Condutor deixou de manter distï¿½ncia do veï¿½culo da frente;Colisï¿½o traseira;Com Vï¿½timas Feridas;Plena Noite;Cï¿½u Claro;Simples;Reta;Nï¿½o;0;0
2025-11-18;terï¿½a-feira;23:05:00;AL;101;NOVO LINO;Demais falhas mecï¿½nicas ou elï¿½tricas;Incï¿½ndio;Sem Vï¿½timas;Plena Noite;Cï¿½u Claro;Dupla;Reta;Sim;0;0
2025-11-18;terï¿½a-feira;17:00:00;AL;101;SAO MIGUEL DOS CAMPOS;Demais falhas mecï¿½nicas ou elï¿½tricas;Saï¿½da de leito carroï¿½ï¿½vel;Sem Vï¿½timas;Anoitecer;Cï¿½u Claro;Simples;"Curva;Aclive";Nï¿½o;0;0
2025-11-19;quarta-feira;02:20:00;SC;101;TIJUCAS;Acessar a via sem observar a presenï¿½a dos outros veï¿½culos;Colisï¿½o traseira;Sem Vï¿½timas;Plena Noite;Cï¿½u Claro;Dupla;Interseï¿½ï¿½o de Vias;Nï¿½o;0;0
2025-11-19;quarta-feira;03:00:00;MG;365;MONTE ALEGRE DE MINAS;Reaï¿½ï¿½o tardia ou ineficiente do condutor;Colisï¿½o traseira;Com Vï¿½timas Feridas;Plena Noite;Cï¿½u Claro;Dupla;Reta;Nï¿½o;0;0
2025-11-19;quarta-feira;01:45:00;MG;381;NEPOMUCENO;Velocidade Incompatï¿½vel;Tombamento;Com Vï¿½timas Feridas;Plena Noite;Nublado;Dupla;"Declive;Curva";Nï¿½o;0;0
2025-11-19;quarta-feira;04:30:00;BA;116;NOVA ITARANA;Condutor Dormindo;Colisï¿½o traseira;Com Vï¿½timas Feridas;Amanhecer;Cï¿½u Claro;Simples;Reta;Nï¿½o;0;0
2025-11-19;quarta-feira;03:40:00;GO;60;SANTO ANTONIO DO DESCOBERTO;Demais falhas mecï¿½nicas ou elï¿½tricas;Incï¿½ndio;Sem Vï¿½timas;Plena Noite;Nublado;Dupla;Curva;Nï¿½o;0;0
2025-11-19;quarta-feira;05:30:00;PR;376;SAO JOSE DOS PINHAIS;Reaï¿½ï¿½o tardia ou ineficiente do condutor;Engavetamento;Com Vï¿½timas Fatais;Amanhecer;Cï¿½u Claro;Dupla;"Declive;Interseï¿½ï¿½o de Vias";Sim;3;1
2025-11-19;quarta-feira;02:00:00;SP;116;EMBU DAS ARTES;Ausï¿½ncia de reaï¿½ï¿½o do condutor;Colisï¿½o traseira;Sem Vï¿½timas;Plena Noite;Nublado;Dupla;Reta;Sim;0;0
2025-11-19;quarta-feira;07:31:00;PE;101;GOIANA;Reaï¿½ï¿½o tardia ou ineficiente do condutor;Colisï¿½o traseira;Com Vï¿½timas Feridas;Pleno dia;Cï¿½u Claro;Dupla;Reta;Sim;0;0
2025-11-19;quarta-feira;07:30:00;SP;116;JACAREI;Demais falhas mecï¿½nicas ou elï¿½tricas;Incï¿½ndio;Sem Vï¿½timas;Pleno dia;Sol;Dupla;Reta;Nï¿½o;0;0
2025-11-19;quarta-feira;06:00:00;MT;174;CACERES;Reaï¿½ï¿½o tardia ou ineficiente do condutor;Colisï¿½o lateral sentido oposto;Com Vï¿½timas Feridas;Pleno dia;Cï¿½u Claro;Simples;Reta;Nï¿½o;0;0
2025-11-19;quarta-feira;07:00:00;RJ;40;PETROPOLIS;Reaï¿½ï¿½o tardia ou ineficiente do condutor;Colisï¿½o lateral mesmo sentido;Com Vï¿½timas Feridas;Pleno dia;Cï¿½u Claro;Dupla;Curva;Nï¿½o;0;0
2025-11-19;quarta-feira;08:16:00;RN;406;CEARA-MIRIM;Ausï¿½ncia de reaï¿½ï¿½o do condutor;Colisï¿½o traseira;Com Vï¿½timas Feridas;Pleno dia;Cï¿½u Claro;Simples;Reta;Sim;0;0
2025-11-18;terï¿½a-feira;12:00:00;RJ;40;PETROPOLIS;Demais falhas mecï¿½nicas ou elï¿½tricas;Colisï¿½o traseira;Com Vï¿½timas Feridas;Pleno dia;Cï¿½u Claro;Simples;Reta;Nï¿½o;0;0
2025-11-19;quarta-feira;07:45:00;MT;364;CUIABA;Ultrapassagem Indevida;Colisï¿½o lateral mesmo sentido;Com Vï¿½timas Feridas;Pleno dia;Cï¿½u Claro;Dupla;Reta;Nï¿½o;0;0
2025-11-19;quarta-feira;07:40:00;PI;343;FLORIANO;Ausï¿½ncia de reaï¿½ï¿½o do condutor;Colisï¿½o traseira;Com Vï¿½timas Feridas;Amanhecer;Nublado;Dupla;Reta;Sim;0;0
2025-10-26;domingo;09:25:00;MT;174;JAURU;Ingestï¿½o de ï¿½lcool pelo condutor;Saï¿½da de leito carroï¿½ï¿½vel;Com Vï¿½timas Fatais;Pleno dia;Cï¿½u Claro;Simples;Reta;Nï¿½o;1;1
2025-10-03;sexta-feira;07:10:00;SP;153;SAO JOSE DO RIO PRETO;Ausï¿½ncia de reaï¿½ï¿½o do condutor;Colisï¿½o traseira;Com Vï¿½timas Feridas;Pleno dia;Cï¿½u Claro;Dupla;"Aclive;Reta";Sim;0;0
2025-11-03;segunda-feira;10:32:00;MT;163;NOVA MUTUM;Condutor deixou de manter distï¿½ncia do veï¿½culo da frente;Colisï¿½o traseira;Sem Vï¿½timas;Pleno dia;Nublado;Simples;Reta;Nï¿½o;0;0
2025-11-19;quarta-feira;09:30:00;PR;376;SAO JOSE DOS PINHAIS;Ausï¿½ncia de reaï¿½ï¿½o do condutor;Colisï¿½o lateral mesmo sentido;Sem Vï¿½timas;Pleno dia;Sol;Dupla;Reta;Nï¿½o;0;0
2025-11-19;quarta-feira;11:50:00;SC;282;PALHOCA;Trafegar com motocicleta (ou similar) entre as faixas;Colisï¿½o transversal;Com Vï¿½timas Feridas;Pleno dia;Cï¿½u Claro;Simples;"Reta;Aclive";Nï¿½o;0;0
2025-11-19;quarta-feira;07:00:00;SP;116;CAJATI;Condutor Dormindo;Colisï¿½o com objeto;Com Vï¿½timas Feridas;Pleno dia;Cï¿½u Claro;Dupla;Curva;Nï¿½o;0;0
2025-11-19;quarta-feira;12:30:00;RJ;101;ANGRA DOS REIS;Restriï¿½ï¿½o de visibilidade em curvas horizontais;Saï¿½da de leito carroï¿½ï¿½vel;Com Vï¿½timas Feridas;Pleno dia;Cï¿½u Claro;Simples;"Em Obras;Curva;Declive";Nï¿½o;0;0
2025-11-19;quarta-feira;12:00:00;PR;116;CURITIBA;Trafegar com motocicleta (ou similar) entre as faixas;Tombamento;Com Vï¿½timas Fatais;Pleno dia;Cï¿½u Claro;Dupla;Reta;Nï¿½o;1;1