data_inversa;dia_semana;horario;uf;br;municipio;causa_acidente;tipo_acidente;classificacao_acidente;fase_dia;condicao_metereologica;tipo_pista;tracado_via;uso_solo;mortos;acidente_fatal
2025-11-30;domingo;10:30:00;MG;381;CAMBUI;Demais falhas mecï¿½nicas ou elï¿½tricas;Incï¿½ndio;Sem Vï¿½timas;Pleno dia;Sol;Dupla;"Reta;Aclive";Nï¿½o;0;0
2025-11-30;domingo;10:30:00;PR;369;BANDEIRANTES;Estacionar ou parar em local proibido;Colisï¿½o traseira;Com Vï¿½timas Feridas;Pleno dia;Cï¿½u Claro;Simples;Reta;Nï¿½o;0;0
2025-11-30;domingo;11:00:00;SC;101;TIJUCAS;Acessar a via sem observar a presenï¿½a dos outros veï¿½culos;Colisï¿½o traseira;Com Vï¿½timas Feridas;Pleno dia;Nublado;Mï¿½ltipla;Reta;Sim;0;0
2025-11-30;domingo;11:50:00;MG;262;ARAXA;Ausï¿½ncia de reaï¿½ï¿½o do condutor;Colisï¿½o lateral sentido oposto;Sem Vï¿½timas;Pleno dia;Cï¿½u Claro;Simples;Curva;Nï¿½o;0;0
2025-11-30;domingo;11:30:00;MG;364;FRUTAL;Manobra de mudanï¿½a de faixa;Colisï¿½o lateral mesmo sentido;Com Vï¿½timas Feridas;Pleno dia;Cï¿½u Claro;Simples;Reta;Nï¿½o;0;0
2025-11-30;domingo;10:04:00;PR;476;BOCAIUVA DO SUL;Curva acentuada;Colisï¿½o lateral sentido oposto;Com Vï¿½timas Feridas;Pleno dia;Cï¿½u Claro;Simples;Curva;Nï¿½o;0;0
2025-11-30;domingo;15:30:00;PR;277;GUARAPUAVA;Transitar na contramï¿½o;Colisï¿½o transversal;Com Vï¿½timas Feridas;Pleno dia;Cï¿½u Claro;Simples;Reta;Nï¿½o;0;0
2025-11-30;domingo;16:19:00;SP;116;SAO JOSE DOS CAMPOS;Manobra de mudanï¿½a de faixa;Colisï¿½o traseira;Com Vï¿½timas Fatais;Pleno dia;Cï¿½u Claro;Dupla;Reta;Sim;1;1
2025-11-22;sï¿½bado;23:40:00;RO;364;CANDEIAS DO JAMARI;Condutor deixou de manter distï¿½ncia do veï¿½culo da frente;Colisï¿½o traseira;Com Vï¿½timas Feridas;Plena Noite;Cï¿½u Claro;Simples;Reta;Nï¿½o;0;0
2025-11-30;domingo;16:50:00;RS;392;PELOTAS;Condutor Dormindo;Colisï¿½o lateral sentido oposto;Com Vï¿½timas Feridas;Pleno dia;Nublado;Simples;Reta;Nï¿½o;0;0
2025-11-30;domingo;16:15:00;MG;50;UBERABA;Condutor deixou de manter distï¿½ncia do veï¿½culo da frente;Colisï¿½o lateral mesmo sentido;Sem Vï¿½timas;Pleno dia;Cï¿½u Claro;Dupla;"Aclive;Reta";Nï¿½o;0;0
2025-11-30;domingo;17:07:00;RJ;116;RESENDE;Manobra de mudanï¿½a de faixa;Colisï¿½o lateral mesmo sentido;Com Vï¿½timas Feridas;Pleno dia;Cï¿½u Claro;Dupla;Curva;Nï¿½o;0;0
2025-11-30;domingo;18:00:00;PR;116;CAMPINA GRANDE DO SUL;Condutor deixou de manter distï¿½ncia do veï¿½culo da frente;Colisï¿½o traseira;Com Vï¿½timas Feridas;Pleno dia;Chuva;Dupla;"Aclive;Curva";Nï¿½o;0;0
2025-11-30;domingo;14:10:00;MG;116;MANHUACU;Velocidade Incompatï¿½vel;Tombamento;Com Vï¿½timas Feridas;Pleno dia;Sol;Simples;Curva;Nï¿½o;0;0
2025-11-30;domingo;15:30:00;MT;70;BARRA DO GARCAS;Ausï¿½ncia de reaï¿½ï¿½o do condutor;Colisï¿½o traseira;Com Vï¿½timas Feridas;Pleno dia;Nublado;Simples;"Interseï¿½ï¿½o de Vias;Reta";Sim;0;0
2025-11-30;domingo;18:15:00;SC;470;TROMBUDO CENTRAL;Reaï¿½ï¿½o tardia ou ineficiente do condutor;Colisï¿½o frontal;Com Vï¿½timas Feridas;Anoitecer;Nublado;Mï¿½ltipla;"Reta;Aclive";Nï¿½o;0;0
2025-11-30;domingo;16:00:00;GO;153;MORRINHOS;Ausï¿½ncia de reaï¿½ï¿½o do condutor;Colisï¿½o lateral mesmo sentido;Sem Vï¿½timas;Pleno dia;Sol;Dupla;Curva;Nï¿½o;0;0
2025-11-30;domingo;19:36:00;RN;101;NATAL;Condutor deixou de manter distï¿½ncia do veï¿½culo da frente;Colisï¿½o traseira;Sem Vï¿½timas;Plena Noite;Cï¿½u Claro;Dupla;Curva;Sim;0;0
2025-11-30;domingo;19:30:00;BA;116;NOVA ITARANA;Condutor deixou de manter distï¿½ncia do veï¿½culo da frente;Colisï¿½o traseira;Com Vï¿½timas Feridas;Plena Noite;Cï¿½u Claro;Simples;Curva;Nï¿½o;0;0
2025-11-30;domingo;19:35:00;SP;153;ONDA VERDE;Ausï¿½ncia de reaï¿½ï¿½o do condutor;Colisï¿½o lateral sentido oposto;Com Vï¿½timas Feridas;Plena Noite;Cï¿½u Claro;Simples;Reta;Nï¿½o;0;0
2025-11-30;domingo;21:40:00;TO;153;ARAGUAINA;Ausï¿½ncia de reaï¿½ï¿½o do condutor;Saï¿½da de leito carroï¿½ï¿½vel;Com Vï¿½timas Fatais;Plena Noite;Cï¿½u Claro;Dupla;Reta;Nï¿½o;1;1
2025-11-30;domingo;20:40:00;PR;277;CAMPO LARGO;Ingestï¿½o de ï¿½lcool pelo condutor;Colisï¿½o traseira;Sem Vï¿½timas;Plena Noite;Nublado;Dupla;"Aclive;Reta";Sim;0;0
2025-11-30;domingo;20:30:00;RS;285;IJUI;Ingestï¿½o de ï¿½lcool pelo condutor;Colisï¿½o frontal;Sem Vï¿½timas;Plena Noite;Chuva;Simples;"Reta;Em Obras";Nï¿½o;0;0
2025-11-30;domingo;21:30:00;SP;116;TAUBATE;Ausï¿½ncia de reaï¿½ï¿½o do condutor;Colisï¿½o lateral mesmo sentido;Com Vï¿½timas Feridas;Plena Noite;Cï¿½u Claro;Dupla;Reta;Sim;0;0
2025-11-30;domingo;20:55:00;MG;40;PARAOPEBA;Condutor Dormindo;Saï¿½da de leito carroï¿½ï¿½vel;Com Vï¿½timas Feridas;Plena Noite;Nublado;Dupla;Reta;Nï¿½o;0;0
2025-11-30;domingo;20:45:00;MG;262;BOM DESPACHO;Condutor Dormindo;Colisï¿½o com objeto;Com Vï¿½timas Feridas;Plena Noite;Cï¿½u Claro;Simples;"Reta;Declive;Ponte";Nï¿½o;0;0
2025-12-01;segunda-feira;00:00:00;RO;364;ARIQUEMES;Reaï¿½ï¿½o tardia ou ineficiente do condutor;Saï¿½da de leito carroï¿½ï¿½vel;Com Vï¿½timas Feridas;Plena Noite;Chuva;Simples;"Reta;Declive";Nï¿½o;0;0
2025-12-01;segunda-feira;03:50:00;ES;101;SERRA;Condutor desrespeitou a iluminaï¿½ï¿½o vermelha do semï¿½foro;Colisï¿½o transversal;Com Vï¿½timas Feridas;Amanhecer;Cï¿½u Claro;Mï¿½ltipla;Reta;Sim;0;0
2025-11-30;domingo;20:00:00;MA;230;RIACHAO;Demais falhas mecï¿½nicas ou elï¿½tricas;Incï¿½ndio;Sem Vï¿½timas;Plena Noite;Cï¿½u Claro;Simples;Reta;Nï¿½o;0;0
2025-12-01;segunda-feira;06:00:00;ES;101;ARACRUZ;Velocidade Incompatï¿½vel;Saï¿½da de leito carroï¿½ï¿½vel;Com Vï¿½timas Feridas;Pleno dia;Cï¿½u Claro;Simples;"Reta;Declive";Nï¿½o;0;0
2025-12-01;segunda-feira;06:25:00;ES;259;COLATINA;Ausï¿½ncia de reaï¿½ï¿½o do condutor;Tombamento;Com Vï¿½timas Fatais;Amanhecer;Sol;Simples;Curva;Nï¿½o;1;1
2025-12-01;segunda-feira;06:50:00;SC;101;PORTO BELO;Ausï¿½ncia de reaï¿½ï¿½o do condutor;Colisï¿½o traseira;Com Vï¿½timas Feridas;Pleno dia;Chuva;Dupla;Reta;Nï¿½o;0;0
2025-12-01;segunda-feira;07:30:00;ES;101;ATILIO VIVACQUA;Ultrapassagem Indevida;Colisï¿½o com objeto;Com Vï¿½timas Feridas;Pleno dia;Cï¿½u Claro;Simples;Reta;Nï¿½o;0;0
2025-12-01;segunda-feira;07:50:00;PR;376;SAO JOSE DOS PINHAIS;Ausï¿½ncia de reaï¿½ï¿½o do condutor;Colisï¿½o traseira;Com Vï¿½timas Feridas;Pleno dia;Nublado;Dupla;"Curva;Aclive";Nï¿½o;0;0
2025-12-01;segunda-feira;07:30:00;SP;116;TAUBATE;Reaï¿½ï¿½o tardia ou ineficiente do condutor;Colisï¿½o lateral mesmo sentido;Com Vï¿½timas Feridas;Pleno dia;Cï¿½u Claro;Dupla;Reta;Sim;0;0
2025-12-01;segunda-feira;04:30:00;CE;116;JATI;Deficiï¿½ncia do Sistema de Iluminaï¿½ï¿½o/Sinalizaï¿½ï¿½o;Colisï¿½o traseira;Com Vï¿½timas Feridas;Plena Noite;Cï¿½u Claro;Simples;Reta;Nï¿½o;0;0
2025-12-01;segunda-feira;09:19:00;ES;101;SERRA;Ausï¿½ncia de reaï¿½ï¿½o do condutor;Colisï¿½o traseira;Com Vï¿½timas Feridas;Pleno dia;Cï¿½u Claro;Dupla;Reta;Nï¿½o;0;0
2025-12-01;segunda-feira;08:25:00;PE;101;GOIANA;Demais falhas mecï¿½nicas ou elï¿½tricas;Colisï¿½o com objeto;Com Vï¿½timas Feridas;Pleno dia;Cï¿½u Claro;Dupla;Curva;Nï¿½o;0;0
2025-12-01;segunda-feira;09:05:00;PR;277;BALSA NOVA;Ausï¿½ncia de reaï¿½ï¿½o do condutor;Saï¿½da de leito carroï¿½ï¿½vel;Com Vï¿½timas Feridas;Pleno dia;Chuva;Dupla;Reta;Nï¿½o;0;0
2025-11-05;quarta-feira;09:30:00;RJ;116;NOVA IGUACU;Ausï¿½ncia de reaï¿½ï¿½o do condutor;Engavetamento;Com Vï¿½timas Feridas;Pleno dia;Sol;Dupla;Reta;Nï¿½o;0;0
2025-12-01;segunda-feira;08:00:00;CE;116;PALHANO;Transitar na contramï¿½o;Colisï¿½o frontal;Com Vï¿½timas Fatais;Pleno dia;Cï¿½u Claro;Simples;"Reta;Aclive";Nï¿½o;1;1
2025-12-01;segunda-feira;07:47:00;TO;153;MIRANORTE;Transitar no Acostamento;Atropelamento de Pedestre;Com Vï¿½timas Fatais;Pleno dia;Cï¿½u Claro;Dupla;"Reta;Aclive";Sim;1;1
2025-12-01;segunda-feira;08:50:00;RJ;101;ITAGUAI;Condutor deixou de manter distï¿½ncia do veï¿½culo da frente;Colisï¿½o traseira;Com Vï¿½timas Feridas;Pleno dia;Cï¿½u Claro;Mï¿½ltipla;Reta;Sim;0;0
2025-12-01;segunda-feira;10:00:00;MT;70;BARRA DO GARCAS;Ultrapassagem Indevida;Colisï¿½o lateral mesmo sentido;Com Vï¿½timas Feridas;Pleno dia;Sol;Simples;Reta;Nï¿½o;0;0
2025-12-01;segunda-feira;09:00:00;SC;282;XAXIM;Velocidade Incompatï¿½vel;Colisï¿½o traseira;Com Vï¿½timas Feridas;Pleno dia;Sol;Simples;Reta;Nï¿½o;0;0
2025-12-01;segunda-feira;12:00:00;MG;262;ARAXA;Demais falhas mecï¿½nicas ou elï¿½tricas;Capotamento;Com Vï¿½timas Feridas;Pleno dia;Cï¿½u Claro;Simples;Curva;Nï¿½o;0;0
2025-12-01;segunda-feira;09:30:00;SC;282;BOM RETIRO;Velocidade Incompatï¿½vel;Saï¿½da de leito carroï¿½ï¿½vel;Com Vï¿½timas Feridas;Pleno dia;Nublado;Simples;"Declive;Curva";Nï¿½o;0;0
2025-11-08;sï¿½bado;01:40:00;MT;364;SANTO ANTONIO DO LEVERGER;Ausï¿½ncia de reaï¿½ï¿½o do condutor;Saï¿½da de leito carroï¿½ï¿½vel;Sem Vï¿½timas;Plena Noite;Cï¿½u Claro;Dupla;Reta;Nï¿½o;0;0
2025-10-26;domingo;09:30:00;DF;80;BRASILIA;Ultrapassagem Indevida;Queda de ocupante de veï¿½culo;Com Vï¿½timas Fatais;Pleno dia;Cï¿½u Claro;Simples;"Reta;Aclive";Sim;1;1
2025-12-01;segunda-feira;10:30:00;PA;163;ALTAMIRA;Mal sï¿½bito do condutor;Eventos atï¿½picos;Com Vï¿½timas Feridas;Pleno dia;Cï¿½u Claro;Simples;Reta;Nï¿½o;0;0
2025-12-01;segunda-feira;12:40:00;PR;277;CANDOI;Curva acentuada;Tombamento;Com Vï¿½timas Feridas;Pleno dia;Cï¿½u Claro;Simples;"Curva;Declive";Nï¿½o;0;0
2025-12-01;segunda-feira;15:00:00;RS;101;OSORIO;Condutor Dormindo;Colisï¿½o traseira;Com Vï¿½timas Feridas;Pleno dia;Garoa/Chuvisco;Dupla;Reta;Sim;0;0
2025-12-01;segunda-feira;15:45:00;RS;101;TORRES;Acessar a via sem observar a presenï¿½a dos outros veï¿½culos;Atropelamento de Pedestre;Com Vï¿½timas Feridas;Pleno dia;Chuva;Simples;"Curva;Viaduto";Sim;0;0
2025-12-01;segunda-feira;12:00:00;BA;324;CANDEIAS;Ausï¿½ncia de sinalizaï¿½ï¿½o;Colisï¿½o traseira;Com Vï¿½timas Feridas;Pleno dia;Cï¿½u Claro;Dupla;Reta;Nï¿½o;0;0
2025-12-01;segunda-feira;16:10:00;MG;40;JUIZ DE FORA;Manobra de mudanï¿½a de faixa;Colisï¿½o lateral mesmo sentido;Sem Vï¿½timas;Pleno dia;Cï¿½u Claro;Simples;Reta;Nï¿½o;0;0
2025-12-01;segunda-feira;15:05:00;MG;116;SANTA BARBARA DO LESTE;Demais falhas mecï¿½nicas ou elï¿½tricas;Tombamento;Com Vï¿½timas Feridas;Pleno dia;Cï¿½u Claro;Simples;"Declive;Curva";Nï¿½o;0;0
2025-12-01;segunda-feira;16:40:00;SP;116;SAO JOSE DOS CAMPOS;Reaï¿½ï¿½o tardia ou ineficiente do condutor;Engavetamento;Com Vï¿½timas Feridas;Pleno dia;Cï¿½u Claro;Mï¿½ltipla;"Reta;Declive";Sim;0;0
2025-12-01;segunda-feira;16:30:00;RJ;116;ITATIAIA;Reaï¿½ï¿½o tardia ou ineficiente do condutor;Colisï¿½o traseira;Com Vï¿½timas Feridas;Pleno dia;Sol;Dupla;"Em Obras;Reta;Desvio Temporï¿½rio";Nï¿½o;0;0
2025-12-01;segunda-feira;15:00:00;SC;280;TRES BARRAS;Demais falhas mecï¿½nicas ou elï¿½tricas;Saï¿½da de leito carroï¿½ï¿½vel;Com Vï¿½timas Feridas;Pleno dia;Cï¿½u Claro;Simples;Reta;Nï¿½o;0;0
2025-12-01;segunda-feira;16:00:00;MG;381;ITATIAIUCU;Demais falhas mecï¿½nicas ou elï¿½tricas;Incï¿½ndio;Sem Vï¿½timas;Pleno dia;Nublado;Dupla;"Reta;Declive";Nï¿½o;0;0
2025-12-01;segunda-feira;17:50:00;RJ;116;NOVA IGUACU;Ultrapassagem Indevida;Colisï¿½o transversal;Com Vï¿½timas Feridas;Anoitecer;Cï¿½u Claro;Simples;Reta;Sim;0;0
2025-12-01;segunda-feira;14:00:00;SC;101;ITAPEMA;Reaï¿½ï¿½o tardia ou ineficiente do condutor;Colisï¿½o com objeto;Com Vï¿½timas Feridas;Pleno dia;Garoa/Chuvisco;Mï¿½ltipla;Reta;Sim;0;0
2025-12-01;segunda-feira;17:15:00;MS;262;MIRANDA;Ausï¿½ncia de reaï¿½ï¿½o do condutor;Tombamento;Sem Vï¿½timas;Pleno dia;Cï¿½u Claro;Simples;Reta;Nï¿½o;0;0
2025-12-01;segunda-feira;18:15:00;RJ;493;MAGE;Condutor deixou de manter distï¿½ncia do veï¿½culo da frente;Colisï¿½o traseira;Com Vï¿½timas Feridas;Plena Noite;Cï¿½u Claro;Simples;Reta;Sim;0;0
2025-12-01;segunda-feira;19:40:00;GO;50;CATALAO;Acesso irregular;Tombamento;Com Vï¿½timas Feridas;Plena Noite;Cï¿½u Claro;Dupla;"Em Obras;Reta";Nï¿½o;0;0
2025-12-01;segunda-feira;19:00:00;RJ;101;TANGUA;Velocidade Incompatï¿½vel;Colisï¿½o transversal;Com Vï¿½timas Feridas;Plena Noite;Cï¿½u Claro;Dupla;Reta;Sim;0;0
2025-12-01;segunda-feira;18:00:00;MG;262;MATIPO;Transitar na contramï¿½o;Colisï¿½o lateral sentido oposto;Com Vï¿½timas Feridas;Anoitecer;Cï¿½u Claro;Simples;Reta;Nï¿½o;0;0
2025-12-01;segunda-feira;19:15:00;MS;163;CAMPO GRANDE;Transitar no Acostamento;Colisï¿½o lateral mesmo sentido;Com Vï¿½timas Feridas;Plena Noite;Chuva;Simples;Reta;Sim;0;0
2025-10-10;sexta-feira;20:48:00;PR;376;MARIALVA;Acessar a via sem observar a presenï¿½a dos outros veï¿½culos;Colisï¿½o lateral mesmo sentido;Sem Vï¿½timas;Plena Noite;Nublado;Dupla;"Reta;Interseï¿½ï¿½o de Vias";Nï¿½o;0;0
2025-12-01;segunda-feira;20:20:00;DF;20;BRASILIA;Acessar a via sem observar a presenï¿½a dos outros veï¿½culos;Atropelamento de Pedestre;Com Vï¿½timas Fatais;Plena Noite;Cï¿½u Claro;Dupla;Reta;Nï¿½o;1;1
2025-12-01;segunda-feira;19:45:00;MG;381;ITAGUARA;Reaï¿½ï¿½o tardia ou ineficiente do condutor;Colisï¿½o com objeto;Com Vï¿½timas Feridas;Plena Noite;Chuva;Dupla;"Aclive;Reta";Nï¿½o;0;0
2025-12-01;segunda-feira;20:00:00;PR;376;MARILANDIA DO SUL;Reaï¿½ï¿½o tardia ou ineficiente do condutor;Colisï¿½o traseira;Com Vï¿½timas Feridas;Plena Noite;Garoa/Chuvisco;Dupla;"Aclive;Reta";Nï¿½o;0;0
2025-12-01;segunda-feira;18:50:00;BA;330;JEQUIE;Pedestre andava na pista;Atropelamento de Pedestre;Com Vï¿½timas Feridas;Plena Noite;Nublado;Simples;Reta;Nï¿½o;0;0
2025-12-01;segunda-feira;18:50:00;MT;364;CAMPO VERDE;Ingestï¿½o de ï¿½lcool pelo condutor;Colisï¿½o traseira;Com Vï¿½timas Feridas;Plena Noite;Cï¿½u Claro;Dupla;Reta;Nï¿½o;0;0
2025-12-01;segunda-feira;19:40:00;PR;163;CAPITAO LEONIDAS MARQUES;Ausï¿½ncia de reaï¿½ï¿½o do condutor;Saï¿½da de leito carroï¿½ï¿½vel;Com Vï¿½timas Feridas;Plena Noite;Nublado;Simples;Reta;Nï¿½o;0;0
2025-12-01;segunda-feira;20:00:00;MG;40;JOAO PINHEIRO;Velocidade Incompatï¿½vel;Saï¿½da de leito carroï¿½ï¿½vel;Com Vï¿½timas Feridas;Plena Noite;Nublado;Simples;Reta;Nï¿½o;0;0
2025-12-01;segunda-feira;17:00:00;MG;50;ARAGUARI;Velocidade Incompatï¿½vel;Colisï¿½o traseira;Com Vï¿½timas Feridas;Pleno dia;Sol;Dupla;Reta;Nï¿½o;0;0
2025-12-01;segunda-feira;17:00:00;MG;50;UBERLANDIA;Ausï¿½ncia de reaï¿½ï¿½o do condutor;Colisï¿½o traseira;Com Vï¿½timas Feridas;Pleno dia;Cï¿½u Claro;Dupla;Reta;Sim;0;0
2025-12-01;segunda-feira;23:00:00;SC;101;GOVERNADOR CELSO RAMOS;Ausï¿½ncia de reaï¿½ï¿½o do condutor;Engavetamento;Com Vï¿½timas Fatais;Plena Noite;Chuva;Dupla;Reta;Nï¿½o;1;1
2025-12-01;segunda-feira;14:00:00;PR;153;JAPIRA;Acessar a via sem observar a presenï¿½a dos outros veï¿½culos;Colisï¿½o transversal;Com Vï¿½timas Feridas;Pleno dia;Cï¿½u Claro;Simples;Curva;Nï¿½o;0;0
2025-12-01;segunda-feira;23:50:00;RS;116;JAGUARAO;Desrespeitar a preferï¿½ncia no cruzamento;Colisï¿½o transversal;Com Vï¿½timas Feridas;Plena Noite;Cï¿½u Claro;Simples;Reta;Nï¿½o;0;0
2025-12-01;segunda-feira;23:35:00;MG;381;POUSO ALEGRE;Ausï¿½ncia de reaï¿½ï¿½o do condutor;Colisï¿½o traseira;Com Vï¿½timas Fatais;Plena Noite;Nublado;Dupla;Reta;Nï¿½o;1;1
2025-12-01;segunda-feira;20:35:00;PR;277;GUARAPUAVA;Velocidade Incompatï¿½vel;Colisï¿½o lateral sentido oposto;Com Vï¿½timas Fatais;Plena Noite;Chuva;Simples;"Reta;Aclive";Nï¿½o;1;1
2025-12-02;terï¿½a-feira;00:10:00;RJ;101;ITABORAI;Ausï¿½ncia de reaï¿½ï¿½o do condutor;Tombamento;Com Vï¿½timas Feridas;Plena Noite;Chuva;Dupla;"Declive;Curva;Viaduto";Sim;0;0
2025-12-01;segunda-feira;22:00:00;BA;242;LAJEDINHO;Reaï¿½ï¿½o tardia ou ineficiente do condutor;Saï¿½da de leito carroï¿½ï¿½vel;Com Vï¿½timas Fatais;Plena Noite;Cï¿½u Claro;Simples;Reta;Nï¿½o;1;1
2025-12-02;terï¿½a-feira;02:50:00;PI;316;TERESINA;Condutor desrespeitou a iluminaï¿½ï¿½o vermelha do semï¿½foro;Colisï¿½o transversal;Com Vï¿½timas Feridas;Plena Noite;Nublado;Mï¿½ltipla;"Viaduto;Interseï¿½ï¿½o de Vias";Sim;0;0
2025-12-02;terï¿½a-feira;03:57:00;SP;116;CACAPAVA;Pedestre andava na pista;Atropelamento de Pedestre;Com Vï¿½timas Fatais;Amanhecer;Chuva;Dupla;Reta;Sim;1;1
2025-12-02;terï¿½a-feira;04:30:00;MG;50;UBERABA;Condutor Dormindo;Saï¿½da de leito carroï¿½ï¿½vel;Com Vï¿½timas Feridas;Amanhecer;Garoa/Chuvisco;Dupla;Reta;Nï¿½o;0;0
2025-12-02;terï¿½a-feira;04:40:00;PR;376;MARINGA;Velocidade Incompatï¿½vel;Tombamento;Com Vï¿½timas Feridas;Amanhecer;Cï¿½u Claro;Dupla;Curva;Sim;0;0
2025-12-02;terï¿½a-feira;05:20:00;GO;153;GOIATUBA;Reaï¿½ï¿½o tardia ou ineficiente do condutor;Colisï¿½o traseira;Com Vï¿½timas Feridas;Plena Noite;Garoa/Chuvisco;Dupla;Reta;Nï¿½o;0;0
2025-12-02;terï¿½a-feira;06:40:00;SC;470;IBIRAMA;Velocidade Incompatï¿½vel;Colisï¿½o frontal;Com Vï¿½timas Feridas;Pleno dia;Nublado;Simples;Reta;Nï¿½o;0;0
2025-12-02;terï¿½a-feira;01:00:00;BA;116;PLANALTO;Condutor Dormindo;Saï¿½da de leito carroï¿½ï¿½vel;Com Vï¿½timas Feridas;Plena Noite;Ignorado;Simples;Curva;Nï¿½o;0;0
2025-12-02;terï¿½a-feira;04:30:00;SC;101;SANGAO;Condutor Dormindo;Saï¿½da de leito carroï¿½ï¿½vel;Com Vï¿½timas Feridas;Plena Noite;Cï¿½u Claro;Dupla;Reta;Nï¿½o;0;0
2025-12-01;segunda-feira;22:15:00;RJ;40;TRES RIOS;Condutor Dormindo;Colisï¿½o traseira;Com Vï¿½timas Feridas;Plena Noite;Cï¿½u Claro;Dupla;Reta;Sim;0;0
2025-12-02;terï¿½a-feira;08:00:00;SC;282;VARGEM BONITA;Condutor deixou de manter distï¿½ncia do veï¿½culo da frente;Engavetamento;Com Vï¿½timas Feridas;Pleno dia;Nublado;Simples;Rotatï¿½ria;Sim;0;0
2025-12-02;terï¿½a-feira;08:30:00;PR;116;SAO JOSE DOS PINHAIS;Ausï¿½ncia de reaï¿½ï¿½o do condutor;Colisï¿½o lateral mesmo sentido;Com Vï¿½timas Feridas;Pleno dia;Nublado;Dupla;"Aclive;Reta";Nï¿½o;0;0
2025-12-02;terï¿½a-feira;08:20:00;MG;365;GURINHATA;Acessar a via sem observar a presenï¿½a dos outros veï¿½culos;Colisï¿½o transversal;Com Vï¿½timas Feridas;Pleno dia;Cï¿½u Claro;Simples;Reta;Sim;0;0
2025-12-02;terï¿½a-feira;06:40:00;SC;280;TRES BARRAS;Acessar a via sem observar a presenï¿½a dos outros veï¿½culos;Colisï¿½o lateral mesmo sentido;Com Vï¿½timas Feridas;Pleno dia;Nublado;Simples;Reta;Nï¿½o;0;0
2025-12-02;terï¿½a-feira;09:30:00;PR;277;PARANAGUA;Condutor deixou de manter distï¿½ncia do veï¿½culo da frente;Colisï¿½o traseira;Com Vï¿½timas Feridas;Pleno dia;Nublado;Dupla;Reta;Sim;0;0
2025-12-02;terï¿½a-feira;09:50:00;BA;101;WENCESLAU GUIMARAES;Velocidade Incompatï¿½vel;Colisï¿½o traseira;Com Vï¿½timas Feridas;Pleno dia;Cï¿½u Claro;Simples;Reta;Nï¿½o;0;0
2025-12-02;terï¿½a-feira;09:42:00;MG;381;SANTO ANTONIO DO AMPARO;Reaï¿½ï¿½o tardia ou ineficiente do condutor;Saï¿½da de leito carroï¿½ï¿½vel;Com Vï¿½timas Feridas;Pleno dia;Cï¿½u Claro;Dupla;"Curva;Declive";Nï¿½o;0;0
2025-12-02;terï¿½a-feira;12:00:00;BA;410;RIBEIRA DO POMBAL;Ultrapassagem Indevida;Colisï¿½o lateral mesmo sentido;Com Vï¿½timas Feridas;Pleno dia;Cï¿½u Claro;Simples;Reta;Nï¿½o;0;0
2025-12-02;terï¿½a-feira;11:00:00;SC;101;BIGUACU;Reaï¿½ï¿½o tardia ou ineficiente do condutor;Colisï¿½o traseira;Com Vï¿½timas Feridas;Pleno dia;Cï¿½u Claro;Dupla;Curva;Nï¿½o;0;0
2025-11-28;sexta-feira;15:15:00;RJ;101;NITEROI;Ausï¿½ncia de reaï¿½ï¿½o do condutor;Colisï¿½o traseira;Com Vï¿½timas Feridas;Pleno dia;Cï¿½u Claro;Mï¿½ltipla;"Ponte;Reta";Nï¿½o;0;0
2025-12-02;terï¿½a-feira;14:30:00;SP;116;JACUPIRANGA;Reaï¿½ï¿½o tardia ou ineficiente do condutor;Colisï¿½o com objeto;Com Vï¿½timas Feridas;Pleno dia;Chuva;Dupla;Reta;Nï¿½o;0;0
2025-12-02;terï¿½a-feira;11:00:00;PR;116;CAMPINA GRANDE DO SUL;Acumulo de ï¿½gua sobre o pavimento;Saï¿½da de leito carroï¿½ï¿½vel;Com Vï¿½timas Feridas;Pleno dia;Chuva;Dupla;Curva;Nï¿½o;0;0
2025-12-02;terï¿½a-feira;14:25:00;SC;101;ITAPEMA;Reaï¿½ï¿½o tardia ou ineficiente do condutor;Colisï¿½o traseira;Com Vï¿½timas Feridas;Pleno dia;Cï¿½u Claro;Dupla;Reta;Nï¿½o;0;0
2025-12-02;terï¿½a-feira;14:30:00;GO;60;GUAPO;Avarias e/ou desgaste excessivo no pneu;Tombamento;Sem Vï¿½timas;Pleno dia;Cï¿½u Claro;Dupla;"Declive;Curva";Nï¿½o;0;0
2025-12-02;terï¿½a-feira;11:20:00;MS;267;NOVA ANDRADINA;Reaï¿½ï¿½o tardia ou ineficiente do condutor;Colisï¿½o lateral sentido oposto;Sem Vï¿½timas;Pleno dia;Cï¿½u Claro;Simples;Reta;Nï¿½o;0;0
2025-12-02;terï¿½a-feira;15:50:00;SC;101;GOVERNADOR CELSO RAMOS;Reaï¿½ï¿½o tardia ou ineficiente do condutor;Colisï¿½o traseira;Com Vï¿½timas Feridas;Pleno dia;Chuva;Dupla;Reta;Nï¿½o;0;0
2025-12-02;terï¿½a-feira;14:30:00;SC;280;CORUPA;Demais falhas mecï¿½nicas ou elï¿½tricas;Colisï¿½o frontal;Sem Vï¿½timas;Pleno dia;Cï¿½u Claro;Simples;Reta;Nï¿½o;0;0
2025-12-02;terï¿½a-feira;15:00:00;SC;116;SAO CRISTOVAO DO SUL;Reaï¿½ï¿½o tardia ou ineficiente do condutor;Tombamento;Com Vï¿½timas Feridas;Pleno dia;Nublado;Simples;"Aclive;Curva";Nï¿½o;0;0
2025-12-02;terï¿½a-feira;18:45:00;SC;101;SAO JOSE;Reaï¿½ï¿½o tardia ou ineficiente do condutor;Colisï¿½o traseira;Com Vï¿½timas Feridas;Anoitecer;Nublado;Mï¿½ltipla;Reta;Nï¿½o;0;0