data_inversa;dia_semana;horario;uf;br;municipio;causa_acidente;tipo_acidente;classificacao_acidente;fase_dia;condicao_metereologica;tipo_pista;tracado_via;uso_solo;mortos;acidente_fatal
2025-12-02;terï¿½a-feira;18:20:00;PR;277;FOZ DO IGUACU;Reaï¿½ï¿½o tardia ou ineficiente do condutor;Colisï¿½o transversal;Com Vï¿½timas Feridas;Anoitecer;Cï¿½u Claro;Dupla;"Reta;Retorno Regulamentado";Sim;0;0
2025-11-07;sexta-feira;05:00:00;SP;153;PROMISSAO;Desvio temporï¿½rio;Tombamento;Com Vï¿½timas Feridas;Amanhecer;Cï¿½u Claro;Simples;Reta;Nï¿½o;0;0
2025-12-02;terï¿½a-feira;18:00:00;MG;381;EXTREMA;Ausï¿½ncia de reaï¿½ï¿½o do condutor;Colisï¿½o traseira;Com Vï¿½timas Fatais;Anoitecer;Chuva;Dupla;"Declive;Curva";Sim;1;1
2025-12-02;terï¿½a-feira;18:50:00;PR;369;CASCAVEL;Transitar na contramï¿½o;Colisï¿½o frontal;Com Vï¿½timas Fatais;Anoitecer;Cï¿½u Claro;Simples;Reta;Nï¿½o;1;1
2025-12-02;terï¿½a-feira;18:20:00;SC;470;GASPAR;Reaï¿½ï¿½o tardia ou ineficiente do condutor;Engavetamento;Com Vï¿½timas Feridas;Pleno dia;Nublado;Dupla;Reta;Nï¿½o;0;0
2025-12-02;terï¿½a-feira;17:50:00;MG;116;MANHUACU;Transitar na contramï¿½o;Colisï¿½o frontal;Com Vï¿½timas Feridas;Plena Noite;Garoa/Chuvisco;Simples;"Declive;Curva";Nï¿½o;0;0
2025-12-02;terï¿½a-feira;20:46:00;GO;50;CATALAO;Ausï¿½ncia de reaï¿½ï¿½o do condutor;Colisï¿½o traseira;Com Vï¿½timas Feridas;Plena Noite;Cï¿½u Claro;Dupla;Reta;Nï¿½o;0;0
2025-12-02;terï¿½a-feira;22:20:00;SP;116;ROSEIRA;Ausï¿½ncia de reaï¿½ï¿½o do condutor;Colisï¿½o lateral mesmo sentido;Com Vï¿½timas Feridas;Plena Noite;Nublado;Dupla;Reta;Nï¿½o;0;0
2025-12-02;terï¿½a-feira;22:20:00;MG;40;OURO PRETO;Conversï¿½o proibida;Colisï¿½o transversal;Com Vï¿½timas Feridas;Plena Noite;Chuva;Simples;Reta;Nï¿½o;0;0
2025-12-02;terï¿½a-feira;21:50:00;GO;60;GUAPO;Velocidade Incompatï¿½vel;Colisï¿½o traseira;Com Vï¿½timas Feridas;Plena Noite;Cï¿½u Claro;Dupla;"Reta;Aclive";Nï¿½o;0;0
2025-09-09;terï¿½a-feira;13:20:00;ES;259;COLATINA;Reaï¿½ï¿½o tardia ou ineficiente do condutor;Colisï¿½o lateral sentido oposto;Com Vï¿½timas Feridas;Pleno dia;Cï¿½u Claro;Simples;"Declive;Curva";Nï¿½o;0;0
2025-12-02;terï¿½a-feira;20:00:00;SC;282;BOCAINA DO SUL;Demais falhas mecï¿½nicas ou elï¿½tricas;Incï¿½ndio;Sem Vï¿½timas;Plena Noite;Cï¿½u Claro;Simples;Curva;Nï¿½o;0;0
2025-12-03;quarta-feira;02:30:00;PR;277;PARANAGUA;Condutor Dormindo;Tombamento;Com Vï¿½timas Feridas;Plena Noite;Nublado;Dupla;Curva;Nï¿½o;0;0
2025-12-03;quarta-feira;01:10:00;PI;316;DEMERVAL LOBAO;Avarias e/ou desgaste excessivo no pneu;Saï¿½da de leito carroï¿½ï¿½vel;Com Vï¿½timas Feridas;Plena Noite;Cï¿½u Claro;Dupla;Curva;Nï¿½o;0;0
2025-12-03;quarta-feira;04:40:00;SP;116;CANAS;Demais falhas mecï¿½nicas ou elï¿½tricas;Incï¿½ndio;Sem Vï¿½timas;Amanhecer;Nevoeiro/Neblina;Dupla;Reta;Nï¿½o;0;0
2025-12-03;quarta-feira;04:45:00;SC;470;BLUMENAU;Ausï¿½ncia de reaï¿½ï¿½o do condutor;Tombamento;Com Vï¿½timas Feridas;Amanhecer;Cï¿½u Claro;Simples;Interseï¿½ï¿½o de Vias;Nï¿½o;0;0
2025-12-02;terï¿½a-feira;22:35:00;MG;50;UBERABA;Ausï¿½ncia de reaï¿½ï¿½o do condutor;Colisï¿½o traseira;Com Vï¿½timas Feridas;Plena Noite;Cï¿½u Claro;Dupla;Reta;Nï¿½o;0;0
2025-12-02;terï¿½a-feira;18:00:00;MG;251;FRANCISCO SA;Demais falhas mecï¿½nicas ou elï¿½tricas;Incï¿½ndio;Sem Vï¿½timas;Anoitecer;Nublado;Simples;Reta;Nï¿½o;0;0
2025-12-03;quarta-feira;05:00:00;PE;101;RIBEIRAO;Reaï¿½ï¿½o tardia ou ineficiente do condutor;Tombamento;Com Vï¿½timas Fatais;Amanhecer;Cï¿½u Claro;Dupla;Curva;Nï¿½o;3;1
2025-12-03;quarta-feira;07:00:00;PR;376;TIJUCAS DO SUL;Manobra de mudanï¿½a de faixa;Colisï¿½o lateral mesmo sentido;Sem Vï¿½timas;Pleno dia;Cï¿½u Claro;Simples;"Aclive;Curva";Nï¿½o;0;0
2025-12-03;quarta-feira;07:30:00;SE;235;NOSSA SENHORA DO SOCORRO;Trafegar com motocicleta (ou similar) entre as faixas;Colisï¿½o lateral mesmo sentido;Com Vï¿½timas Feridas;Pleno dia;Cï¿½u Claro;Dupla;"Aclive;Reta";Sim;0;0
2025-12-03;quarta-feira;02:15:00;BA;101;VEREDA;Velocidade Incompatï¿½vel;Capotamento;Com Vï¿½timas Feridas;Plena Noite;Cï¿½u Claro;Simples;"Curva;Declive";Nï¿½o;0;0
2025-12-03;quarta-feira;06:30:00;CE;116;BREJO SANTO;Condutor deixou de manter distï¿½ncia do veï¿½culo da frente;Colisï¿½o traseira;Com Vï¿½timas Feridas;Pleno dia;Cï¿½u Claro;Simples;Reta;Nï¿½o;0;0
2025-09-04;quinta-feira;14:05:00;BA;242;SEABRA;Carga excessiva e/ou mal acondicionada;Saï¿½da de leito carroï¿½ï¿½vel;Com Vï¿½timas Feridas;Pleno dia;Sol;Simples;"Aclive;Reta";Nï¿½o;0;0
2025-12-03;quarta-feira;09:10:00;MG;40;CONSELHEIRO LAFAIETE;Ausï¿½ncia de reaï¿½ï¿½o do condutor;Colisï¿½o traseira;Sem Vï¿½timas;Pleno dia;Cï¿½u Claro;Simples;"Curva;Ponte";Nï¿½o;0;0
2025-12-03;quarta-feira;09:20:00;MG;381;CAMANDUCAIA;Reaï¿½ï¿½o tardia ou ineficiente do condutor;Colisï¿½o com objeto;Com Vï¿½timas Feridas;Pleno dia;Nublado;Dupla;"Aclive;Curva";Nï¿½o;0;0
2025-12-03;quarta-feira;07:50:00;MS;163;BANDEIRANTES;Transitar na contramï¿½o;Colisï¿½o lateral sentido oposto;Com Vï¿½timas Feridas;Amanhecer;Cï¿½u Claro;Simples;"Reta;Declive";Nï¿½o;0;0
2025-12-03;quarta-feira;10:00:00;MG;40;NOVA LIMA;Trafegar com motocicleta (ou similar) entre as faixas;Colisï¿½o lateral mesmo sentido;Sem Vï¿½timas;Pleno dia;Cï¿½u Claro;Dupla;Reta;Nï¿½o;0;0
2025-12-03;quarta-feira;08:05:00;MG;381;LAVRAS;Condutor deixou de manter distï¿½ncia do veï¿½culo da frente;Colisï¿½o traseira;Com Vï¿½timas Feridas;Pleno dia;Nublado;Dupla;Reta;Nï¿½o;0;0
2025-12-03;quarta-feira;09:30:00;PE;101;RECIFE;Acumulo de ï¿½gua sobre o pavimento;Colisï¿½o traseira;Com Vï¿½timas Feridas;Pleno dia;Cï¿½u Claro;Dupla;Aclive;Nï¿½o;0;0
2025-12-03;quarta-feira;10:00:00;SE;101;PROPRIA;Condutor deixou de manter distï¿½ncia do veï¿½culo da frente;Colisï¿½o traseira;Com Vï¿½timas Feridas;Pleno dia;Cï¿½u Claro;Dupla;"Reta;Ponte";Nï¿½o;0;0
2025-12-03;quarta-feira;11:10:00;MG;365;PATOS DE MINAS;Ingestï¿½o de ï¿½lcool pelo condutor;Colisï¿½o traseira;Com Vï¿½timas Feridas;Pleno dia;Cï¿½u Claro;Simples;"Reta;Declive";Nï¿½o;0;0
2025-09-20;sï¿½bado;20:30:00;RS;470;SALVADOR DO SUL;Pedestre andava na pista;Atropelamento de Pedestre;Com Vï¿½timas Feridas;Plena Noite;Chuva;Simples;Reta;Nï¿½o;0;0
2025-12-03;quarta-feira;10:40:00;RO;364;PORTO VELHO;Acessar a via sem observar a presenï¿½a dos outros veï¿½culos;Colisï¿½o transversal;Com Vï¿½timas Feridas;Pleno dia;Chuva;Simples;Reta;Nï¿½o;0;0
2025-12-03;quarta-feira;11:15:00;RS;386;TRIUNFO;Ingestï¿½o de ï¿½lcool pelo condutor;Saï¿½da de leito carroï¿½ï¿½vel;Sem Vï¿½timas;Pleno dia;Cï¿½u Claro;Dupla;Aclive;Sim;0;0
2025-12-03;quarta-feira;08:30:00;BA;116;TUCANO;Ultrapassagem Indevida;Engavetamento;Com Vï¿½timas Feridas;Pleno dia;Cï¿½u Claro;Simples;Reta;Nï¿½o;0;0
2025-12-03;quarta-feira;13:30:00;RS;285;VACARIA;Reaï¿½ï¿½o tardia ou ineficiente do condutor;Colisï¿½o traseira;Com Vï¿½timas Feridas;Pleno dia;Cï¿½u Claro;Simples;Reta;Sim;0;0
2025-12-03;quarta-feira;12:00:00;RJ;40;PETROPOLIS;Conversï¿½o proibida;Colisï¿½o transversal;Com Vï¿½timas Feridas;Pleno dia;Cï¿½u Claro;Dupla;Reta;Nï¿½o;0;0
2025-12-03;quarta-feira;12:53:00;MS;60;SIDROLANDIA;Transitar na contramï¿½o;Colisï¿½o frontal;Com Vï¿½timas Feridas;Pleno dia;Cï¿½u Claro;Simples;Reta;Nï¿½o;0;0
2025-12-03;quarta-feira;12:20:00;RJ;101;ANGRA DOS REIS;Acessar a via sem observar a presenï¿½a dos outros veï¿½culos;Colisï¿½o lateral mesmo sentido;Com Vï¿½timas Feridas;Pleno dia;Nublado;Simples;Reta;Sim;0;0
2025-12-03;quarta-feira;13:39:00;PR;116;SAO JOSE DOS PINHAIS;Manobra de mudanï¿½a de faixa;Colisï¿½o lateral mesmo sentido;Com Vï¿½timas Feridas;Pleno dia;Sol;Dupla;Reta;Nï¿½o;0;0
2025-12-03;quarta-feira;14:20:00;RS;116;CANOAS;Reaï¿½ï¿½o tardia ou ineficiente do condutor;Colisï¿½o traseira;Com Vï¿½timas Feridas;Pleno dia;Cï¿½u Claro;Dupla;"Aclive;Viaduto;Reta";Sim;0;0
2025-12-03;quarta-feira;12:00:00;MT;158;BARRA DO GARCAS;Ultrapassagem Indevida;Colisï¿½o lateral sentido oposto;Com Vï¿½timas Feridas;Pleno dia;Chuva;Simples;Reta;Nï¿½o;0;0
2025-12-03;quarta-feira;11:50:00;MT;364;DIAMANTINO;Demais falhas mecï¿½nicas ou elï¿½tricas;Incï¿½ndio;Sem Vï¿½timas;Pleno dia;Chuva;Dupla;Reta;Nï¿½o;0;0
2025-12-03;quarta-feira;14:55:00;AL;316;PALMEIRA DOS INDIOS;Retorno proibido;Colisï¿½o transversal;Com Vï¿½timas Feridas;Pleno dia;Cï¿½u Claro;Simples;Viaduto;Sim;0;0
2025-12-03;quarta-feira;14:00:00;GO;153;URUACU;Ausï¿½ncia de reaï¿½ï¿½o do condutor;Colisï¿½o lateral sentido oposto;Com Vï¿½timas Feridas;Pleno dia;Garoa/Chuvisco;Simples;Reta;Nï¿½o;0;0
2025-12-03;quarta-feira;15:00:00;SC;101;ITAJAI;Ausï¿½ncia de reaï¿½ï¿½o do condutor;Atropelamento de Pedestre;Com Vï¿½timas Fatais;Pleno dia;Cï¿½u Claro;Mï¿½ltipla;Reta;Sim;1;1
2025-12-03;quarta-feira;14:00:00;PE;104;PANELAS;Problema com o freio;Tombamento;Sem Vï¿½timas;Pleno dia;Sol;Simples;"Curva;Declive";Nï¿½o;0;0
2025-11-26;quarta-feira;18:20:00;PR;277;CEU AZUL;Transitar no Acostamento;Colisï¿½o lateral mesmo sentido;Com Vï¿½timas Feridas;Pleno dia;Cï¿½u Claro;Simples;Reta;Nï¿½o;0;0
2025-12-03;quarta-feira;14:30:00;BA;101;ARAMARI;Condutor deixou de manter distï¿½ncia do veï¿½culo da frente;Saï¿½da de leito carroï¿½ï¿½vel;Sem Vï¿½timas;Pleno dia;Cï¿½u Claro;Simples;"Reta;Declive";Nï¿½o;0;0
2025-12-03;quarta-feira;14:20:00;MS;60;PARAISO DAS AGUAS;Transitar na contramï¿½o;Colisï¿½o lateral sentido oposto;Com Vï¿½timas Feridas;Pleno dia;Nublado;Simples;Reta;Nï¿½o;0;0
2025-10-20;segunda-feira;12:20:00;MG;40;PARAOPEBA;Demais falhas mecï¿½nicas ou elï¿½tricas;Incï¿½ndio;Sem Vï¿½timas;Pleno dia;Sol;Dupla;Reta;Nï¿½o;0;0
2025-12-03;quarta-feira;15:00:00;RO;364;PIMENTA BUENO;Condutor deixou de manter distï¿½ncia do veï¿½culo da frente;Saï¿½da de leito carroï¿½ï¿½vel;Com Vï¿½timas Feridas;Pleno dia;Nublado;Simples;"Aclive;Reta";Nï¿½o;0;0
2025-11-28;sexta-feira;23:16:00;BA;135;BARREIRAS;Reaï¿½ï¿½o tardia ou ineficiente do condutor;Saï¿½da de leito carroï¿½ï¿½vel;Com Vï¿½timas Feridas;Plena Noite;Cï¿½u Claro;Simples;Reta;Nï¿½o;0;0
2025-12-03;quarta-feira;11:10:00;MG;116;CAMPANARIO;Transitar na contramï¿½o;Colisï¿½o lateral sentido oposto;Com Vï¿½timas Feridas;Pleno dia;Cï¿½u Claro;Simples;Reta;Nï¿½o;0;0
2025-12-03;quarta-feira;15:00:00;RJ;116;PIRAI;Problema com o freio;Colisï¿½o lateral mesmo sentido;Com Vï¿½timas Feridas;Pleno dia;Nublado;Dupla;"Declive;Curva";Nï¿½o;0;0
2025-12-03;quarta-feira;08:40:00;SC;101;SAO JOSE;Ausï¿½ncia de reaï¿½ï¿½o do condutor;Tombamento;Com Vï¿½timas Feridas;Pleno dia;Cï¿½u Claro;Mï¿½ltipla;Reta;Sim;0;0
2025-12-03;quarta-feira;11:20:00;MG;40;JOAO PINHEIRO;Demais falhas mecï¿½nicas ou elï¿½tricas;Tombamento;Com Vï¿½timas Feridas;Pleno dia;Nublado;Simples;"Reta;Aclive";Nï¿½o;0;0
2025-12-03;quarta-feira;15:50:00;RN;0;NATAL;Manobra de mudanï¿½a de faixa;Colisï¿½o lateral mesmo sentido;Sem Vï¿½timas;Pleno dia;Cï¿½u Claro;Dupla;Reta;Sim;0;0
2025-12-03;quarta-feira;15:00:00;BA;116;JEQUIE;Ultrapassagem Indevida;Tombamento;Com Vï¿½timas Feridas;Pleno dia;Cï¿½u Claro;Simples;Curva;Nï¿½o;0;0
2025-12-03;quarta-feira;14:20:00;MG;116;MEDINA;Velocidade Incompatï¿½vel;Saï¿½da de leito carroï¿½ï¿½vel;Com Vï¿½timas Feridas;Pleno dia;Chuva;Simples;"Curva;Declive";Nï¿½o;0;0
2025-12-03;quarta-feira;17:00:00;SC;153;CONCORDIA;Acessar a via sem observar a presenï¿½a dos outros veï¿½culos;Colisï¿½o traseira;Com Vï¿½timas Feridas;Pleno dia;Sol;Simples;Reta;Nï¿½o;0;0
2025-12-03;quarta-feira;12:00:00;MG;381;LAVRAS;Ausï¿½ncia de reaï¿½ï¿½o do condutor;Capotamento;Sem Vï¿½timas;Pleno dia;Nublado;Dupla;Reta;Nï¿½o;0;0
2025-11-18;terï¿½a-feira;03:30:00;RJ;101;SILVA JARDIM;Deficiï¿½ncia do Sistema de Iluminaï¿½ï¿½o/Sinalizaï¿½ï¿½o;Colisï¿½o traseira;Com Vï¿½timas Feridas;Plena Noite;Cï¿½u Claro;Dupla;Reta;Nï¿½o;0;0
2025-12-03;quarta-feira;15:20:00;MG;40;TRES MARIAS;Demais falhas mecï¿½nicas ou elï¿½tricas;Tombamento;Sem Vï¿½timas;Pleno dia;Garoa/Chuvisco;Simples;"Aclive;Reta;Interseï¿½ï¿½o de Vias";Nï¿½o;0;0
2025-12-03;quarta-feira;16:50:00;RJ;393;SAPUCAIA;Reaï¿½ï¿½o tardia ou ineficiente do condutor;Colisï¿½o lateral mesmo sentido;Com Vï¿½timas Feridas;Pleno dia;Chuva;Simples;Rotatï¿½ria;Sim;0;0
2025-12-03;quarta-feira;19:30:00;SC;101;PALHOCA;Ausï¿½ncia de reaï¿½ï¿½o do condutor;Colisï¿½o lateral mesmo sentido;Sem Vï¿½timas;Plena Noite;Cï¿½u Claro;Dupla;Reta;Nï¿½o;0;0
2025-12-03;quarta-feira;18:00:00;SC;282;JOACABA;Velocidade Incompatï¿½vel;Tombamento;Com Vï¿½timas Feridas;Anoitecer;Sol;Simples;"Declive;Curva";Nï¿½o;0;0
2025-12-03;quarta-feira;20:00:00;RJ;116;NOVA IGUACU;Iluminaï¿½ï¿½o deficiente;Colisï¿½o lateral mesmo sentido;Com Vï¿½timas Feridas;Plena Noite;Cï¿½u Claro;Mï¿½ltipla;Reta;Sim;0;0
2025-12-03;quarta-feira;18:36:00;PR;277;CANDOI;Condutor deixou de manter distï¿½ncia do veï¿½culo da frente;Colisï¿½o traseira;Com Vï¿½timas Feridas;Anoitecer;Cï¿½u Claro;Simples;Reta;Nï¿½o;0;0
2025-12-03;quarta-feira;17:40:00;SC;470;RIO DO SUL;Manobra de mudanï¿½a de faixa;Colisï¿½o lateral mesmo sentido;Sem Vï¿½timas;Anoitecer;Cï¿½u Claro;Simples;Curva;Sim;0;0
2025-12-03;quarta-feira;20:05:00;PR;376;CURITIBA;Ausï¿½ncia de reaï¿½ï¿½o do condutor;Colisï¿½o traseira;Sem Vï¿½timas;Plena Noite;Nublado;Dupla;Reta;Sim;0;0
2025-12-03;quarta-feira;19:30:00;MS;158;APARECIDA DO TABOADO;Ingestï¿½o de ï¿½lcool pelo condutor;Colisï¿½o lateral mesmo sentido;Com Vï¿½timas Feridas;Plena Noite;Nublado;Simples;Reta;Nï¿½o;0;0
2025-12-03;quarta-feira;20:00:00;RJ;356;ITAPERUNA;Chuva;Colisï¿½o com objeto;Com Vï¿½timas Feridas;Plena Noite;Chuva;Simples;"Declive;Curva";Nï¿½o;0;0
2025-11-22;sï¿½bado;03:40:00;RS;116;PELOTAS;Reaï¿½ï¿½o tardia ou ineficiente do condutor;Saï¿½da de leito carroï¿½ï¿½vel;Com Vï¿½timas Feridas;Plena Noite;Cï¿½u Claro;Simples;"Reta;Desvio Temporï¿½rio;Em Obras";Nï¿½o;0;0
2025-12-03;quarta-feira;20:30:00;MT;158;NOVA XAVANTINA;Ingestï¿½o de ï¿½lcool pelo condutor;Colisï¿½o frontal;Com Vï¿½timas Fatais;Plena Noite;Cï¿½u Claro;Simples;Reta;Nï¿½o;1;1
2025-12-03;quarta-feira;22:15:00;SP;116;JUQUITIBA;Ausï¿½ncia de reaï¿½ï¿½o do condutor;Colisï¿½o lateral mesmo sentido;Com Vï¿½timas Feridas;Plena Noite;Cï¿½u Claro;Dupla;Reta;Nï¿½o;0;0
2025-12-03;quarta-feira;23:40:00;MG;262;JUATUBA;Ausï¿½ncia de reaï¿½ï¿½o do condutor;Colisï¿½o traseira;Com Vï¿½timas Feridas;Plena Noite;Nublado;Dupla;"Aclive;Reta";Nï¿½o;0;0
2025-12-03;quarta-feira;23:10:00;ES;101;VIANA;Estacionar ou parar em local proibido;Colisï¿½o traseira;Com Vï¿½timas Feridas;Plena Noite;Chuva;Dupla;Reta;Sim;0;0
2025-12-03;quarta-feira;23:35:00;PR;158;CAMPO MOURAO;Condutor Dormindo;Colisï¿½o lateral sentido oposto;Com Vï¿½timas Feridas;Plena Noite;Cï¿½u Claro;Simples;Reta;Nï¿½o;0;0
2025-12-03;quarta-feira;22:10:00;BA;324;SAO SEBASTIAO DO PASSE;Demais falhas mecï¿½nicas ou elï¿½tricas;Incï¿½ndio;Sem Vï¿½timas;Plena Noite;Cï¿½u Claro;Dupla;Reta;Nï¿½o;0;0
2025-12-04;quinta-feira;01:00:00;PR;369;ARAPONGAS;Condutor Dormindo;Colisï¿½o frontal;Com Vï¿½timas Feridas;Plena Noite;Cï¿½u Claro;Simples;Reta;Sim;0;0
2025-12-04;quinta-feira;01:45:00;MG;381;EXTREMA;Manobra de mudanï¿½a de faixa;Colisï¿½o lateral mesmo sentido;Sem Vï¿½timas;Pleno dia;Nublado;Dupla;"Reta;Declive";Sim;0;0
2025-12-04;quinta-feira;04:20:00;BA;324;CONCEICAO DO JACUIPE;Acessar a via sem observar a presenï¿½a dos outros veï¿½culos;Colisï¿½o lateral mesmo sentido;Sem Vï¿½timas;Amanhecer;Cï¿½u Claro;Dupla;Reta;Sim;0;0
2025-12-04;quinta-feira;04:20:00;RS;285;AGUA SANTA;Demais falhas mecï¿½nicas ou elï¿½tricas;Incï¿½ndio;Sem Vï¿½timas;Amanhecer;Sol;Simples;Interseï¿½ï¿½o de Vias;Nï¿½o;0;0
2025-11-27;quinta-feira;01:25:00;RJ;101;SAO GONCALO;Pedestre andava na pista;Colisï¿½o traseira;Com Vï¿½timas Feridas;Plena Noite;Cï¿½u Claro;Dupla;Reta;Sim;0;0
2025-12-04;quinta-feira;05:30:00;MG;251;FRANCISCO SA;Pista Escorregadia;Colisï¿½o frontal;Com Vï¿½timas Fatais;Amanhecer;Chuva;Simples;Curva;Nï¿½o;3;1
2025-12-04;quinta-feira;00:10:00;SC;116;CORREIA PINTO;Condutor Dormindo;Saï¿½da de leito carroï¿½ï¿½vel;Com Vï¿½timas Feridas;Plena Noite;Cï¿½u Claro;Simples;Reta;Sim;0;0
2025-12-04;quinta-feira;06:30:00;PR;277;CEU AZUL;Ausï¿½ncia de reaï¿½ï¿½o do condutor;Engavetamento;Com Vï¿½timas Feridas;Pleno dia;Cï¿½u Claro;Simples;"Aclive;Reta";Nï¿½o;0;0
2025-12-04;quinta-feira;00:55:00;RS;153;SEVERIANO DE ALMEIDA;Ingestï¿½o de ï¿½lcool pelo condutor;Colisï¿½o lateral sentido oposto;Com Vï¿½timas Feridas;Plena Noite;Cï¿½u Claro;Simples;Reta;Nï¿½o;0;0
2025-12-04;quinta-feira;06:00:00;MG;381;SABARA;Demais falhas mecï¿½nicas ou elï¿½tricas;Colisï¿½o traseira;Com Vï¿½timas Feridas;Pleno dia;Sol;Simples;"Curva;Declive";Nï¿½o;0;0
2025-12-04;quinta-feira;06:00:00;MG;365;INDIANOPOLIS;Velocidade Incompatï¿½vel;Tombamento;Com Vï¿½timas Feridas;Pleno dia;Nublado;Simples;Interseï¿½ï¿½o de Vias;Nï¿½o;0;0
2025-10-25;sï¿½bado;02:30:00;MG;381;SAO GONCALO DO RIO ABAIXO;Velocidade Incompatï¿½vel;Colisï¿½o frontal;Com Vï¿½timas Feridas;Plena Noite;Cï¿½u Claro;Simples;"Declive;Curva";Nï¿½o;0;0
2025-12-04;quinta-feira;07:00:00;PR;476;ARAUCARIA;Manobra de mudanï¿½a de faixa;Colisï¿½o lateral mesmo sentido;Com Vï¿½timas Feridas;Pleno dia;Nublado;Dupla;Reta;Sim;0;0
2025-12-04;quinta-feira;07:00:00;MG;381;JAGUARACU;Condutor Dormindo;Colisï¿½o lateral sentido oposto;Com Vï¿½timas Feridas;Pleno dia;Chuva;Simples;Reta;Nï¿½o;0;0
2025-12-03;quarta-feira;14:10:00;MG;251;MONTES CLAROS;Reaï¿½ï¿½o tardia ou ineficiente do condutor;Queda de ocupante de veï¿½culo;Com Vï¿½timas Feridas;Pleno dia;Nublado;Simples;"Rotatï¿½ria;Reta";Nï¿½o;0;0
2025-12-04;quinta-feira;06:10:00;PE;101;ESCADA;Pedestre andava na pista;Atropelamento de Pedestre;Com Vï¿½timas Fatais;Amanhecer;Cï¿½u Claro;Dupla;Reta;Nï¿½o;1;1
2025-12-04;quinta-feira;06:48:00;PB;101;CAAPORA;Reaï¿½ï¿½o tardia ou ineficiente do condutor;Colisï¿½o com objeto;Sem Vï¿½timas;Pleno dia;Sol;Dupla;"Reta;Declive";Nï¿½o;0;0
2025-12-04;quinta-feira;07:25:00;PR;369;LONDRINA;Velocidade Incompatï¿½vel;Colisï¿½o lateral mesmo sentido;Com Vï¿½timas Feridas;Pleno dia;Cï¿½u Claro;Dupla;Reta;Sim;0;0
2025-12-02;terï¿½a-feira;15:20:00;SP;153;SAO PEDRO DO TURVO;Reaï¿½ï¿½o tardia ou ineficiente do condutor;Colisï¿½o traseira;Com Vï¿½timas Feridas;Pleno dia;Nublado;Simples;"Aclive;Reta;Em Obras";Nï¿½o;0;0
2025-12-04;quinta-feira;07:40:00;RJ;40;DUQUE DE CAXIAS;Demais falhas mecï¿½nicas ou elï¿½tricas;Incï¿½ndio;Sem Vï¿½timas;Pleno dia;Cï¿½u Claro;Mï¿½ltipla;Reta;Nï¿½o;0;0
2025-12-04;quinta-feira;09:05:00;SP;116;ITAPECERICA DA SERRA;Acessar a via sem observar a presenï¿½a dos outros veï¿½culos;Colisï¿½o lateral mesmo sentido;Com Vï¿½timas Feridas;Pleno dia;Cï¿½u Claro;Dupla;Reta;Nï¿½o;0;0
2025-12-04;quinta-feira;08:00:00;MT;163;CLAUDIA;Reaï¿½ï¿½o tardia ou ineficiente do condutor;Colisï¿½o traseira;Com Vï¿½timas Feridas;Pleno dia;Nublado;Simples;Reta;Nï¿½o;0;0
2025-12-04;quinta-feira;07:20:00;PR;369;LONDRINA;Trafegar com motocicleta (ou similar) entre as faixas;Colisï¿½o lateral mesmo sentido;Com Vï¿½timas Feridas;Pleno dia;Cï¿½u Claro;Dupla;Reta;Sim;0;0
2025-10-23;quinta-feira;16:00:00;SP;116;MIRACATU;Demais falhas mecï¿½nicas ou elï¿½tricas;Colisï¿½o traseira;Sem Vï¿½timas;Pleno dia;Cï¿½u Claro;Dupla;"Declive;Reta;Viaduto";Nï¿½o;0;0
2025-12-04;quinta-feira;10:20:00;SP;116;MIRACATU;Demais falhas mecï¿½nicas ou elï¿½tricas;Colisï¿½o traseira;Com Vï¿½timas Feridas;Pleno dia;Nublado;Dupla;"Curva;Declive";Nï¿½o;0;0
2025-12-04;quinta-feira;10:58:00;RJ;101;CASIMIRO DE ABREU;Entrada inopinada do pedestre;Atropelamento de Pedestre;Com Vï¿½timas Feridas;Pleno dia;Nublado;Simples;Reta;Sim;0;0
2025-12-04;quinta-feira;09:00:00;MT;163;ITAUBA;Ultrapassagem Indevida;Colisï¿½o lateral mesmo sentido;Sem Vï¿½timas;Pleno dia;Cï¿½u Claro;Simples;Reta;Nï¿½o;0;0
2025-12-04;quinta-feira;10:19:00;SE;101;JAPARATUBA;Ausï¿½ncia de sinalizaï¿½ï¿½o;Engavetamento;Com Vï¿½timas Feridas;Pleno dia;Cï¿½u Claro;Dupla;"Declive;Curva";Nï¿½o;0;0
2025-12-04;quinta-feira;10:25:00;PE;232;BEZERROS;Ausï¿½ncia de reaï¿½ï¿½o do condutor;Colisï¿½o com objeto;Com Vï¿½timas Fatais;Pleno dia;Cï¿½u Claro;Dupla;Reta;Sim;1;1
2025-05-08;quinta-feira;17:00:00;MA;316;CODO;Manobra de mudanï¿½a de faixa;Colisï¿½o lateral sentido oposto;Com Vï¿½timas Feridas;Anoitecer;Cï¿½u Claro;Simples;Reta;Nï¿½o;0;0
2025-12-04;quinta-feira;12:30:00;GO;20;FORMOSA;Reaï¿½ï¿½o tardia ou ineficiente do condutor;Colisï¿½o frontal;Com Vï¿½timas Feridas;Pleno dia;Chuva;Simples;Reta;Nï¿½o;0;0
2025-12-04;quinta-feira;06:00:00;PE;423;LAJEDO;Condutor deixou de manter distï¿½ncia do veï¿½culo da frente;Colisï¿½o traseira;Com Vï¿½timas Feridas;Amanhecer;Cï¿½u Claro;Simples;Reta;Nï¿½o;0;0