data_inversa;dia_semana;horario;uf;br;municipio;causa_acidente;tipo_acidente;classificacao_acidente;fase_dia;condicao_metereologica;tipo_pista;tracado_via;uso_solo;mortos;acidente_fatal
2025-12-06;sï¿½bado;01:55:00;MG;40;SETE LAGOAS;Demais falhas mecï¿½nicas ou elï¿½tricas;Incï¿½ndio;Sem Vï¿½timas;Plena Noite;Cï¿½u Claro;Dupla;"Aclive;Reta";Nï¿½o;0;0
2025-12-06;sï¿½bado;03:20:00;MG;262;PERDIZES;Velocidade Incompatï¿½vel;Colisï¿½o frontal;Com Vï¿½timas Feridas;Pleno dia;Nublado;Simples;"Declive;Curva";Nï¿½o;0;0
2025-12-06;sï¿½bado;04:05:00;MG;381;SAO SEBASTIAO DA BELA VISTA;Pedestre cruzava a pista fora da faixa;Atropelamento de Pedestre;Com Vï¿½timas Fatais;Amanhecer;Cï¿½u Claro;Dupla;Reta;Nï¿½o;1;1
2025-12-06;sï¿½bado;06:30:00;MG;381;BETIM;Velocidade Incompatï¿½vel;Colisï¿½o traseira;Com Vï¿½timas Feridas;Pleno dia;Cï¿½u Claro;Dupla;"Reta;Aclive";Nï¿½o;0;0
2025-12-05;sexta-feira;20:15:00;MG;365;PATOS DE MINAS;Chuva;Saï¿½da de leito carroï¿½ï¿½vel;Com Vï¿½timas Feridas;Plena Noite;Chuva;Dupla;Declive;Nï¿½o;0;0
2025-12-06;sï¿½bado;06:06:00;GO;60;TEREZOPOLIS DE GOIAS;Demais falhas mecï¿½nicas ou elï¿½tricas;Saï¿½da de leito carroï¿½ï¿½vel;Sem Vï¿½timas;Amanhecer;Garoa/Chuvisco;Dupla;Reta;Nï¿½o;0;0
2025-12-06;sï¿½bado;06:50:00;RS;470;NOVA PRATA;Acessar a via sem observar a presenï¿½a dos outros veï¿½culos;Colisï¿½o transversal;Com Vï¿½timas Feridas;Pleno dia;Sol;Simples;"Reta;Rotatï¿½ria";Sim;0;0
2025-12-06;sï¿½bado;06:08:00;CE;222;SAO GONCALO DO AMARANTE;Manobra de mudanï¿½a de faixa;Colisï¿½o frontal;Com Vï¿½timas Fatais;Pleno dia;Cï¿½u Claro;Simples;Reta;Nï¿½o;1;1
2025-12-06;sï¿½bado;08:30:00;SE;101;ESTANCIA;Trafegar com motocicleta (ou similar) entre as faixas;Colisï¿½o lateral mesmo sentido;Com Vï¿½timas Feridas;Pleno dia;Cï¿½u Claro;Simples;Reta;Sim;0;0
2025-12-06;sï¿½bado;00:10:00;RJ;116;VOLTA REDONDA;Ingestï¿½o de ï¿½lcool pelo condutor;Colisï¿½o traseira;Com Vï¿½timas Feridas;Plena Noite;Cï¿½u Claro;Dupla;"Declive;Curva";Nï¿½o;0;0
2025-12-02;terï¿½a-feira;16:30:00;BA;101;ALAGOINHAS;Curva acentuada;Tombamento;Com Vï¿½timas Feridas;Pleno dia;Sol;Simples;"Curva;Declive";Nï¿½o;0;0
2025-12-06;sï¿½bado;07:00:00;GO;153;APARECIDA DE GOIANIA;Manobra de mudanï¿½a de faixa;Colisï¿½o lateral mesmo sentido;Sem Vï¿½timas;Pleno dia;Cï¿½u Claro;Dupla;Reta;Sim;0;0
2025-12-06;sï¿½bado;05:00:00;PA;10;PARAGOMINAS;Condutor Dormindo;Saï¿½da de leito carroï¿½ï¿½vel;Com Vï¿½timas Feridas;Amanhecer;Cï¿½u Claro;Simples;Reta;Nï¿½o;0;0
2025-11-16;domingo;11:30:00;SP;116;CAJATI;Reaï¿½ï¿½o tardia ou ineficiente do condutor;Saï¿½da de leito carroï¿½ï¿½vel;Com Vï¿½timas Feridas;Pleno dia;Nublado;Simples;"Declive;Curva";Nï¿½o;0;0
2025-12-06;sï¿½bado;07:10:00;MT;163;SINOP;Ausï¿½ncia de reaï¿½ï¿½o do condutor;Tombamento;Com Vï¿½timas Feridas;Pleno dia;Cï¿½u Claro;Simples;Reta;Nï¿½o;0;0
2025-11-12;quarta-feira;16:00:00;PE;408;ALIANCA;Ausï¿½ncia de reaï¿½ï¿½o do condutor;Tombamento;Com Vï¿½timas Feridas;Pleno dia;Cï¿½u Claro;Simples;Curva;Nï¿½o;0;0
2025-12-06;sï¿½bado;07:00:00;GO;40;CRISTALINA;Acessar a via sem observar a presenï¿½a dos outros veï¿½culos;Colisï¿½o transversal;Com Vï¿½timas Feridas;Pleno dia;Nevoeiro/Neblina;Simples;Interseï¿½ï¿½o de Vias;Sim;0;0
2025-12-06;sï¿½bado;10:30:00;GO;40;CRISTALINA;Condutor deixou de manter distï¿½ncia do veï¿½culo da frente;Colisï¿½o traseira;Sem Vï¿½timas;Pleno dia;Chuva;Simples;Reta;Sim;0;0
2025-12-06;sï¿½bado;10:20:00;MG;251;MONTES CLAROS;Carga excessiva e/ou mal acondicionada;Saï¿½da de leito carroï¿½ï¿½vel;Sem Vï¿½timas;Pleno dia;Cï¿½u Claro;Simples;Reta;Nï¿½o;0;0
2025-12-06;sï¿½bado;07:10:00;SC;280;ARAQUARI;Trafegar com motocicleta (ou similar) entre as faixas;Colisï¿½o lateral mesmo sentido;Com Vï¿½timas Feridas;Pleno dia;Cï¿½u Claro;Simples;Reta;Sim;0;0
2025-12-06;sï¿½bado;11:15:00;SC;470;RIO DO SUL;Entrada inopinada do pedestre;Atropelamento de Pedestre;Com Vï¿½timas Feridas;Pleno dia;Cï¿½u Claro;Simples;"Reta;Declive";Sim;0;0
2025-12-06;sï¿½bado;12:00:00;PR;369;BANDEIRANTES;Transitar na contramï¿½o;Colisï¿½o frontal;Com Vï¿½timas Feridas;Pleno dia;Cï¿½u Claro;Simples;Curva;Nï¿½o;0;0
2025-12-06;sï¿½bado;10:50:00;SC;282;SAO MIGUEL DO OESTE;Ausï¿½ncia de reaï¿½ï¿½o do condutor;Colisï¿½o com objeto;Com Vï¿½timas Feridas;Pleno dia;Sol;Simples;"Curva;Ponte";Nï¿½o;0;0
2025-12-06;sï¿½bado;12:35:00;RJ;116;RESENDE;Condutor deixou de manter distï¿½ncia do veï¿½culo da frente;Colisï¿½o traseira;Com Vï¿½timas Feridas;Pleno dia;Sol;Dupla;Reta;Nï¿½o;0;0
2025-12-06;sï¿½bado;13:00:00;PR;116;MANDIRITUBA;Condutor deixou de manter distï¿½ncia do veï¿½culo da frente;Colisï¿½o traseira;Com Vï¿½timas Feridas;Pleno dia;Cï¿½u Claro;Simples;Reta;Nï¿½o;0;0
2025-12-06;sï¿½bado;12:35:00;RO;364;PIMENTA BUENO;Ultrapassagem Indevida;Colisï¿½o frontal;Com Vï¿½timas Feridas;Pleno dia;Nublado;Simples;"Aclive;Reta";Nï¿½o;0;0
2025-11-22;sï¿½bado;15:30:00;BA;349;SERRA DO RAMALHO;Reaï¿½ï¿½o tardia ou ineficiente do condutor;Tombamento;Com Vï¿½timas Feridas;Pleno dia;Cï¿½u Claro;Simples;Reta;Nï¿½o;0;0
2025-12-06;sï¿½bado;07:00:00;GO;364;SAO SIMAO;Ausï¿½ncia de reaï¿½ï¿½o do condutor;Colisï¿½o traseira;Com Vï¿½timas Feridas;Pleno dia;Cï¿½u Claro;Simples;Reta;Nï¿½o;0;0
2025-12-06;sï¿½bado;10:44:00;MG;116;GOVERNADOR VALADARES;Reaï¿½ï¿½o tardia ou ineficiente do condutor;Colisï¿½o traseira;Com Vï¿½timas Feridas;Pleno dia;Nublado;Simples;"Interseï¿½ï¿½o de Vias;Curva";Nï¿½o;0;0
2025-12-06;sï¿½bado;13:10:00;MA;135;SANTA RITA;Ultrapassagem Indevida;Colisï¿½o lateral sentido oposto;Com Vï¿½timas Fatais;Pleno dia;Nublado;Simples;"Reta;Aclive";Nï¿½o;1;1
2025-12-06;sï¿½bado;14:15:00;PE;232;RECIFE;Acessar a via sem observar a presenï¿½a dos outros veï¿½culos;Colisï¿½o lateral mesmo sentido;Com Vï¿½timas Feridas;Pleno dia;Cï¿½u Claro;Dupla;"Reta;Interseï¿½ï¿½o de Vias";Sim;0;0
2025-12-06;sï¿½bado;14:20:00;RS;116;VACARIA;Suicï¿½dio (presumido);Colisï¿½o frontal;Com Vï¿½timas Fatais;Pleno dia;Cï¿½u Claro;Simples;Reta;Nï¿½o;1;1
2025-12-06;sï¿½bado;13:40:00;MG;40;ESMERALDAS;Condutor Dormindo;Colisï¿½o com objeto;Sem Vï¿½timas;Pleno dia;Cï¿½u Claro;Mï¿½ltipla;Reta;Sim;0;0
2025-12-06;sï¿½bado;16:30:00;RN;406;SAO GONCALO DO AMARANTE;Reaï¿½ï¿½o tardia ou ineficiente do condutor;Colisï¿½o com objeto;Com Vï¿½timas Feridas;Pleno dia;Cï¿½u Claro;Simples;Reta;Nï¿½o;0;0
2025-12-06;sï¿½bado;12:50:00;MG;251;RUBELITA;Ausï¿½ncia de reaï¿½ï¿½o do condutor;Saï¿½da de leito carroï¿½ï¿½vel;Com Vï¿½timas Feridas;Pleno dia;Chuva;Simples;"Aclive;Reta";Nï¿½o;0;0
2025-12-06;sï¿½bado;12:30:00;CE;222;COREAU;Ultrapassagem Indevida;Colisï¿½o frontal;Com Vï¿½timas Feridas;Pleno dia;Cï¿½u Claro;Simples;Aclive;Nï¿½o;0;0
2025-12-06;sï¿½bado;16:30:00;MG;381;ITAGUARA;Condutor Dormindo;Tombamento;Com Vï¿½timas Feridas;Pleno dia;Cï¿½u Claro;Dupla;"Reta;Aclive";Nï¿½o;0;0
2025-12-06;sï¿½bado;18:45:00;ES;101;SERRA;Acessar a via sem observar a presenï¿½a dos outros veï¿½culos;Colisï¿½o transversal;Com Vï¿½timas Feridas;Plena Noite;Nublado;Simples;"Reta;Em Obras";Nï¿½o;0;0
2025-12-06;sï¿½bado;10:10:00;CE;20;TAUA;Demais falhas mecï¿½nicas ou elï¿½tricas;Eventos atï¿½picos;Sem Vï¿½timas;Pleno dia;Cï¿½u Claro;Simples;"Reta;Declive";Nï¿½o;0;0
2025-12-06;sï¿½bado;19:15:00;RS;386;FAZENDA VILANOVA;Acessar a via sem observar a presenï¿½a dos outros veï¿½culos;Colisï¿½o transversal;Com Vï¿½timas Feridas;Plena Noite;Cï¿½u Claro;Dupla;"Interseï¿½ï¿½o de Vias;Reta;Retorno Regulamentado";Nï¿½o;0;0
2025-12-06;sï¿½bado;16:35:00;MG;262;PARA DE MINAS;Velocidade Incompatï¿½vel;Saï¿½da de leito carroï¿½ï¿½vel;Com Vï¿½timas Feridas;Pleno dia;Sol;Dupla;Reta;Nï¿½o;0;0
2025-12-06;sï¿½bado;12:00:00;MG;267;BOM JARDIM DE MINAS;Ultrapassagem Indevida;Colisï¿½o frontal;Com Vï¿½timas Fatais;Pleno dia;Cï¿½u Claro;Simples;"Curva;Aclive";Nï¿½o;2;1
2025-12-06;sï¿½bado;13:25:00;PA;163;ITAITUBA;Chuva;Colisï¿½o frontal;Com Vï¿½timas Feridas;Pleno dia;Chuva;Simples;Curva;Nï¿½o;0;0
2025-12-06;sï¿½bado;21:00:00;RS;285;SAO LUIZ GONZAGA;Acessar a via sem observar a presenï¿½a dos outros veï¿½culos;Colisï¿½o lateral sentido oposto;Sem Vï¿½timas;Plena Noite;Cï¿½u Claro;Simples;Reta;Nï¿½o;0;0
2025-12-06;sï¿½bado;21:30:00;GO;153;URUACU;Transitar na contramï¿½o;Colisï¿½o frontal;Com Vï¿½timas Fatais;Plena Noite;Garoa/Chuvisco;Simples;"Reta;Interseï¿½ï¿½o de Vias";Nï¿½o;1;1
2025-12-06;sï¿½bado;17:30:00;MG;251;FRANCISCO SA;Ausï¿½ncia de reaï¿½ï¿½o do condutor;Colisï¿½o com objeto;Com Vï¿½timas Feridas;Pleno dia;Chuva;Simples;Reta;Nï¿½o;0;0
2025-12-06;sï¿½bado;22:45:00;PB;101;SANTA RITA;Reaï¿½ï¿½o tardia ou ineficiente do condutor;Saï¿½da de leito carroï¿½ï¿½vel;Sem Vï¿½timas;Plena Noite;Cï¿½u Claro;Dupla;Reta;Nï¿½o;0;0
2025-12-06;sï¿½bado;22:25:00;SC;101;IMBITUBA;Manobra de mudanï¿½a de faixa;Colisï¿½o traseira;Com Vï¿½timas Feridas;Plena Noite;Cï¿½u Claro;Mï¿½ltipla;Reta;Nï¿½o;0;0
2025-12-07;domingo;00:10:00;BA;116;VITORIA DA CONQUISTA;Manobra de mudanï¿½a de faixa;Colisï¿½o frontal;Com Vï¿½timas Fatais;Plena Noite;Cï¿½u Claro;Simples;Reta;Nï¿½o;1;1
2025-12-06;sï¿½bado;23:42:00;BA;116;VITORIA DA CONQUISTA;Desrespeitar a preferï¿½ncia no cruzamento;Colisï¿½o transversal;Com Vï¿½timas Feridas;Plena Noite;Nublado;Simples;Interseï¿½ï¿½o de Vias;Sim;0;0
2025-12-06;sï¿½bado;22:45:00;RJ;356;ITAPERUNA;Transitar na contramï¿½o;Colisï¿½o frontal;Com Vï¿½timas Feridas;Plena Noite;Cï¿½u Claro;Simples;Reta;Nï¿½o;0;0
2025-12-06;sï¿½bado;23:00:00;ES;101;LINHARES;Velocidade Incompatï¿½vel;Colisï¿½o traseira;Com Vï¿½timas Feridas;Plena Noite;Garoa/Chuvisco;Mï¿½ltipla;"Reta;Declive";Sim;0;0
2025-12-07;domingo;01:30:00;SP;116;SAO PAULO;Pedestre andava na pista;Atropelamento de Pedestre;Com Vï¿½timas Fatais;Plena Noite;Nublado;Mï¿½ltipla;Reta;Sim;1;1
2025-12-07;domingo;00:30:00;SC;101;ITAJAI;Ausï¿½ncia de reaï¿½ï¿½o do condutor;Colisï¿½o traseira;Sem Vï¿½timas;Plena Noite;Nublado;Dupla;Reta;Nï¿½o;0;0
2025-12-07;domingo;01:20:00;SP;116;CAJATI;Reaï¿½ï¿½o tardia ou ineficiente do condutor;Colisï¿½o traseira;Com Vï¿½timas Feridas;Plena Noite;Nublado;Dupla;Reta;Nï¿½o;0;0
2025-12-06;sï¿½bado;23:20:00;CE;226;PEREIRO;Ausï¿½ncia de reaï¿½ï¿½o do condutor;Colisï¿½o traseira;Com Vï¿½timas Fatais;Plena Noite;Cï¿½u Claro;Simples;Reta;Nï¿½o;1;1
2025-12-07;domingo;05:00:00;BA;116;RAFAEL JAMBEIRO;Demais falhas mecï¿½nicas ou elï¿½tricas;Incï¿½ndio;Sem Vï¿½timas;Amanhecer;Cï¿½u Claro;Dupla;Reta;Nï¿½o;0;0
2025-12-07;domingo;04:20:00;SC;101;PAULO LOPES;Ausï¿½ncia de reaï¿½ï¿½o do condutor;Colisï¿½o lateral mesmo sentido;Sem Vï¿½timas;Plena Noite;Cï¿½u Claro;Dupla;Reta;Nï¿½o;0;0
2025-12-07;domingo;02:03:00;PA;163;ITAITUBA;Condutor deixou de manter distï¿½ncia do veï¿½culo da frente;Colisï¿½o traseira;Sem Vï¿½timas;Plena Noite;Cï¿½u Claro;Simples;Reta;Nï¿½o;0;0
2025-12-07;domingo;03:00:00;MG;381;CARMO DA CACHOEIRA;Condutor Dormindo;Colisï¿½o traseira;Com Vï¿½timas Feridas;Plena Noite;Cï¿½u Claro;Dupla;"Reta;Aclive";Nï¿½o;0;0
2025-12-07;domingo;07:10:00;SC;101;BALNEARIO PICARRAS;Suicï¿½dio (presumido);Atropelamento de Pedestre;Com Vï¿½timas Fatais;Pleno dia;Cï¿½u Claro;Dupla;Reta;Nï¿½o;1;1
2025-12-07;domingo;05:30:00;RO;364;OURO PRETO DO OESTE;Ingestï¿½o de ï¿½lcool pelo condutor;Colisï¿½o lateral sentido oposto;Com Vï¿½timas Feridas;Amanhecer;Garoa/Chuvisco;Simples;"Reta;Aclive";Nï¿½o;0;0
2025-12-07;domingo;08:30:00;SC;101;ITAJAI;Manobra de mudanï¿½a de faixa;Colisï¿½o lateral mesmo sentido;Com Vï¿½timas Feridas;Pleno dia;Cï¿½u Claro;Mï¿½ltipla;Reta;Sim;0;0
2025-12-07;domingo;07:00:00;CE;222;CAUCAIA;Desvio temporï¿½rio;Tombamento;Sem Vï¿½timas;Pleno dia;Cï¿½u Claro;Mï¿½ltipla;Desvio Temporï¿½rio;Sim;0;0
2025-10-16;quinta-feira;12:00:00;PR;277;CAMPO LARGO;Demais falhas mecï¿½nicas ou elï¿½tricas;Incï¿½ndio;Sem Vï¿½timas;Pleno dia;Cï¿½u Claro;Dupla;"Reta;Aclive";Sim;0;0
2025-12-07;domingo;08:15:00;MG;40;PARAOPEBA;Transtornos Mentais (exceto suicidio);Eventos atï¿½picos;Com Vï¿½timas Feridas;Pleno dia;Nublado;Dupla;"Aclive;Reta";Nï¿½o;0;0
2025-12-07;domingo;09:50:00;ES;101;ITAPEMIRIM;Ingestï¿½o de ï¿½lcool pelo condutor;Colisï¿½o transversal;Com Vï¿½timas Feridas;Pleno dia;Cï¿½u Claro;Simples;"Reta;Ponte";Nï¿½o;0;0
2025-12-07;domingo;08:30:00;AM;174;MANAUS;Ultrapassagem Indevida;Saï¿½da de leito carroï¿½ï¿½vel;Sem Vï¿½timas;Pleno dia;Cï¿½u Claro;Simples;"Reta;Declive";Nï¿½o;0;0
2025-12-07;domingo;08:30:00;BA;116;JEQUIE;Demais falhas mecï¿½nicas ou elï¿½tricas;Incï¿½ndio;Sem Vï¿½timas;Pleno dia;Cï¿½u Claro;Simples;"Aclive;Reta";Nï¿½o;0;0
2025-12-07;domingo;09:30:00;SP;116;BARRA DO TURVO;Reaï¿½ï¿½o tardia ou ineficiente do condutor;Tombamento;Com Vï¿½timas Feridas;Pleno dia;Cï¿½u Claro;Dupla;"Curva;Aclive";Nï¿½o;0;0
2025-12-07;domingo;10:40:00;PR;277;CAMPO LARGO;Reaï¿½ï¿½o tardia ou ineficiente do condutor;Colisï¿½o traseira;Com Vï¿½timas Feridas;Pleno dia;Cï¿½u Claro;Dupla;Reta;Nï¿½o;0;0
2025-12-07;domingo;11:13:00;MT;163;ITIQUIRA;Condutor deixou de manter distï¿½ncia do veï¿½culo da frente;Colisï¿½o lateral mesmo sentido;Com Vï¿½timas Feridas;Pleno dia;Nublado;Simples;"Reta;Desvio Temporï¿½rio;Declive;Em Obras";Nï¿½o;0;0
2025-12-07;domingo;12:45:00;SC;101;GARUVA;Ingestï¿½o de ï¿½lcool pelo condutor;Colisï¿½o lateral mesmo sentido;Com Vï¿½timas Feridas;Pleno dia;Cï¿½u Claro;Mï¿½ltipla;"Interseï¿½ï¿½o de Vias;Reta";Nï¿½o;0;0
2025-12-07;domingo;13:15:00;MG;381;EXTREMA;Ausï¿½ncia de reaï¿½ï¿½o do condutor;Colisï¿½o lateral mesmo sentido;Sem Vï¿½timas;Pleno dia;Chuva;Dupla;Reta;Sim;0;0
2025-12-07;domingo;13:40:00;ES;101;ICONHA;Velocidade Incompatï¿½vel;Tombamento;Com Vï¿½timas Feridas;Pleno dia;Sol;Simples;Curva;Nï¿½o;0;0
2025-12-07;domingo;15:00:00;PR;116;ANTONINA;Ausï¿½ncia de reaï¿½ï¿½o do condutor;Engavetamento;Com Vï¿½timas Feridas;Pleno dia;Cï¿½u Claro;Dupla;Reta;Nï¿½o;0;0
2025-12-07;domingo;13:50:00;BA;101;ITAMARAJU;Ausï¿½ncia de reaï¿½ï¿½o do condutor;Tombamento;Com Vï¿½timas Feridas;Pleno dia;Cï¿½u Claro;Simples;"Declive;Curva";Nï¿½o;0;0
2025-12-07;domingo;14:30:00;SP;116;MIRACATU;Mal sï¿½bito do condutor;Colisï¿½o lateral mesmo sentido;Com Vï¿½timas Fatais;Pleno dia;Cï¿½u Claro;Dupla;Reta;Nï¿½o;2;1
2025-11-29;sï¿½bado;18:30:00;SC;101;ITAJAI;Condutor deixou de manter distï¿½ncia do veï¿½culo da frente;Colisï¿½o lateral mesmo sentido;Com Vï¿½timas Feridas;Anoitecer;Cï¿½u Claro;Dupla;Reta;Sim;0;0
2025-12-07;domingo;14:00:00;PI;222;PIRIPIRI;Avarias e/ou desgaste excessivo no pneu;Saï¿½da de leito carroï¿½ï¿½vel;Com Vï¿½timas Feridas;Pleno dia;Cï¿½u Claro;Simples;Curva;Nï¿½o;0;0
2025-12-07;domingo;13:40:00;MS;463;PONTA PORA;Acessar a via sem observar a presenï¿½a dos outros veï¿½culos;Colisï¿½o frontal;Com Vï¿½timas Feridas;Pleno dia;Cï¿½u Claro;Simples;Interseï¿½ï¿½o de Vias;Sim;0;0
2025-12-07;domingo;17:00:00;MG;381;NEPOMUCENO;Ausï¿½ncia de reaï¿½ï¿½o do condutor;Tombamento;Com Vï¿½timas Feridas;Pleno dia;Nublado;Dupla;Curva;Nï¿½o;0;0
2025-12-07;domingo;16:13:00;PR;476;COLOMBO;Acessar a via sem observar a presenï¿½a dos outros veï¿½culos;Colisï¿½o transversal;Com Vï¿½timas Feridas;Pleno dia;Sol;Simples;Interseï¿½ï¿½o de Vias;Sim;0;0
2025-12-07;domingo;16:15:00;SP;116;MIRACATU;Mal sï¿½bito do condutor;Colisï¿½o traseira;Com Vï¿½timas Fatais;Pleno dia;Sol;Dupla;Reta;Nï¿½o;1;1
2025-12-07;domingo;18:51:00;PE;101;RECIFE;Ingestï¿½o de ï¿½lcool pelo condutor;Saï¿½da de leito carroï¿½ï¿½vel;Sem Vï¿½timas;Plena Noite;Cï¿½u Claro;Dupla;Curva;Sim;0;0
2025-12-07;domingo;19:10:00;SE;235;AREIA BRANCA;Ingestï¿½o de ï¿½lcool pelo condutor;Derramamento de carga;Sem Vï¿½timas;Plena Noite;Cï¿½u Claro;Simples;"Declive;Curva";Nï¿½o;0;0
2025-12-07;domingo;20:25:00;RS;116;SAO LEOPOLDO;Avarias e/ou desgaste excessivo no pneu;Colisï¿½o lateral mesmo sentido;Com Vï¿½timas Feridas;Plena Noite;Cï¿½u Claro;Mï¿½ltipla;Reta;Sim;0;0
2025-12-07;domingo;20:30:00;DF;60;BRASILIA;Ausï¿½ncia de reaï¿½ï¿½o do condutor;Colisï¿½o traseira;Com Vï¿½timas Feridas;Plena Noite;Cï¿½u Claro;Dupla;"Reta;Aclive";Nï¿½o;0;0
2025-12-07;domingo;18:00:00;PA;316;SAO FRANCISCO DO PARA;Reaï¿½ï¿½o tardia ou ineficiente do condutor;Colisï¿½o lateral mesmo sentido;Com Vï¿½timas Fatais;Anoitecer;Cï¿½u Claro;Simples;Reta;Nï¿½o;1;1
2025-12-07;domingo;16:00:00;GO;364;MINEIROS;Velocidade Incompatï¿½vel;Colisï¿½o frontal;Com Vï¿½timas Fatais;Pleno dia;Chuva;Simples;"Curva;Aclive";Nï¿½o;1;1
2025-12-07;domingo;22:00:00;PE;407;PETROLINA;Reaï¿½ï¿½o tardia ou ineficiente do condutor;Colisï¿½o frontal;Com Vï¿½timas Feridas;Plena Noite;Cï¿½u Claro;Dupla;"Reta;Ponte";Nï¿½o;0;0
2025-12-07;domingo;22:35:00;GO;50;CRISTALINA;Ausï¿½ncia de reaï¿½ï¿½o do condutor;Colisï¿½o lateral sentido oposto;Sem Vï¿½timas;Plena Noite;Nevoeiro/Neblina;Simples;Interseï¿½ï¿½o de Vias;Sim;0;0
2025-12-07;domingo;21:40:00;ES;101;SAO MATEUS;Transitar na contramï¿½o;Colisï¿½o lateral sentido oposto;Com Vï¿½timas Feridas;Plena Noite;Nublado;Simples;"Reta;Declive";Nï¿½o;0;0
2025-12-07;domingo;23:35:00;BA;116;FEIRA DE SANTANA;Condutor Dormindo;Saï¿½da de leito carroï¿½ï¿½vel;Com Vï¿½timas Feridas;Plena Noite;Cï¿½u Claro;Dupla;Curva;Nï¿½o;0;0
2025-12-07;domingo;19:45:00;RS;158;PANAMBI;Ingestï¿½o de ï¿½lcool pelo condutor;Colisï¿½o traseira;Sem Vï¿½timas;Pleno dia;Cï¿½u Claro;Simples;Reta;Nï¿½o;0;0
2025-12-08;segunda-feira;00:15:00;ES;262;MARECHAL FLORIANO;Transitar na contramï¿½o;Colisï¿½o frontal;Com Vï¿½timas Fatais;Pleno dia;Nublado;Simples;Curva;Nï¿½o;1;1
2025-12-07;domingo;22:45:00;MT;364;ROSARIO OESTE;Reaï¿½ï¿½o tardia ou ineficiente do condutor;Colisï¿½o traseira;Com Vï¿½timas Fatais;Plena Noite;Nublado;Dupla;"Reta;Desvio Temporï¿½rio";Sim;1;1
2025-12-08;segunda-feira;01:40:00;BA;135;BARREIRAS;Ingestï¿½o de ï¿½lcool pelo condutor;Colisï¿½o lateral mesmo sentido;Sem Vï¿½timas;Plena Noite;Cï¿½u Claro;Dupla;"Interseï¿½ï¿½o de Vias;Curva";Nï¿½o;0;0
2025-12-08;segunda-feira;01:00:00;GO;60;GOIANIA;Acessar a via sem observar a presenï¿½a dos outros veï¿½culos;Colisï¿½o lateral sentido oposto;Com Vï¿½timas Feridas;Plena Noite;Nublado;Simples;Reta;Sim;0;0
2025-12-08;segunda-feira;03:50:00;RS;392;PELOTAS;Condutor Dormindo;Saï¿½da de leito carroï¿½ï¿½vel;Com Vï¿½timas Feridas;Plena Noite;Cï¿½u Claro;Dupla;Reta;Nï¿½o;0;0
2025-12-08;segunda-feira;02:32:00;RS;470;SAO JOSE DO SUL;Iluminaï¿½ï¿½o deficiente;Colisï¿½o transversal;Com Vï¿½timas Feridas;Amanhecer;Cï¿½u Claro;Simples;Reta;Nï¿½o;0;0
2025-12-07;domingo;23:15:00;RJ;116;BARRA MANSA;Condutor Dormindo;Colisï¿½o traseira;Com Vï¿½timas Feridas;Plena Noite;Cï¿½u Claro;Dupla;"Reta;Aclive";Nï¿½o;0;0
2025-12-08;segunda-feira;01:00:00;SP;116;ITAPECERICA DA SERRA;Reaï¿½ï¿½o tardia ou ineficiente do condutor;Colisï¿½o com objeto;Com Vï¿½timas Feridas;Plena Noite;Cï¿½u Claro;Dupla;Reta;Sim;0;0
2025-12-08;segunda-feira;05:20:00;RO;364;PRESIDENTE MEDICI;Demais falhas mecï¿½nicas ou elï¿½tricas;Eventos atï¿½picos;Com Vï¿½timas Fatais;Amanhecer;Cï¿½u Claro;Simples;"Reta;Declive";Nï¿½o;1;1
2025-12-08;segunda-feira;06:00:00;BA;116;CANDIDO SALES;Ultrapassagem Indevida;Capotamento;Com Vï¿½timas Feridas;Amanhecer;Nublado;Simples;"Aclive;Reta";Nï¿½o;0;0
2025-12-08;segunda-feira;09:35:00;AL;104;RIO LARGO;Condutor deixou de manter distï¿½ncia do veï¿½culo da frente;Colisï¿½o traseira;Com Vï¿½timas Feridas;Pleno dia;Cï¿½u Claro;Dupla;Reta;Sim;0;0
2025-12-08;segunda-feira;07:00:00;BA;101;CONCEICAO DO ALMEIDA;Transitar na contramï¿½o;Colisï¿½o frontal;Com Vï¿½timas Fatais;Pleno dia;Cï¿½u Claro;Simples;Curva;Nï¿½o;1;1
2025-12-08;segunda-feira;09:00:00;RJ;101;ITABORAI;Condutor deixou de manter distï¿½ncia do veï¿½culo da frente;Colisï¿½o traseira;Com Vï¿½timas Feridas;Pleno dia;Cï¿½u Claro;Dupla;Reta;Nï¿½o;0;0
2025-12-08;segunda-feira;07:50:00;MG;381;SANTO ANTONIO DO AMPARO;Estacionar ou parar em local proibido;Colisï¿½o traseira;Sem Vï¿½timas;Pleno dia;Cï¿½u Claro;Dupla;"Reta;Declive";Nï¿½o;0;0
2025-12-08;segunda-feira;10:20:00;PE;101;PAULISTA;Manobra de mudanï¿½a de faixa;Colisï¿½o lateral mesmo sentido;Com Vï¿½timas Feridas;Pleno dia;Nublado;Mï¿½ltipla;Curva;Nï¿½o;0;0
2025-12-08;segunda-feira;08:50:00;SC;116;CAPAO ALTO;Velocidade Incompatï¿½vel;Tombamento;Com Vï¿½timas Feridas;Pleno dia;Cï¿½u Claro;Simples;"Curva;Declive";Nï¿½o;0;0
2025-12-08;segunda-feira;10:00:00;RS;392;RIO GRANDE;Reaï¿½ï¿½o tardia ou ineficiente do condutor;Colisï¿½o lateral mesmo sentido;Com Vï¿½timas Fatais;Pleno dia;Cï¿½u Claro;Dupla;"Viaduto;Curva";Nï¿½o;1;1
2025-11-10;segunda-feira;20:30:00;MG;354;POUSO ALTO;Declive acentuado;Tombamento;Com Vï¿½timas Feridas;Plena Noite;Nublado;Simples;Curva;Nï¿½o;0;0
2025-12-08;segunda-feira;10:00:00;SP;116;MIRACATU;Ingestï¿½o de ï¿½lcool pelo condutor;Atropelamento de Pedestre;Com Vï¿½timas Feridas;Pleno dia;Cï¿½u Claro;Dupla;Reta;Nï¿½o;0;0