data_inversa;dia_semana;horario;uf;br;municipio;causa_acidente;tipo_acidente;classificacao_acidente;fase_dia;condicao_metereologica;tipo_pista;tracado_via;uso_solo;mortos;acidente_fatal
2025-12-08;segunda-feira;11:00:00;BA;101;ESPLANADA;Suicï¿½dio (presumido);Atropelamento de Pedestre;Com Vï¿½timas Fatais;Pleno dia;Cï¿½u Claro;Simples;"Reta;Declive";Sim;1;1
2025-12-08;segunda-feira;11:45:00;SC;116;SANTA CECILIA;Ausï¿½ncia de reaï¿½ï¿½o do condutor;Engavetamento;Com Vï¿½timas Feridas;Pleno dia;Cï¿½u Claro;Simples;Reta;Nï¿½o;0;0
2025-12-08;segunda-feira;08:10:00;PR;277;CANDOI;Velocidade Incompatï¿½vel;Tombamento;Com Vï¿½timas Feridas;Pleno dia;Nublado;Simples;Curva;Nï¿½o;0;0
2025-12-08;segunda-feira;11:10:00;PR;116;CURITIBA;Condutor deixou de manter distï¿½ncia do veï¿½culo da frente;Colisï¿½o traseira;Com Vï¿½timas Feridas;Pleno dia;Sol;Dupla;"Reta;Declive";Sim;0;0
2025-12-08;segunda-feira;12:50:00;SC;282;NOVA ITABERABA;Velocidade Incompatï¿½vel;Colisï¿½o frontal;Com Vï¿½timas Feridas;Pleno dia;Chuva;Simples;Rotatï¿½ria;Nï¿½o;0;0
2025-12-08;segunda-feira;11:40:00;RJ;101;MACAE;Ausï¿½ncia de reaï¿½ï¿½o do condutor;Colisï¿½o traseira;Com Vï¿½timas Feridas;Pleno dia;Cï¿½u Claro;Simples;Reta;Nï¿½o;0;0
2025-12-08;segunda-feira;12:45:00;MG;262;MATEUS LEME;Ausï¿½ncia de reaï¿½ï¿½o do condutor;Colisï¿½o lateral mesmo sentido;Com Vï¿½timas Feridas;Pleno dia;Chuva;Dupla;Curva;Nï¿½o;0;0
2025-12-08;segunda-feira;09:30:00;BA;101;MASCOTE;Carga excessiva e/ou mal acondicionada;Tombamento;Sem Vï¿½timas;Pleno dia;Chuva;Simples;"Aclive;Curva";Nï¿½o;0;0
2025-12-08;segunda-feira;13:00:00;PR;376;GUARATUBA;Ausï¿½ncia de reaï¿½ï¿½o do condutor;Colisï¿½o traseira;Com Vï¿½timas Feridas;Pleno dia;Cï¿½u Claro;Dupla;"Curva;Declive";Nï¿½o;0;0
2025-12-08;segunda-feira;12:40:00;PB;230;SOBRADO;Ausï¿½ncia de reaï¿½ï¿½o do condutor;Colisï¿½o com objeto;Sem Vï¿½timas;Pleno dia;Cï¿½u Claro;Dupla;Reta;Nï¿½o;0;0
2025-12-08;segunda-feira;06:40:00;MA;10;IMPERATRIZ;Demais falhas mecï¿½nicas ou elï¿½tricas;Incï¿½ndio;Sem Vï¿½timas;Pleno dia;Nublado;Simples;Reta;Nï¿½o;0;0
2025-12-08;segunda-feira;14:05:00;PR;153;JACAREZINHO;Chuva;Colisï¿½o frontal;Com Vï¿½timas Feridas;Pleno dia;Chuva;Simples;Curva;Nï¿½o;0;0
2025-12-08;segunda-feira;13:20:00;MS;163;NOVA ALVORADA DO SUL;Demais falhas mecï¿½nicas ou elï¿½tricas;Incï¿½ndio;Sem Vï¿½timas;Pleno dia;Nublado;Simples;Reta;Nï¿½o;0;0
2025-12-08;segunda-feira;14:00:00;BA;324;SIMOES FILHO;Condutor deixou de manter distï¿½ncia do veï¿½culo da frente;Colisï¿½o com objeto;Com Vï¿½timas Feridas;Pleno dia;Cï¿½u Claro;Dupla;Reta;Nï¿½o;0;0
2025-12-08;segunda-feira;15:00:00;SP;381;BRAGANCA PAULISTA;Pista Escorregadia;Colisï¿½o traseira;Com Vï¿½timas Feridas;Pleno dia;Chuva;Dupla;"Declive;Reta";Nï¿½o;0;0
2025-12-08;segunda-feira;11:40:00;CE;20;CAUCAIA;Reaï¿½ï¿½o tardia ou ineficiente do condutor;Saï¿½da de leito carroï¿½ï¿½vel;Sem Vï¿½timas;Pleno dia;Cï¿½u Claro;Simples;"Reta;Ponte";Nï¿½o;0;0
2025-12-08;segunda-feira;15:25:00;SC;101;BALNEARIO CAMBORIU;Reaï¿½ï¿½o tardia ou ineficiente do condutor;Colisï¿½o traseira;Com Vï¿½timas Feridas;Pleno dia;Nublado;Dupla;"Reta;Ponte";Sim;0;0
2025-12-08;segunda-feira;13:30:00;BA;116;ITATIM;Demais falhas mecï¿½nicas ou elï¿½tricas;Incï¿½ndio;Sem Vï¿½timas;Pleno dia;Cï¿½u Claro;Simples;Reta;Nï¿½o;0;0
2025-12-08;segunda-feira;16:45:00;SC;101;BALNEARIO CAMBORIU;Trafegar com motocicleta (ou similar) entre as faixas;Colisï¿½o lateral mesmo sentido;Com Vï¿½timas Fatais;Pleno dia;Cï¿½u Claro;Mï¿½ltipla;"Reta;Aclive";Nï¿½o;1;1
2025-12-08;segunda-feira;16:50:00;SP;116;REGISTRO;Ausï¿½ncia de sinalizaï¿½ï¿½o;Colisï¿½o lateral mesmo sentido;Com Vï¿½timas Feridas;Pleno dia;Nublado;Dupla;Reta;Nï¿½o;0;0
2025-12-08;segunda-feira;17:10:00;BA;116;FEIRA DE SANTANA;Velocidade Incompatï¿½vel;Tombamento;Com Vï¿½timas Feridas;Pleno dia;Sol;Dupla;"Curva;Aclive";Nï¿½o;0;0
2025-12-08;segunda-feira;16:50:00;SC;101;PALHOCA;Condutor deixou de manter distï¿½ncia do veï¿½culo da frente;Engavetamento;Com Vï¿½timas Feridas;Pleno dia;Nublado;Dupla;Reta;Nï¿½o;0;0
2025-12-08;segunda-feira;14:00:00;MG;251;GRAO MOGOL;Condutor Dormindo;Colisï¿½o com objeto;Com Vï¿½timas Feridas;Pleno dia;Sol;Simples;Reta;Nï¿½o;0;0
2025-12-08;segunda-feira;16:15:00;PR;376;PONTA GROSSA;Velocidade Incompatï¿½vel;Saï¿½da de leito carroï¿½ï¿½vel;Com Vï¿½timas Feridas;Pleno dia;Chuva;Dupla;"Reta;Declive";Sim;0;0
2025-12-08;segunda-feira;18:00:00;RS;386;POUSO NOVO;Condutor deixou de manter distï¿½ncia do veï¿½culo da frente;Colisï¿½o traseira;Com Vï¿½timas Feridas;Anoitecer;Chuva;Dupla;"Em Obras;Curva";Nï¿½o;0;0
2025-12-08;segunda-feira;17:27:00;SC;470;AGRONOMICA;Velocidade Incompatï¿½vel;Tombamento;Com Vï¿½timas Feridas;Pleno dia;Cï¿½u Claro;Simples;Rotatï¿½ria;Sim;0;0
2025-12-08;segunda-feira;18:04:00;MS;262;CAMPO GRANDE;Acessar a via sem observar a presenï¿½a dos outros veï¿½culos;Colisï¿½o transversal;Com Vï¿½timas Feridas;Plena Noite;Chuva;Simples;Interseï¿½ï¿½o de Vias;Nï¿½o;0;0
2025-12-08;segunda-feira;19:45:00;BA;116;VITORIA DA CONQUISTA;Ultrapassagem Indevida;Colisï¿½o lateral mesmo sentido;Com Vï¿½timas Feridas;Plena Noite;Nublado;Simples;Declive;Nï¿½o;0;0
2025-12-08;segunda-feira;19:40:00;PR;476;CONTENDA;Transitar na contramï¿½o;Colisï¿½o frontal;Com Vï¿½timas Feridas;Plena Noite;Chuva;Simples;"Curva;Aclive";Nï¿½o;0;0
2025-12-08;segunda-feira;18:05:00;SC;101;ARARANGUA;Manobra de mudanï¿½a de faixa;Colisï¿½o com objeto;Com Vï¿½timas Feridas;Anoitecer;Cï¿½u Claro;Dupla;Reta;Nï¿½o;0;0
2025-11-19;quarta-feira;20:00:00;PA;10;DOM ELISEU;Transitar na contramï¿½o;Colisï¿½o frontal;Com Vï¿½timas Fatais;Plena Noite;Chuva;Simples;Reta;Sim;1;1
2025-12-08;segunda-feira;21:10:00;PR;277;CAMPO LARGO;Reaï¿½ï¿½o tardia ou ineficiente do condutor;Colisï¿½o traseira;Com Vï¿½timas Feridas;Plena Noite;Chuva;Dupla;"Declive;Reta";Nï¿½o;0;0
2025-12-08;segunda-feira;22:15:00;GO;153;ITUMBIARA;Velocidade Incompatï¿½vel;Colisï¿½o lateral mesmo sentido;Com Vï¿½timas Feridas;Plena Noite;Chuva;Dupla;"Declive;Curva";Sim;0;0
2025-12-08;segunda-feira;14:15:00;SC;282;CHAPECO;Velocidade Incompatï¿½vel;Tombamento;Com Vï¿½timas Feridas;Pleno dia;Chuva;Mï¿½ltipla;"Curva;Rotatï¿½ria";Nï¿½o;0;0
2025-12-08;segunda-feira;21:50:00;PA;10;DOM ELISEU;Pista esburacada;Colisï¿½o com objeto;Com Vï¿½timas Feridas;Plena Noite;Cï¿½u Claro;Simples;"Aclive;Curva";Nï¿½o;0;0
2025-12-08;segunda-feira;22:45:00;SP;116;MIRACATU;Demais falhas mecï¿½nicas ou elï¿½tricas;Colisï¿½o traseira;Com Vï¿½timas Fatais;Plena Noite;Chuva;Dupla;Curva;Nï¿½o;1;1
2025-12-09;terï¿½a-feira;00:18:00;SP;116;SAO JOSE DOS CAMPOS;Ausï¿½ncia de reaï¿½ï¿½o do condutor;Engavetamento;Com Vï¿½timas Feridas;Plena Noite;Cï¿½u Claro;Dupla;Reta;Sim;0;0
2025-12-09;terï¿½a-feira;00:40:00;PR;277;CANDOI;Ausï¿½ncia de reaï¿½ï¿½o do condutor;Saï¿½da de leito carroï¿½ï¿½vel;Com Vï¿½timas Feridas;Plena Noite;Chuva;Simples;"Curva;Declive";Nï¿½o;0;0
2025-12-09;terï¿½a-feira;02:20:00;SP;116;GUARULHOS;Ingestï¿½o de ï¿½lcool pelo condutor;Colisï¿½o lateral mesmo sentido;Sem Vï¿½timas;Plena Noite;Nublado;Mï¿½ltipla;Reta;Sim;0;0
2025-12-08;segunda-feira;23:30:00;MG;381;CARMOPOLIS DE MINAS;Velocidade Incompatï¿½vel;Colisï¿½o traseira;Com Vï¿½timas Feridas;Plena Noite;Cï¿½u Claro;Dupla;Reta;Nï¿½o;0;0
2025-12-09;terï¿½a-feira;00:50:00;SP;116;BARRA DO TURVO;Chuva;Colisï¿½o com objeto;Com Vï¿½timas Feridas;Plena Noite;Chuva;Dupla;"Curva;Declive";Nï¿½o;0;0
2025-12-09;terï¿½a-feira;01:20:00;PR;277;CAMPO LARGO;Condutor Dormindo;Colisï¿½o traseira;Com Vï¿½timas Feridas;Plena Noite;Chuva;Dupla;"Reta;Aclive";Sim;0;0
2025-12-09;terï¿½a-feira;02:25:00;PE;232;ARCOVERDE;Animais na Pista;Atropelamento de Animal;Sem Vï¿½timas;Plena Noite;Cï¿½u Claro;Simples;Reta;Nï¿½o;0;0
2025-12-09;terï¿½a-feira;02:20:00;PR;376;IMBAU;Chuva;Saï¿½da de leito carroï¿½ï¿½vel;Com Vï¿½timas Feridas;Plena Noite;Chuva;Simples;"Curva;Declive";Nï¿½o;0;0
2025-12-08;segunda-feira;23:30:00;RS;287;SANTIAGO;Ausï¿½ncia de reaï¿½ï¿½o do condutor;Colisï¿½o frontal;Com Vï¿½timas Feridas;Plena Noite;Garoa/Chuvisco;Simples;Curva;Nï¿½o;0;0
2025-12-09;terï¿½a-feira;04:40:00;SC;101;ARAQUARI;Demais falhas mecï¿½nicas ou elï¿½tricas;Incï¿½ndio;Sem Vï¿½timas;Amanhecer;Garoa/Chuvisco;Dupla;Reta;Nï¿½o;0;0
2025-12-09;terï¿½a-feira;05:20:00;RJ;116;NOVA IGUACU;Condutor deixou de manter distï¿½ncia do veï¿½culo da frente;Colisï¿½o lateral mesmo sentido;Sem Vï¿½timas;Amanhecer;Chuva;Dupla;Reta;Sim;0;0
2025-12-09;terï¿½a-feira;07:20:00;DF;60;BRASILIA;Avarias e/ou desgaste excessivo no pneu;Saï¿½da de leito carroï¿½ï¿½vel;Com Vï¿½timas Feridas;Pleno dia;Cï¿½u Claro;Dupla;"Declive;Curva";Nï¿½o;0;0
2025-12-09;terï¿½a-feira;06:50:00;RO;364;PIMENTA BUENO;Ultrapassagem Indevida;Colisï¿½o frontal;Com Vï¿½timas Fatais;Pleno dia;Nublado;Simples;"Curva;Declive";Nï¿½o;1;1
2025-12-09;terï¿½a-feira;07:25:00;PR;376;MARINGA;Velocidade Incompatï¿½vel;Colisï¿½o traseira;Sem Vï¿½timas;Pleno dia;Chuva;Dupla;"Reta;Declive";Nï¿½o;0;0
2025-12-08;segunda-feira;23:10:00;RJ;40;DUQUE DE CAXIAS;Acessar a via sem observar a presenï¿½a dos outros veï¿½culos;Atropelamento de Pedestre;Com Vï¿½timas Fatais;Plena Noite;Cï¿½u Claro;Dupla;Reta;Sim;1;1
2025-12-09;terï¿½a-feira;08:55:00;SP;116;JUQUIA;Acessar a via sem observar a presenï¿½a dos outros veï¿½culos;Colisï¿½o transversal;Com Vï¿½timas Feridas;Pleno dia;Chuva;Dupla;Retorno Regulamentado;Nï¿½o;0;0
2025-12-09;terï¿½a-feira;07:30:00;MG;40;CONTAGEM;Ausï¿½ncia de reaï¿½ï¿½o do condutor;Colisï¿½o traseira;Com Vï¿½timas Feridas;Pleno dia;Nublado;Dupla;Reta;Sim;0;0
2025-12-09;terï¿½a-feira;09:40:00;SC;101;TUBARAO;Ausï¿½ncia de reaï¿½ï¿½o do condutor;Colisï¿½o traseira;Com Vï¿½timas Feridas;Pleno dia;Chuva;Mï¿½ltipla;Reta;Sim;0;0
2025-12-09;terï¿½a-feira;09:20:00;GO;153;JARAGUA;Desvio temporï¿½rio;Colisï¿½o transversal;Com Vï¿½timas Feridas;Pleno dia;Garoa/Chuvisco;Dupla;"Reta;Em Obras;Desvio Temporï¿½rio";Sim;0;0
2025-12-09;terï¿½a-feira;08:50:00;MG;381;TRES CORACOES;Velocidade Incompatï¿½vel;Colisï¿½o com objeto;Com Vï¿½timas Feridas;Pleno dia;Chuva;Dupla;Curva;Nï¿½o;0;0
2025-12-09;terï¿½a-feira;07:00:00;RJ;101;CARAPEBUS;Ausï¿½ncia de reaï¿½ï¿½o do condutor;Colisï¿½o traseira;Com Vï¿½timas Feridas;Pleno dia;Cï¿½u Claro;Dupla;"Declive;Curva";Nï¿½o;0;0
2025-12-09;terï¿½a-feira;07:00:00;PI;135;SAO GONCALO DO GURGUEIA;Transitar na contramï¿½o;Colisï¿½o frontal;Com Vï¿½timas Feridas;Pleno dia;Chuva;Simples;"Curva;Declive";Nï¿½o;0;0
2025-12-09;terï¿½a-feira;10:20:00;SC;101;JOINVILLE;Manobra de mudanï¿½a de faixa;Colisï¿½o lateral mesmo sentido;Sem Vï¿½timas;Pleno dia;Garoa/Chuvisco;Dupla;Aclive;Nï¿½o;0;0
2025-12-09;terï¿½a-feira;11:30:00;MG;40;JUIZ DE FORA;Reaï¿½ï¿½o tardia ou ineficiente do condutor;Colisï¿½o traseira;Com Vï¿½timas Feridas;Pleno dia;Nublado;Dupla;Curva;Sim;0;0
2025-12-09;terï¿½a-feira;11:30:00;SE;235;NOSSA SENHORA DO SOCORRO;Carga excessiva e/ou mal acondicionada;Derramamento de carga;Sem Vï¿½timas;Pleno dia;Cï¿½u Claro;Dupla;Rotatï¿½ria;Nï¿½o;0;0
2025-12-09;terï¿½a-feira;10:55:00;PR;153;JACAREZINHO;Transitar na contramï¿½o;Colisï¿½o lateral sentido oposto;Com Vï¿½timas Feridas;Pleno dia;Chuva;Simples;Reta;Nï¿½o;0;0
2025-12-09;terï¿½a-feira;12:00:00;RS;290;ELDORADO DO SUL;Condutor deixou de manter distï¿½ncia do veï¿½culo da frente;Colisï¿½o traseira;Com Vï¿½timas Feridas;Pleno dia;Chuva;Simples;Reta;Nï¿½o;0;0
2025-12-09;terï¿½a-feira;12:00:00;SP;381;MAIRIPORA;Ausï¿½ncia de reaï¿½ï¿½o do condutor;Colisï¿½o com objeto;Com Vï¿½timas Feridas;Pleno dia;Chuva;Mï¿½ltipla;"Curva;Declive";Nï¿½o;0;0
2025-12-09;terï¿½a-feira;12:45:00;MG;153;PRATA;Chuva;Colisï¿½o transversal;Com Vï¿½timas Feridas;Pleno dia;Chuva;Simples;Reta;Nï¿½o;0;0
2025-12-09;terï¿½a-feira;11:00:00;MS;163;CAMPO GRANDE;Conversï¿½o proibida;Tombamento;Com Vï¿½timas Feridas;Pleno dia;Chuva;Simples;Reta;Sim;0;0
2025-12-09;terï¿½a-feira;07:30:00;PR;376;ORTIGUEIRA;Reaï¿½ï¿½o tardia ou ineficiente do condutor;Saï¿½da de leito carroï¿½ï¿½vel;Com Vï¿½timas Feridas;Pleno dia;Chuva;Simples;Curva;Nï¿½o;0;0
2025-12-09;terï¿½a-feira;13:30:00;RS;386;MONTENEGRO;Chuva;Colisï¿½o com objeto;Com Vï¿½timas Feridas;Pleno dia;Chuva;Dupla;Reta;Nï¿½o;0;0
2025-12-09;terï¿½a-feira;12:10:00;BA;101;ITABUNA;Transitar na contramï¿½o;Colisï¿½o com objeto;Com Vï¿½timas Feridas;Pleno dia;Cï¿½u Claro;Simples;Reta;Nï¿½o;0;0
2025-12-09;terï¿½a-feira;11:15:00;RS;386;POUSO NOVO;Acumulo de ï¿½leo sobre o pavimento;Saï¿½da de leito carroï¿½ï¿½vel;Com Vï¿½timas Feridas;Pleno dia;Chuva;Simples;"Curva;Declive";Nï¿½o;0;0
2025-12-09;terï¿½a-feira;11:25:00;SP;116;CAJATI;Reaï¿½ï¿½o tardia ou ineficiente do condutor;Colisï¿½o traseira;Com Vï¿½timas Feridas;Pleno dia;Chuva;Mï¿½ltipla;"Declive;Curva";Nï¿½o;0;0
2025-11-30;domingo;20:00:00;TO;10;SILVANOPOLIS;Condutor deixou de manter distï¿½ncia do veï¿½culo da frente;Colisï¿½o traseira;Com Vï¿½timas Feridas;Plena Noite;Cï¿½u Claro;Simples;Reta;Nï¿½o;0;0
2025-12-09;terï¿½a-feira;10:40:00;SC;470;RODEIO;Demais falhas mecï¿½nicas ou elï¿½tricas;Colisï¿½o com objeto;Sem Vï¿½timas;Pleno dia;Chuva;Simples;Curva;Sim;0;0
2025-12-09;terï¿½a-feira;15:15:00;GO;153;ITUMBIARA;Reaï¿½ï¿½o tardia ou ineficiente do condutor;Colisï¿½o traseira;Com Vï¿½timas Feridas;Pleno dia;Chuva;Dupla;Reta;Sim;0;0
2025-12-09;terï¿½a-feira;16:10:00;SP;381;ATIBAIA;Acumulo de ï¿½gua sobre o pavimento;Colisï¿½o lateral mesmo sentido;Com Vï¿½timas Feridas;Pleno dia;Chuva;Dupla;Reta;Nï¿½o;0;0
2025-12-09;terï¿½a-feira;13:30:00;SC;282;JOACABA;Pista Escorregadia;Colisï¿½o lateral sentido oposto;Com Vï¿½timas Feridas;Pleno dia;Chuva;Simples;"Reta;Declive";Sim;0;0
2025-12-09;terï¿½a-feira;16:30:00;SP;381;MAIRIPORA;Acumulo de ï¿½gua sobre o pavimento;Saï¿½da de leito carroï¿½ï¿½vel;Com Vï¿½timas Feridas;Pleno dia;Chuva;Dupla;Curva;Nï¿½o;0;0
2025-12-09;terï¿½a-feira;12:37:00;RJ;116;BARRA MANSA;Mal sï¿½bito do condutor;Colisï¿½o com objeto;Sem Vï¿½timas;Pleno dia;Garoa/Chuvisco;Simples;Reta;Sim;0;0
2025-12-09;terï¿½a-feira;12:14:00;SP;116;PINDAMONHANGABA;Ausï¿½ncia de reaï¿½ï¿½o do condutor;Colisï¿½o traseira;Com Vï¿½timas Feridas;Pleno dia;Cï¿½u Claro;Dupla;Reta;Nï¿½o;0;0
2025-12-09;terï¿½a-feira;01:00:00;SC;470;GASPAR;Condutor Dormindo;Saï¿½da de leito carroï¿½ï¿½vel;Sem Vï¿½timas;Plena Noite;Nublado;Simples;"Reta;Rotatï¿½ria";Nï¿½o;0;0
2025-12-09;terï¿½a-feira;16:28:00;CE;222;CAUCAIA;Desvio temporï¿½rio;Colisï¿½o lateral mesmo sentido;Com Vï¿½timas Feridas;Pleno dia;Sol;Dupla;"Desvio Temporï¿½rio;Retorno Regulamentado;Em Obras";Nï¿½o;0;0
2025-12-09;terï¿½a-feira;17:10:00;PR;116;RIO NEGRO;Ausï¿½ncia de reaï¿½ï¿½o do condutor;Colisï¿½o frontal;Com Vï¿½timas Feridas;Pleno dia;Cï¿½u Claro;Simples;Reta;Nï¿½o;0;0
2025-12-09;terï¿½a-feira;15:01:00;MT;163;SORRISO;Condutor deixou de manter distï¿½ncia do veï¿½culo da frente;Colisï¿½o traseira;Com Vï¿½timas Feridas;Pleno dia;Nublado;Simples;Reta;Nï¿½o;0;0
2025-12-09;terï¿½a-feira;12:10:00;PI;316;MONSENHOR GIL;Reaï¿½ï¿½o tardia ou ineficiente do condutor;Colisï¿½o transversal;Com Vï¿½timas Feridas;Pleno dia;Cï¿½u Claro;Simples;Curva;Nï¿½o;0;0
2025-12-09;terï¿½a-feira;17:40:00;BA;116;JEQUIE;Carga excessiva e/ou mal acondicionada;Tombamento;Sem Vï¿½timas;Anoitecer;Cï¿½u Claro;Simples;Curva;Nï¿½o;0;0
2025-12-08;segunda-feira;13:40:00;MA;222;VARGEM GRANDE;Acostamento em desnï¿½vel;Tombamento;Sem Vï¿½timas;Pleno dia;Cï¿½u Claro;Simples;Reta;Nï¿½o;0;0
2025-12-09;terï¿½a-feira;11:57:00;RJ;493;SEROPEDICA;Ausï¿½ncia de reaï¿½ï¿½o do condutor;Colisï¿½o traseira;Com Vï¿½timas Fatais;Pleno dia;Cï¿½u Claro;Dupla;Reta;Nï¿½o;1;1
2025-12-09;terï¿½a-feira;17:35:00;MT;163;LUCAS DO RIO VERDE;Chuva;Tombamento;Com Vï¿½timas Fatais;Anoitecer;Chuva;Simples;"Aclive;Reta";Nï¿½o;1;1
2025-12-09;terï¿½a-feira;14:00:00;PR;476;PAULA FREITAS;Velocidade Incompatï¿½vel;Engavetamento;Com Vï¿½timas Feridas;Pleno dia;Chuva;Simples;Reta;Nï¿½o;0;0
2025-12-09;terï¿½a-feira;18:48:00;SC;101;PALHOCA;Reaï¿½ï¿½o tardia ou ineficiente do condutor;Colisï¿½o lateral mesmo sentido;Sem Vï¿½timas;Plena Noite;Chuva;Mï¿½ltipla;"Aclive;Reta";Nï¿½o;0;0
2025-12-09;terï¿½a-feira;18:40:00;SE;101;JAPARATUBA;Pedestre andava na pista;Atropelamento de Pedestre;Com Vï¿½timas Fatais;Plena Noite;Cï¿½u Claro;Dupla;Reta;Nï¿½o;1;1
2025-12-09;terï¿½a-feira;18:20:00;MG;381;ITATIAIUCU;Ausï¿½ncia de reaï¿½ï¿½o do condutor;Saï¿½da de leito carroï¿½ï¿½vel;Com Vï¿½timas Feridas;Anoitecer;Chuva;Dupla;Curva;Nï¿½o;0;0
2025-12-09;terï¿½a-feira;17:48:00;RJ;40;DUQUE DE CAXIAS;Reaï¿½ï¿½o tardia ou ineficiente do condutor;Engavetamento;Com Vï¿½timas Feridas;Anoitecer;Garoa/Chuvisco;Dupla;Reta;Sim;0;0
2025-12-09;terï¿½a-feira;17:45:00;RS;470;BENTO GONCALVES;Ausï¿½ncia de reaï¿½ï¿½o do condutor;Colisï¿½o lateral mesmo sentido;Sem Vï¿½timas;Pleno dia;Nublado;Simples;Reta;Nï¿½o;0;0
2025-12-09;terï¿½a-feira;18:43:00;SE;101;SAO CRISTOVAO;Demais falhas mecï¿½nicas ou elï¿½tricas;Incï¿½ndio;Sem Vï¿½timas;Plena Noite;Cï¿½u Claro;Dupla;Reta;Nï¿½o;0;0
2025-12-09;terï¿½a-feira;15:00:00;MT;163;NOVA MUTUM;Ultrapassagem Indevida;Saï¿½da de leito carroï¿½ï¿½vel;Com Vï¿½timas Feridas;Pleno dia;Nublado;Simples;Reta;Nï¿½o;0;0
2025-12-09;terï¿½a-feira;19:30:00;BA;242;SEABRA;Problema com o freio;Colisï¿½o traseira;Com Vï¿½timas Feridas;Plena Noite;Cï¿½u Claro;Simples;"Declive;Reta";Sim;0;0
2025-12-09;terï¿½a-feira;16:30:00;PR;376;CAMBIRA;Demais falhas mecï¿½nicas ou elï¿½tricas;Tombamento;Sem Vï¿½timas;Pleno dia;Cï¿½u Claro;Dupla;Curva;Nï¿½o;0;0
2025-12-09;terï¿½a-feira;20:50:00;MS;267;NOVA ANDRADINA;Ausï¿½ncia de reaï¿½ï¿½o do condutor;Colisï¿½o traseira;Com Vï¿½timas Fatais;Plena Noite;Nublado;Simples;"Reta;Aclive";Nï¿½o;1;1
2025-12-09;terï¿½a-feira;22:00:00;GO;153;ANAPOLIS;Ingestï¿½o de substï¿½ncias psicoativas pelo condutor;Tombamento;Com Vï¿½timas Feridas;Plena Noite;Chuva;Dupla;Reta;Nï¿½o;0;0
2025-12-09;terï¿½a-feira;19:34:00;MT;163;SINOP;Pedestre - Ingestï¿½o de ï¿½lcool/ substï¿½ncias psicoativas;Saï¿½da de leito carroï¿½ï¿½vel;Com Vï¿½timas Feridas;Plena Noite;Chuva;Simples;Reta;Sim;0;0
2025-12-09;terï¿½a-feira;18:23:00;MT;163;LUCAS DO RIO VERDE;Reaï¿½ï¿½o tardia ou ineficiente do condutor;Colisï¿½o traseira;Com Vï¿½timas Feridas;Pleno dia;Chuva;Simples;Reta;Nï¿½o;0;0
2025-12-09;terï¿½a-feira;23:20:00;CE;116;JAGUARIBE;Ausï¿½ncia de reaï¿½ï¿½o do condutor;Colisï¿½o frontal;Com Vï¿½timas Feridas;Plena Noite;Cï¿½u Claro;Simples;Reta;Nï¿½o;0;0
2025-12-09;terï¿½a-feira;23:50:00;SC;280;RIO NEGRINHO;Transitar na contramï¿½o;Colisï¿½o frontal;Com Vï¿½timas Feridas;Plena Noite;Cï¿½u Claro;Simples;Reta;Sim;0;0
2025-12-10;quarta-feira;01:30:00;MG;381;SANTANA DO PARAISO;Estacionar ou parar em local proibido;Colisï¿½o traseira;Com Vï¿½timas Feridas;Plena Noite;Chuva;Simples;Reta;Nï¿½o;0;0
2025-12-10;quarta-feira;01:30:00;SP;116;CAJATI;Reaï¿½ï¿½o tardia ou ineficiente do condutor;Colisï¿½o traseira;Com Vï¿½timas Feridas;Plena Noite;Nublado;Dupla;Reta;Nï¿½o;0;0
2025-12-10;quarta-feira;02:00:00;MG;262;CAMPOS ALTOS;Demais falhas mecï¿½nicas ou elï¿½tricas;Incï¿½ndio;Sem Vï¿½timas;Plena Noite;Chuva;Simples;Aclive;Nï¿½o;0;0
2025-12-10;quarta-feira;02:10:00;MG;40;SETE LAGOAS;Ausï¿½ncia de reaï¿½ï¿½o do condutor;Saï¿½da de leito carroï¿½ï¿½vel;Com Vï¿½timas Feridas;Plena Noite;Chuva;Dupla;"Curva;Aclive";Sim;0;0
2025-12-10;quarta-feira;02:00:00;RJ;116;RESENDE;Demais falhas mecï¿½nicas ou elï¿½tricas;Colisï¿½o com objeto;Com Vï¿½timas Feridas;Plena Noite;Chuva;Dupla;Reta;Sim;0;0
2025-12-10;quarta-feira;00:05:00;BA;324;RIACHAO DO JACUIPE;Deficiï¿½ncia do Sistema de Iluminaï¿½ï¿½o/Sinalizaï¿½ï¿½o;Colisï¿½o traseira;Sem Vï¿½timas;Plena Noite;Cï¿½u Claro;Simples;Reta;Nï¿½o;0;0
2025-12-09;terï¿½a-feira;22:20:00;SC;116;MONTE CASTELO;Transitar na contramï¿½o;Colisï¿½o frontal;Com Vï¿½timas Feridas;Plena Noite;Nublado;Simples;Reta;Nï¿½o;0;0
2025-12-10;quarta-feira;03:00:00;PR;277;PARANAGUA;Ausï¿½ncia de reaï¿½ï¿½o do condutor;Saï¿½da de leito carroï¿½ï¿½vel;Com Vï¿½timas Feridas;Plena Noite;Cï¿½u Claro;Dupla;Reta;Nï¿½o;0;0
2025-12-10;quarta-feira;04:40:00;MG;40;BARBACENA;Ausï¿½ncia de reaï¿½ï¿½o do condutor;Saï¿½da de leito carroï¿½ï¿½vel;Com Vï¿½timas Feridas;Amanhecer;Chuva;Simples;Reta;Nï¿½o;0;0
2025-12-10;quarta-feira;05:30:00;MG;262;JUATUBA;Velocidade Incompatï¿½vel;Colisï¿½o traseira;Com Vï¿½timas Feridas;Amanhecer;Garoa/Chuvisco;Dupla;Reta;Nï¿½o;0;0
2025-12-10;quarta-feira;05:50:00;PB;101;CAAPORA;Demais falhas mecï¿½nicas ou elï¿½tricas;Incï¿½ndio;Com Vï¿½timas Feridas;Pleno dia;Cï¿½u Claro;Dupla;"Declive;Curva";Nï¿½o;0;0