data_inversa;dia_semana;horario;uf;br;municipio;causa_acidente;tipo_acidente;classificacao_acidente;fase_dia;condicao_metereologica;tipo_pista;tracado_via;uso_solo;mortos;acidente_fatal
2025-12-13;sï¿½bado;17:13:00;TO;10;PALMAS;Manobra de mudanï¿½a de faixa;Colisï¿½o lateral mesmo sentido;Com Vï¿½timas Feridas;Pleno dia;Cï¿½u Claro;Mï¿½ltipla;Reta;Nï¿½o;0;0
2025-12-13;sï¿½bado;17:10:00;SP;381;ATIBAIA;Ausï¿½ncia de reaï¿½ï¿½o do condutor;Colisï¿½o lateral mesmo sentido;Com Vï¿½timas Feridas;Pleno dia;Chuva;Mï¿½ltipla;Declive;Nï¿½o;0;0
2025-12-13;sï¿½bado;09:43:00;MG;251;PADRE CARVALHO;Ausï¿½ncia de reaï¿½ï¿½o do condutor;Tombamento;Com Vï¿½timas Feridas;Pleno dia;Cï¿½u Claro;Simples;Curva;Nï¿½o;0;0
2025-12-13;sï¿½bado;16:00:00;GO;364;PARANAIGUARA;Ultrapassagem Indevida;Colisï¿½o frontal;Com Vï¿½timas Feridas;Pleno dia;Nublado;Simples;Reta;Nï¿½o;0;0
2025-12-13;sï¿½bado;15:50:00;GO;153;SAO LUIZ DO NORTE;Reaï¿½ï¿½o tardia ou ineficiente do condutor;Saï¿½da de leito carroï¿½ï¿½vel;Com Vï¿½timas Feridas;Pleno dia;Cï¿½u Claro;Simples;Reta;Nï¿½o;0;0
2025-12-13;sï¿½bado;14:30:00;MA;316;CODO;Reaï¿½ï¿½o tardia ou ineficiente do condutor;Colisï¿½o lateral sentido oposto;Com Vï¿½timas Feridas;Pleno dia;Cï¿½u Claro;Simples;Reta;Nï¿½o;0;0
2025-12-13;sï¿½bado;16:40:00;MT;158;AGUA BOA;Ausï¿½ncia de reaï¿½ï¿½o do condutor;Saï¿½da de leito carroï¿½ï¿½vel;Com Vï¿½timas Feridas;Pleno dia;Cï¿½u Claro;Simples;Curva;Nï¿½o;0;0
2025-12-13;sï¿½bado;17:30:00;CE;222;SOBRAL;Demais falhas mecï¿½nicas ou elï¿½tricas;Eventos atï¿½picos;Com Vï¿½timas Feridas;Plena Noite;Cï¿½u Claro;Simples;Reta;Sim;0;0
2025-12-13;sï¿½bado;19:35:00;BA;116;JAGUAQUARA;Manobra de mudanï¿½a de faixa;Colisï¿½o lateral sentido oposto;Com Vï¿½timas Feridas;Plena Noite;Nublado;Simples;Reta;Nï¿½o;0;0
2025-12-13;sï¿½bado;09:30:00;MS;487;ITAQUIRAI;Reaï¿½ï¿½o tardia ou ineficiente do condutor;Colisï¿½o lateral mesmo sentido;Com Vï¿½timas Fatais;Pleno dia;Nublado;Simples;Reta;Nï¿½o;2;1
2025-12-13;sï¿½bado;16:00:00;MG;381;CAREACU;Velocidade Incompatï¿½vel;Tombamento;Com Vï¿½timas Feridas;Pleno dia;Chuva;Dupla;Aclive;Nï¿½o;0;0
2025-12-13;sï¿½bado;19:40:00;MS;163;CAMPO GRANDE;Ausï¿½ncia de reaï¿½ï¿½o do condutor;Colisï¿½o traseira;Com Vï¿½timas Feridas;Plena Noite;Cï¿½u Claro;Simples;Reta;Nï¿½o;0;0
2025-12-13;sï¿½bado;20:20:00;AL;101;MESSIAS;Transitar na contramï¿½o;Colisï¿½o frontal;Com Vï¿½timas Feridas;Plena Noite;Cï¿½u Claro;Dupla;"Aclive;Curva";Nï¿½o;0;0
2025-12-13;sï¿½bado;22:50:00;MG;381;PERDOES;Velocidade Incompatï¿½vel;Tombamento;Com Vï¿½timas Feridas;Plena Noite;Chuva;Dupla;Curva;Nï¿½o;0;0
2025-12-13;sï¿½bado;21:50:00;MA;316;PERITORO;Manobra de mudanï¿½a de faixa;Colisï¿½o frontal;Com Vï¿½timas Fatais;Plena Noite;Cï¿½u Claro;Simples;Reta;Nï¿½o;1;1
2025-12-13;sï¿½bado;21:20:00;BA;20;SAO DESIDERIO;Carga excessiva e/ou mal acondicionada;Tombamento;Com Vï¿½timas Feridas;Plena Noite;Cï¿½u Claro;Simples;Reta;Nï¿½o;0;0
2025-12-13;sï¿½bado;21:30:00;RS;392;PELOTAS;Ausï¿½ncia de reaï¿½ï¿½o do condutor;Saï¿½da de leito carroï¿½ï¿½vel;Com Vï¿½timas Feridas;Plena Noite;Cï¿½u Claro;Simples;Reta;Nï¿½o;0;0
2025-12-13;sï¿½bado;23:00:00;MT;163;SINOP;Condutor Dormindo;Saï¿½da de leito carroï¿½ï¿½vel;Com Vï¿½timas Feridas;Plena Noite;Nublado;Simples;Reta;Nï¿½o;0;0
2025-12-13;sï¿½bado;23:55:00;BA;116;IRAJUBA;Acessar a via sem observar a presenï¿½a dos outros veï¿½culos;Colisï¿½o transversal;Com Vï¿½timas Feridas;Plena Noite;Cï¿½u Claro;Simples;Reta;Nï¿½o;0;0
2025-12-14;domingo;02:15:00;SC;101;JOINVILLE;Transitar na contramï¿½o;Colisï¿½o lateral sentido oposto;Sem Vï¿½timas;Plena Noite;Nublado;Dupla;Reta;Nï¿½o;0;0
2025-12-14;domingo;00:20:00;PR;153;VENTANIA;Ausï¿½ncia de reaï¿½ï¿½o do condutor;Tombamento;Com Vï¿½timas Feridas;Plena Noite;Nevoeiro/Neblina;Simples;Rotatï¿½ria;Nï¿½o;0;0
2025-12-14;domingo;03:10:00;MG;40;TRES MARIAS;Demais falhas mecï¿½nicas ou elï¿½tricas;Incï¿½ndio;Sem Vï¿½timas;Plena Noite;Nublado;Simples;Reta;Sim;0;0
2025-12-14;domingo;05:06:00;RJ;493;SEROPEDICA;Ausï¿½ncia de reaï¿½ï¿½o do condutor;Saï¿½da de leito carroï¿½ï¿½vel;Com Vï¿½timas Feridas;Amanhecer;Cï¿½u Claro;Dupla;Reta;Nï¿½o;0;0
2025-12-13;sï¿½bado;18:45:00;TO;10;PALMAS;Ausï¿½ncia de reaï¿½ï¿½o do condutor;Colisï¿½o lateral mesmo sentido;Sem Vï¿½timas;Anoitecer;Cï¿½u Claro;Mï¿½ltipla;Reta;Sim;0;0
2025-12-14;domingo;04:15:00;CE;222;TIANGUA;Transitar na contramï¿½o;Colisï¿½o frontal;Com Vï¿½timas Feridas;Plena Noite;Cï¿½u Claro;Simples;"Reta;Declive";Nï¿½o;0;0
2025-12-14;domingo;04:45:00;MG;365;SANTA VITORIA;Condutor Dormindo;Saï¿½da de leito carroï¿½ï¿½vel;Com Vï¿½timas Feridas;Plena Noite;Nublado;Simples;Reta;Nï¿½o;0;0
2025-12-14;domingo;07:15:00;RO;364;PIMENTA BUENO;Ausï¿½ncia de reaï¿½ï¿½o do condutor;Colisï¿½o lateral sentido oposto;Com Vï¿½timas Feridas;Pleno dia;Cï¿½u Claro;Simples;Reta;Nï¿½o;0;0
2025-12-14;domingo;07:00:00;MT;70;BARRA DO GARCAS;Transitar na contramï¿½o;Colisï¿½o frontal;Com Vï¿½timas Feridas;Pleno dia;Cï¿½u Claro;Simples;"Reta;Declive";Nï¿½o;0;0
2025-11-28;sexta-feira;11:50:00;PR;469;FOZ DO IGUACU;Acessar a via sem observar a presenï¿½a dos outros veï¿½culos;Colisï¿½o lateral mesmo sentido;Com Vï¿½timas Feridas;Pleno dia;Cï¿½u Claro;Dupla;"Interseï¿½ï¿½o de Vias;Em Obras";Nï¿½o;0;0
2025-12-14;domingo;09:40:00;BA;116;TUCANO;Transitar na contramï¿½o;Colisï¿½o frontal;Com Vï¿½timas Feridas;Pleno dia;Cï¿½u Claro;Simples;Reta;Nï¿½o;0;0
2025-12-14;domingo;08:54:00;PA;10;SAO MIGUEL DO GUAMA;Manobra de mudanï¿½a de faixa;Colisï¿½o transversal;Com Vï¿½timas Feridas;Pleno dia;Cï¿½u Claro;Simples;Aclive;Nï¿½o;0;0
2025-12-14;domingo;08:00:00;GO;20;FORMOSA;Ultrapassagem Indevida;Colisï¿½o frontal;Com Vï¿½timas Fatais;Pleno dia;Cï¿½u Claro;Simples;Reta;Nï¿½o;1;1
2025-12-14;domingo;09:00:00;MG;50;ARAGUARI;Demais falhas mecï¿½nicas ou elï¿½tricas;Saï¿½da de leito carroï¿½ï¿½vel;Com Vï¿½timas Feridas;Pleno dia;Cï¿½u Claro;Dupla;"Reta;Aclive";Nï¿½o;0;0
2025-12-14;domingo;11:40:00;MG;116;SAO FRANCISCO DO GLORIA;Ausï¿½ncia de reaï¿½ï¿½o do condutor;Colisï¿½o frontal;Com Vï¿½timas Fatais;Pleno dia;Chuva;Simples;"Aclive;Curva";Nï¿½o;3;1
2025-12-14;domingo;11:20:00;MG;262;NOVA SERRANA;Acessar a via sem observar a presenï¿½a dos outros veï¿½culos;Colisï¿½o lateral mesmo sentido;Com Vï¿½timas Feridas;Pleno dia;Sol;Simples;Interseï¿½ï¿½o de Vias;Sim;0;0
2025-12-14;domingo;10:00:00;MG;116;TARUMIRIM;Demais falhas mecï¿½nicas ou elï¿½tricas;Tombamento;Com Vï¿½timas Feridas;Pleno dia;Cï¿½u Claro;Mï¿½ltipla;"Reta;Aclive";Nï¿½o;0;0
2025-12-14;domingo;14:05:00;GO;40;CRISTALINA;Ultrapassagem Indevida;Colisï¿½o frontal;Com Vï¿½timas Feridas;Pleno dia;Nublado;Simples;Curva;Nï¿½o;0;0
2025-12-14;domingo;11:40:00;DF;20;BRASILIA;Ausï¿½ncia de reaï¿½ï¿½o do condutor;Tombamento;Com Vï¿½timas Feridas;Pleno dia;Cï¿½u Claro;Dupla;Reta;Sim;0;0
2025-12-14;domingo;14:30:00;MG;40;SANTOS DUMONT;Velocidade Incompatï¿½vel;Saï¿½da de leito carroï¿½ï¿½vel;Sem Vï¿½timas;Pleno dia;Nublado;Simples;"Reta;Declive";Nï¿½o;0;0
2025-12-14;domingo;15:45:00;MG;365;PATOS DE MINAS;Reaï¿½ï¿½o tardia ou ineficiente do condutor;Saï¿½da de leito carroï¿½ï¿½vel;Com Vï¿½timas Feridas;Pleno dia;Chuva;Simples;Reta;Nï¿½o;0;0
2025-12-14;domingo;15:20:00;BA;242;LUIS EDUARDO MAGALHAES;Ultrapassagem Indevida;Colisï¿½o lateral mesmo sentido;Com Vï¿½timas Feridas;Pleno dia;Cï¿½u Claro;Simples;Reta;Nï¿½o;0;0
2025-12-14;domingo;17:00:00;BA;116;VITORIA DA CONQUISTA;Ausï¿½ncia de reaï¿½ï¿½o do condutor;Colisï¿½o lateral mesmo sentido;Com Vï¿½timas Fatais;Pleno dia;Sol;Simples;Reta;Nï¿½o;1;1
2025-12-14;domingo;13:30:00;MG;356;EUGENOPOLIS;Transitar na contramï¿½o;Colisï¿½o frontal;Com Vï¿½timas Fatais;Pleno dia;Nublado;Simples;Curva;Nï¿½o;1;1
2025-09-01;segunda-feira;10:50:00;SC;282;PONTE SERRADA;Velocidade Incompatï¿½vel;Capotamento;Com Vï¿½timas Fatais;Pleno dia;Cï¿½u Claro;Simples;Curva;Nï¿½o;1;1
2025-12-14;domingo;13:00:00;BA;101;WENCESLAU GUIMARAES;Acessar a via sem observar a presenï¿½a dos outros veï¿½culos;Colisï¿½o lateral mesmo sentido;Com Vï¿½timas Feridas;Pleno dia;Cï¿½u Claro;Simples;Reta;Nï¿½o;0;0
2025-12-14;domingo;16:50:00;MG;262;UBERABA;Acessar a via sem observar a presenï¿½a dos outros veï¿½culos;Colisï¿½o lateral mesmo sentido;Com Vï¿½timas Feridas;Pleno dia;Nublado;Dupla;"Declive;Viaduto";Sim;0;0
2025-11-18;terï¿½a-feira;13:50:00;PR;476;LAPA;Chuva;Colisï¿½o frontal;Com Vï¿½timas Fatais;Pleno dia;Chuva;Simples;Curva;Nï¿½o;1;1
2025-12-14;domingo;19:40:00;BA;110;ANTAS;Transitar na contramï¿½o;Colisï¿½o lateral sentido oposto;Com Vï¿½timas Fatais;Plena Noite;Cï¿½u Claro;Simples;Reta;Nï¿½o;1;1
2025-12-14;domingo;20:55:00;DF;20;BRASILIA;Suicï¿½dio (presumido);Atropelamento de Pedestre;Com Vï¿½timas Feridas;Plena Noite;Chuva;Dupla;Reta;Sim;0;0
2025-12-14;domingo;14:50:00;GO;20;FLORES DE GOIAS;Ultrapassagem Indevida;Colisï¿½o lateral sentido oposto;Sem Vï¿½timas;Pleno dia;Chuva;Simples;Reta;Nï¿½o;0;0
2025-12-14;domingo;20:00:00;SE;101;ESTANCIA;Ausï¿½ncia de reaï¿½ï¿½o do condutor;Colisï¿½o traseira;Sem Vï¿½timas;Plena Noite;Cï¿½u Claro;Dupla;Reta;Nï¿½o;0;0
2025-12-14;domingo;20:00:00;MG;116;TEOFILO OTONI;Ingestï¿½o de ï¿½lcool pelo condutor;Colisï¿½o com objeto;Sem Vï¿½timas;Pleno dia;Nublado;Simples;Reta;Nï¿½o;0;0
2025-12-14;domingo;20:40:00;SP;116;CACAPAVA;Condutor deixou de manter distï¿½ncia do veï¿½culo da frente;Colisï¿½o traseira;Sem Vï¿½timas;Plena Noite;Nublado;Dupla;Reta;Nï¿½o;0;0
2025-12-14;domingo;16:00:00;MG;116;ITAOBIM;Pedestre - Ingestï¿½o de ï¿½lcool/ substï¿½ncias psicoativas;Atropelamento de Pedestre;Com Vï¿½timas Feridas;Pleno dia;Cï¿½u Claro;Simples;"Reta;Rotatï¿½ria";Sim;0;0
2025-12-14;domingo;21:00:00;BA;235;JEREMOABO;Ausï¿½ncia de reaï¿½ï¿½o do condutor;Tombamento;Com Vï¿½timas Feridas;Plena Noite;Cï¿½u Claro;Simples;Curva;Nï¿½o;0;0
2025-12-15;segunda-feira;01:30:00;ES;259;COLATINA;Condutor deixou de manter distï¿½ncia do veï¿½culo da frente;Colisï¿½o traseira;Com Vï¿½timas Feridas;Anoitecer;Cï¿½u Claro;Simples;Reta;Nï¿½o;0;0
2025-12-15;segunda-feira;00:25:00;PB;104;QUEIMADAS;Transitar na contramï¿½o;Colisï¿½o frontal;Com Vï¿½timas Fatais;Plena Noite;Cï¿½u Claro;Simples;Reta;Sim;1;1
2025-12-15;segunda-feira;00:20:00;MA;226;SITIO NOVO;Estacionar ou parar em local proibido;Colisï¿½o frontal;Com Vï¿½timas Fatais;Plena Noite;Chuva;Simples;Reta;Nï¿½o;2;1
2025-12-14;domingo;15:40:00;MG;251;MONTES CLAROS;Reaï¿½ï¿½o tardia ou ineficiente do condutor;Colisï¿½o com objeto;Com Vï¿½timas Feridas;Pleno dia;Chuva;Simples;"Curva;Declive";Nï¿½o;0;0
2025-12-14;domingo;22:15:00;MG;251;FRANCISCO SA;Ausï¿½ncia de reaï¿½ï¿½o do condutor;Colisï¿½o traseira;Com Vï¿½timas Fatais;Plena Noite;Chuva;Simples;Reta;Nï¿½o;1;1
2025-12-15;segunda-feira;04:34:00;SP;116;GUARULHOS;Reaï¿½ï¿½o tardia ou ineficiente do condutor;Colisï¿½o traseira;Com Vï¿½timas Feridas;Amanhecer;Cï¿½u Claro;Mï¿½ltipla;Reta;Sim;0;0
2025-12-15;segunda-feira;03:30:00;RS;293;PINHEIRO MACHADO;Demais falhas mecï¿½nicas ou elï¿½tricas;Atropelamento de Pedestre;Com Vï¿½timas Fatais;Plena Noite;Cï¿½u Claro;Simples;Reta;Nï¿½o;1;1
2025-12-15;segunda-feira;05:00:00;ES;101;VILA VELHA;Velocidade Incompatï¿½vel;Tombamento;Com Vï¿½timas Fatais;Amanhecer;Cï¿½u Claro;Mï¿½ltipla;"Curva;Declive";Nï¿½o;1;1
2025-12-15;segunda-feira;04:10:00;MG;262;SAO DOMINGOS DO PRATA;Reaï¿½ï¿½o tardia ou ineficiente do condutor;Tombamento;Com Vï¿½timas Feridas;Plena Noite;Garoa/Chuvisco;Simples;"Curva;Declive";Nï¿½o;0;0
2025-12-15;segunda-feira;06:17:00;MS;262;CAMPO GRANDE;Reaï¿½ï¿½o tardia ou ineficiente do condutor;Colisï¿½o frontal;Com Vï¿½timas Feridas;Pleno dia;Cï¿½u Claro;Dupla;Reta;Sim;0;0
2025-12-15;segunda-feira;07:20:00;PA;316;CAPANEMA;Acumulo de areia ou detritos sobre o pavimento;Tombamento;Com Vï¿½timas Fatais;Pleno dia;Cï¿½u Claro;Simples;Reta;Nï¿½o;1;1
2025-12-15;segunda-feira;06:45:00;SC;101;GARUVA;Reaï¿½ï¿½o tardia ou ineficiente do condutor;Colisï¿½o traseira;Com Vï¿½timas Feridas;Pleno dia;Cï¿½u Claro;Dupla;"Reta;Aclive";Nï¿½o;0;0
2025-12-15;segunda-feira;04:10:00;MT;163;SINOP;Reaï¿½ï¿½o tardia ou ineficiente do condutor;Colisï¿½o traseira;Com Vï¿½timas Fatais;Plena Noite;Cï¿½u Claro;Mï¿½ltipla;Reta;Nï¿½o;1;1
2025-12-15;segunda-feira;07:00:00;ES;101;RIO NOVO DO SUL;Condutor Dormindo;Tombamento;Com Vï¿½timas Feridas;Pleno dia;Sol;Simples;Curva;Nï¿½o;0;0
2025-12-15;segunda-feira;08:50:00;DF;70;BRASILIA;Carga excessiva e/ou mal acondicionada;Tombamento;Sem Vï¿½timas;Pleno dia;Nublado;Dupla;Rotatï¿½ria;Nï¿½o;0;0
2025-12-15;segunda-feira;07:30:00;SE;101;UMBAUBA;Ausï¿½ncia de reaï¿½ï¿½o do condutor;Saï¿½da de leito carroï¿½ï¿½vel;Sem Vï¿½timas;Pleno dia;Cï¿½u Claro;Simples;"Reta;Declive";Sim;0;0
2025-12-15;segunda-feira;06:40:00;BA;110;RIBEIRA DO POMBAL;Ultrapassagem Indevida;Capotamento;Com Vï¿½timas Fatais;Pleno dia;Cï¿½u Claro;Simples;Declive;Nï¿½o;1;1
2025-12-15;segunda-feira;07:00:00;RJ;40;DUQUE DE CAXIAS;Demais falhas mecï¿½nicas ou elï¿½tricas;Incï¿½ndio;Sem Vï¿½timas;Pleno dia;Cï¿½u Claro;Dupla;Reta;Nï¿½o;0;0
2025-12-15;segunda-feira;06:50:00;SC;282;DESCANSO;Faixas de trï¿½nsito com largura insuficiente;Colisï¿½o lateral sentido oposto;Com Vï¿½timas Feridas;Pleno dia;Sol;Simples;Curva;Nï¿½o;0;0
2025-12-15;segunda-feira;09:30:00;SC;101;ITAJAI;Ausï¿½ncia de reaï¿½ï¿½o do condutor;Colisï¿½o traseira;Com Vï¿½timas Feridas;Pleno dia;Nublado;Mï¿½ltipla;Reta;Sim;0;0
2025-11-18;terï¿½a-feira;03:30:00;PE;232;SAO CAITANO;Demais falhas mecï¿½nicas ou elï¿½tricas;Tombamento;Sem Vï¿½timas;Amanhecer;Cï¿½u Claro;Dupla;"Reta;Declive";Nï¿½o;0;0
2025-12-15;segunda-feira;08:30:00;BA;242;BARREIRAS;Desrespeitar a preferï¿½ncia no cruzamento;Colisï¿½o transversal;Com Vï¿½timas Feridas;Pleno dia;Cï¿½u Claro;Simples;"Reta;Interseï¿½ï¿½o de Vias";Nï¿½o;0;0
2025-12-07;domingo;06:25:00;SC;282;CHAPECO;Transitar na contramï¿½o;Colisï¿½o lateral sentido oposto;Com Vï¿½timas Feridas;Pleno dia;Cï¿½u Claro;Simples;Reta;Nï¿½o;0;0
2025-12-15;segunda-feira;11:40:00;PR;376;PONTA GROSSA;Ingestï¿½o de ï¿½lcool pelo condutor;Colisï¿½o transversal;Sem Vï¿½timas;Pleno dia;Cï¿½u Claro;Dupla;Retorno Regulamentado;Nï¿½o;0;0
2025-12-15;segunda-feira;12:50:00;MT;158;NOVA XAVANTINA;Ausï¿½ncia de reaï¿½ï¿½o do condutor;Colisï¿½o lateral mesmo sentido;Com Vï¿½timas Fatais;Pleno dia;Cï¿½u Claro;Simples;Curva;Nï¿½o;1;1
2025-12-15;segunda-feira;12:00:00;SC;153;IRANI;Ultrapassagem Indevida;Colisï¿½o frontal;Com Vï¿½timas Fatais;Pleno dia;Cï¿½u Claro;Simples;"Declive;Reta";Nï¿½o;1;1
2025-12-15;segunda-feira;13:05:00;MG;381;SAO SEBASTIAO DA BELA VISTA;Velocidade Incompatï¿½vel;Capotamento;Com Vï¿½timas Feridas;Pleno dia;Chuva;Dupla;"Declive;Curva";Nï¿½o;0;0
2025-12-15;segunda-feira;10:25:00;PR;277;FERNANDES PINHEIRO;Transitar na contramï¿½o;Colisï¿½o traseira;Com Vï¿½timas Feridas;Pleno dia;Cï¿½u Claro;Simples;"Declive;Reta";Nï¿½o;0;0
2025-12-15;segunda-feira;14:03:00;PB;101;CONDE;Condutor deixou de manter distï¿½ncia do veï¿½culo da frente;Colisï¿½o traseira;Com Vï¿½timas Feridas;Pleno dia;Cï¿½u Claro;Dupla;Reta;Nï¿½o;0;0
2025-11-08;sï¿½bado;04:00:00;SC;116;SAO CRISTOVAO DO SUL;Reaï¿½ï¿½o tardia ou ineficiente do condutor;Colisï¿½o frontal;Com Vï¿½timas Feridas;Plena Noite;Garoa/Chuvisco;Simples;"Aclive;Curva";Sim;0;0
2025-12-15;segunda-feira;14:30:00;SC;101;ITAJAI;Condutor deixou de manter distï¿½ncia do veï¿½culo da frente;Colisï¿½o lateral mesmo sentido;Com Vï¿½timas Feridas;Pleno dia;Cï¿½u Claro;Mï¿½ltipla;Reta;Nï¿½o;0;0
2025-12-15;segunda-feira;13:58:00;MT;163;ITAUBA;Reaï¿½ï¿½o tardia ou ineficiente do condutor;Colisï¿½o traseira;Com Vï¿½timas Feridas;Pleno dia;Cï¿½u Claro;Simples;Reta;Nï¿½o;0;0
2025-12-15;segunda-feira;15:30:00;MG;381;CONTAGEM;Ausï¿½ncia de reaï¿½ï¿½o do condutor;Engavetamento;Com Vï¿½timas Feridas;Pleno dia;Chuva;Dupla;"Reta;Interseï¿½ï¿½o de Vias";Sim;0;0
2025-12-15;segunda-feira;15:15:00;MG;381;ITAGUARA;Condutor deixou de manter distï¿½ncia do veï¿½culo da frente;Colisï¿½o traseira;Com Vï¿½timas Fatais;Pleno dia;Nublado;Dupla;"Aclive;Reta";Nï¿½o;2;1
2025-12-10;quarta-feira;17:30:00;PR;476;CURITIBA;Entrada inopinada do pedestre;Atropelamento de Pedestre;Com Vï¿½timas Feridas;Pleno dia;Cï¿½u Claro;Dupla;Reta;Sim;0;0
2025-12-15;segunda-feira;15:45:00;PR;277;MORRETES;Objeto estï¿½tico sobre o leito carroï¿½ï¿½vel;Tombamento;Com Vï¿½timas Feridas;Pleno dia;Sol;Dupla;Aclive;Nï¿½o;0;0
2025-12-15;segunda-feira;15:40:00;SC;101;SAO JOSE;Mal sï¿½bito do condutor;Colisï¿½o traseira;Com Vï¿½timas Feridas;Pleno dia;Cï¿½u Claro;Dupla;Reta;Nï¿½o;0;0
2025-10-26;domingo;04:30:00;MT;364;RONDONOPOLIS;Demais falhas mecï¿½nicas ou elï¿½tricas;Incï¿½ndio;Sem Vï¿½timas;Amanhecer;Cï¿½u Claro;Dupla;"Reta;Declive";Sim;0;0
2025-12-15;segunda-feira;15:40:00;PR;369;CORBELIA;Velocidade Incompatï¿½vel;Saï¿½da de leito carroï¿½ï¿½vel;Com Vï¿½timas Feridas;Pleno dia;Sol;Simples;"Declive;Curva";Nï¿½o;0;0
2025-12-15;segunda-feira;13:40:00;MG;262;SAO DOMINGOS DO PRATA;Velocidade Incompatï¿½vel;Tombamento;Com Vï¿½timas Feridas;Pleno dia;Garoa/Chuvisco;Simples;"Aclive;Reta";Nï¿½o;0;0
2025-12-15;segunda-feira;17:08:00;MG;40;ESMERALDAS;Ausï¿½ncia de reaï¿½ï¿½o do condutor;Colisï¿½o traseira;Com Vï¿½timas Feridas;Pleno dia;Nublado;Dupla;"Aclive;Reta";Sim;0;0
2025-12-15;segunda-feira;15:40:00;MG;381;GOVERNADOR VALADARES;Transitar na contramï¿½o;Colisï¿½o lateral sentido oposto;Com Vï¿½timas Feridas;Pleno dia;Cï¿½u Claro;Simples;Reta;Nï¿½o;0;0
2025-12-15;segunda-feira;16:10:00;PR;476;CURITIBA;Demais falhas mecï¿½nicas ou elï¿½tricas;Eventos atï¿½picos;Com Vï¿½timas Feridas;Pleno dia;Cï¿½u Claro;Dupla;Reta;Nï¿½o;0;0
2025-12-15;segunda-feira;18:20:00;TO;226;AGUIARNOPOLIS;Demais falhas mecï¿½nicas ou elï¿½tricas;Saï¿½da de leito carroï¿½ï¿½vel;Com Vï¿½timas Feridas;Anoitecer;Cï¿½u Claro;Simples;"Declive;Desvio Temporï¿½rio";Nï¿½o;0;0
2025-12-15;segunda-feira;18:50:00;RS;386;MARQUES DE SOUZA;Velocidade Incompatï¿½vel;Tombamento;Com Vï¿½timas Feridas;Pleno dia;Sol;Dupla;"Curva;Declive";Nï¿½o;0;0
2025-12-14;domingo;19:10:00;RJ;116;ITATIAIA;Ausï¿½ncia de reaï¿½ï¿½o do condutor;Colisï¿½o lateral mesmo sentido;Com Vï¿½timas Feridas;Plena Noite;Cï¿½u Claro;Dupla;Reta;Sim;0;0
2025-12-15;segunda-feira;18:32:00;MG;381;CAMBUI;Ausï¿½ncia de reaï¿½ï¿½o do condutor;Saï¿½da de leito carroï¿½ï¿½vel;Com Vï¿½timas Feridas;Anoitecer;Nublado;Dupla;Reta;Nï¿½o;0;0
2025-12-15;segunda-feira;17:20:00;TO;10;SANTA ROSA DO TOCANTINS;Ausï¿½ncia de reaï¿½ï¿½o do condutor;Colisï¿½o lateral sentido oposto;Com Vï¿½timas Feridas;Anoitecer;Garoa/Chuvisco;Simples;Reta;Nï¿½o;0;0
2025-12-15;segunda-feira;19:30:00;SC;282;SAUDADES;Manobra de mudanï¿½a de faixa;Colisï¿½o lateral mesmo sentido;Sem Vï¿½timas;Plena Noite;Garoa/Chuvisco;Simples;Reta;Nï¿½o;0;0
2025-12-15;segunda-feira;19:00:00;BA;324;SAO SEBASTIAO DO PASSE;Manobra de mudanï¿½a de faixa;Colisï¿½o lateral mesmo sentido;Com Vï¿½timas Feridas;Pleno dia;Cï¿½u Claro;Dupla;Reta;Nï¿½o;0;0
2025-12-15;segunda-feira;15:00:00;MG;262;UBERABA;Estacionar ou parar em local proibido;Colisï¿½o traseira;Com Vï¿½timas Feridas;Pleno dia;Nublado;Dupla;Reta;Nï¿½o;0;0
2025-12-15;segunda-feira;20:10:00;SP;116;JUQUITIBA;Frear bruscamente;Saï¿½da de leito carroï¿½ï¿½vel;Com Vï¿½timas Feridas;Plena Noite;Nublado;Dupla;Curva;Sim;0;0
2025-12-15;segunda-feira;20:15:00;PR;376;TIBAGI;Velocidade Incompatï¿½vel;Tombamento;Com Vï¿½timas Fatais;Plena Noite;Cï¿½u Claro;Dupla;"Curva;Aclive";Nï¿½o;1;1
2025-12-15;segunda-feira;15:55:00;PR;476;SAO MATEUS DO SUL;Acessar a via sem observar a presenï¿½a dos outros veï¿½culos;Colisï¿½o transversal;Com Vï¿½timas Feridas;Pleno dia;Cï¿½u Claro;Simples;Reta;Sim;0;0
2025-12-15;segunda-feira;11:25:00;ES;101;LINHARES;Pedestre andava na pista;Atropelamento de Pedestre;Com Vï¿½timas Feridas;Pleno dia;Cï¿½u Claro;Simples;"Interseï¿½ï¿½o de Vias;Reta";Sim;0;0
2025-12-15;segunda-feira;20:50:00;SP;116;EMBU DAS ARTES;Manobra de mudanï¿½a de faixa;Colisï¿½o lateral mesmo sentido;Com Vï¿½timas Fatais;Plena Noite;Cï¿½u Claro;Dupla;"Interseï¿½ï¿½o de Vias;Declive;Reta";Sim;1;1
2025-12-15;segunda-feira;17:20:00;MT;163;SORRISO;Carga excessiva e/ou mal acondicionada;Tombamento;Com Vï¿½timas Feridas;Anoitecer;Chuva;Simples;Reta;Nï¿½o;0;0
2025-12-15;segunda-feira;22:20:00;MG;381;BETIM;Suicï¿½dio (presumido);Atropelamento de Pedestre;Com Vï¿½timas Fatais;Plena Noite;Cï¿½u Claro;Mï¿½ltipla;"Reta;Aclive";Sim;1;1
2025-12-15;segunda-feira;14:40:00;PA;163;SANTAREM;Problema na suspensï¿½o;Saï¿½da de leito carroï¿½ï¿½vel;Sem Vï¿½timas;Pleno dia;Cï¿½u Claro;Simples;"Aclive;Reta";Nï¿½o;0;0