data_inversa;dia_semana;horario;uf;br;municipio;causa_acidente;tipo_acidente;classificacao_acidente;fase_dia;condicao_metereologica;tipo_pista;tracado_via;uso_solo;mortos;acidente_fatal
2025-02-01;sï¿½bado;12:00:00;MG;365;UBERLANDIA;Reaï¿½ï¿½o tardia ou ineficiente do condutor;Colisï¿½o traseira;Sem Vï¿½timas;Pleno dia;Nublado;Mï¿½ltipla;"Reta;Em Obras";Nï¿½o;0;0
2025-02-01;sï¿½bado;16:40:00;GO;60;RIO VERDE;Condutor Dormindo;Colisï¿½o traseira;Sem Vï¿½timas;Pleno dia;Nublado;Dupla;Reta;Nï¿½o;0;0
2025-02-02;domingo;01:10:00;PR;376;CURITIBA;Reaï¿½ï¿½o tardia ou ineficiente do condutor;Colisï¿½o traseira;Com Vï¿½timas Feridas;Plena Noite;Nublado;Dupla;Reta;Nï¿½o;0;0
2025-02-02;domingo;17:00:00;MG;365;SANTA VITORIA;Chuva;Colisï¿½o frontal;Com Vï¿½timas Fatais;Pleno dia;Chuva;Simples;Reta;Nï¿½o;2;1
2025-02-02;domingo;19:50:00;SP;116;APARECIDA;Acessar a via sem observar a presenï¿½a dos outros veï¿½culos;Colisï¿½o lateral mesmo sentido;Sem Vï¿½timas;Plena Noite;Nublado;Dupla;Rotatï¿½ria;Sim;0;0
2025-02-06;quinta-feira;19:45:00;PB;230;SANTA LUZIA;Transitar na contramï¿½o;Colisï¿½o frontal;Com Vï¿½timas Feridas;Plena Noite;Cï¿½u Claro;Simples;Reta;Sim;0;0
2025-02-08;sï¿½bado;03:30:00;RS;153;CACHOEIRA DO SUL;Condutor deixou de manter distï¿½ncia do veï¿½culo da frente;Colisï¿½o traseira;Sem Vï¿½timas;Plena Noite;Cï¿½u Claro;Simples;"Reta;Declive";Sim;0;0
2025-02-08;sï¿½bado;11:00:00;PB;230;SAO MAMEDE;Ausï¿½ncia de reaï¿½ï¿½o do condutor;Colisï¿½o traseira;Com Vï¿½timas Feridas;Pleno dia;Cï¿½u Claro;Simples;Reta;Nï¿½o;0;0
2025-02-10;segunda-feira;21:30:00;BA;324;FEIRA DE SANTANA;Ausï¿½ncia de reaï¿½ï¿½o do condutor;Colisï¿½o traseira;Com Vï¿½timas Feridas;Plena Noite;Cï¿½u Claro;Dupla;Reta;Sim;0;0
2025-02-11;terï¿½a-feira;19:50:00;RO;319;PORTO VELHO;Avarias e/ou desgaste excessivo no pneu;Saï¿½da de leito carroï¿½ï¿½vel;Com Vï¿½timas Feridas;Plena Noite;Chuva;Simples;Curva;Nï¿½o;0;0
2025-02-12;quarta-feira;06:25:00;SP;116;GUARAREMA;Condutor deixou de manter distï¿½ncia do veï¿½culo da frente;Colisï¿½o traseira;Com Vï¿½timas Feridas;Pleno dia;Sol;Dupla;Reta;Sim;0;0
2025-02-13;quinta-feira;19:37:00;TO;226;DARCINOPOLIS;Ausï¿½ncia de reaï¿½ï¿½o do condutor;Colisï¿½o traseira;Sem Vï¿½timas;Plena Noite;Cï¿½u Claro;Simples;Reta;Nï¿½o;0;0
2025-02-13;quinta-feira;17:00:00;RJ;493;NOVA IGUACU;Condutor Dormindo;Saï¿½da de leito carroï¿½ï¿½vel;Com Vï¿½timas Feridas;Pleno dia;Cï¿½u Claro;Dupla;Reta;Nï¿½o;0;0
2025-02-15;sï¿½bado;23:10:00;AP;210;PORTO GRANDE;Reaï¿½ï¿½o tardia ou ineficiente do condutor;Colisï¿½o traseira;Sem Vï¿½timas;Plena Noite;Chuva;Simples;Reta;Sim;0;0
2025-02-17;segunda-feira;06:35:00;RO;364;ARIQUEMES;Acessar a via sem observar a presenï¿½a dos outros veï¿½culos;Colisï¿½o traseira;Com Vï¿½timas Feridas;Pleno dia;Garoa/Chuvisco;Simples;"Reta;Interseï¿½ï¿½o de Vias";Sim;0;0
2025-02-20;quinta-feira;18:30:00;PR;376;CURITIBA;Condutor deixou de manter distï¿½ncia do veï¿½culo da frente;Colisï¿½o traseira;Com Vï¿½timas Feridas;Anoitecer;Nublado;Dupla;Reta;Nï¿½o;0;0
2025-02-23;domingo;20:00:00;SC;158;PALMITOS;Acesso irregular;Colisï¿½o transversal;Com Vï¿½timas Feridas;Plena Noite;Cï¿½u Claro;Simples;Reta;Nï¿½o;0;0
2025-02-26;quarta-feira;07:30:00;SC;101;SANGAO;Manobra de mudanï¿½a de faixa;Saï¿½da de leito carroï¿½ï¿½vel;Com Vï¿½timas Feridas;Pleno dia;Cï¿½u Claro;Dupla;Reta;Nï¿½o;0;0
2025-01-31;sexta-feira;13:50:00;MS;463;PONTA PORA;Velocidade Incompatï¿½vel;Colisï¿½o lateral sentido oposto;Com Vï¿½timas Feridas;Pleno dia;Chuva;Simples;"Declive;Reta";Nï¿½o;0;0
2025-02-28;sexta-feira;17:40:00;RJ;116;PORTO REAL;Ausï¿½ncia de reaï¿½ï¿½o do condutor;Colisï¿½o traseira;Com Vï¿½timas Feridas;Pleno dia;Cï¿½u Claro;Dupla;Ponte;Nï¿½o;0;0
2025-02-27;quinta-feira;12:00:00;RJ;40;DUQUE DE CAXIAS;Conversï¿½o proibida;Colisï¿½o transversal;Com Vï¿½timas Feridas;Pleno dia;Cï¿½u Claro;Simples;Curva;Sim;0;0
2025-03-04;terï¿½a-feira;22:55:00;PE;101;JABOATAO DOS GUARARAPES;Manobra de mudanï¿½a de faixa;Colisï¿½o lateral mesmo sentido;Sem Vï¿½timas;Plena Noite;Cï¿½u Claro;Mï¿½ltipla;Reta;Sim;0;0
2025-03-07;sexta-feira;19:40:00;RJ;101;CAMPOS DOS GOYTACAZES;Reaï¿½ï¿½o tardia ou ineficiente do condutor;Colisï¿½o traseira;Com Vï¿½timas Feridas;Anoitecer;Nublado;Simples;Reta;Sim;0;0
2025-03-10;segunda-feira;15:35:00;MG;381;EXTREMA;Ausï¿½ncia de reaï¿½ï¿½o do condutor;Colisï¿½o traseira;Com Vï¿½timas Feridas;Pleno dia;Chuva;Dupla;Curva;Nï¿½o;0;0
2025-03-11;terï¿½a-feira;05:30:00;MG;365;SANTA VITORIA;Deficiï¿½ncia do Sistema de Iluminaï¿½ï¿½o/Sinalizaï¿½ï¿½o;Colisï¿½o lateral mesmo sentido;Com Vï¿½timas Feridas;Plena Noite;Cï¿½u Claro;Simples;Reta;Sim;0;0
2025-03-12;quarta-feira;16:41:00;RO;364;CACOAL;Reaï¿½ï¿½o tardia ou ineficiente do condutor;Colisï¿½o lateral mesmo sentido;Sem Vï¿½timas;Pleno dia;Cï¿½u Claro;Simples;Reta;Sim;0;0
2025-03-13;quinta-feira;16:30:00;PE;316;FLORESTA;Carga excessiva e/ou mal acondicionada;Tombamento;Sem Vï¿½timas;Pleno dia;Cï¿½u Claro;Simples;Reta;Nï¿½o;0;0
2025-03-14;sexta-feira;16:50:00;SC;101;ITAPEMA;Condutor deixou de manter distï¿½ncia do veï¿½culo da frente;Colisï¿½o traseira;Sem Vï¿½timas;Pleno dia;Cï¿½u Claro;Mï¿½ltipla;Reta;Sim;0;0
2025-03-14;sexta-feira;13:50:00;MG;381;SABARA;Velocidade Incompatï¿½vel;Tombamento;Com Vï¿½timas Feridas;Pleno dia;Chuva;Simples;Curva;Nï¿½o;0;0
2025-03-15;sï¿½bado;08:25:00;RS;285;IJUI;Ingestï¿½o de ï¿½lcool pelo condutor;Colisï¿½o lateral sentido oposto;Sem Vï¿½timas;Pleno dia;Nublado;Simples;"Reta;Em Obras";Sim;0;0
2025-03-15;sï¿½bado;07:00:00;TO;242;FORMOSO DO ARAGUAIA;Ultrapassagem Indevida;Colisï¿½o lateral mesmo sentido;Com Vï¿½timas Feridas;Pleno dia;Cï¿½u Claro;Simples;Reta;Sim;0;0
2025-03-16;domingo;13:35:00;SC;101;BALNEARIO PICARRAS;Ingestï¿½o de ï¿½lcool pelo condutor;Saï¿½da de leito carroï¿½ï¿½vel;Sem Vï¿½timas;Pleno dia;Nublado;Mï¿½ltipla;Reta;Sim;0;0
2025-03-16;domingo;20:00:00;GO;153;PIRENOPOLIS;Ingestï¿½o de ï¿½lcool pelo condutor;Colisï¿½o traseira;Sem Vï¿½timas;Plena Noite;Cï¿½u Claro;Simples;"Reta;Declive";Sim;0;0
2025-03-16;domingo;21:40:00;RJ;116;RIO DE JANEIRO;Condutor deixou de manter distï¿½ncia do veï¿½culo da frente;Colisï¿½o traseira;Sem Vï¿½timas;Plena Noite;Cï¿½u Claro;Dupla;Reta;Sim;0;0
2025-03-19;quarta-feira;12:00:00;GO;153;RIALMA;Condutor deixou de manter distï¿½ncia do veï¿½culo da frente;Colisï¿½o transversal;Com Vï¿½timas Feridas;Pleno dia;Cï¿½u Claro;Simples;Curva;Nï¿½o;0;0
2025-03-20;quinta-feira;10:30:00;PB;230;CAMPINA GRANDE;Manobra de mudanï¿½a de faixa;Colisï¿½o transversal;Com Vï¿½timas Feridas;Pleno dia;Cï¿½u Claro;Simples;Reta;Nï¿½o;0;0
2025-03-21;sexta-feira;15:10:00;RJ;493;NOVA IGUACU;Reaï¿½ï¿½o tardia ou ineficiente do condutor;Saï¿½da de leito carroï¿½ï¿½vel;Com Vï¿½timas Feridas;Pleno dia;Nublado;Dupla;Reta;Nï¿½o;0;0
2025-03-21;sexta-feira;19:50:00;MT;174;CACERES;Deficiï¿½ncia do Sistema de Iluminaï¿½ï¿½o/Sinalizaï¿½ï¿½o;Colisï¿½o traseira;Com Vï¿½timas Feridas;Plena Noite;Cï¿½u Claro;Simples;Reta;Nï¿½o;0;0
2025-03-23;domingo;02:40:00;PE;232;VERDEJANTE;Deficiï¿½ncia do Sistema de Iluminaï¿½ï¿½o/Sinalizaï¿½ï¿½o;Colisï¿½o traseira;Sem Vï¿½timas;Plena Noite;Chuva;Simples;Reta;Nï¿½o;0;0
2025-03-23;domingo;03:45:00;RO;364;CANDEIAS DO JAMARI;Velocidade Incompatï¿½vel;Colisï¿½o traseira;Com Vï¿½timas Feridas;Plena Noite;Cï¿½u Claro;Simples;Reta;Nï¿½o;0;0
2025-03-23;domingo;13:00:00;MG;40;SAO GONCALO DO ABAETE;Chuva;Saï¿½da de leito carroï¿½ï¿½vel;Com Vï¿½timas Feridas;Pleno dia;Chuva;Simples;"Reta;Declive";Nï¿½o;0;0
2025-03-25;terï¿½a-feira;09:00:00;GO;40;LUZIANIA;Condutor deixou de manter distï¿½ncia do veï¿½culo da frente;Colisï¿½o traseira;Sem Vï¿½timas;Pleno dia;Cï¿½u Claro;Dupla;Reta;Sim;0;0
2025-03-25;terï¿½a-feira;15:00:00;SC;101;PALHOCA;Reaï¿½ï¿½o tardia ou ineficiente do condutor;Colisï¿½o traseira;Com Vï¿½timas Feridas;Pleno dia;Nublado;Mï¿½ltipla;Reta;Sim;0;0
2025-03-27;quinta-feira;10:10:00;PE;424;GARANHUNS;Avarias e/ou desgaste excessivo no pneu;Colisï¿½o lateral sentido oposto;Sem Vï¿½timas;Pleno dia;Cï¿½u Claro;Simples;Reta;Nï¿½o;0;0
2025-03-28;sexta-feira;20:00:00;SC;470;PONTE ALTA;Ultrapassagem Indevida;Colisï¿½o frontal;Com Vï¿½timas Feridas;Plena Noite;Cï¿½u Claro;Simples;"Curva;Declive";Nï¿½o;0;0
2025-03-28;sexta-feira;21:15:00;PE;428;PETROLINA;Deficiï¿½ncia do Sistema de Iluminaï¿½ï¿½o/Sinalizaï¿½ï¿½o;Colisï¿½o traseira;Com Vï¿½timas Feridas;Plena Noite;Cï¿½u Claro;Simples;Reta;Nï¿½o;0;0
2025-03-29;sï¿½bado;04:20:00;GO;40;LUZIANIA;Condutor Dormindo;Colisï¿½o traseira;Com Vï¿½timas Feridas;Plena Noite;Nublado;Dupla;"Reta;Aclive";Sim;0;0
2025-04-01;terï¿½a-feira;17:21:00;PI;343;ALTOS;Ultrapassagem Indevida;Colisï¿½o lateral sentido oposto;Com Vï¿½timas Feridas;Pleno dia;Sol;Simples;Reta;Nï¿½o;0;0
2025-04-02;quarta-feira;12:30:00;RS;290;SAO SEPE;Ausï¿½ncia de reaï¿½ï¿½o do condutor;Saï¿½da de leito carroï¿½ï¿½vel;Com Vï¿½timas Feridas;Pleno dia;Chuva;Simples;"Reta;Aclive";Nï¿½o;0;0
2025-04-03;quinta-feira;19:31:00;PR;277;GUARAPUAVA;Transitar na contramï¿½o;Colisï¿½o lateral sentido oposto;Sem Vï¿½timas;Plena Noite;Cï¿½u Claro;Simples;Reta;Nï¿½o;0;0
2025-04-04;sexta-feira;11:10:00;MG;40;BELO HORIZONTE;Manobra de mudanï¿½a de faixa;Colisï¿½o lateral mesmo sentido;Com Vï¿½timas Feridas;Pleno dia;Cï¿½u Claro;Dupla;Reta;Sim;0;0
2025-04-04;sexta-feira;17:10:00;AL;101;SAO MIGUEL DOS CAMPOS;Condutor deixou de manter distï¿½ncia do veï¿½culo da frente;Colisï¿½o lateral mesmo sentido;Sem Vï¿½timas;Anoitecer;Cï¿½u Claro;Simples;"Interseï¿½ï¿½o de Vias;Rotatï¿½ria";Nï¿½o;0;0
2025-04-05;sï¿½bado;04:00:00;MS;60;SIDROLANDIA;Demais falhas mecï¿½nicas ou elï¿½tricas;Incï¿½ndio;Sem Vï¿½timas;Plena Noite;Vento;Simples;Reta;Nï¿½o;0;0
2025-04-05;sï¿½bado;19:25:00;SC;163;SAO MIGUEL DO OESTE;Ingestï¿½o de ï¿½lcool pelo condutor;Saï¿½da de leito carroï¿½ï¿½vel;Sem Vï¿½timas;Plena Noite;Cï¿½u Claro;Simples;"Reta;Declive";Nï¿½o;0;0
2025-04-03;quinta-feira;09:30:00;SC;282;FLORIANOPOLIS;Acessar a via sem observar a presenï¿½a dos outros veï¿½culos;Colisï¿½o lateral mesmo sentido;Sem Vï¿½timas;Pleno dia;Nublado;Mï¿½ltipla;Reta;Sim;0;0
2025-04-07;segunda-feira;13:00:00;AL;316;ATALAIA;Reaï¿½ï¿½o tardia ou ineficiente do condutor;Colisï¿½o lateral sentido oposto;Com Vï¿½timas Fatais;Pleno dia;Cï¿½u Claro;Simples;"Curva;Declive";Nï¿½o;1;1
2025-04-06;domingo;19:20:00;SC;470;INDAIAL;Demais falhas mecï¿½nicas ou elï¿½tricas;Colisï¿½o traseira;Sem Vï¿½timas;Plena Noite;Cï¿½u Claro;Simples;Reta;Nï¿½o;0;0
2025-04-11;sexta-feira;05:00:00;MG;40;JUIZ DE FORA;Demais falhas mecï¿½nicas ou elï¿½tricas;Incï¿½ndio;Sem Vï¿½timas;Amanhecer;Cï¿½u Claro;Dupla;Declive;Nï¿½o;0;0
2025-04-11;sexta-feira;20:00:00;RS;285;MATO CASTELHANO;Ultrapassagem Indevida;Colisï¿½o frontal;Com Vï¿½timas Feridas;Plena Noite;Cï¿½u Claro;Simples;Reta;Nï¿½o;0;0
2025-04-12;sï¿½bado;04:00:00;ES;101;SAO MATEUS;Reaï¿½ï¿½o tardia ou ineficiente do condutor;Colisï¿½o traseira;Com Vï¿½timas Feridas;Amanhecer;Cï¿½u Claro;Simples;Reta;Nï¿½o;0;0
2025-04-12;sï¿½bado;09:10:00;RN;110;MOSSORO;Acessar a via sem observar a presenï¿½a dos outros veï¿½culos;Colisï¿½o transversal;Com Vï¿½timas Feridas;Pleno dia;Nublado;Simples;Reta;Sim;0;0
2025-04-06;domingo;17:50:00;MS;163;COXIM;Reaï¿½ï¿½o tardia ou ineficiente do condutor;Capotamento;Com Vï¿½timas Feridas;Anoitecer;Cï¿½u Claro;Simples;Reta;Nï¿½o;0;0
2025-04-15;terï¿½a-feira;19:50:00;SP;381;ATIBAIA;Reaï¿½ï¿½o tardia ou ineficiente do condutor;Colisï¿½o traseira;Sem Vï¿½timas;Plena Noite;Cï¿½u Claro;Dupla;"Curva;Aclive";Nï¿½o;0;0
2025-04-17;quinta-feira;07:30:00;PB;101;JOAO PESSOA;Acessar a via sem observar a presenï¿½a dos outros veï¿½culos;Colisï¿½o lateral mesmo sentido;Sem Vï¿½timas;Pleno dia;Cï¿½u Claro;Dupla;Reta;Nï¿½o;0;0
2025-04-17;quinta-feira;13:01:00;AC;364;RIO BRANCO;Transitar na contramï¿½o;Colisï¿½o transversal;Com Vï¿½timas Fatais;Pleno dia;Chuva;Simples;"Reta;Declive";Sim;1;1
2025-04-17;quinta-feira;23:00:00;PR;277;CAMPO LARGO;Condutor deixou de manter distï¿½ncia do veï¿½culo da frente;Engavetamento;Com Vï¿½timas Feridas;Plena Noite;Cï¿½u Claro;Dupla;Reta;Nï¿½o;0;0
2025-04-19;sï¿½bado;20:15:00;DF;70;BRASILIA;Ingestï¿½o de ï¿½lcool pelo condutor;Colisï¿½o traseira;Sem Vï¿½timas;Plena Noite;Cï¿½u Claro;Dupla;Reta;Sim;0;0
2025-04-21;segunda-feira;22:15:00;PR;277;SAO JOSE DOS PINHAIS;Ausï¿½ncia de reaï¿½ï¿½o do condutor;Colisï¿½o traseira;Com Vï¿½timas Feridas;Plena Noite;Nevoeiro/Neblina;Dupla;Reta;Nï¿½o;0;0
2025-04-23;quarta-feira;18:42:00;DF;70;BRASILIA;Demais falhas mecï¿½nicas ou elï¿½tricas;Incï¿½ndio;Sem Vï¿½timas;Plena Noite;Cï¿½u Claro;Dupla;Rotatï¿½ria;Sim;0;0
2025-03-30;domingo;18:40:00;RJ;116;GUAPIMIRIM;Transitar na contramï¿½o;Colisï¿½o frontal;Com Vï¿½timas Feridas;Plena Noite;Garoa/Chuvisco;Dupla;Reta;Nï¿½o;0;0
2025-04-25;sexta-feira;15:00:00;MG;251;FRANCISCO SA;Demais falhas mecï¿½nicas ou elï¿½tricas;Colisï¿½o lateral sentido oposto;Com Vï¿½timas Feridas;Pleno dia;Cï¿½u Claro;Simples;Reta;Nï¿½o;0;0
2025-04-25;sexta-feira;20:30:00;MA;316;PERITORO;Ultrapassagem Indevida;Colisï¿½o frontal;Com Vï¿½timas Feridas;Plena Noite;Chuva;Simples;Curva;Nï¿½o;0;0
2025-04-26;sï¿½bado;08:07:00;SC;163;SAO MIGUEL DO OESTE;Manobra de mudanï¿½a de faixa;Colisï¿½o lateral mesmo sentido;Com Vï¿½timas Feridas;Pleno dia;Cï¿½u Claro;Dupla;"Interseï¿½ï¿½o de Vias;Reta";Sim;0;0
2025-04-26;sï¿½bado;22:57:00;GO;60;ALEXANIA;Ingestï¿½o de ï¿½lcool pelo condutor;Saï¿½da de leito carroï¿½ï¿½vel;Sem Vï¿½timas;Plena Noite;Chuva;Dupla;Curva;Nï¿½o;0;0
2025-04-29;terï¿½a-feira;17:00:00;MT;163;SINOP;Demais falhas mecï¿½nicas ou elï¿½tricas;Colisï¿½o frontal;Sem Vï¿½timas;Anoitecer;Ignorado;Simples;Reta;Sim;0;0
2025-04-29;terï¿½a-feira;20:35:00;MG;50;UBERABA;Ausï¿½ncia de reaï¿½ï¿½o do condutor;Colisï¿½o traseira;Sem Vï¿½timas;Plena Noite;Cï¿½u Claro;Dupla;Reta;Nï¿½o;0;0
2025-05-01;quinta-feira;05:30:00;SC;101;JOINVILLE;Ingestï¿½o de ï¿½lcool pelo condutor;Colisï¿½o lateral mesmo sentido;Sem Vï¿½timas;Amanhecer;Cï¿½u Claro;Dupla;Reta;Nï¿½o;0;0
2025-05-01;quinta-feira;19:10:00;MS;463;DOURADOS;Ingestï¿½o de ï¿½lcool pelo condutor;Colisï¿½o traseira;Sem Vï¿½timas;Plena Noite;Cï¿½u Claro;Dupla;Reta;Sim;0;0
2025-05-02;sexta-feira;06:45:00;MG;365;BURITIZEIRO;Condutor deixou de manter distï¿½ncia do veï¿½culo da frente;Colisï¿½o traseira;Com Vï¿½timas Feridas;Pleno dia;Cï¿½u Claro;Simples;Reta;Nï¿½o;0;0
2025-05-03;sï¿½bado;10:35:00;PB;101;JOAO PESSOA;Manobra de mudanï¿½a de faixa;Colisï¿½o lateral mesmo sentido;Sem Vï¿½timas;Pleno dia;Sol;Dupla;"Curva;Declive";Sim;0;0
2025-05-07;quarta-feira;18:15:00;MG;381;BARAO DE COCAIS;Retorno proibido;Colisï¿½o transversal;Com Vï¿½timas Feridas;Plena Noite;Nublado;Dupla;Reta;Nï¿½o;0;0
2025-05-08;quinta-feira;06:20:00;SC;116;ITAIOPOLIS;Acessar a via sem observar a presenï¿½a dos outros veï¿½culos;Colisï¿½o transversal;Com Vï¿½timas Feridas;Pleno dia;Nevoeiro/Neblina;Simples;"Reta;Interseï¿½ï¿½o de Vias";Nï¿½o;0;0
2025-05-09;sexta-feira;12:01:00;ES;101;SAO MATEUS;Pedestre andava na pista;Atropelamento de Pedestre;Com Vï¿½timas Feridas;Pleno dia;Cï¿½u Claro;Dupla;Reta;Sim;0;0
2025-05-10;sï¿½bado;07:30:00;MA;135;SAO LUIS;Acesso irregular;Colisï¿½o transversal;Sem Vï¿½timas;Pleno dia;Cï¿½u Claro;Dupla;"Curva;Declive";Sim;0;0
2025-05-10;sï¿½bado;10:00:00;PR;116;FAZENDA RIO GRANDE;Demais falhas mecï¿½nicas ou elï¿½tricas;Colisï¿½o lateral mesmo sentido;Com Vï¿½timas Feridas;Pleno dia;Nublado;Simples;Reta;Nï¿½o;0;0
2025-05-12;segunda-feira;13:00:00;GO;414;ABADIANIA;Ultrapassagem Indevida;Colisï¿½o frontal;Com Vï¿½timas Feridas;Pleno dia;Cï¿½u Claro;Simples;"Reta;Ponte;Declive";Nï¿½o;0;0
2025-05-13;terï¿½a-feira;10:45:00;PR;116;RIO NEGRO;Problema na suspensï¿½o;Saï¿½da de leito carroï¿½ï¿½vel;Com Vï¿½timas Feridas;Pleno dia;Nublado;Simples;Curva;Sim;0;0
2025-05-13;terï¿½a-feira;04:00:00;BA;116;PLANALTO;Condutor Dormindo;Colisï¿½o lateral sentido oposto;Sem Vï¿½timas;Amanhecer;Garoa/Chuvisco;Simples;"Declive;Reta";Nï¿½o;0;0
2025-05-14;quarta-feira;12:58:00;RS;470;GARIBALDI;Acessar a via sem observar a presenï¿½a dos outros veï¿½culos;Colisï¿½o transversal;Com Vï¿½timas Feridas;Pleno dia;Cï¿½u Claro;Simples;"Retorno Regulamentado;Reta";Nï¿½o;0;0
2025-05-16;sexta-feira;19:30:00;PR;116;CURITIBA;Reaï¿½ï¿½o tardia ou ineficiente do condutor;Colisï¿½o traseira;Com Vï¿½timas Feridas;Plena Noite;Garoa/Chuvisco;Dupla;"Interseï¿½ï¿½o de Vias;Aclive;Reta";Sim;0;0
2025-05-18;domingo;22:40:00;RJ;40;PETROPOLIS;Reaï¿½ï¿½o tardia ou ineficiente do condutor;Saï¿½da de leito carroï¿½ï¿½vel;Com Vï¿½timas Feridas;Plena Noite;Cï¿½u Claro;Dupla;"Curva;Aclive";Nï¿½o;0;0
2025-05-22;quinta-feira;13:40:00;PI;135;BOM JESUS;Ausï¿½ncia de reaï¿½ï¿½o do condutor;Colisï¿½o com objeto;Com Vï¿½timas Feridas;Pleno dia;Cï¿½u Claro;Simples;Reta;Sim;0;0
2025-05-22;quinta-feira;18:35:00;MG;40;CAETANOPOLIS;Manobra de mudanï¿½a de faixa;Colisï¿½o lateral mesmo sentido;Com Vï¿½timas Feridas;Plena Noite;Nublado;Dupla;Interseï¿½ï¿½o de Vias;Sim;0;0
2025-05-23;sexta-feira;14:30:00;ES;262;MARECHAL FLORIANO;Velocidade Incompatï¿½vel;Colisï¿½o frontal;Com Vï¿½timas Feridas;Pleno dia;Chuva;Simples;Curva;Nï¿½o;0;0
2025-05-24;sï¿½bado;03:00:00;BA;367;PORTO SEGURO;Transitar na contramï¿½o;Colisï¿½o lateral sentido oposto;Sem Vï¿½timas;Plena Noite;Cï¿½u Claro;Simples;Reta;Nï¿½o;0;0
2025-05-26;segunda-feira;12:35:00;BA;324;FEIRA DE SANTANA;Acesso irregular;Colisï¿½o transversal;Com Vï¿½timas Feridas;Pleno dia;Cï¿½u Claro;Simples;Reta;Sim;0;0
2025-05-29;quinta-feira;13:45:00;RO;364;JARU;Desrespeitar a preferï¿½ncia no cruzamento;Colisï¿½o transversal;Com Vï¿½timas Feridas;Pleno dia;Nublado;Simples;"Interseï¿½ï¿½o de Vias;Rotatï¿½ria";Nï¿½o;0;0
2025-05-31;sï¿½bado;00:30:00;MG;381;ITAGUARA;Ingestï¿½o de ï¿½lcool pelo condutor;Colisï¿½o traseira;Com Vï¿½timas Feridas;Plena Noite;Cï¿½u Claro;Dupla;Reta;Nï¿½o;0;0
2025-05-31;sï¿½bado;21:20:00;RN;304;ANGICOS;Deficiï¿½ncia do Sistema de Iluminaï¿½ï¿½o/Sinalizaï¿½ï¿½o;Colisï¿½o traseira;Com Vï¿½timas Feridas;Plena Noite;Cï¿½u Claro;Simples;Reta;Nï¿½o;0;0
2025-06-01;domingo;05:10:00;SC;101;LAGUNA;Reaï¿½ï¿½o tardia ou ineficiente do condutor;Colisï¿½o traseira;Sem Vï¿½timas;Plena Noite;Cï¿½u Claro;Mï¿½ltipla;Reta;Nï¿½o;0;0
2025-06-01;domingo;06:45:00;SC;116;PAPANDUVA;Ausï¿½ncia de reaï¿½ï¿½o do condutor;Saï¿½da de leito carroï¿½ï¿½vel;Sem Vï¿½timas;Amanhecer;Nublado;Simples;Reta;Nï¿½o;0;0
2025-06-02;segunda-feira;09:30:00;AP;210;MACAPA;Demais falhas mecï¿½nicas ou elï¿½tricas;Colisï¿½o lateral mesmo sentido;Com Vï¿½timas Feridas;Pleno dia;Cï¿½u Claro;Simples;Reta;Sim;0;0
2025-06-02;segunda-feira;15:30:00;BA;324;SALVADOR;Manobra de mudanï¿½a de faixa;Colisï¿½o lateral mesmo sentido;Com Vï¿½timas Feridas;Pleno dia;Cï¿½u Claro;Mï¿½ltipla;Reta;Sim;0;0
2025-06-03;terï¿½a-feira;20:05:00;SC;282;BOCAINA DO SUL;Transitar na contramï¿½o;Colisï¿½o lateral sentido oposto;Sem Vï¿½timas;Plena Noite;Nevoeiro/Neblina;Simples;"Reta;Declive";Nï¿½o;0;0
2025-06-06;sexta-feira;04:07:00;PB;230;POCINHOS;Ausï¿½ncia de reaï¿½ï¿½o do condutor;Saï¿½da de leito carroï¿½ï¿½vel;Com Vï¿½timas Feridas;Plena Noite;Ignorado;Simples;Reta;Nï¿½o;0;0
2025-06-08;domingo;03:05:00;BA;101;TEIXEIRA DE FREITAS;Reaï¿½ï¿½o tardia ou ineficiente do condutor;Colisï¿½o traseira;Sem Vï¿½timas;Plena Noite;Nevoeiro/Neblina;Simples;Reta;Nï¿½o;0;0
2025-06-07;sï¿½bado;23:30:00;MT;158;NOVA XAVANTINA;Ausï¿½ncia de reaï¿½ï¿½o do condutor;Saï¿½da de leito carroï¿½ï¿½vel;Com Vï¿½timas Feridas;Plena Noite;Cï¿½u Claro;Simples;Curva;Nï¿½o;0;0
2025-06-08;domingo;21:20:00;RJ;393;PARAIBA DO SUL;Transitar na contramï¿½o;Colisï¿½o lateral sentido oposto;Com Vï¿½timas Feridas;Plena Noite;Chuva;Simples;Reta;Sim;0;0
2025-06-09;segunda-feira;17:10:00;TO;242;PEIXE;Demais falhas mecï¿½nicas ou elï¿½tricas;Colisï¿½o transversal;Com Vï¿½timas Feridas;Anoitecer;Cï¿½u Claro;Simples;Reta;Nï¿½o;0;0
2025-06-11;quarta-feira;16:50:00;PI;343;TERESINA;Condutor deixou de manter distï¿½ncia do veï¿½culo da frente;Colisï¿½o traseira;Sem Vï¿½timas;Pleno dia;Cï¿½u Claro;Simples;"Reta;Interseï¿½ï¿½o de Vias";Nï¿½o;0;0
2025-06-11;quarta-feira;14:40:00;BA;349;CORRENTINA;Manobra de mudanï¿½a de faixa;Colisï¿½o frontal;Com Vï¿½timas Fatais;Pleno dia;Sol;Simples;"Reta;Aclive";Sim;1;1
2025-06-11;quarta-feira;18:00:00;PR;277;CEU AZUL;Acessar a via sem observar a presenï¿½a dos outros veï¿½culos;Colisï¿½o transversal;Com Vï¿½timas Feridas;Anoitecer;Nublado;Simples;"Curva;Interseï¿½ï¿½o de Vias";Sim;0;0