data_inversa;dia_semana;horario;uf;br;municipio;causa_acidente;tipo_acidente;classificacao_acidente;fase_dia;condicao_metereologica;tipo_pista;tracado_via;uso_solo;mortos;acidente_fatal
2025-01-02;quinta-feira;15:35:00;MG;116;TEOFILO OTONI;Transitar na contramï¿½o;Colisï¿½o lateral sentido oposto;Com Vï¿½timas Feridas;Pleno dia;Chuva;Simples;Reta;Nï¿½o;0;0
2025-01-02;quinta-feira;16:10:00;MG;40;BARBACENA;Manobra de mudanï¿½a de faixa;Colisï¿½o com objeto;Com Vï¿½timas Feridas;Pleno dia;Nublado;Simples;"Reta;Declive";Nï¿½o;0;0
2025-01-02;quinta-feira;17:00:00;RS;116;CAXIAS DO SUL;Condutor usando celular;Colisï¿½o com objeto;Com Vï¿½timas Feridas;Pleno dia;Cï¿½u Claro;Dupla;Rotatï¿½ria;Nï¿½o;0;0
2025-01-02;quinta-feira;17:07:00;RJ;101;RIO BONITO;Trafegar com motocicleta (ou similar) entre as faixas;Colisï¿½o lateral mesmo sentido;Com Vï¿½timas Feridas;Pleno dia;Cï¿½u Claro;Dupla;"Declive;Reta";Sim;0;0
2025-01-02;quinta-feira;18:25:00;MG;40;EWBANK DA CAMARA;Chuva;Colisï¿½o lateral sentido oposto;Com Vï¿½timas Feridas;Anoitecer;Chuva;Simples;Curva;Nï¿½o;0;0
2025-01-02;quinta-feira;18:20:00;RS;386;ESTRELA;Acessar a via sem observar a presenï¿½a dos outros veï¿½culos;Colisï¿½o transversal;Com Vï¿½timas Feridas;Pleno dia;Cï¿½u Claro;Dupla;Reta;Nï¿½o;0;0
2025-01-02;quinta-feira;17:51:00;ES;259;JOAO NEIVA;Reaï¿½ï¿½o tardia ou ineficiente do condutor;Tombamento;Com Vï¿½timas Feridas;Anoitecer;Chuva;Simples;"Curva;Declive";Nï¿½o;0;0
2025-01-02;quinta-feira;17:20:00;MT;70;BARRA DO GARCAS;Ultrapassagem Indevida;Colisï¿½o transversal;Com Vï¿½timas Feridas;Anoitecer;Nublado;Simples;Reta;Sim;0;0
2025-01-02;quinta-feira;18:05:00;CE;222;SOBRAL;Acessar a via sem observar a presenï¿½a dos outros veï¿½culos;Colisï¿½o transversal;Com Vï¿½timas Feridas;Anoitecer;Cï¿½u Claro;Simples;"Declive;Reta";Nï¿½o;0;0
2025-01-02;quinta-feira;18:50:00;SC;101;PALHOCA;Acessar a via sem observar a presenï¿½a dos outros veï¿½culos;Colisï¿½o transversal;Com Vï¿½timas Feridas;Plena Noite;Ignorado;Dupla;Reta;Sim;0;0
2025-01-02;quinta-feira;18:20:00;MT;70;VARZEA GRANDE;Acessar a via sem observar a presenï¿½a dos outros veï¿½culos;Colisï¿½o transversal;Com Vï¿½timas Feridas;Plena Noite;Cï¿½u Claro;Simples;"Interseï¿½ï¿½o de Vias;Declive;Reta";Sim;0;0
2025-01-02;quinta-feira;19:34:00;ES;101;CONCEICAO DA BARRA;Restriï¿½ï¿½o de visibilidade em curvas verticais;Saï¿½da de leito carroï¿½ï¿½vel;Com Vï¿½timas Feridas;Plena Noite;Nublado;Simples;Reta;Nï¿½o;0;0
2025-01-02;quinta-feira;18:40:00;MS;262;RIBAS DO RIO PARDO;Ultrapassagem Indevida;Saï¿½da de leito carroï¿½ï¿½vel;Com Vï¿½timas Feridas;Plena Noite;Cï¿½u Claro;Simples;Reta;Nï¿½o;0;0
2025-01-02;quinta-feira;19:40:00;MG;40;CAETANOPOLIS;Avarias e/ou desgaste excessivo no pneu;Queda de ocupante de veï¿½culo;Com Vï¿½timas Feridas;Plena Noite;Nublado;Dupla;Reta;Nï¿½o;0;0
2025-01-02;quinta-feira;18:16:00;PR;116;CAMPINA GRANDE DO SUL;Reaï¿½ï¿½o tardia ou ineficiente do condutor;Saï¿½da de leito carroï¿½ï¿½vel;Com Vï¿½timas Feridas;Anoitecer;Chuva;Dupla;Curva;Nï¿½o;0;0
2025-01-02;quinta-feira;15:00:00;RJ;393;BARRA DO PIRAI;Entrada inopinada do pedestre;Atropelamento de Pedestre;Com Vï¿½timas Fatais;Pleno dia;Nublado;Simples;Reta;Sim;1;1
2025-01-02;quinta-feira;19:23:00;MG;381;EXTREMA;Pedestre cruzava a pista fora da faixa;Atropelamento de Pedestre;Com Vï¿½timas Fatais;Plena Noite;Chuva;Dupla;Reta;Nï¿½o;1;1
2025-01-02;quinta-feira;17:00:00;MG;40;CONSELHEIRO LAFAIETE;Retorno proibido;Colisï¿½o transversal;Com Vï¿½timas Feridas;Pleno dia;Cï¿½u Claro;Simples;"Reta;Interseï¿½ï¿½o de Vias";Sim;0;0
2025-01-02;quinta-feira;15:20:00;PR;376;TIBAGI;Velocidade Incompatï¿½vel;Saï¿½da de leito carroï¿½ï¿½vel;Com Vï¿½timas Feridas;Pleno dia;Chuva;Dupla;"Reta;Declive";Nï¿½o;0;0
2025-01-02;quinta-feira;19:15:00;PB;230;CAMPINA GRANDE;Reaï¿½ï¿½o tardia ou ineficiente do condutor;Tombamento;Com Vï¿½timas Feridas;Plena Noite;Cï¿½u Claro;Dupla;Reta;Sim;0;0
2025-01-02;quinta-feira;20:10:00;TO;230;LUZINOPOLIS;Acessar a via sem observar a presenï¿½a dos outros veï¿½culos;Colisï¿½o transversal;Com Vï¿½timas Fatais;Plena Noite;Ignorado;Simples;Interseï¿½ï¿½o de Vias;Nï¿½o;1;1
2025-01-02;quinta-feira;20:07:00;RS;116;CAXIAS DO SUL;Reaï¿½ï¿½o tardia ou ineficiente do condutor;Colisï¿½o traseira;Com Vï¿½timas Feridas;Plena Noite;Cï¿½u Claro;Mï¿½ltipla;Interseï¿½ï¿½o de Vias;Sim;0;0
2025-01-02;quinta-feira;19:20:00;PI;343;TERESINA;Acesso irregular;Colisï¿½o transversal;Com Vï¿½timas Feridas;Plena Noite;Cï¿½u Claro;Simples;Interseï¿½ï¿½o de Vias;Sim;0;0
2025-01-02;quinta-feira;20:50:00;MG;381;BETIM;Reaï¿½ï¿½o tardia ou ineficiente do condutor;Saï¿½da de leito carroï¿½ï¿½vel;Com Vï¿½timas Feridas;Plena Noite;Nublado;Mï¿½ltipla;"Interseï¿½ï¿½o de Vias;Curva";Sim;0;0
2025-01-02;quinta-feira;20:00:00;RJ;101;ITABORAI;Ausï¿½ncia de reaï¿½ï¿½o do condutor;Colisï¿½o traseira;Com Vï¿½timas Feridas;Plena Noite;Nublado;Dupla;"Interseï¿½ï¿½o de Vias;Viaduto";Sim;0;0
2025-01-02;quinta-feira;17:10:00;AC;317;SENADOR GUIOMARD;Manobra de mudanï¿½a de faixa;Colisï¿½o traseira;Com Vï¿½timas Feridas;Pleno dia;Nublado;Simples;Reta;Nï¿½o;0;0
2025-01-02;quinta-feira;20:53:00;GO;40;VALPARAISO DE GOIAS;Acessar a via sem observar a presenï¿½a dos outros veï¿½culos;Colisï¿½o traseira;Com Vï¿½timas Feridas;Plena Noite;Cï¿½u Claro;Dupla;Reta;Sim;0;0
2025-01-02;quinta-feira;18:40:00;PE;116;SALGUEIRO;Animais na Pista;Atropelamento de Animal;Com Vï¿½timas Feridas;Plena Noite;Cï¿½u Claro;Simples;"Curva;Declive";Sim;0;0
2025-01-02;quinta-feira;16:25:00;RS;392;RIO GRANDE;Demais falhas mecï¿½nicas ou elï¿½tricas;Incï¿½ndio;Sem Vï¿½timas;Pleno dia;Cï¿½u Claro;Simples;Interseï¿½ï¿½o de Vias;Nï¿½o;0;0
2025-01-02;quinta-feira;20:30:00;MA;135;SAO DOMINGOS DO MARANHAO;Transitar na contramï¿½o;Colisï¿½o frontal;Com Vï¿½timas Feridas;Plena Noite;Cï¿½u Claro;Simples;Reta;Nï¿½o;0;0
2025-01-02;quinta-feira;18:20:00;RO;364;JARU;Desrespeitar a preferï¿½ncia no cruzamento;Colisï¿½o transversal;Com Vï¿½timas Feridas;Anoitecer;Cï¿½u Claro;Simples;"Interseï¿½ï¿½o de Vias;Reta";Sim;0;0
2025-01-02;quinta-feira;21:40:00;BA;116;FEIRA DE SANTANA;Ingestï¿½o de ï¿½lcool pelo condutor;Colisï¿½o frontal;Com Vï¿½timas Feridas;Plena Noite;Cï¿½u Claro;Mï¿½ltipla;Reta;Sim;0;0
2025-01-02;quinta-feira;18:30:00;SC;282;NOVA ITABERABA;Velocidade Incompatï¿½vel;Saï¿½da de leito carroï¿½ï¿½vel;Com Vï¿½timas Feridas;Anoitecer;Chuva;Simples;Curva;Nï¿½o;0;0
2025-01-02;quinta-feira;21:00:00;CE;116;FORTALEZA;Ausï¿½ncia de reaï¿½ï¿½o do condutor;Colisï¿½o traseira;Com Vï¿½timas Feridas;Plena Noite;Cï¿½u Claro;Mï¿½ltipla;Reta;Sim;0;0
2025-01-02;quinta-feira;17:30:00;RS;470;GARIBALDI;Acessar a via sem observar a presenï¿½a dos outros veï¿½culos;Colisï¿½o transversal;Com Vï¿½timas Feridas;Anoitecer;Cï¿½u Claro;Simples;"Reta;Retorno Regulamentado";Nï¿½o;0;0
2025-01-02;quinta-feira;22:00:00;SC;101;ITAPEMA;Trafegar com motocicleta (ou similar) entre as faixas;Colisï¿½o lateral mesmo sentido;Com Vï¿½timas Feridas;Plena Noite;Cï¿½u Claro;Dupla;Reta;Nï¿½o;0;0
2025-01-02;quinta-feira;22:45:00;PE;101;ITAPISSUMA;Velocidade Incompatï¿½vel;Colisï¿½o traseira;Com Vï¿½timas Feridas;Plena Noite;Cï¿½u Claro;Mï¿½ltipla;Reta;Nï¿½o;0;0
2025-01-02;quinta-feira;17:20:00;PR;376;PONTA GROSSA;Velocidade Incompatï¿½vel;Saï¿½da de leito carroï¿½ï¿½vel;Com Vï¿½timas Feridas;Pleno dia;Chuva;Dupla;Curva;Nï¿½o;0;0
2025-01-02;quinta-feira;20:55:00;SC;282;LAGES;Reaï¿½ï¿½o tardia ou ineficiente do condutor;Colisï¿½o traseira;Sem Vï¿½timas;Plena Noite;Cï¿½u Claro;Simples;Reta;Nï¿½o;0;0
2025-01-02;quinta-feira;23:10:00;PE;116;SALGUEIRO;Animais na Pista;Atropelamento de Animal;Com Vï¿½timas Feridas;Plena Noite;Cï¿½u Claro;Simples;Reta;Sim;0;0
2025-01-02;quinta-feira;19:39:00;RJ;101;SILVA JARDIM;Transitar na contramï¿½o;Colisï¿½o frontal;Com Vï¿½timas Fatais;Plena Noite;Cï¿½u Claro;Dupla;Reta;Nï¿½o;1;1
2025-01-02;quinta-feira;22:20:00;SC;280;SAO BENTO DO SUL;Reaï¿½ï¿½o tardia ou ineficiente do condutor;Tombamento;Com Vï¿½timas Feridas;Plena Noite;Cï¿½u Claro;Simples;"Curva;Em Obras";Nï¿½o;0;0
2025-01-02;quinta-feira;23:20:00;RJ;493;GUAPIMIRIM;Iluminaï¿½ï¿½o deficiente;Atropelamento de Pedestre;Com Vï¿½timas Feridas;Plena Noite;Nublado;Simples;Reta;Nï¿½o;0;0
2025-01-02;quinta-feira;22:10:00;SC;282;SAO MIGUEL DO OESTE;Transitar na contramï¿½o;Colisï¿½o lateral sentido oposto;Com Vï¿½timas Feridas;Plena Noite;Cï¿½u Claro;Simples;"Declive;Reta";Nï¿½o;0;0
2025-01-03;sexta-feira;00:20:00;SP;116;CACHOEIRA PAULISTA;Pista esburacada;Colisï¿½o traseira;Com Vï¿½timas Feridas;Plena Noite;Cï¿½u Claro;Dupla;Curva;Sim;0;0
2025-01-03;sexta-feira;00:10:00;SC;282;SANTO AMARO DA IMPERATRIZ;Ausï¿½ncia de reaï¿½ï¿½o do condutor;Saï¿½da de leito carroï¿½ï¿½vel;Com Vï¿½timas Feridas;Plena Noite;Nublado;Simples;Curva;Sim;0;0
2025-01-03;sexta-feira;01:01:00;RJ;101;ITAGUAI;Animais na Pista;Atropelamento de Animal;Com Vï¿½timas Feridas;Plena Noite;Chuva;Dupla;Reta;Nï¿½o;0;0
2025-01-03;sexta-feira;01:00:00;PB;230;CABEDELO;Condutor Dormindo;Tombamento;Com Vï¿½timas Feridas;Plena Noite;Nublado;Simples;Reta;Sim;0;0
2025-01-03;sexta-feira;02:53:00;PR;277;GUARAPUAVA;Transitar na contramï¿½o;Colisï¿½o frontal;Com Vï¿½timas Feridas;Plena Noite;Nublado;Simples;Reta;Nï¿½o;0;0
2025-01-03;sexta-feira;04:25:00;PB;101;PEDRAS DE FOGO;Objeto estï¿½tico sobre o leito carroï¿½ï¿½vel;Saï¿½da de leito carroï¿½ï¿½vel;Com Vï¿½timas Feridas;Amanhecer;Cï¿½u Claro;Dupla;Reta;Nï¿½o;0;0
2025-01-03;sexta-feira;05:10:00;SC;101;PALHOCA;Desrespeitar a preferï¿½ncia no cruzamento;Colisï¿½o transversal;Com Vï¿½timas Feridas;Amanhecer;Cï¿½u Claro;Dupla;"Reta;Viaduto";Sim;0;0
2025-01-03;sexta-feira;06:45:00;SP;116;GUARULHOS;Condutor deixou de manter distï¿½ncia do veï¿½culo da frente;Colisï¿½o traseira;Com Vï¿½timas Feridas;Pleno dia;Cï¿½u Claro;Mï¿½ltipla;Reta;Sim;0;0
2025-01-03;sexta-feira;05:30:00;PR;277;MATELANDIA;Ausï¿½ncia de reaï¿½ï¿½o do condutor;Colisï¿½o traseira;Com Vï¿½timas Feridas;Amanhecer;Cï¿½u Claro;Simples;"Retorno Regulamentado;Reta";Sim;0;0
2025-01-03;sexta-feira;05:00:00;SP;116;APARECIDA;Demais falhas mecï¿½nicas ou elï¿½tricas;Colisï¿½o com objeto;Com Vï¿½timas Feridas;Amanhecer;Nublado;Simples;"Interseï¿½ï¿½o de Vias;Declive;Curva";Nï¿½o;0;0
2025-01-02;quinta-feira;12:00:00;MT;70;BARRA DO GARCAS;Reaï¿½ï¿½o tardia ou ineficiente do condutor;Saï¿½da de leito carroï¿½ï¿½vel;Com Vï¿½timas Feridas;Pleno dia;Chuva;Simples;"Declive;Reta";Nï¿½o;0;0
2025-01-03;sexta-feira;04:50:00;BA;116;POCOES;Mal sï¿½bito do condutor;Saï¿½da de leito carroï¿½ï¿½vel;Com Vï¿½timas Feridas;Amanhecer;Cï¿½u Claro;Simples;"Reta;Aclive";Sim;0;0
2025-01-03;sexta-feira;07:00:00;ES;101;CARIACICA;Reaï¿½ï¿½o tardia ou ineficiente do condutor;Colisï¿½o lateral mesmo sentido;Com Vï¿½timas Feridas;Pleno dia;Cï¿½u Claro;Mï¿½ltipla;Reta;Sim;0;0
2025-01-03;sexta-feira;06:05:00;PE;101;ABREU E LIMA;Condutor deixou de manter distï¿½ncia do veï¿½culo da frente;Colisï¿½o lateral mesmo sentido;Com Vï¿½timas Feridas;Pleno dia;Nublado;Mï¿½ltipla;Reta;Sim;0;0
2025-01-03;sexta-feira;06:00:00;SP;116;GUARULHOS;Condutor deixou de manter distï¿½ncia do veï¿½culo da frente;Colisï¿½o traseira;Com Vï¿½timas Feridas;Pleno dia;Cï¿½u Claro;Mï¿½ltipla;Reta;Sim;0;0
2025-01-03;sexta-feira;07:00:00;SP;381;MAIRIPORA;Trafegar com motocicleta (ou similar) entre as faixas;Colisï¿½o lateral mesmo sentido;Com Vï¿½timas Feridas;Pleno dia;Cï¿½u Claro;Dupla;"Reta;Aclive";Nï¿½o;0;0
2025-01-03;sexta-feira;07:00:00;MG;381;POUSO ALEGRE;Velocidade Incompatï¿½vel;Saï¿½da de leito carroï¿½ï¿½vel;Com Vï¿½timas Feridas;Pleno dia;Nublado;Dupla;Reta;Nï¿½o;0;0
2025-01-03;sexta-feira;07:30:00;RJ;101;ANGRA DOS REIS;Manobra de mudanï¿½a de faixa;Colisï¿½o traseira;Com Vï¿½timas Feridas;Pleno dia;Cï¿½u Claro;Simples;Reta;Sim;0;0
2025-01-02;quinta-feira;00:15:00;PI;135;MONTE ALEGRE DO PIAUI;Animais na Pista;Atropelamento de Animal;Com Vï¿½timas Feridas;Plena Noite;Cï¿½u Claro;Simples;Reta;Nï¿½o;0;0
2025-01-03;sexta-feira;05:00:00;RO;364;PIMENTA BUENO;Animais na Pista;Atropelamento de Animal;Com Vï¿½timas Feridas;Amanhecer;Cï¿½u Claro;Simples;Reta;Nï¿½o;0;0
2025-01-03;sexta-feira;07:45:00;PB;101;CAAPORA;Curva acentuada;Saï¿½da de leito carroï¿½ï¿½vel;Com Vï¿½timas Feridas;Pleno dia;Garoa/Chuvisco;Dupla;"Curva;Declive";Nï¿½o;0;0
2025-01-03;sexta-feira;08:15:00;SP;101;UBATUBA;Acessar a via sem observar a presenï¿½a dos outros veï¿½culos;Colisï¿½o frontal;Com Vï¿½timas Feridas;Pleno dia;Cï¿½u Claro;Simples;Reta;Sim;0;0
2025-01-03;sexta-feira;08:15:00;MG;381;SAO SEBASTIAO DA BELA VISTA;Problema na suspensï¿½o;Saï¿½da de leito carroï¿½ï¿½vel;Com Vï¿½timas Feridas;Pleno dia;Nublado;Dupla;Curva;Nï¿½o;0;0
2025-01-03;sexta-feira;08:15:00;SC;101;TUBARAO;Reaï¿½ï¿½o tardia ou ineficiente do condutor;Colisï¿½o com objeto;Com Vï¿½timas Feridas;Pleno dia;Cï¿½u Claro;Dupla;Interseï¿½ï¿½o de Vias;Sim;0;0
2025-01-03;sexta-feira;08:30:00;CE;222;CAUCAIA;Acesso irregular;Colisï¿½o transversal;Com Vï¿½timas Feridas;Pleno dia;Cï¿½u Claro;Mï¿½ltipla;Reta;Sim;0;0
2025-01-03;sexta-feira;08:00:00;PI;343;TERESINA;Condutor deixou de manter distï¿½ncia do veï¿½culo da frente;Colisï¿½o traseira;Com Vï¿½timas Feridas;Pleno dia;Cï¿½u Claro;Mï¿½ltipla;Reta;Sim;0;0
2025-01-03;sexta-feira;08:40:00;SC;101;ARAQUARI;Reaï¿½ï¿½o tardia ou ineficiente do condutor;Colisï¿½o traseira;Com Vï¿½timas Feridas;Pleno dia;Sol;Dupla;Reta;Nï¿½o;0;0
2025-01-03;sexta-feira;08:20:00;MG;40;SIMAO PEREIRA;Ausï¿½ncia de reaï¿½ï¿½o do condutor;Saï¿½da de leito carroï¿½ï¿½vel;Com Vï¿½timas Feridas;Pleno dia;Cï¿½u Claro;Dupla;Reta;Nï¿½o;0;0
2025-01-03;sexta-feira;07:25:00;MG;381;OLIVEIRA;Velocidade Incompatï¿½vel;Saï¿½da de leito carroï¿½ï¿½vel;Com Vï¿½timas Feridas;Amanhecer;Chuva;Dupla;Curva;Nï¿½o;0;0
2025-01-03;sexta-feira;08:58:00;PB;230;CRUZ DO ESPIRITO SANTO;Demais falhas mecï¿½nicas ou elï¿½tricas;Tombamento;Com Vï¿½timas Feridas;Pleno dia;Cï¿½u Claro;Dupla;Reta;Nï¿½o;0;0
2025-01-03;sexta-feira;08:30:00;RJ;101;CAMPOS DOS GOYTACAZES;Ausï¿½ncia de reaï¿½ï¿½o do condutor;Saï¿½da de leito carroï¿½ï¿½vel;Com Vï¿½timas Feridas;Amanhecer;Chuva;Dupla;Reta;Nï¿½o;0;0
2025-01-03;sexta-feira;08:35:00;MG;40;JUIZ DE FORA;Condutor Dormindo;Colisï¿½o com objeto;Com Vï¿½timas Feridas;Pleno dia;Nublado;Dupla;"Aclive;Reta";Nï¿½o;0;0
2025-01-03;sexta-feira;08:00:00;SP;381;GUARULHOS;Demais falhas mecï¿½nicas ou elï¿½tricas;Queda de ocupante de veï¿½culo;Com Vï¿½timas Feridas;Pleno dia;Cï¿½u Claro;Mï¿½ltipla;Reta;Sim;0;0
2025-01-03;sexta-feira;09:15:00;RJ;493;DUQUE DE CAXIAS;Demais falhas mecï¿½nicas ou elï¿½tricas;Queda de ocupante de veï¿½culo;Com Vï¿½timas Feridas;Pleno dia;Cï¿½u Claro;Dupla;Reta;Nï¿½o;0;0
2025-01-03;sexta-feira;09:30:00;MG;381;BETIM;Demais falhas mecï¿½nicas ou elï¿½tricas;Incï¿½ndio;Sem Vï¿½timas;Pleno dia;Nublado;Dupla;Reta;Nï¿½o;0;0
2025-01-03;sexta-feira;08:45:00;PR;116;MANDIRITUBA;Ausï¿½ncia de reaï¿½ï¿½o do condutor;Atropelamento de Pedestre;Com Vï¿½timas Fatais;Pleno dia;Cï¿½u Claro;Simples;"Reta;Aclive";Nï¿½o;1;1
2025-01-03;sexta-feira;10:30:00;BA;415;ILHEUS;Conversï¿½o proibida;Colisï¿½o transversal;Com Vï¿½timas Feridas;Pleno dia;Cï¿½u Claro;Mï¿½ltipla;Reta;Sim;0;0
2025-01-03;sexta-feira;10:45:00;PR;369;IBIPORA;Acessar a via sem observar a presenï¿½a dos outros veï¿½culos;Colisï¿½o transversal;Com Vï¿½timas Fatais;Pleno dia;Cï¿½u Claro;Dupla;Interseï¿½ï¿½o de Vias;Nï¿½o;1;1
2025-01-03;sexta-feira;11:05:00;BA;116;SANTO ESTEVAO;Animais na Pista;Colisï¿½o traseira;Com Vï¿½timas Feridas;Pleno dia;Cï¿½u Claro;Dupla;Reta;Nï¿½o;0;0
2025-01-03;sexta-feira;11:20:00;SC;101;PALHOCA;Trafegar com motocicleta (ou similar) entre as faixas;Colisï¿½o lateral mesmo sentido;Com Vï¿½timas Feridas;Pleno dia;Cï¿½u Claro;Dupla;Reta;Sim;0;0
2025-01-03;sexta-feira;09:42:00;RS;392;PORTO XAVIER;Acessar a via sem observar a presenï¿½a dos outros veï¿½culos;Colisï¿½o transversal;Com Vï¿½timas Feridas;Pleno dia;Cï¿½u Claro;Simples;Curva;Sim;0;0
2025-01-03;sexta-feira;10:40:00;PE;232;RECIFE;Condutor deixou de manter distï¿½ncia do veï¿½culo da frente;Colisï¿½o traseira;Com Vï¿½timas Feridas;Pleno dia;Sol;Mï¿½ltipla;Reta;Sim;0;0
2025-01-03;sexta-feira;09:50:00;BA;110;CATU;Manobra de mudanï¿½a de faixa;Capotamento;Com Vï¿½timas Feridas;Pleno dia;Cï¿½u Claro;Simples;Reta;Nï¿½o;0;0
2025-01-03;sexta-feira;10:30:00;SC;101;ITAPEMA;Manobra de mudanï¿½a de faixa;Colisï¿½o lateral mesmo sentido;Com Vï¿½timas Feridas;Pleno dia;Cï¿½u Claro;Dupla;Curva;Sim;0;0
2025-01-03;sexta-feira;11:30:00;PB;230;JOAO PESSOA;Ausï¿½ncia de reaï¿½ï¿½o do condutor;Colisï¿½o traseira;Com Vï¿½timas Feridas;Pleno dia;Sol;Dupla;"Reta;Em Obras";Sim;0;0
2025-01-03;sexta-feira;11:20:00;SC;280;ARAQUARI;Ausï¿½ncia de reaï¿½ï¿½o do condutor;Queda de ocupante de veï¿½culo;Com Vï¿½timas Feridas;Pleno dia;Cï¿½u Claro;Simples;Reta;Nï¿½o;0;0
2025-01-03;sexta-feira;10:15:00;GO;153;PORANGATU;Desrespeitar a preferï¿½ncia no cruzamento;Colisï¿½o transversal;Com Vï¿½timas Feridas;Pleno dia;Nublado;Simples;Reta;Sim;0;0
2025-01-03;sexta-feira;09:50:00;BA;116;JAGUAQUARA;Ausï¿½ncia de reaï¿½ï¿½o do condutor;Colisï¿½o transversal;Com Vï¿½timas Feridas;Pleno dia;Sol;Simples;"Interseï¿½ï¿½o de Vias;Reta";Sim;0;0
2025-01-03;sexta-feira;12:40:00;PR;369;ARAPONGAS;Acessar a via sem observar a presenï¿½a dos outros veï¿½culos;Colisï¿½o transversal;Com Vï¿½timas Feridas;Pleno dia;Cï¿½u Claro;Simples;"Reta;Interseï¿½ï¿½o de Vias";Sim;0;0
2025-01-03;sexta-feira;13:00:00;SC;101;BIGUACU;Reaï¿½ï¿½o tardia ou ineficiente do condutor;Colisï¿½o traseira;Com Vï¿½timas Feridas;Pleno dia;Sol;Mï¿½ltipla;"Declive;Reta";Sim;0;0
2025-01-03;sexta-feira;12:10:00;MG;381;CAMANDUCAIA;Ausï¿½ncia de reaï¿½ï¿½o do condutor;Colisï¿½o com objeto;Com Vï¿½timas Feridas;Pleno dia;Chuva;Dupla;Reta;Nï¿½o;0;0
2025-01-03;sexta-feira;11:00:00;MG;116;GOVERNADOR VALADARES;Transitar no Acostamento;Colisï¿½o lateral mesmo sentido;Com Vï¿½timas Feridas;Pleno dia;Nublado;Simples;Reta;Sim;0;0
2025-01-03;sexta-feira;13:00:00;PE;428;PETROLINA;Transitar no Acostamento;Colisï¿½o traseira;Com Vï¿½timas Feridas;Pleno dia;Cï¿½u Claro;Dupla;Reta;Sim;0;0
2025-01-03;sexta-feira;13:00:00;PR;116;SAO JOSE DOS PINHAIS;Velocidade Incompatï¿½vel;Capotamento;Sem Vï¿½timas;Pleno dia;Cï¿½u Claro;Dupla;Reta;Nï¿½o;0;0
2025-01-03;sexta-feira;12:20:00;SE;101;ROSARIO DO CATETE;Condutor deixou de manter distï¿½ncia do veï¿½culo da frente;Colisï¿½o traseira;Com Vï¿½timas Feridas;Pleno dia;Cï¿½u Claro;Dupla;Reta;Nï¿½o;0;0
2025-01-03;sexta-feira;10:40:00;MG;267;OLARIA;Ultrapassagem Indevida;Colisï¿½o frontal;Com Vï¿½timas Feridas;Pleno dia;Cï¿½u Claro;Simples;Curva;Nï¿½o;0;0
2025-01-03;sexta-feira;09:30:00;MT;364;JACIARA;Reaï¿½ï¿½o tardia ou ineficiente do condutor;Queda de ocupante de veï¿½culo;Com Vï¿½timas Feridas;Pleno dia;Nublado;Simples;"Declive;Reta";Sim;0;0
2025-01-03;sexta-feira;14:25:00;RJ;40;DUQUE DE CAXIAS;Demais falhas mecï¿½nicas ou elï¿½tricas;Incï¿½ndio;Sem Vï¿½timas;Pleno dia;Nublado;Simples;Curva;Nï¿½o;0;0
2025-01-03;sexta-feira;12:30:00;RN;226;MESSIAS TARGINO;Ultrapassagem Indevida;Saï¿½da de leito carroï¿½ï¿½vel;Com Vï¿½timas Feridas;Pleno dia;Cï¿½u Claro;Simples;Reta;Nï¿½o;0;0
2025-01-03;sexta-feira;07:31:00;MG;381;SANTO ANTONIO DO AMPARO;Reaï¿½ï¿½o tardia ou ineficiente do condutor;Colisï¿½o com objeto;Com Vï¿½timas Feridas;Pleno dia;Nublado;Dupla;Curva;Nï¿½o;0;0
2025-01-03;sexta-feira;15:34:00;PA;230;MARABA;Ausï¿½ncia de reaï¿½ï¿½o do condutor;Colisï¿½o traseira;Com Vï¿½timas Feridas;Pleno dia;Cï¿½u Claro;Simples;Reta;Sim;0;0
2025-01-03;sexta-feira;15:25:00;SC;101;BALNEARIO CAMBORIU;Manobra de mudanï¿½a de faixa;Colisï¿½o lateral mesmo sentido;Com Vï¿½timas Feridas;Pleno dia;Cï¿½u Claro;Dupla;Aclive;Sim;0;0
2025-01-03;sexta-feira;15:30:00;PI;343;CAMPO MAIOR;Condutor deixou de manter distï¿½ncia do veï¿½culo da frente;Colisï¿½o traseira;Com Vï¿½timas Feridas;Pleno dia;Nublado;Simples;Reta;Sim;0;0
2025-01-03;sexta-feira;15:05:00;RJ;116;BELFORD ROXO;Reaï¿½ï¿½o tardia ou ineficiente do condutor;Colisï¿½o traseira;Com Vï¿½timas Feridas;Pleno dia;Nublado;Dupla;Reta;Nï¿½o;0;0
2025-01-03;sexta-feira;15:30:00;PI;316;TERESINA;Acessar a via sem observar a presenï¿½a dos outros veï¿½culos;Colisï¿½o lateral mesmo sentido;Com Vï¿½timas Feridas;Pleno dia;Cï¿½u Claro;Simples;Reta;Sim;0;0
2025-01-03;sexta-feira;14:30:00;RJ;465;SEROPEDICA;Reaï¿½ï¿½o tardia ou ineficiente do condutor;Engavetamento;Sem Vï¿½timas;Pleno dia;Nublado;Simples;Reta;Nï¿½o;0;0