data_inversa;dia_semana;horario;uf;br;municipio;causa_acidente;tipo_acidente;classificacao_acidente;fase_dia;condicao_metereologica;tipo_pista;tracado_via;uso_solo;mortos;acidente_fatal
2025-01-18;sï¿½bado;19:30:00;PI;222;PIRIPIRI;Ingestï¿½o de ï¿½lcool pelo condutor;Saï¿½da de leito carroï¿½ï¿½vel;Com Vï¿½timas Feridas;Plena Noite;Chuva;Simples;Reta;Nï¿½o;0;0
2025-01-18;sï¿½bado;12:00:00;PR;476;SAO MATEUS DO SUL;Ingestï¿½o de ï¿½lcool pelo condutor;Colisï¿½o com objeto;Com Vï¿½timas Feridas;Pleno dia;Cï¿½u Claro;Simples;"Ponte;Reta";Nï¿½o;0;0
2025-01-18;sï¿½bado;22:30:00;SP;116;PARIQUERA-ACU;Animais na Pista;Atropelamento de Animal;Sem Vï¿½timas;Plena Noite;Chuva;Dupla;Reta;Nï¿½o;0;0
2025-01-18;sï¿½bado;19:10:00;RN;226;MACAIBA;Ausï¿½ncia de sinalizaï¿½ï¿½o;Queda de ocupante de veï¿½culo;Com Vï¿½timas Feridas;Plena Noite;Cï¿½u Claro;Simples;Reta;Sim;0;0
2025-01-18;sï¿½bado;22:40:00;PR;277;FOZ DO IGUACU;Ingestï¿½o de ï¿½lcool pelo condutor;Colisï¿½o traseira;Sem Vï¿½timas;Plena Noite;Cï¿½u Claro;Dupla;Reta;Sim;0;0
2025-01-18;sï¿½bado;19:00:00;PB;427;POMBAL;Animais na Pista;Tombamento;Com Vï¿½timas Feridas;Plena Noite;Cï¿½u Claro;Simples;Reta;Nï¿½o;0;0
2025-01-18;sï¿½bado;19:00:00;SC;282;VARGEM;Manobra de mudanï¿½a de faixa;Colisï¿½o transversal;Com Vï¿½timas Feridas;Plena Noite;Cï¿½u Claro;Simples;Reta;Nï¿½o;0;0
2025-01-18;sï¿½bado;21:00:00;RJ;40;DUQUE DE CAXIAS;Manobra de mudanï¿½a de faixa;Colisï¿½o traseira;Com Vï¿½timas Feridas;Pleno dia;Cï¿½u Claro;Dupla;Reta;Nï¿½o;0;0
2025-01-18;sï¿½bado;22:30:00;SP;101;UBATUBA;Acessar a via sem observar a presenï¿½a dos outros veï¿½culos;Colisï¿½o transversal;Com Vï¿½timas Feridas;Plena Noite;Nublado;Simples;Rotatï¿½ria;Sim;0;0
2025-01-18;sï¿½bado;22:35:00;PI;316;TERESINA;Manobra de mudanï¿½a de faixa;Colisï¿½o lateral mesmo sentido;Com Vï¿½timas Feridas;Plena Noite;Nublado;Dupla;Reta;Sim;0;0
2025-01-18;sï¿½bado;22:50:00;PE;101;JABOATAO DOS GUARARAPES;Animais na Pista;Atropelamento de Animal;Com Vï¿½timas Feridas;Plena Noite;Cï¿½u Claro;Dupla;Reta;Sim;0;0
2025-01-18;sï¿½bado;21:40:00;SC;470;IBIRAMA;Ausï¿½ncia de reaï¿½ï¿½o do condutor;Colisï¿½o com objeto;Com Vï¿½timas Feridas;Plena Noite;Ignorado;Dupla;Curva;Nï¿½o;0;0
2025-01-18;sï¿½bado;22:35:00;RJ;116;TERESOPOLIS;Ausï¿½ncia de reaï¿½ï¿½o do condutor;Tombamento;Com Vï¿½timas Feridas;Plena Noite;Cï¿½u Claro;Simples;Curva;Sim;0;0
2025-01-18;sï¿½bado;21:20:00;MA;10;IMPERATRIZ;Animais na Pista;Atropelamento de Animal;Com Vï¿½timas Feridas;Plena Noite;Nublado;Simples;Reta;Nï¿½o;0;0
2025-01-19;domingo;00:15:00;BA;324;FEIRA DE SANTANA;Avarias e/ou desgaste excessivo no pneu;Queda de ocupante de veï¿½culo;Com Vï¿½timas Feridas;Plena Noite;Nublado;Dupla;Reta;Sim;0;0
2025-01-19;domingo;00:43:00;GO;153;PIRACANJUBA;Acessar a via sem observar a presenï¿½a dos outros veï¿½culos;Atropelamento de Pedestre;Com Vï¿½timas Fatais;Plena Noite;Nublado;Dupla;Curva;Nï¿½o;1;1
2025-01-18;sï¿½bado;22:40:00;RS;290;ELDORADO DO SUL;Pedestre andava na pista;Atropelamento de Pedestre;Com Vï¿½timas Fatais;Plena Noite;Cï¿½u Claro;Dupla;Reta;Nï¿½o;1;1
2025-01-18;sï¿½bado;23:21:00;PR;469;FOZ DO IGUACU;Ingestï¿½o de ï¿½lcool pelo condutor;Engavetamento;Sem Vï¿½timas;Plena Noite;Ignorado;Simples;Reta;Sim;0;0
2025-01-19;domingo;00:05:00;PR;277;CURITIBA;Velocidade Incompatï¿½vel;Colisï¿½o traseira;Com Vï¿½timas Feridas;Plena Noite;Nublado;Dupla;Reta;Sim;0;0
2025-01-19;domingo;00:40:00;RS;116;CAXIAS DO SUL;Reaï¿½ï¿½o tardia ou ineficiente do condutor;Saï¿½da de leito carroï¿½ï¿½vel;Com Vï¿½timas Feridas;Plena Noite;Cï¿½u Claro;Simples;Curva;Sim;0;0
2025-01-19;domingo;01:10:00;SC;101;SAO JOSE;Reaï¿½ï¿½o tardia ou ineficiente do condutor;Colisï¿½o traseira;Com Vï¿½timas Feridas;Plena Noite;Nublado;Mï¿½ltipla;Reta;Sim;0;0
2025-01-18;sï¿½bado;21:50:00;PR;153;MALLET;Reaï¿½ï¿½o tardia ou ineficiente do condutor;Saï¿½da de leito carroï¿½ï¿½vel;Sem Vï¿½timas;Plena Noite;Nublado;Simples;"Aclive;Reta";Nï¿½o;0;0
2025-01-19;domingo;01:40:00;BA;407;JUAZEIRO;Condutor usando celular;Colisï¿½o com objeto;Com Vï¿½timas Feridas;Plena Noite;Cï¿½u Claro;Dupla;Reta;Sim;0;0
2025-01-19;domingo;00:30:00;TO;153;GUARAI;Ausï¿½ncia de reaï¿½ï¿½o do condutor;Colisï¿½o traseira;Com Vï¿½timas Feridas;Plena Noite;Cï¿½u Claro;Simples;Reta;Nï¿½o;0;0
2025-01-19;domingo;01:30:00;BA;324;CANDEIAS;Animais na Pista;Atropelamento de Animal;Sem Vï¿½timas;Plena Noite;Cï¿½u Claro;Dupla;Reta;Nï¿½o;0;0
2025-01-19;domingo;01:00:00;MT;364;RONDONOPOLIS;Reaï¿½ï¿½o tardia ou ineficiente do condutor;Colisï¿½o com objeto;Sem Vï¿½timas;Plena Noite;Nublado;Dupla;Interseï¿½ï¿½o de Vias;Nï¿½o;0;0
2025-01-19;domingo;02:00:00;RJ;101;MANGARATIBA;Ingestï¿½o de ï¿½lcool pelo condutor;Colisï¿½o lateral sentido oposto;Com Vï¿½timas Feridas;Plena Noite;Cï¿½u Claro;Simples;Reta;Nï¿½o;0;0
2025-01-19;domingo;00:30:00;RS;285;SANTO ANTONIO DAS MISSOES;Ingestï¿½o de ï¿½lcool pelo condutor;Colisï¿½o frontal;Com Vï¿½timas Feridas;Plena Noite;Cï¿½u Claro;Simples;Reta;Nï¿½o;0;0
2025-01-19;domingo;02:40:00;PR;376;MARIALVA;Animais na Pista;Saï¿½da de leito carroï¿½ï¿½vel;Sem Vï¿½timas;Plena Noite;Cï¿½u Claro;Dupla;Reta;Nï¿½o;0;0
2025-01-19;domingo;03:00:00;SC;282;SANTO AMARO DA IMPERATRIZ;Transitar na contramï¿½o;Colisï¿½o frontal;Sem Vï¿½timas;Plena Noite;Cï¿½u Claro;Simples;Reta;Sim;0;0
2025-01-19;domingo;03:00:00;SP;153;SAO JOSE DO RIO PRETO;Condutor Dormindo;Saï¿½da de leito carroï¿½ï¿½vel;Com Vï¿½timas Feridas;Plena Noite;Nublado;Dupla;Reta;Sim;0;0
2025-01-19;domingo;02:50:00;SP;116;SAO JOSE DOS CAMPOS;Reaï¿½ï¿½o tardia ou ineficiente do condutor;Colisï¿½o com objeto;Com Vï¿½timas Feridas;Plena Noite;Nublado;Dupla;Curva;Sim;0;0
2025-01-19;domingo;03:05:00;PE;232;GRAVATA;Ingestï¿½o de ï¿½lcool pelo condutor;Colisï¿½o transversal;Com Vï¿½timas Feridas;Plena Noite;Cï¿½u Claro;Simples;Rotatï¿½ria;Sim;0;0
2025-01-19;domingo;04:20:00;TO;153;MIRANORTE;Acessar a via sem observar a presenï¿½a dos outros veï¿½culos;Saï¿½da de leito carroï¿½ï¿½vel;Com Vï¿½timas Feridas;Amanhecer;Cï¿½u Claro;Dupla;"Retorno Regulamentado;Reta;Rotatï¿½ria";Nï¿½o;0;0
2025-01-19;domingo;03:40:00;PI;316;TERESINA;Velocidade Incompatï¿½vel;Saï¿½da de leito carroï¿½ï¿½vel;Com Vï¿½timas Fatais;Plena Noite;Cï¿½u Claro;Dupla;Reta;Sim;1;1
2025-01-19;domingo;04:00:00;PB;104;QUEIMADAS;Desrespeitar a preferï¿½ncia no cruzamento;Colisï¿½o transversal;Com Vï¿½timas Feridas;Plena Noite;Nublado;Simples;Interseï¿½ï¿½o de Vias;Sim;0;0
2025-01-19;domingo;04:30:00;RS;116;GUAIBA;Ingestï¿½o de ï¿½lcool pelo condutor;Saï¿½da de leito carroï¿½ï¿½vel;Sem Vï¿½timas;Amanhecer;Nublado;Dupla;"Interseï¿½ï¿½o de Vias;Reta";Nï¿½o;0;0
2025-01-19;domingo;05:35:00;SC;101;PALHOCA;Condutor Dormindo;Colisï¿½o com objeto;Com Vï¿½timas Feridas;Amanhecer;Nublado;Mï¿½ltipla;Reta;Sim;0;0
2025-01-19;domingo;04:30:00;GO;60;ALEXANIA;Reaï¿½ï¿½o tardia ou ineficiente do condutor;Saï¿½da de leito carroï¿½ï¿½vel;Com Vï¿½timas Feridas;Plena Noite;Nublado;Dupla;Reta;Nï¿½o;0;0
2025-01-19;domingo;05:45:00;SP;116;SAO PAULO;Ingestï¿½o de ï¿½lcool pelo condutor;Colisï¿½o com objeto;Com Vï¿½timas Feridas;Amanhecer;Nublado;Mï¿½ltipla;"Aclive;Reta";Sim;0;0
2025-01-19;domingo;04:30:00;MG;50;UBERABA;Reaï¿½ï¿½o tardia ou ineficiente do condutor;Colisï¿½o com objeto;Com Vï¿½timas Feridas;Amanhecer;Cï¿½u Claro;Dupla;Reta;Nï¿½o;0;0
2025-01-19;domingo;06:20:00;SP;381;SAO PAULO;Reaï¿½ï¿½o tardia ou ineficiente do condutor;Colisï¿½o traseira;Com Vï¿½timas Feridas;Pleno dia;Cï¿½u Claro;Mï¿½ltipla;Reta;Nï¿½o;0;0
2025-01-19;domingo;05:16:00;DF;70;BRASILIA;Ausï¿½ncia de reaï¿½ï¿½o do condutor;Colisï¿½o lateral mesmo sentido;Com Vï¿½timas Feridas;Amanhecer;Chuva;Dupla;Reta;Sim;0;0
2025-01-19;domingo;06:20:00;ES;101;JOAO NEIVA;Ultrapassagem Indevida;Colisï¿½o lateral mesmo sentido;Com Vï¿½timas Feridas;Pleno dia;Cï¿½u Claro;Simples;Curva;Nï¿½o;0;0
2025-01-18;sï¿½bado;23:15:00;CE;403;BELA CRUZ;Acessar a via sem observar a presenï¿½a dos outros veï¿½culos;Atropelamento de Pedestre;Com Vï¿½timas Fatais;Plena Noite;Cï¿½u Claro;Simples;Reta;Sim;1;1
2025-01-19;domingo;06:20:00;MG;153;COMENDADOR GOMES;Reaï¿½ï¿½o tardia ou ineficiente do condutor;Saï¿½da de leito carroï¿½ï¿½vel;Sem Vï¿½timas;Amanhecer;Cï¿½u Claro;Simples;"Declive;Reta";Nï¿½o;0;0
2025-01-19;domingo;07:00:00;DF;40;BRASILIA;Ausï¿½ncia de reaï¿½ï¿½o do condutor;Saï¿½da de leito carroï¿½ï¿½vel;Sem Vï¿½timas;Amanhecer;Nublado;Dupla;Reta;Sim;0;0
2025-01-19;domingo;06:50:00;SP;116;SAO LOURENCO DA SERRA;Velocidade Incompatï¿½vel;Colisï¿½o com objeto;Com Vï¿½timas Feridas;Pleno dia;Cï¿½u Claro;Simples;Reta;Nï¿½o;0;0
2025-01-19;domingo;06:15:00;RJ;393;VASSOURAS;Condutor Dormindo;Colisï¿½o frontal;Com Vï¿½timas Feridas;Pleno dia;Cï¿½u Claro;Simples;Reta;Sim;0;0
2025-01-19;domingo;05:40:00;MG;262;MATIPO;Mal sï¿½bito do condutor;Saï¿½da de leito carroï¿½ï¿½vel;Com Vï¿½timas Feridas;Amanhecer;Cï¿½u Claro;Simples;"Reta;Declive";Nï¿½o;0;0
2025-01-19;domingo;06:45:00;RJ;465;NOVA IGUACU;Transitar na contramï¿½o;Colisï¿½o frontal;Com Vï¿½timas Feridas;Pleno dia;Cï¿½u Claro;Simples;Reta;Sim;0;0
2025-01-19;domingo;01:30:00;MS;163;ELDORADO;Reaï¿½ï¿½o tardia ou ineficiente do condutor;Colisï¿½o com objeto;Sem Vï¿½timas;Plena Noite;Cï¿½u Claro;Simples;Reta;Nï¿½o;0;0
2025-01-19;domingo;08:00:00;RN;101;PARNAMIRIM;Acumulo de ï¿½gua sobre o pavimento;Tombamento;Com Vï¿½timas Feridas;Pleno dia;Chuva;Dupla;"Declive;Reta";Sim;0;0
2025-01-19;domingo;06:58:00;MS;376;FATIMA DO SUL;Ausï¿½ncia de reaï¿½ï¿½o do condutor;Saï¿½da de leito carroï¿½ï¿½vel;Com Vï¿½timas Feridas;Amanhecer;Cï¿½u Claro;Simples;Reta;Nï¿½o;0;0
2025-01-19;domingo;08:30:00;BA;110;RIBEIRA DO POMBAL;Ingestï¿½o de ï¿½lcool pelo condutor;Colisï¿½o lateral sentido oposto;Com Vï¿½timas Feridas;Pleno dia;Cï¿½u Claro;Simples;Reta;Nï¿½o;0;0
2025-01-19;domingo;07:00:00;MT;174;PONTES E LACERDA;Ingestï¿½o de ï¿½lcool pelo condutor;Saï¿½da de leito carroï¿½ï¿½vel;Sem Vï¿½timas;Pleno dia;Cï¿½u Claro;Simples;"Aclive;Reta";Nï¿½o;0;0
2025-01-19;domingo;08:40:00;RS;116;NOVO HAMBURGO;Ausï¿½ncia de reaï¿½ï¿½o do condutor;Colisï¿½o traseira;Com Vï¿½timas Feridas;Pleno dia;Cï¿½u Claro;Dupla;"Reta;Viaduto";Sim;0;0
2025-01-19;domingo;03:15:00;RJ;40;DUQUE DE CAXIAS;Velocidade Incompatï¿½vel;Capotamento;Sem Vï¿½timas;Plena Noite;Cï¿½u Claro;Dupla;Curva;Nï¿½o;0;0
2025-01-19;domingo;06:35:00;AC;317;CAPIXABA;Reaï¿½ï¿½o tardia ou ineficiente do condutor;Queda de ocupante de veï¿½culo;Com Vï¿½timas Feridas;Pleno dia;Nublado;Simples;Curva;Nï¿½o;0;0
2025-01-19;domingo;05:00:00;PR;369;ARAPONGAS;Velocidade Incompatï¿½vel;Saï¿½da de leito carroï¿½ï¿½vel;Sem Vï¿½timas;Plena Noite;Nublado;Dupla;Reta;Nï¿½o;0;0
2025-01-19;domingo;07:40:00;RS;290;GRAVATAI;Manobra de mudanï¿½a de faixa;Colisï¿½o com objeto;Com Vï¿½timas Feridas;Pleno dia;Sol;Dupla;Reta;Sim;0;0
2025-01-19;domingo;08:00:00;DF;20;BRASILIA;Velocidade Incompatï¿½vel;Saï¿½da de leito carroï¿½ï¿½vel;Com Vï¿½timas Feridas;Pleno dia;Cï¿½u Claro;Dupla;Reta;Nï¿½o;0;0
2025-01-19;domingo;08:45:00;PR;116;CAMPINA GRANDE DO SUL;Reaï¿½ï¿½o tardia ou ineficiente do condutor;Saï¿½da de leito carroï¿½ï¿½vel;Sem Vï¿½timas;Pleno dia;Chuva;Dupla;"Curva;Interseï¿½ï¿½o de Vias";Sim;0;0
2025-01-19;domingo;07:00:00;SC;470;ILHOTA;Manobra de mudanï¿½a de faixa;Colisï¿½o lateral mesmo sentido;Com Vï¿½timas Feridas;Pleno dia;Cï¿½u Claro;Dupla;Curva;Nï¿½o;0;0
2025-01-19;domingo;07:50:00;PR;153;GENERAL CARNEIRO;Reaï¿½ï¿½o tardia ou ineficiente do condutor;Capotamento;Sem Vï¿½timas;Pleno dia;Sol;Simples;Reta;Nï¿½o;0;0
2025-01-19;domingo;10:10:00;CE;116;RUSSAS;Acessar a via sem observar a presenï¿½a dos outros veï¿½culos;Colisï¿½o transversal;Com Vï¿½timas Feridas;Pleno dia;Nublado;Simples;Reta;Sim;0;0
2025-01-19;domingo;09:43:00;PB;101;MATARACA;Velocidade Incompatï¿½vel;Colisï¿½o com objeto;Com Vï¿½timas Feridas;Pleno dia;Garoa/Chuvisco;Dupla;"Reta;Interseï¿½ï¿½o de Vias";Nï¿½o;0;0
2025-01-19;domingo;10:30:00;PR;476;CURITIBA;Velocidade Incompatï¿½vel;Saï¿½da de leito carroï¿½ï¿½vel;Sem Vï¿½timas;Pleno dia;Chuva;Dupla;Curva;Nï¿½o;0;0
2025-01-19;domingo;11:00:00;PR;116;FAZENDA RIO GRANDE;Condutor desrespeitou a iluminaï¿½ï¿½o vermelha do semï¿½foro;Colisï¿½o transversal;Com Vï¿½timas Feridas;Pleno dia;Nublado;Dupla;"Retorno Regulamentado;Interseï¿½ï¿½o de Vias";Sim;0;0
2025-01-19;domingo;11:30:00;PR;277;CAMPO LARGO;Reaï¿½ï¿½o tardia ou ineficiente do condutor;Colisï¿½o com objeto;Sem Vï¿½timas;Pleno dia;Chuva;Dupla;Curva;Nï¿½o;0;0
2025-01-19;domingo;11:20:00;RJ;101;SAO GONCALO;Avarias e/ou desgaste excessivo no pneu;Tombamento;Com Vï¿½timas Feridas;Pleno dia;Cï¿½u Claro;Dupla;Reta;Sim;0;0
2025-01-19;domingo;10:05:00;PR;163;PLANALTO;Acessar a via sem observar a presenï¿½a dos outros veï¿½culos;Colisï¿½o transversal;Sem Vï¿½timas;Pleno dia;Cï¿½u Claro;Simples;"Interseï¿½ï¿½o de Vias;Reta";Nï¿½o;0;0
2025-01-19;domingo;11:30:00;SE;235;NOSSA SENHORA DO SOCORRO;Condutor deixou de manter distï¿½ncia do veï¿½culo da frente;Colisï¿½o traseira;Com Vï¿½timas Feridas;Pleno dia;Cï¿½u Claro;Dupla;Reta;Sim;0;0
2025-01-19;domingo;08:39:00;SP;116;ITAPECERICA DA SERRA;Reaï¿½ï¿½o tardia ou ineficiente do condutor;Colisï¿½o com objeto;Sem Vï¿½timas;Pleno dia;Cï¿½u Claro;Dupla;Reta;Sim;0;0
2025-01-19;domingo;10:30:00;SC;470;NAVEGANTES;Acessar a via sem observar a presenï¿½a dos outros veï¿½culos;Colisï¿½o transversal;Com Vï¿½timas Feridas;Pleno dia;Cï¿½u Claro;Simples;Interseï¿½ï¿½o de Vias;Nï¿½o;0;0
2025-01-19;domingo;11:10:00;SC;101;PENHA;Reaï¿½ï¿½o tardia ou ineficiente do condutor;Colisï¿½o traseira;Sem Vï¿½timas;Pleno dia;Cï¿½u Claro;Dupla;Reta;Nï¿½o;0;0
2025-01-19;domingo;11:30:00;MG;381;ESTIVA;Manobra de mudanï¿½a de faixa;Colisï¿½o lateral mesmo sentido;Com Vï¿½timas Feridas;Pleno dia;Cï¿½u Claro;Dupla;Curva;Nï¿½o;0;0
2025-01-19;domingo;12:20:00;PR;116;CAMPINA GRANDE DO SUL;Chuva;Colisï¿½o com objeto;Com Vï¿½timas Feridas;Pleno dia;Chuva;Mï¿½ltipla;"Aclive;Curva";Nï¿½o;0;0
2025-01-19;domingo;11:20:00;PE;232;JABOATAO DOS GUARARAPES;Desrespeitar a preferï¿½ncia no cruzamento;Colisï¿½o transversal;Com Vï¿½timas Feridas;Pleno dia;Cï¿½u Claro;Simples;Curva;Sim;0;0
2025-01-19;domingo;12:55:00;SC;101;BIGUACU;Objeto estï¿½tico sobre o leito carroï¿½ï¿½vel;Colisï¿½o com objeto;Com Vï¿½timas Feridas;Pleno dia;Cï¿½u Claro;Dupla;Reta;Sim;0;0
2025-01-19;domingo;09:30:00;GO;60;ABADIA DE GOIAS;Acessar a via sem observar a presenï¿½a dos outros veï¿½culos;Saï¿½da de leito carroï¿½ï¿½vel;Sem Vï¿½timas;Pleno dia;Garoa/Chuvisco;Dupla;Declive;Nï¿½o;0;0
2025-01-19;domingo;09:30:00;PR;376;TIBAGI;Velocidade Incompatï¿½vel;Saï¿½da de leito carroï¿½ï¿½vel;Com Vï¿½timas Feridas;Pleno dia;Chuva;Dupla;"Declive;Curva";Nï¿½o;0;0
2025-01-19;domingo;12:20:00;RS;116;MORRO REUTER;Ausï¿½ncia de reaï¿½ï¿½o do condutor;Colisï¿½o lateral mesmo sentido;Com Vï¿½timas Feridas;Pleno dia;Sol;Simples;Rotatï¿½ria;Nï¿½o;0;0
2025-01-19;domingo;12:30:00;PR;116;CAMPINA GRANDE DO SUL;Chuva;Colisï¿½o com objeto;Com Vï¿½timas Feridas;Pleno dia;Chuva;Dupla;Curva;Nï¿½o;0;0
2025-01-19;domingo;10:45:00;SC;282;CATANDUVAS;Ausï¿½ncia de reaï¿½ï¿½o do condutor;Capotamento;Com Vï¿½timas Feridas;Pleno dia;Sol;Simples;"Aclive;Curva";Nï¿½o;0;0
2025-01-19;domingo;12:50:00;PR;277;GUARAPUAVA;Ausï¿½ncia de reaï¿½ï¿½o do condutor;Saï¿½da de leito carroï¿½ï¿½vel;Sem Vï¿½timas;Pleno dia;Nublado;Dupla;"Aclive;Curva";Nï¿½o;0;0
2025-01-19;domingo;12:15:00;PR;116;CAMPINA GRANDE DO SUL;Chuva;Saï¿½da de leito carroï¿½ï¿½vel;Sem Vï¿½timas;Pleno dia;Chuva;Dupla;Curva;Nï¿½o;0;0
2025-01-19;domingo;13:23:00;PE;408;RECIFE;Mal sï¿½bito do condutor;Saï¿½da de leito carroï¿½ï¿½vel;Com Vï¿½timas Feridas;Pleno dia;Sol;Dupla;Reta;Nï¿½o;0;0
2025-01-19;domingo;09:00:00;RJ;101;ANGRA DOS REIS;Ausï¿½ncia de reaï¿½ï¿½o do condutor;Colisï¿½o traseira;Com Vï¿½timas Feridas;Pleno dia;Sol;Simples;Curva;Sim;0;0
2025-01-19;domingo;13:50:00;MG;40;CARANDAI;Condutor Dormindo;Saï¿½da de leito carroï¿½ï¿½vel;Com Vï¿½timas Feridas;Pleno dia;Cï¿½u Claro;Simples;Curva;Nï¿½o;0;0
2025-01-19;domingo;10:20:00;BA;116;VITORIA DA CONQUISTA;Manobra de mudanï¿½a de faixa;Colisï¿½o lateral mesmo sentido;Com Vï¿½timas Feridas;Pleno dia;Nublado;Simples;Reta;Sim;0;0
2025-01-19;domingo;12:30:00;MS;267;BATAGUASSU;Demais falhas mecï¿½nicas ou elï¿½tricas;Queda de ocupante de veï¿½culo;Com Vï¿½timas Feridas;Pleno dia;Sol;Simples;Reta;Nï¿½o;0;0
2025-01-19;domingo;15:25:00;SP;116;GUARULHOS;Velocidade Incompatï¿½vel;Colisï¿½o traseira;Sem Vï¿½timas;Pleno dia;Cï¿½u Claro;Simples;Reta;Sim;0;0
2025-01-19;domingo;15:40:00;MG;381;BETIM;Condutor deixou de manter distï¿½ncia do veï¿½culo da frente;Colisï¿½o traseira;Com Vï¿½timas Feridas;Pleno dia;Cï¿½u Claro;Dupla;"Declive;Reta";Sim;0;0
2025-01-19;domingo;15:50:00;PA;316;CASTANHAL;Ausï¿½ncia de reaï¿½ï¿½o do condutor;Colisï¿½o traseira;Com Vï¿½timas Feridas;Pleno dia;Nublado;Dupla;Reta;Sim;0;0
2025-01-19;domingo;12:43:00;AM;319;HUMAITA;Problema com o freio;Saï¿½da de leito carroï¿½ï¿½vel;Com Vï¿½timas Feridas;Pleno dia;Cï¿½u Claro;Simples;Reta;Nï¿½o;0;0
2025-01-19;domingo;16:15:00;SP;381;VARGEM;Acumulo de ï¿½gua sobre o pavimento;Queda de ocupante de veï¿½culo;Com Vï¿½timas Feridas;Pleno dia;Nublado;Dupla;"Curva;Interseï¿½ï¿½o de Vias";Sim;0;0
2025-01-19;domingo;13:47:00;GO;153;GOIATUBA;Acumulo de ï¿½gua sobre o pavimento;Tombamento;Com Vï¿½timas Feridas;Pleno dia;Chuva;Simples;Viaduto;Nï¿½o;0;0
2025-01-19;domingo;15:08:00;SP;116;TAUBATE;Manobra de mudanï¿½a de faixa;Colisï¿½o lateral mesmo sentido;Com Vï¿½timas Feridas;Pleno dia;Nublado;Dupla;Reta;Sim;0;0
2025-01-19;domingo;15:00:00;PI;316;VALENCA DO PIAUI;Reaï¿½ï¿½o tardia ou ineficiente do condutor;Queda de ocupante de veï¿½culo;Com Vï¿½timas Feridas;Pleno dia;Garoa/Chuvisco;Simples;Reta;Nï¿½o;0;0
2025-01-19;domingo;16:10:00;RN;110;AUGUSTO SEVERO;Pista Escorregadia;Capotamento;Com Vï¿½timas Feridas;Pleno dia;Chuva;Simples;Curva;Nï¿½o;0;0
2025-01-19;domingo;15:55:00;SC;470;RIO DO SUL;Ingestï¿½o de ï¿½lcool pelo condutor;Tombamento;Com Vï¿½timas Feridas;Pleno dia;Cï¿½u Claro;Simples;Reta;Sim;0;0
2025-01-19;domingo;15:00:00;MG;381;CAMBUI;Velocidade Incompatï¿½vel;Saï¿½da de leito carroï¿½ï¿½vel;Com Vï¿½timas Feridas;Pleno dia;Chuva;Dupla;"Curva;Declive";Nï¿½o;0;0
2025-01-19;domingo;16:20:00;RS;290;ELDORADO DO SUL;Reaï¿½ï¿½o tardia ou ineficiente do condutor;Colisï¿½o frontal;Com Vï¿½timas Feridas;Pleno dia;Sol;Simples;Reta;Nï¿½o;0;0
2025-01-19;domingo;16:45:00;RS;290;OSORIO;Reaï¿½ï¿½o tardia ou ineficiente do condutor;Colisï¿½o traseira;Sem Vï¿½timas;Pleno dia;Cï¿½u Claro;Mï¿½ltipla;Reta;Nï¿½o;0;0
2025-01-19;domingo;16:40:00;PB;101;MAMANGUAPE;Demais falhas mecï¿½nicas ou elï¿½tricas;Colisï¿½o lateral mesmo sentido;Com Vï¿½timas Feridas;Pleno dia;Cï¿½u Claro;Dupla;Reta;Nï¿½o;0;0
2025-01-19;domingo;14:15:00;PR;376;TIBAGI;Chuva;Saï¿½da de leito carroï¿½ï¿½vel;Com Vï¿½timas Feridas;Pleno dia;Chuva;Dupla;"Curva;Declive";Nï¿½o;0;0
2025-01-19;domingo;16:31:00;PE;104;CARUARU;Ausï¿½ncia de reaï¿½ï¿½o do condutor;Colisï¿½o traseira;Com Vï¿½timas Feridas;Pleno dia;Cï¿½u Claro;Dupla;Reta;Sim;0;0
2025-01-19;domingo;17:00:00;MG;381;BETIM;Ausï¿½ncia de reaï¿½ï¿½o do condutor;Engavetamento;Com Vï¿½timas Feridas;Pleno dia;Cï¿½u Claro;Dupla;"Aclive;Reta";Nï¿½o;0;0
2025-01-19;domingo;16:55:00;MA;10;IMPERATRIZ;Ingestï¿½o de ï¿½lcool pelo condutor;Tombamento;Com Vï¿½timas Feridas;Pleno dia;Cï¿½u Claro;Simples;"Reta;Declive";Sim;0;0
2025-01-19;domingo;15:30:00;MG;381;CAMANDUCAIA;Velocidade Incompatï¿½vel;Colisï¿½o com objeto;Com Vï¿½timas Feridas;Pleno dia;Chuva;Dupla;Curva;Nï¿½o;0;0
2025-01-19;domingo;17:10:00;RJ;101;MANGARATIBA;Transitar no Acostamento;Colisï¿½o transversal;Com Vï¿½timas Feridas;Pleno dia;Cï¿½u Claro;Dupla;"Retorno Regulamentado;Interseï¿½ï¿½o de Vias;Reta;Rotatï¿½ria";Nï¿½o;0;0
2025-01-19;domingo;17:00:00;RJ;40;TRES RIOS;Velocidade Incompatï¿½vel;Colisï¿½o com objeto;Com Vï¿½timas Feridas;Pleno dia;Cï¿½u Claro;Dupla;"Reta;Declive";Sim;0;0
2025-01-19;domingo;13:00:00;SC;470;IBIRAMA;Reaï¿½ï¿½o tardia ou ineficiente do condutor;Queda de ocupante de veï¿½culo;Com Vï¿½timas Feridas;Pleno dia;Cï¿½u Claro;Simples;Curva;Nï¿½o;0;0
2025-01-19;domingo;17:12:00;PB;230;JOAO PESSOA;Trafegar com motocicleta (ou similar) entre as faixas;Colisï¿½o traseira;Com Vï¿½timas Feridas;Anoitecer;Nublado;Dupla;Reta;Sim;0;0
2025-01-19;domingo;17:59:00;PB;101;JOAO PESSOA;Ingestï¿½o de ï¿½lcool pelo condutor;Colisï¿½o lateral mesmo sentido;Com Vï¿½timas Feridas;Plena Noite;Cï¿½u Claro;Dupla;Reta;Sim;0;0