data_inversa;dia_semana;horario;uf;br;municipio;causa_acidente;tipo_acidente;classificacao_acidente;fase_dia;condicao_metereologica;tipo_pista;tracado_via;uso_solo;mortos;acidente_fatal
2025-01-20;segunda-feira;11:45:00;ES;101;SERRA;Velocidade Incompatï¿½vel;Colisï¿½o traseira;Com Vï¿½timas Feridas;Pleno dia;Sol;Dupla;"Reta;Aclive";Sim;0;0
2025-01-20;segunda-feira;09:10:00;MG;116;MANHUACU;Velocidade Incompatï¿½vel;Saï¿½da de leito carroï¿½ï¿½vel;Com Vï¿½timas Feridas;Pleno dia;Cï¿½u Claro;Simples;Curva;Nï¿½o;0;0
2025-01-20;segunda-feira;12:03:00;RN;101;NATAL;Problema com o freio;Colisï¿½o traseira;Com Vï¿½timas Feridas;Pleno dia;Sol;Dupla;"Reta;Interseï¿½ï¿½o de Vias";Sim;0;0
2025-01-20;segunda-feira;08:00:00;SC;282;VARGEM;Ausï¿½ncia de reaï¿½ï¿½o do condutor;Colisï¿½o frontal;Com Vï¿½timas Fatais;Pleno dia;Cï¿½u Claro;Simples;Curva;Nï¿½o;1;1
2025-01-20;segunda-feira;12:20:00;DF;70;BRASILIA;Demais falhas mecï¿½nicas ou elï¿½tricas;Queda de ocupante de veï¿½culo;Com Vï¿½timas Feridas;Pleno dia;Sol;Dupla;Reta;Sim;0;0
2025-01-20;segunda-feira;12:40:00;BA;135;BARREIRAS;Acessar a via sem observar a presenï¿½a dos outros veï¿½culos;Colisï¿½o frontal;Com Vï¿½timas Feridas;Pleno dia;Cï¿½u Claro;Simples;Reta;Nï¿½o;0;0
2025-01-20;segunda-feira;11:20:00;RS;290;CACHOEIRA DO SUL;Reaï¿½ï¿½o tardia ou ineficiente do condutor;Engavetamento;Com Vï¿½timas Feridas;Pleno dia;Cï¿½u Claro;Simples;"Reta;Em Obras";Nï¿½o;0;0
2025-01-20;segunda-feira;12:30:00;SP;153;UBARANA;Manobra de mudanï¿½a de faixa;Saï¿½da de leito carroï¿½ï¿½vel;Com Vï¿½timas Feridas;Pleno dia;Sol;Simples;Reta;Nï¿½o;0;0
2025-01-20;segunda-feira;13:15:00;GO;153;ANAPOLIS;Avarias e/ou desgaste excessivo no pneu;Tombamento;Com Vï¿½timas Feridas;Pleno dia;Cï¿½u Claro;Dupla;"Reta;Aclive";Sim;0;0
2025-01-20;segunda-feira;12:28:00;PE;232;RECIFE;Condutor deixou de manter distï¿½ncia do veï¿½culo da frente;Colisï¿½o traseira;Com Vï¿½timas Feridas;Pleno dia;Cï¿½u Claro;Dupla;Reta;Nï¿½o;0;0
2025-01-20;segunda-feira;13:10:00;PI;135;BOM JESUS;Pista Escorregadia;Saï¿½da de leito carroï¿½ï¿½vel;Sem Vï¿½timas;Pleno dia;Chuva;Simples;"Curva;Declive";Nï¿½o;0;0
2025-01-20;segunda-feira;13:15:00;PB;101;PEDRAS DE FOGO;Ausï¿½ncia de reaï¿½ï¿½o do condutor;Colisï¿½o com objeto;Com Vï¿½timas Feridas;Pleno dia;Cï¿½u Claro;Dupla;"Reta;Ponte;Declive";Nï¿½o;0;0
2025-01-20;segunda-feira;13:15:00;MT;70;BARRA DO GARCAS;Reaï¿½ï¿½o tardia ou ineficiente do condutor;Colisï¿½o lateral mesmo sentido;Com Vï¿½timas Feridas;Pleno dia;Sol;Simples;Reta;Sim;0;0
2025-01-20;segunda-feira;10:45:00;RO;364;VILHENA;Acessar a via sem observar a presenï¿½a dos outros veï¿½culos;Colisï¿½o traseira;Com Vï¿½timas Feridas;Pleno dia;Garoa/Chuvisco;Simples;Reta;Sim;0;0
2025-01-20;segunda-feira;09:50:00;PI;343;TERESINA;Condutor deixou de manter distï¿½ncia do veï¿½culo da frente;Colisï¿½o traseira;Sem Vï¿½timas;Pleno dia;Cï¿½u Claro;Simples;Reta;Nï¿½o;0;0
2025-01-20;segunda-feira;13:00:00;PR;116;CURITIBA;Acessar a via sem observar a presenï¿½a dos outros veï¿½culos;Colisï¿½o com objeto;Com Vï¿½timas Feridas;Pleno dia;Garoa/Chuvisco;Mï¿½ltipla;Reta;Sim;0;0
2025-01-20;segunda-feira;11:15:00;RJ;101;MANGARATIBA;Condutor deixou de manter distï¿½ncia do veï¿½culo da frente;Colisï¿½o traseira;Sem Vï¿½timas;Pleno dia;Cï¿½u Claro;Dupla;Reta;Nï¿½o;0;0
2025-01-20;segunda-feira;13:20:00;PR;373;CORONEL VIVIDA;Desrespeitar a preferï¿½ncia no cruzamento;Colisï¿½o transversal;Com Vï¿½timas Feridas;Pleno dia;Cï¿½u Claro;Simples;Reta;Nï¿½o;0;0
2025-01-20;segunda-feira;14:15:00;SP;116;SAO JOSE DOS CAMPOS;Ausï¿½ncia de reaï¿½ï¿½o do condutor;Colisï¿½o traseira;Com Vï¿½timas Feridas;Pleno dia;Sol;Dupla;Reta;Sim;0;0
2025-01-20;segunda-feira;12:50:00;RJ;40;DUQUE DE CAXIAS;Acessar a via sem observar a presenï¿½a dos outros veï¿½culos;Colisï¿½o lateral mesmo sentido;Com Vï¿½timas Feridas;Pleno dia;Cï¿½u Claro;Mï¿½ltipla;Reta;Sim;0;0
2025-01-20;segunda-feira;14:05:00;SP;116;GUARULHOS;Carga excessiva e/ou mal acondicionada;Tombamento;Com Vï¿½timas Feridas;Pleno dia;Sol;Mï¿½ltipla;"Declive;Reta";Sim;0;0
2025-01-20;segunda-feira;14:20:00;SC;101;SAO JOSE;Ausï¿½ncia de reaï¿½ï¿½o do condutor;Colisï¿½o traseira;Com Vï¿½timas Feridas;Pleno dia;Cï¿½u Claro;Dupla;"Reta;Interseï¿½ï¿½o de Vias";Sim;0;0
2025-01-20;segunda-feira;14:30:00;SC;101;ITAJAI;Ausï¿½ncia de reaï¿½ï¿½o do condutor;Tombamento;Com Vï¿½timas Feridas;Pleno dia;Sol;Dupla;Reta;Nï¿½o;0;0
2025-01-20;segunda-feira;14:40:00;SC;101;BALNEARIO CAMBORIU;Acessar a via sem observar a presenï¿½a dos outros veï¿½culos;Colisï¿½o transversal;Com Vï¿½timas Feridas;Pleno dia;Cï¿½u Claro;Mï¿½ltipla;Reta;Sim;0;0
2025-01-20;segunda-feira;13:20:00;PR;376;IMBAU;Velocidade Incompatï¿½vel;Colisï¿½o com objeto;Com Vï¿½timas Feridas;Pleno dia;Chuva;Dupla;"Reta;Declive";Nï¿½o;0;0
2025-01-20;segunda-feira;13:12:00;BA;367;PORTO SEGURO;Acessar a via sem observar a presenï¿½a dos outros veï¿½culos;Colisï¿½o transversal;Com Vï¿½timas Feridas;Pleno dia;Cï¿½u Claro;Simples;Reta;Sim;0;0
2025-01-20;segunda-feira;14:40:00;DF;20;BRASILIA;Reaï¿½ï¿½o tardia ou ineficiente do condutor;Colisï¿½o lateral mesmo sentido;Com Vï¿½timas Feridas;Pleno dia;Cï¿½u Claro;Dupla;"Reta;Aclive";Sim;0;0
2025-01-20;segunda-feira;14:20:00;DF;20;BRASILIA;Entrada inopinada do pedestre;Atropelamento de Pedestre;Com Vï¿½timas Feridas;Pleno dia;Cï¿½u Claro;Dupla;Reta;Nï¿½o;0;0
2025-01-20;segunda-feira;12:30:00;MT;163;DIAMANTINO;Velocidade Incompatï¿½vel;Saï¿½da de leito carroï¿½ï¿½vel;Com Vï¿½timas Feridas;Pleno dia;Nublado;Dupla;Curva;Nï¿½o;0;0
2025-01-20;segunda-feira;15:05:00;SC;282;XAXIM;Condutor deixou de manter distï¿½ncia do veï¿½culo da frente;Colisï¿½o traseira;Com Vï¿½timas Feridas;Pleno dia;Cï¿½u Claro;Simples;Reta;Nï¿½o;0;0
2025-01-20;segunda-feira;15:00:00;SC;280;GUARAMIRIM;Manobra de mudanï¿½a de faixa;Tombamento;Com Vï¿½timas Feridas;Pleno dia;Cï¿½u Claro;Simples;"Reta;Rotatï¿½ria";Sim;0;0
2025-01-20;segunda-feira;14:25:00;SC;153;IRANI;Ausï¿½ncia de reaï¿½ï¿½o do condutor;Saï¿½da de leito carroï¿½ï¿½vel;Com Vï¿½timas Feridas;Pleno dia;Cï¿½u Claro;Simples;"Aclive;Curva";Nï¿½o;0;0
2025-01-20;segunda-feira;14:50:00;PR;376;CURITIBA;Ausï¿½ncia de reaï¿½ï¿½o do condutor;Colisï¿½o traseira;Com Vï¿½timas Feridas;Pleno dia;Chuva;Dupla;Reta;Nï¿½o;0;0
2025-01-20;segunda-feira;07:55:00;PR;116;CURITIBA;Acessar a via sem observar a presenï¿½a dos outros veï¿½culos;Colisï¿½o lateral mesmo sentido;Sem Vï¿½timas;Pleno dia;Cï¿½u Claro;Dupla;Reta;Sim;0;0
2025-01-20;segunda-feira;15:49:00;PE;101;IGARASSU;Condutor deixou de manter distï¿½ncia do veï¿½culo da frente;Colisï¿½o traseira;Com Vï¿½timas Feridas;Pleno dia;Cï¿½u Claro;Mï¿½ltipla;Reta;Nï¿½o;0;0
2025-01-20;segunda-feira;16:20:00;MA;10;IMPERATRIZ;Acessar a via sem observar a presenï¿½a dos outros veï¿½culos;Colisï¿½o transversal;Sem Vï¿½timas;Pleno dia;Cï¿½u Claro;Simples;Reta;Sim;0;0
2025-01-20;segunda-feira;17:00:00;RJ;101;ANGRA DOS REIS;Condutor deixou de manter distï¿½ncia do veï¿½culo da frente;Colisï¿½o traseira;Sem Vï¿½timas;Pleno dia;Garoa/Chuvisco;Simples;"Reta;Aclive";Nï¿½o;0;0
2025-01-20;segunda-feira;16:30:00;RJ;101;SILVA JARDIM;Condutor Dormindo;Saï¿½da de leito carroï¿½ï¿½vel;Com Vï¿½timas Feridas;Pleno dia;Cï¿½u Claro;Dupla;Reta;Nï¿½o;0;0
2025-01-20;segunda-feira;16:25:00;PE;101;RECIFE;Condutor deixou de manter distï¿½ncia do veï¿½culo da frente;Colisï¿½o traseira;Sem Vï¿½timas;Pleno dia;Cï¿½u Claro;Mï¿½ltipla;Reta;Sim;0;0
2025-01-20;segunda-feira;16:15:00;RS;290;CACHOEIRA DO SUL;Demais falhas mecï¿½nicas ou elï¿½tricas;Incï¿½ndio;Sem Vï¿½timas;Pleno dia;Sol;Simples;Reta;Nï¿½o;0;0
2025-01-20;segunda-feira;16:55:00;BA;116;PLANALTO;Acessar a via sem observar a presenï¿½a dos outros veï¿½culos;Colisï¿½o transversal;Com Vï¿½timas Feridas;Pleno dia;Cï¿½u Claro;Simples;Aclive;Nï¿½o;0;0
2025-01-20;segunda-feira;13:45:00;SC;101;ITAJAI;Ausï¿½ncia de reaï¿½ï¿½o do condutor;Tombamento;Com Vï¿½timas Feridas;Pleno dia;Sol;Dupla;Reta;Nï¿½o;0;0
2025-01-20;segunda-feira;17:30:00;PI;343;PARNAIBA;Acessar a via sem observar a presenï¿½a dos outros veï¿½culos;Atropelamento de Pedestre;Com Vï¿½timas Fatais;Pleno dia;Cï¿½u Claro;Simples;Reta;Nï¿½o;1;1
2025-01-20;segunda-feira;16:55:00;SC;280;ARAQUARI;Transitar no Acostamento;Colisï¿½o transversal;Com Vï¿½timas Feridas;Pleno dia;Cï¿½u Claro;Simples;Reta;Nï¿½o;0;0
2025-01-20;segunda-feira;17:50:00;RS;386;LAJEADO;Manobra de mudanï¿½a de faixa;Colisï¿½o lateral mesmo sentido;Com Vï¿½timas Feridas;Pleno dia;Cï¿½u Claro;Dupla;"Reta;Ponte";Sim;0;0
2025-01-20;segunda-feira;13:45:00;RJ;101;SAO GONCALO;Reaï¿½ï¿½o tardia ou ineficiente do condutor;Queda de ocupante de veï¿½culo;Com Vï¿½timas Feridas;Pleno dia;Cï¿½u Claro;Dupla;Reta;Nï¿½o;0;0
2025-01-20;segunda-feira;17:35:00;PR;373;PONTA GROSSA;Velocidade Incompatï¿½vel;Colisï¿½o traseira;Com Vï¿½timas Feridas;Pleno dia;Chuva;Dupla;Reta;Sim;0;0
2025-01-20;segunda-feira;17:45:00;RJ;116;NOVA IGUACU;Reaï¿½ï¿½o tardia ou ineficiente do condutor;Colisï¿½o traseira;Com Vï¿½timas Feridas;Pleno dia;Cï¿½u Claro;Dupla;Reta;Nï¿½o;0;0
2025-01-20;segunda-feira;17:55:00;DF;70;BRASILIA;Ausï¿½ncia de reaï¿½ï¿½o do condutor;Queda de ocupante de veï¿½culo;Com Vï¿½timas Feridas;Pleno dia;Cï¿½u Claro;Dupla;"Curva;Retorno Regulamentado";Nï¿½o;0;0
2025-01-20;segunda-feira;15:00:00;SP;116;CAJATI;Avarias e/ou desgaste excessivo no pneu;Tombamento;Com Vï¿½timas Feridas;Pleno dia;Cï¿½u Claro;Dupla;Reta;Nï¿½o;0;0
2025-01-20;segunda-feira;17:45:00;PR;116;RIO NEGRO;Acessar a via sem observar a presenï¿½a dos outros veï¿½culos;Colisï¿½o transversal;Com Vï¿½timas Feridas;Pleno dia;Cï¿½u Claro;Simples;"Reta;Retorno Regulamentado;Interseï¿½ï¿½o de Vias";Sim;0;0
2025-01-20;segunda-feira;18:10:00;PR;277;SAO JOSE DOS PINHAIS;Reaï¿½ï¿½o tardia ou ineficiente do condutor;Colisï¿½o traseira;Com Vï¿½timas Feridas;Pleno dia;Cï¿½u Claro;Dupla;"Reta;Interseï¿½ï¿½o de Vias";Sim;0;0
2025-01-20;segunda-feira;18:20:00;RN;226;NATAL;Manobra de mudanï¿½a de faixa;Colisï¿½o lateral sentido oposto;Com Vï¿½timas Feridas;Plena Noite;Cï¿½u Claro;Simples;Reta;Sim;0;0
2025-01-20;segunda-feira;17:30:00;PA;316;CACHOEIRA DO PIRIA;Avarias e/ou desgaste excessivo no pneu;Saï¿½da de leito carroï¿½ï¿½vel;Com Vï¿½timas Fatais;Pleno dia;Cï¿½u Claro;Simples;Reta;Nï¿½o;1;1
2025-01-20;segunda-feira;19:25:00;ES;101;LINHARES;Ausï¿½ncia de reaï¿½ï¿½o do condutor;Colisï¿½o lateral mesmo sentido;Com Vï¿½timas Feridas;Plena Noite;Cï¿½u Claro;Dupla;Reta;Nï¿½o;0;0
2025-01-20;segunda-feira;19:05:00;PB;230;JOAO PESSOA;Ausï¿½ncia de reaï¿½ï¿½o do condutor;Colisï¿½o lateral mesmo sentido;Com Vï¿½timas Feridas;Plena Noite;Cï¿½u Claro;Dupla;"Declive;Reta";Sim;0;0
2025-01-20;segunda-feira;18:45:00;ES;262;DOMINGOS MARTINS;Conversï¿½o proibida;Colisï¿½o transversal;Com Vï¿½timas Feridas;Plena Noite;Cï¿½u Claro;Simples;Reta;Nï¿½o;0;0
2025-01-20;segunda-feira;19:45:00;GO;153;GOIANIA;Pedestre andava na pista;Atropelamento de Pedestre;Com Vï¿½timas Feridas;Anoitecer;Nublado;Dupla;Reta;Sim;0;0
2025-01-20;segunda-feira;19:45:00;RS;285;PANAMBI;Animais na Pista;Atropelamento de Animal;Com Vï¿½timas Feridas;Plena Noite;Cï¿½u Claro;Simples;Reta;Nï¿½o;0;0
2025-01-20;segunda-feira;20:00:00;RN;101;NATAL;Animais na Pista;Atropelamento de Animal;Com Vï¿½timas Feridas;Plena Noite;Cï¿½u Claro;Dupla;Reta;Nï¿½o;0;0
2025-01-20;segunda-feira;15:55:00;RJ;40;PETROPOLIS;Suicï¿½dio (presumido);Colisï¿½o com objeto;Com Vï¿½timas Feridas;Pleno dia;Nublado;Dupla;"Reta;Declive";Nï¿½o;0;0
2025-01-20;segunda-feira;19:40:00;PR;376;MANDAGUARI;Desrespeitar a preferï¿½ncia no cruzamento;Colisï¿½o transversal;Com Vï¿½timas Feridas;Plena Noite;Nublado;Simples;Interseï¿½ï¿½o de Vias;Sim;0;0
2025-01-20;segunda-feira;17:00:00;MT;163;SINOP;Reaï¿½ï¿½o tardia ou ineficiente do condutor;Saï¿½da de leito carroï¿½ï¿½vel;Com Vï¿½timas Feridas;Pleno dia;Nublado;Simples;Reta;Nï¿½o;0;0
2025-01-20;segunda-feira;19:45:00;SP;101;UBATUBA;Acessar a via sem observar a presenï¿½a dos outros veï¿½culos;Atropelamento de Pedestre;Com Vï¿½timas Feridas;Plena Noite;Cï¿½u Claro;Simples;Reta;Sim;0;0
2025-01-20;segunda-feira;20:15:00;PB;101;JOAO PESSOA;Pedestre - Ingestï¿½o de ï¿½lcool/ substï¿½ncias psicoativas;Atropelamento de Pedestre;Com Vï¿½timas Feridas;Plena Noite;Cï¿½u Claro;Dupla;Reta;Nï¿½o;0;0
2025-01-20;segunda-feira;15:00:00;SC;470;INDAIAL;Condutor deixou de manter distï¿½ncia do veï¿½culo da frente;Colisï¿½o traseira;Com Vï¿½timas Feridas;Pleno dia;Cï¿½u Claro;Simples;Reta;Nï¿½o;0;0
2025-01-20;segunda-feira;21:10:00;MG;40;NOVA LIMA;Ausï¿½ncia de reaï¿½ï¿½o do condutor;Colisï¿½o frontal;Com Vï¿½timas Feridas;Plena Noite;Cï¿½u Claro;Dupla;Reta;Nï¿½o;0;0
2025-01-20;segunda-feira;18:05:00;SC;101;PALHOCA;Acumulo de areia ou detritos sobre o pavimento;Tombamento;Com Vï¿½timas Feridas;Pleno dia;Nublado;Dupla;Curva;Nï¿½o;0;0
2025-01-20;segunda-feira;19:15:00;PR;277;MORRETES;Demais falhas mecï¿½nicas ou elï¿½tricas;Incï¿½ndio;Sem Vï¿½timas;Plena Noite;Nublado;Mï¿½ltipla;"Aclive;Reta";Nï¿½o;0;0
2025-01-20;segunda-feira;20:40:00;MG;116;MURIAE;Acessar a via sem observar a presenï¿½a dos outros veï¿½culos;Colisï¿½o lateral mesmo sentido;Com Vï¿½timas Feridas;Plena Noite;Cï¿½u Claro;Simples;"Reta;Interseï¿½ï¿½o de Vias";Sim;0;0
2025-01-20;segunda-feira;20:40:00;PR;376;ORTIGUEIRA;Ausï¿½ncia de reaï¿½ï¿½o do condutor;Saï¿½da de leito carroï¿½ï¿½vel;Sem Vï¿½timas;Plena Noite;Chuva;Dupla;Curva;Nï¿½o;0;0
2025-01-20;segunda-feira;21:00:00;PR;373;PONTA GROSSA;Pedestre cruzava a pista fora da faixa;Atropelamento de Pedestre;Com Vï¿½timas Feridas;Plena Noite;Nublado;Dupla;Curva;Sim;0;0
2025-01-20;segunda-feira;18:30:00;SC;101;ITAJAI;Condutor deixou de manter distï¿½ncia do veï¿½culo da frente;Colisï¿½o traseira;Com Vï¿½timas Feridas;Anoitecer;Garoa/Chuvisco;Dupla;Reta;Nï¿½o;0;0
2025-01-20;segunda-feira;21:45:00;MG;381;BETIM;Demais falhas mecï¿½nicas ou elï¿½tricas;Tombamento;Com Vï¿½timas Feridas;Plena Noite;Cï¿½u Claro;Dupla;Reta;Sim;0;0
2025-01-20;segunda-feira;21:40:00;RJ;393;BARRA DO PIRAI;Acessar a via sem observar a presenï¿½a dos outros veï¿½culos;Colisï¿½o transversal;Com Vï¿½timas Feridas;Plena Noite;Cï¿½u Claro;Simples;Reta;Sim;0;0
2025-01-20;segunda-feira;20:00:00;MG;262;MANHUACU;Conversï¿½o proibida;Colisï¿½o transversal;Com Vï¿½timas Feridas;Plena Noite;Cï¿½u Claro;Simples;"Aclive;Reta";Sim;0;0
2025-01-20;segunda-feira;20:30:00;RJ;101;RIO DE JANEIRO;Condutor deixou de manter distï¿½ncia do veï¿½culo da frente;Colisï¿½o traseira;Com Vï¿½timas Feridas;Plena Noite;Cï¿½u Claro;Dupla;Reta;Sim;0;0
2025-01-20;segunda-feira;22:22:00;RS;116;CANOAS;Acesso irregular;Tombamento;Com Vï¿½timas Feridas;Plena Noite;Cï¿½u Claro;Dupla;Reta;Sim;0;0
2025-01-20;segunda-feira;21:00:00;MS;158;PARANAIBA;Ingestï¿½o de ï¿½lcool pelo condutor;Saï¿½da de leito carroï¿½ï¿½vel;Sem Vï¿½timas;Plena Noite;Cï¿½u Claro;Dupla;Reta;Sim;0;0
2025-01-20;segunda-feira;20:20:00;GO;60;GOIANIA;Participar de racha;Colisï¿½o com objeto;Com Vï¿½timas Fatais;Plena Noite;Cï¿½u Claro;Dupla;Curva;Sim;1;1
2025-01-20;segunda-feira;21:30:00;RS;386;ESTRELA;Reaï¿½ï¿½o tardia ou ineficiente do condutor;Colisï¿½o com objeto;Sem Vï¿½timas;Plena Noite;Cï¿½u Claro;Dupla;Reta;Nï¿½o;0;0
2025-01-20;segunda-feira;18:10:00;RJ;493;ITABORAI;Retorno proibido;Colisï¿½o transversal;Com Vï¿½timas Feridas;Plena Noite;Cï¿½u Claro;Simples;Reta;Sim;0;0
2025-01-20;segunda-feira;12:10:00;RJ;101;RIO DE JANEIRO;Ausï¿½ncia de reaï¿½ï¿½o do condutor;Tombamento;Com Vï¿½timas Feridas;Pleno dia;Cï¿½u Claro;Dupla;Reta;Nï¿½o;0;0
2025-01-20;segunda-feira;21:30:00;SC;101;ARAQUARI;Entrada inopinada do pedestre;Atropelamento de Pedestre;Com Vï¿½timas Fatais;Plena Noite;Cï¿½u Claro;Dupla;Reta;Nï¿½o;1;1
2025-01-20;segunda-feira;22:20:00;BA;324;SALVADOR;Manobra de mudanï¿½a de faixa;Colisï¿½o transversal;Com Vï¿½timas Feridas;Plena Noite;Cï¿½u Claro;Mï¿½ltipla;"Curva;Aclive";Sim;0;0
2025-01-20;segunda-feira;21:45:00;MT;70;BARRA DO GARCAS;Reaï¿½ï¿½o tardia ou ineficiente do condutor;Atropelamento de Animal;Com Vï¿½timas Feridas;Plena Noite;Nublado;Dupla;Reta;Nï¿½o;0;0
2025-01-20;segunda-feira;21:00:00;BA;101;NOVA VICOSA;Manobra de mudanï¿½a de faixa;Colisï¿½o lateral mesmo sentido;Sem Vï¿½timas;Plena Noite;Cï¿½u Claro;Simples;Reta;Nï¿½o;0;0
2025-01-21;terï¿½a-feira;00:10:00;RJ;116;NOVA IGUACU;Ultrapassagem Indevida;Colisï¿½o lateral mesmo sentido;Sem Vï¿½timas;Plena Noite;Cï¿½u Claro;Dupla;Reta;Nï¿½o;0;0
2025-01-20;segunda-feira;22:00:00;RO;364;JI-PARANA;Condutor deixou de manter distï¿½ncia do veï¿½culo da frente;Colisï¿½o lateral mesmo sentido;Com Vï¿½timas Feridas;Plena Noite;Nublado;Dupla;"Aclive;Viaduto";Sim;0;0
2025-01-21;terï¿½a-feira;01:40:00;PB;230;POCINHOS;Ausï¿½ncia de reaï¿½ï¿½o do condutor;Saï¿½da de leito carroï¿½ï¿½vel;Com Vï¿½timas Feridas;Plena Noite;Cï¿½u Claro;Simples;"Aclive;Reta;Em Obras";Nï¿½o;0;0
2025-01-21;terï¿½a-feira;03:50:00;MG;381;BRUMADINHO;Acumulo de ï¿½leo sobre o pavimento;Queda de ocupante de veï¿½culo;Com Vï¿½timas Feridas;Plena Noite;Nublado;Dupla;Reta;Nï¿½o;0;0
2025-01-21;terï¿½a-feira;06:00:00;GO;414;ANAPOLIS;Desrespeitar a preferï¿½ncia no cruzamento;Atropelamento de Pedestre;Com Vï¿½timas Feridas;Pleno dia;Cï¿½u Claro;Simples;Rotatï¿½ria;Nï¿½o;0;0
2025-01-09;quinta-feira;14:10:00;PE;232;RECIFE;Condutor Dormindo;Colisï¿½o com objeto;Com Vï¿½timas Feridas;Pleno dia;Cï¿½u Claro;Mï¿½ltipla;Reta;Nï¿½o;0;0
2025-01-21;terï¿½a-feira;04:00:00;RJ;116;NOVA IGUACU;Demais falhas mecï¿½nicas ou elï¿½tricas;Incï¿½ndio;Sem Vï¿½timas;Amanhecer;Cï¿½u Claro;Dupla;Reta;Nï¿½o;0;0
2025-01-21;terï¿½a-feira;04:00:00;RJ;116;MAGE;Reaï¿½ï¿½o tardia ou ineficiente do condutor;Tombamento;Com Vï¿½timas Fatais;Plena Noite;Cï¿½u Claro;Dupla;Reta;Nï¿½o;1;1
2025-01-20;segunda-feira;21:15:00;MA;316;CAXIAS;Transitar na contramï¿½o;Colisï¿½o lateral sentido oposto;Com Vï¿½timas Feridas;Plena Noite;Garoa/Chuvisco;Simples;Reta;Nï¿½o;0;0
2025-01-21;terï¿½a-feira;03:30:00;RS;472;URUGUAIANA;Demais falhas na via;Saï¿½da de leito carroï¿½ï¿½vel;Com Vï¿½timas Feridas;Plena Noite;Cï¿½u Claro;Simples;"Reta;Em Obras";Nï¿½o;0;0
2025-01-21;terï¿½a-feira;05:45:00;SC;153;IRANI;Desrespeitar a preferï¿½ncia no cruzamento;Colisï¿½o transversal;Com Vï¿½timas Feridas;Amanhecer;Cï¿½u Claro;Simples;"Interseï¿½ï¿½o de Vias;Rotatï¿½ria";Nï¿½o;0;0
2025-01-21;terï¿½a-feira;00:35:00;MG;381;OLIVEIRA;Ausï¿½ncia de reaï¿½ï¿½o do condutor;Colisï¿½o com objeto;Com Vï¿½timas Feridas;Plena Noite;Nublado;Dupla;Curva;Nï¿½o;0;0
2025-01-21;terï¿½a-feira;07:30:00;SC;101;JAGUARUNA;Ultrapassagem Indevida;Colisï¿½o lateral mesmo sentido;Com Vï¿½timas Feridas;Pleno dia;Cï¿½u Claro;Dupla;Reta;Nï¿½o;0;0
2025-01-21;terï¿½a-feira;07:00:00;SC;101;SAO JOSE;Acessar a via sem observar a presenï¿½a dos outros veï¿½culos;Colisï¿½o transversal;Com Vï¿½timas Feridas;Pleno dia;Nublado;Mï¿½ltipla;Reta;Sim;0;0
2025-01-21;terï¿½a-feira;04:50:00;ES;101;DOMINGOS MARTINS;Velocidade Incompatï¿½vel;Saï¿½da de leito carroï¿½ï¿½vel;Com Vï¿½timas Feridas;Amanhecer;Cï¿½u Claro;Simples;"Curva;Declive";Nï¿½o;0;0
2025-01-21;terï¿½a-feira;07:15:00;PB;230;JOAO PESSOA;Entrada inopinada do pedestre;Atropelamento de Pedestre;Com Vï¿½timas Feridas;Pleno dia;Cï¿½u Claro;Dupla;Curva;Sim;0;0
2025-01-21;terï¿½a-feira;07:40:00;RJ;116;DUQUE DE CAXIAS;Entrada inopinada do pedestre;Atropelamento de Pedestre;Com Vï¿½timas Feridas;Pleno dia;Sol;Mï¿½ltipla;Reta;Sim;0;0
2025-01-21;terï¿½a-feira;05:30:00;MG;50;UBERABA;Animais na Pista;Atropelamento de Animal;Com Vï¿½timas Feridas;Pleno dia;Cï¿½u Claro;Dupla;Reta;Nï¿½o;0;0
2025-01-21;terï¿½a-feira;07:55:00;PR;369;APUCARANA;Acessar a via sem observar a presenï¿½a dos outros veï¿½culos;Colisï¿½o transversal;Com Vï¿½timas Feridas;Pleno dia;Cï¿½u Claro;Dupla;"Interseï¿½ï¿½o de Vias;Reta";Sim;0;0
2025-01-21;terï¿½a-feira;05:00:00;MG;262;SACRAMENTO;Desrespeitar a preferï¿½ncia no cruzamento;Colisï¿½o transversal;Com Vï¿½timas Feridas;Amanhecer;Cï¿½u Claro;Simples;Interseï¿½ï¿½o de Vias;Nï¿½o;0;0
2025-01-21;terï¿½a-feira;07:45:00;MG;50;UBERABA;Ausï¿½ncia de reaï¿½ï¿½o do condutor;Tombamento;Com Vï¿½timas Feridas;Pleno dia;Cï¿½u Claro;Dupla;"Reta;Declive";Sim;0;0
2025-01-21;terï¿½a-feira;07:40:00;MG;381;BETIM;Ausï¿½ncia de reaï¿½ï¿½o do condutor;Colisï¿½o traseira;Com Vï¿½timas Feridas;Pleno dia;Cï¿½u Claro;Dupla;Reta;Nï¿½o;0;0
2025-01-21;terï¿½a-feira;07:30:00;PR;476;COLOMBO;Reaï¿½ï¿½o tardia ou ineficiente do condutor;Colisï¿½o traseira;Com Vï¿½timas Feridas;Amanhecer;Nublado;Dupla;Reta;Sim;0;0