data_inversa;dia_semana;horario;uf;br;municipio;causa_acidente;tipo_acidente;classificacao_acidente;fase_dia;condicao_metereologica;tipo_pista;tracado_via;uso_solo;mortos;acidente_fatal
2025-01-27;segunda-feira;06:15:00;PB;230;JOAO PESSOA;Condutor deixou de manter distï¿½ncia do veï¿½culo da frente;Engavetamento;Com Vï¿½timas Feridas;Amanhecer;Nublado;Dupla;Reta;Sim;0;0
2025-01-26;domingo;19:20:00;BA;101;IBIRAPUA;Demais falhas mecï¿½nicas ou elï¿½tricas;Incï¿½ndio;Sem Vï¿½timas;Plena Noite;Cï¿½u Claro;Simples;Reta;Nï¿½o;0;0
2025-01-27;segunda-feira;05:00:00;PR;277;MEDIANEIRA;Reaï¿½ï¿½o tardia ou ineficiente do condutor;Saï¿½da de leito carroï¿½ï¿½vel;Com Vï¿½timas Feridas;Amanhecer;Cï¿½u Claro;Dupla;Reta;Sim;0;0
2025-01-26;domingo;18:32:00;GO;80;VILA PROPICIO;Frear bruscamente;Saï¿½da de leito carroï¿½ï¿½vel;Com Vï¿½timas Feridas;Plena Noite;Cï¿½u Claro;Simples;Curva;Nï¿½o;0;0
2025-01-27;segunda-feira;06:30:00;MS;262;TERENOS;Reaï¿½ï¿½o tardia ou ineficiente do condutor;Saï¿½da de leito carroï¿½ï¿½vel;Com Vï¿½timas Fatais;Amanhecer;Cï¿½u Claro;Simples;Reta;Nï¿½o;1;1
2025-01-27;segunda-feira;06:40:00;PB;101;BAYEUX;Trafegar com motocicleta (ou similar) entre as faixas;Tombamento;Com Vï¿½timas Feridas;Pleno dia;Nublado;Dupla;Reta;Sim;0;0
2025-01-27;segunda-feira;07:00:00;PE;232;SERRA TALHADA;Acesso irregular;Colisï¿½o transversal;Com Vï¿½timas Feridas;Pleno dia;Cï¿½u Claro;Simples;Reta;Sim;0;0
2025-01-27;segunda-feira;05:40:00;MT;163;DIAMANTINO;Condutor Dormindo;Saï¿½da de leito carroï¿½ï¿½vel;Com Vï¿½timas Feridas;Pleno dia;Sol;Dupla;Reta;Nï¿½o;0;0
2025-01-27;segunda-feira;06:30:00;MG;40;CONTAGEM;Acessar a via sem observar a presenï¿½a dos outros veï¿½culos;Atropelamento de Pedestre;Com Vï¿½timas Feridas;Pleno dia;Cï¿½u Claro;Dupla;Reta;Sim;0;0
2025-01-27;segunda-feira;06:30:00;BA;101;RIO REAL;Ausï¿½ncia de reaï¿½ï¿½o do condutor;Saï¿½da de leito carroï¿½ï¿½vel;Com Vï¿½timas Feridas;Pleno dia;Cï¿½u Claro;Dupla;Reta;Nï¿½o;0;0
2025-01-27;segunda-feira;06:50:00;ES;101;SERRA;Condutor deixou de manter distï¿½ncia do veï¿½culo da frente;Colisï¿½o traseira;Com Vï¿½timas Feridas;Pleno dia;Cï¿½u Claro;Dupla;Reta;Sim;0;0
2025-01-27;segunda-feira;06:45:00;PR;369;LONDRINA;Acessar a via sem observar a presenï¿½a dos outros veï¿½culos;Colisï¿½o lateral mesmo sentido;Com Vï¿½timas Feridas;Pleno dia;Cï¿½u Claro;Dupla;Reta;Nï¿½o;0;0
2025-01-27;segunda-feira;06:30:00;PR;369;CORNELIO PROCOPIO;Demais falhas mecï¿½nicas ou elï¿½tricas;Capotamento;Com Vï¿½timas Feridas;Pleno dia;Nublado;Simples;Curva;Sim;0;0
2025-01-27;segunda-feira;08:00:00;GO;414;ANAPOLIS;Acessar a via sem observar a presenï¿½a dos outros veï¿½culos;Colisï¿½o traseira;Com Vï¿½timas Feridas;Pleno dia;Cï¿½u Claro;Simples;Rotatï¿½ria;Sim;0;0
2025-01-27;segunda-feira;08:20:00;PB;230;JOAO PESSOA;Manobra de mudanï¿½a de faixa;Colisï¿½o lateral mesmo sentido;Com Vï¿½timas Feridas;Pleno dia;Nublado;Mï¿½ltipla;Reta;Sim;0;0
2025-01-26;domingo;22:00:00;MS;163;BANDEIRANTES;Ingestï¿½o de ï¿½lcool pelo condutor;Saï¿½da de leito carroï¿½ï¿½vel;Sem Vï¿½timas;Plena Noite;Chuva;Simples;Reta;Nï¿½o;0;0
2025-01-27;segunda-feira;07:40:00;BA;116;VITORIA DA CONQUISTA;Acesso irregular;Colisï¿½o transversal;Com Vï¿½timas Feridas;Pleno dia;Cï¿½u Claro;Dupla;Reta;Sim;0;0
2025-01-26;domingo;14:45:00;MT;70;VARZEA GRANDE;Ingestï¿½o de ï¿½lcool pelo condutor;Queda de ocupante de veï¿½culo;Com Vï¿½timas Feridas;Pleno dia;Sol;Simples;Interseï¿½ï¿½o de Vias;Sim;0;0
2025-01-27;segunda-feira;08:30:00;PB;230;JOAO PESSOA;Demais falhas mecï¿½nicas ou elï¿½tricas;Colisï¿½o lateral mesmo sentido;Com Vï¿½timas Feridas;Pleno dia;Chuva;Dupla;"Reta;Aclive";Sim;0;0
2025-01-27;segunda-feira;09:10:00;RS;158;PEJUCARA;Acessar a via sem observar a presenï¿½a dos outros veï¿½culos;Colisï¿½o transversal;Com Vï¿½timas Feridas;Pleno dia;Cï¿½u Claro;Simples;Interseï¿½ï¿½o de Vias;Nï¿½o;0;0
2025-01-27;segunda-feira;08:01:00;MA;135;SAO LUIS;Condutor deixou de manter distï¿½ncia do veï¿½culo da frente;Colisï¿½o traseira;Sem Vï¿½timas;Pleno dia;Sol;Dupla;Reta;Sim;0;0
2025-01-27;segunda-feira;08:45:00;SC;101;ITAPEMA;Mal sï¿½bito do condutor;Colisï¿½o com objeto;Com Vï¿½timas Feridas;Pleno dia;Nublado;Mï¿½ltipla;Reta;Sim;0;0
2025-01-27;segunda-feira;07:40:00;RS;116;CAPAO DO LEAO;Transitar na contramï¿½o;Colisï¿½o frontal;Com Vï¿½timas Feridas;Pleno dia;Cï¿½u Claro;Simples;Reta;Sim;0;0
2025-01-26;domingo;21:30:00;BA;242;SEABRA;Ultrapassagem Indevida;Colisï¿½o frontal;Com Vï¿½timas Feridas;Plena Noite;Cï¿½u Claro;Simples;Reta;Nï¿½o;0;0
2025-01-27;segunda-feira;09:40:00;PE;232;POMBOS;Acessar a via sem observar a presenï¿½a dos outros veï¿½culos;Colisï¿½o transversal;Com Vï¿½timas Fatais;Pleno dia;Chuva;Dupla;Reta;Nï¿½o;1;1
2025-01-27;segunda-feira;08:20:00;PE;428;PETROLINA;Ingestï¿½o de ï¿½lcool pelo condutor;Colisï¿½o traseira;Com Vï¿½timas Feridas;Pleno dia;Cï¿½u Claro;Dupla;Reta;Sim;0;0
2025-01-27;segunda-feira;10:15:00;PB;230;JOAO PESSOA;Condutor deixou de manter distï¿½ncia do veï¿½culo da frente;Colisï¿½o traseira;Com Vï¿½timas Feridas;Pleno dia;Nublado;Dupla;Reta;Nï¿½o;0;0
2025-01-27;segunda-feira;05:15:00;RS;392;CANGUCU;Ausï¿½ncia de reaï¿½ï¿½o do condutor;Colisï¿½o com objeto;Sem Vï¿½timas;Plena Noite;Cï¿½u Claro;Simples;Ponte;Nï¿½o;0;0
2025-01-27;segunda-feira;09:10:00;SP;116;SAO JOSE DOS CAMPOS;Reaï¿½ï¿½o tardia ou ineficiente do condutor;Colisï¿½o traseira;Com Vï¿½timas Feridas;Pleno dia;Sol;Dupla;Reta;Sim;0;0
2025-01-27;segunda-feira;10:30:00;RO;364;JI-PARANA;Animais na Pista;Atropelamento de Animal;Sem Vï¿½timas;Pleno dia;Cï¿½u Claro;Simples;Reta;Nï¿½o;0;0
2025-01-27;segunda-feira;10:45:00;DF;20;BRASILIA;Ingestï¿½o de ï¿½lcool pelo condutor;Saï¿½da de leito carroï¿½ï¿½vel;Com Vï¿½timas Fatais;Pleno dia;Chuva;Dupla;Curva;Nï¿½o;1;1
2025-01-27;segunda-feira;11:55:00;SC;101;PALHOCA;Objeto estï¿½tico sobre o leito carroï¿½ï¿½vel;Colisï¿½o com objeto;Com Vï¿½timas Feridas;Pleno dia;Cï¿½u Claro;Mï¿½ltipla;Reta;Sim;0;0
2025-01-27;segunda-feira;12:30:00;ES;101;SERRA;Ausï¿½ncia de reaï¿½ï¿½o do condutor;Colisï¿½o traseira;Com Vï¿½timas Feridas;Pleno dia;Sol;Dupla;Reta;Sim;0;0
2025-01-27;segunda-feira;11:10:00;SC;116;MAFRA;Ausï¿½ncia de reaï¿½ï¿½o do condutor;Tombamento;Com Vï¿½timas Feridas;Pleno dia;Cï¿½u Claro;Simples;Reta;Nï¿½o;0;0
2025-01-27;segunda-feira;12:20:00;PB;230;JOAO PESSOA;Acumulo de areia ou detritos sobre o pavimento;Tombamento;Com Vï¿½timas Feridas;Pleno dia;Cï¿½u Claro;Mï¿½ltipla;"Desvio Temporï¿½rio;Em Obras;Curva";Sim;0;0
2025-01-27;segunda-feira;05:30:00;MG;267;LIBERDADE;Mal sï¿½bito do condutor;Saï¿½da de leito carroï¿½ï¿½vel;Com Vï¿½timas Fatais;Amanhecer;Ignorado;Simples;"Aclive;Curva";Nï¿½o;1;1
2025-01-27;segunda-feira;12:20:00;SC;101;CAPIVARI DE BAIXO;Condutor deixou de manter distï¿½ncia do veï¿½culo da frente;Colisï¿½o traseira;Com Vï¿½timas Feridas;Pleno dia;Cï¿½u Claro;Mï¿½ltipla;Curva;Sim;0;0
2025-01-27;segunda-feira;07:00:00;RS;290;CACAPAVA DO SUL;Reaï¿½ï¿½o tardia ou ineficiente do condutor;Saï¿½da de leito carroï¿½ï¿½vel;Com Vï¿½timas Feridas;Amanhecer;Cï¿½u Claro;Simples;Reta;Nï¿½o;0;0
2025-01-27;segunda-feira;11:40:00;SE;101;CAPELA;Chuva;Colisï¿½o traseira;Com Vï¿½timas Feridas;Pleno dia;Chuva;Dupla;"Declive;Reta";Nï¿½o;0;0
2025-01-27;segunda-feira;13:00:00;SP;381;ATIBAIA;Reaï¿½ï¿½o tardia ou ineficiente do condutor;Colisï¿½o traseira;Com Vï¿½timas Feridas;Pleno dia;Cï¿½u Claro;Dupla;Reta;Nï¿½o;0;0
2025-01-27;segunda-feira;11:00:00;PI;402;LUIS CORREIA;Ausï¿½ncia de reaï¿½ï¿½o do condutor;Colisï¿½o traseira;Com Vï¿½timas Feridas;Pleno dia;Sol;Simples;Reta;Sim;0;0
2025-01-27;segunda-feira;12:00:00;PI;343;PARNAIBA;Acessar a via sem observar a presenï¿½a dos outros veï¿½culos;Colisï¿½o transversal;Com Vï¿½timas Feridas;Pleno dia;Sol;Simples;Reta;Sim;0;0
2025-01-27;segunda-feira;12:30:00;PR;163;PEROLA DOESTE;Chuva;Colisï¿½o lateral sentido oposto;Com Vï¿½timas Feridas;Pleno dia;Chuva;Mï¿½ltipla;"Curva;Aclive";Nï¿½o;0;0
2025-01-18;sï¿½bado;16:40:00;SP;153;SAO JOSE DO RIO PRETO;Reaï¿½ï¿½o tardia ou ineficiente do condutor;Colisï¿½o com objeto;Com Vï¿½timas Feridas;Pleno dia;Sol;Dupla;Reta;Sim;0;0
2025-01-27;segunda-feira;12:30:00;PR;277;CEU AZUL;Condutor deixou de manter distï¿½ncia do veï¿½culo da frente;Colisï¿½o traseira;Com Vï¿½timas Feridas;Pleno dia;Cï¿½u Claro;Simples;Reta;Sim;0;0
2025-01-27;segunda-feira;11:45:00;DF;20;BRASILIA;Ausï¿½ncia de sinalizaï¿½ï¿½o;Colisï¿½o transversal;Com Vï¿½timas Feridas;Pleno dia;Nublado;Dupla;"Em Obras;Desvio Temporï¿½rio;Reta";Sim;0;0
2025-01-27;segunda-feira;13:04:00;PE;101;RECIFE;Reaï¿½ï¿½o tardia ou ineficiente do condutor;Colisï¿½o traseira;Com Vï¿½timas Feridas;Pleno dia;Cï¿½u Claro;Dupla;Reta;Sim;0;0
2025-01-27;segunda-feira;13:30:00;RS;471;SANTA VITORIA DO PALMAR;Acessar a via sem observar a presenï¿½a dos outros veï¿½culos;Colisï¿½o transversal;Com Vï¿½timas Feridas;Pleno dia;Cï¿½u Claro;Simples;Reta;Sim;0;0
2025-01-27;segunda-feira;11:20:00;MG;262;MANHUACU;Acessar a via sem observar a presenï¿½a dos outros veï¿½culos;Colisï¿½o transversal;Com Vï¿½timas Feridas;Pleno dia;Cï¿½u Claro;Simples;"Rotatï¿½ria;Reta;Retorno Regulamentado;Declive";Sim;0;0
2025-01-27;segunda-feira;13:40:00;MG;381;BETIM;Avarias e/ou desgaste excessivo no pneu;Queda de ocupante de veï¿½culo;Com Vï¿½timas Feridas;Pleno dia;Nublado;Dupla;Reta;Nï¿½o;0;0
2025-01-27;segunda-feira;13:05:00;SC;101;TUBARAO;Ultrapassagem Indevida;Colisï¿½o lateral mesmo sentido;Sem Vï¿½timas;Pleno dia;Cï¿½u Claro;Dupla;"Reta;Ponte";Nï¿½o;0;0
2025-01-27;segunda-feira;14:00:00;MG;381;SAO SEBASTIAO DA BELA VISTA;Velocidade Incompatï¿½vel;Colisï¿½o com objeto;Com Vï¿½timas Feridas;Pleno dia;Chuva;Dupla;Curva;Nï¿½o;0;0
2025-01-27;segunda-feira;14:20:00;MG;381;BETIM;Avarias e/ou desgaste excessivo no pneu;Tombamento;Com Vï¿½timas Feridas;Pleno dia;Cï¿½u Claro;Dupla;Reta;Sim;0;0
2025-01-27;segunda-feira;09:00:00;PR;369;MAMBORE;Desrespeitar a preferï¿½ncia no cruzamento;Colisï¿½o transversal;Com Vï¿½timas Feridas;Pleno dia;Cï¿½u Claro;Simples;Reta;Nï¿½o;0;0
2025-01-27;segunda-feira;14:30:00;RS;290;GRAVATAI;Ausï¿½ncia de reaï¿½ï¿½o do condutor;Colisï¿½o lateral mesmo sentido;Com Vï¿½timas Feridas;Pleno dia;Cï¿½u Claro;Mï¿½ltipla;Reta;Nï¿½o;0;0
2025-01-21;terï¿½a-feira;19:30:00;MS;163;BANDEIRANTES;Entrada inopinada do pedestre;Atropelamento de Pedestre;Com Vï¿½timas Feridas;Plena Noite;Cï¿½u Claro;Dupla;"Reta;Declive";Nï¿½o;0;0
2025-01-27;segunda-feira;14:35:00;GO;414;ANAPOLIS;Ausï¿½ncia de reaï¿½ï¿½o do condutor;Colisï¿½o traseira;Com Vï¿½timas Feridas;Pleno dia;Cï¿½u Claro;Dupla;Rotatï¿½ria;Sim;0;0
2025-01-27;segunda-feira;13:30:00;MG;116;MIRADOURO;Ingestï¿½o de ï¿½lcool pelo condutor;Tombamento;Com Vï¿½timas Feridas;Pleno dia;Nublado;Simples;Reta;Nï¿½o;0;0
2025-01-21;terï¿½a-feira;01:45:00;RJ;101;SAO GONCALO;Reaï¿½ï¿½o tardia ou ineficiente do condutor;Colisï¿½o lateral mesmo sentido;Com Vï¿½timas Feridas;Plena Noite;Cï¿½u Claro;Dupla;Reta;Sim;0;0
2025-01-27;segunda-feira;15:45:00;PB;230;JOAO PESSOA;Pista Escorregadia;Queda de ocupante de veï¿½culo;Com Vï¿½timas Feridas;Pleno dia;Sol;Dupla;Reta;Sim;0;0
2025-01-27;segunda-feira;15:40:00;DF;20;BRASILIA;Avarias e/ou desgaste excessivo no pneu;Saï¿½da de leito carroï¿½ï¿½vel;Com Vï¿½timas Feridas;Pleno dia;Cï¿½u Claro;Dupla;"Aclive;Reta";Nï¿½o;0;0
2025-01-27;segunda-feira;15:15:00;PR;277;PARANAGUA;Ausï¿½ncia de reaï¿½ï¿½o do condutor;Saï¿½da de leito carroï¿½ï¿½vel;Com Vï¿½timas Feridas;Pleno dia;Cï¿½u Claro;Dupla;Reta;Nï¿½o;0;0
2025-01-27;segunda-feira;14:00:00;MG;356;MURIAE;Restriï¿½ï¿½o de visibilidade em curvas horizontais;Colisï¿½o traseira;Com Vï¿½timas Feridas;Pleno dia;Nublado;Simples;"Curva;Aclive";Nï¿½o;0;0
2025-01-27;segunda-feira;15:30:00;SP;101;UBATUBA;Acessar a via sem observar a presenï¿½a dos outros veï¿½culos;Colisï¿½o transversal;Com Vï¿½timas Feridas;Pleno dia;Chuva;Simples;Reta;Sim;0;0
2025-01-27;segunda-feira;15:35:00;RN;110;MOSSORO;Transitar no Acostamento;Colisï¿½o traseira;Com Vï¿½timas Feridas;Pleno dia;Sol;Simples;Reta;Sim;0;0
2025-01-15;quarta-feira;23:45:00;SC;101;SAO JOSE;Reaï¿½ï¿½o tardia ou ineficiente do condutor;Colisï¿½o traseira;Com Vï¿½timas Feridas;Plena Noite;Cï¿½u Claro;Mï¿½ltipla;Reta;Sim;0;0
2025-01-27;segunda-feira;15:30:00;AL;316;PILAR;Velocidade Incompatï¿½vel;Colisï¿½o traseira;Sem Vï¿½timas;Pleno dia;Cï¿½u Claro;Simples;Reta;Sim;0;0
2025-01-27;segunda-feira;15:10:00;PR;369;LONDRINA;Condutor usando celular;Colisï¿½o com objeto;Sem Vï¿½timas;Pleno dia;Cï¿½u Claro;Dupla;Reta;Sim;0;0
2025-01-27;segunda-feira;16:00:00;MG;40;RIBEIRAO DAS NEVES;Acessar a via sem observar a presenï¿½a dos outros veï¿½culos;Colisï¿½o lateral mesmo sentido;Com Vï¿½timas Feridas;Pleno dia;Cï¿½u Claro;Dupla;Reta;Nï¿½o;0;0
2025-01-27;segunda-feira;15:50:00;SP;116;BARRA DO TURVO;Reaï¿½ï¿½o tardia ou ineficiente do condutor;Colisï¿½o lateral mesmo sentido;Com Vï¿½timas Feridas;Pleno dia;Nublado;Dupla;Curva;Nï¿½o;0;0
2025-01-27;segunda-feira;16:45:00;SC;280;ARAQUARI;Ausï¿½ncia de reaï¿½ï¿½o do condutor;Colisï¿½o transversal;Com Vï¿½timas Feridas;Pleno dia;Cï¿½u Claro;Simples;"Reta;Interseï¿½ï¿½o de Vias";Sim;0;0
2025-01-27;segunda-feira;16:45:00;RS;386;TRIUNFO;Retorno proibido;Colisï¿½o transversal;Com Vï¿½timas Feridas;Pleno dia;Cï¿½u Claro;Dupla;Reta;Nï¿½o;0;0
2025-01-27;segunda-feira;15:20:00;BA;101;EUNAPOLIS;Ultrapassagem Indevida;Colisï¿½o frontal;Com Vï¿½timas Feridas;Pleno dia;Sol;Simples;Curva;Nï¿½o;0;0
2025-01-27;segunda-feira;15:15:00;AC;364;RIO BRANCO;Desrespeitar a preferï¿½ncia no cruzamento;Colisï¿½o transversal;Com Vï¿½timas Feridas;Pleno dia;Cï¿½u Claro;Dupla;Rotatï¿½ria;Sim;0;0
2025-01-27;segunda-feira;16:00:00;PR;277;MEDIANEIRA;Condutor deixou de manter distï¿½ncia do veï¿½culo da frente;Colisï¿½o traseira;Com Vï¿½timas Feridas;Pleno dia;Chuva;Dupla;Reta;Sim;0;0
2025-01-27;segunda-feira;17:25:00;BA;324;SALVADOR;Problema na suspensï¿½o;Queda de ocupante de veï¿½culo;Com Vï¿½timas Feridas;Pleno dia;Cï¿½u Claro;Dupla;Reta;Nï¿½o;0;0
2025-01-27;segunda-feira;17:20:00;MG;40;RESSAQUINHA;Transitar na contramï¿½o;Colisï¿½o lateral sentido oposto;Sem Vï¿½timas;Pleno dia;Chuva;Simples;"Aclive;Reta";Nï¿½o;0;0
2025-01-27;segunda-feira;17:38:00;CE;116;FORTALEZA;Ausï¿½ncia de reaï¿½ï¿½o do condutor;Colisï¿½o traseira;Com Vï¿½timas Feridas;Anoitecer;Cï¿½u Claro;Dupla;Reta;Nï¿½o;0;0
2025-01-27;segunda-feira;12:05:00;GO;414;VILA PROPICIO;Demais falhas mecï¿½nicas ou elï¿½tricas;Saï¿½da de leito carroï¿½ï¿½vel;Sem Vï¿½timas;Pleno dia;Cï¿½u Claro;Simples;Reta;Nï¿½o;0;0
2025-01-23;quinta-feira;03:05:00;MS;163;SAO GABRIEL DO OESTE;Ausï¿½ncia de reaï¿½ï¿½o do condutor;Saï¿½da de leito carroï¿½ï¿½vel;Sem Vï¿½timas;Plena Noite;Cï¿½u Claro;Dupla;Reta;Sim;0;0
2025-01-27;segunda-feira;17:20:00;MS;163;COXIM;Acessar a via sem observar a presenï¿½a dos outros veï¿½culos;Colisï¿½o transversal;Com Vï¿½timas Feridas;Pleno dia;Cï¿½u Claro;Simples;Reta;Sim;0;0
2025-01-27;segunda-feira;17:00:00;RJ;101;RIO BONITO;Condutor deixou de manter distï¿½ncia do veï¿½culo da frente;Tombamento;Com Vï¿½timas Feridas;Anoitecer;Nublado;Dupla;Curva;Nï¿½o;0;0
2025-01-27;segunda-feira;18:30:00;RS;116;IVOTI;Manobra de mudanï¿½a de faixa;Colisï¿½o transversal;Com Vï¿½timas Feridas;Anoitecer;Chuva;Simples;"Reta;Aclive";Sim;0;0
2025-01-27;segunda-feira;14:30:00;PE;232;BEZERROS;Reaï¿½ï¿½o tardia ou ineficiente do condutor;Saï¿½da de leito carroï¿½ï¿½vel;Com Vï¿½timas Feridas;Pleno dia;Nublado;Dupla;"Aclive;Reta";Nï¿½o;0;0
2025-01-27;segunda-feira;16:50:00;RJ;116;DUQUE DE CAXIAS;Chuva;Colisï¿½o com objeto;Com Vï¿½timas Feridas;Pleno dia;Chuva;Dupla;Reta;Sim;0;0
2025-01-27;segunda-feira;18:45:00;PR;277;CURITIBA;Avarias e/ou desgaste excessivo no pneu;Tombamento;Com Vï¿½timas Feridas;Anoitecer;Cï¿½u Claro;Dupla;Reta;Sim;0;0
2025-01-27;segunda-feira;18:00:00;SP;116;CAJATI;Velocidade Incompatï¿½vel;Saï¿½da de leito carroï¿½ï¿½vel;Com Vï¿½timas Feridas;Anoitecer;Garoa/Chuvisco;Simples;"Curva;Declive";Nï¿½o;0;0
2025-01-27;segunda-feira;19:00:00;ES;101;LINHARES;Pedestre andava na pista;Atropelamento de Pedestre;Com Vï¿½timas Feridas;Plena Noite;Cï¿½u Claro;Dupla;Reta;Sim;0;0
2025-01-27;segunda-feira;15:47:00;PB;230;CAMPINA GRANDE;Transitar na contramï¿½o;Colisï¿½o frontal;Com Vï¿½timas Fatais;Pleno dia;Cï¿½u Claro;Simples;"Curva;Declive";Sim;1;1
2025-01-27;segunda-feira;18:00:00;RO;319;PORTO VELHO;Demais falhas mecï¿½nicas ou elï¿½tricas;Incï¿½ndio;Sem Vï¿½timas;Anoitecer;Nublado;Simples;Ponte;Nï¿½o;0;0
2025-01-27;segunda-feira;16:40:00;PA;10;RONDON DO PARA;Acessar a via sem observar a presenï¿½a dos outros veï¿½culos;Colisï¿½o transversal;Com Vï¿½timas Feridas;Pleno dia;Cï¿½u Claro;Simples;Reta;Sim;0;0
2025-01-27;segunda-feira;19:00:00;RS;386;POUSO NOVO;Velocidade Incompatï¿½vel;Saï¿½da de leito carroï¿½ï¿½vel;Com Vï¿½timas Feridas;Plena Noite;Chuva;Simples;"Curva;Aclive";Nï¿½o;0;0
2025-01-27;segunda-feira;18:40:00;MA;10;IMPERATRIZ;Condutor deixou de manter distï¿½ncia do veï¿½culo da frente;Colisï¿½o traseira;Com Vï¿½timas Feridas;Plena Noite;Cï¿½u Claro;Simples;Reta;Sim;0;0
2025-01-27;segunda-feira;19:01:00;PE;428;LAGOA GRANDE;Conversï¿½o proibida;Colisï¿½o transversal;Com Vï¿½timas Feridas;Plena Noite;Cï¿½u Claro;Simples;"Reta;Interseï¿½ï¿½o de Vias";Sim;0;0
2025-01-27;segunda-feira;18:50:00;SC;101;PAULO LOPES;Ausï¿½ncia de reaï¿½ï¿½o do condutor;Colisï¿½o traseira;Com Vï¿½timas Feridas;Anoitecer;Nublado;Simples;"Curva;Declive";Nï¿½o;0;0
2025-01-27;segunda-feira;18:48:00;RN;110;AUGUSTO SEVERO;Deficiï¿½ncia do Sistema de Iluminaï¿½ï¿½o/Sinalizaï¿½ï¿½o;Colisï¿½o traseira;Com Vï¿½timas Feridas;Plena Noite;Nublado;Simples;Declive;Nï¿½o;0;0
2025-01-27;segunda-feira;17:55:00;SC;101;GARUVA;Demais falhas mecï¿½nicas ou elï¿½tricas;Tombamento;Com Vï¿½timas Feridas;Pleno dia;Chuva;Dupla;Reta;Nï¿½o;0;0
2025-01-27;segunda-feira;18:30:00;RJ;40;DUQUE DE CAXIAS;Carga excessiva e/ou mal acondicionada;Incï¿½ndio;Sem Vï¿½timas;Plena Noite;Nublado;Mï¿½ltipla;Reta;Sim;0;0
2025-01-27;segunda-feira;20:20:00;RS;480;BARAO DE COTEGIPE;Ingestï¿½o de ï¿½lcool pelo condutor;Colisï¿½o frontal;Com Vï¿½timas Feridas;Plena Noite;Cï¿½u Claro;Simples;Curva;Sim;0;0
2025-01-27;segunda-feira;20:10:00;GO;60;ANAPOLIS;Manobra de mudanï¿½a de faixa;Colisï¿½o traseira;Sem Vï¿½timas;Plena Noite;Cï¿½u Claro;Dupla;Retorno Regulamentado;Sim;0;0
2025-01-27;segunda-feira;17:50:00;BA;330;JEQUIE;Velocidade Incompatï¿½vel;Capotamento;Com Vï¿½timas Feridas;Anoitecer;Cï¿½u Claro;Simples;Declive;Nï¿½o;0;0
2025-01-27;segunda-feira;19:45:00;MS;262;TERENOS;Reaï¿½ï¿½o tardia ou ineficiente do condutor;Saï¿½da de leito carroï¿½ï¿½vel;Com Vï¿½timas Feridas;Plena Noite;Cï¿½u Claro;Simples;"Retorno Regulamentado;Reta";Nï¿½o;0;0
2025-01-27;segunda-feira;19:50:00;PE;232;SERRA TALHADA;Manobra de mudanï¿½a de faixa;Colisï¿½o lateral sentido oposto;Com Vï¿½timas Feridas;Pleno dia;Chuva;Simples;"Reta;Ponte";Nï¿½o;0;0
2025-01-27;segunda-feira;17:40:00;RS;290;CACHOEIRA DO SUL;Ultrapassagem Indevida;Colisï¿½o frontal;Com Vï¿½timas Feridas;Anoitecer;Nublado;Simples;"Reta;Aclive";Nï¿½o;0;0
2025-01-27;segunda-feira;19:00:00;SC;101;BALNEARIO CAMBORIU;Manobra de mudanï¿½a de faixa;Colisï¿½o traseira;Com Vï¿½timas Feridas;Plena Noite;Nublado;Mï¿½ltipla;Reta;Sim;0;0
2025-01-27;segunda-feira;18:50:00;PR;369;CORBELIA;Velocidade Incompatï¿½vel;Tombamento;Com Vï¿½timas Feridas;Pleno dia;Chuva;Dupla;"Curva;Declive";Sim;0;0
2025-01-27;segunda-feira;18:45:00;SC;280;GUARAMIRIM;Reaï¿½ï¿½o tardia ou ineficiente do condutor;Atropelamento de Pedestre;Com Vï¿½timas Feridas;Anoitecer;Nublado;Dupla;Reta;Sim;0;0
2025-01-27;segunda-feira;15:30:00;PR;277;CAMPO LARGO;Pedestre andava na pista;Atropelamento de Pedestre;Com Vï¿½timas Feridas;Pleno dia;Nublado;Dupla;Reta;Sim;0;0
2025-01-27;segunda-feira;21:50:00;PE;232;RECIFE;Velocidade Incompatï¿½vel;Saï¿½da de leito carroï¿½ï¿½vel;Com Vï¿½timas Feridas;Plena Noite;Chuva;Dupla;"Em Obras;Reta";Sim;0;0
2025-01-27;segunda-feira;22:30:00;SC;101;SAO JOSE;Reaï¿½ï¿½o tardia ou ineficiente do condutor;Queda de ocupante de veï¿½culo;Com Vï¿½timas Feridas;Plena Noite;Garoa/Chuvisco;Mï¿½ltipla;Reta;Sim;0;0
2025-01-27;segunda-feira;11:30:00;MG;262;MANHUACU;Reaï¿½ï¿½o tardia ou ineficiente do condutor;Colisï¿½o lateral mesmo sentido;Com Vï¿½timas Feridas;Pleno dia;Cï¿½u Claro;Simples;Curva;Sim;0;0
2025-01-27;segunda-feira;22:00:00;MG;40;BARBACENA;Avarias e/ou desgaste excessivo no pneu;Saï¿½da de leito carroï¿½ï¿½vel;Com Vï¿½timas Feridas;Plena Noite;Garoa/Chuvisco;Dupla;Curva;Nï¿½o;0;0