data_inversa;dia_semana;horario;uf;br;municipio;causa_acidente;tipo_acidente;classificacao_acidente;fase_dia;condicao_metereologica;tipo_pista;tracado_via;uso_solo;mortos;acidente_fatal
2025-01-29;quarta-feira;03:00:00;BA;116;FEIRA DE SANTANA;Acessar a via sem observar a presenï¿½a dos outros veï¿½culos;Colisï¿½o lateral mesmo sentido;Com Vï¿½timas Fatais;Plena Noite;Cï¿½u Claro;Dupla;Reta;Nï¿½o;1;1
2025-01-29;quarta-feira;05:30:00;RN;406;SAO GONCALO DO AMARANTE;Ausï¿½ncia de reaï¿½ï¿½o do condutor;Colisï¿½o lateral mesmo sentido;Com Vï¿½timas Feridas;Amanhecer;Cï¿½u Claro;Dupla;Reta;Sim;0;0
2025-01-29;quarta-feira;07:00:00;RN;101;NATAL;Ausï¿½ncia de reaï¿½ï¿½o do condutor;Colisï¿½o lateral mesmo sentido;Com Vï¿½timas Feridas;Pleno dia;Cï¿½u Claro;Mï¿½ltipla;"Reta;Viaduto";Sim;0;0
2025-01-29;quarta-feira;06:40:00;ES;101;SAO MATEUS;Condutor deixou de manter distï¿½ncia do veï¿½culo da frente;Colisï¿½o traseira;Com Vï¿½timas Feridas;Pleno dia;Cï¿½u Claro;Mï¿½ltipla;Interseï¿½ï¿½o de Vias;Sim;0;0
2025-01-29;quarta-feira;06:45:00;BA;101;EUNAPOLIS;Reaï¿½ï¿½o tardia ou ineficiente do condutor;Atropelamento de Pedestre;Com Vï¿½timas Feridas;Pleno dia;Cï¿½u Claro;Simples;Reta;Nï¿½o;0;0
2025-01-29;quarta-feira;06:45:00;SP;116;GUARATINGUETA;Ausï¿½ncia de reaï¿½ï¿½o do condutor;Colisï¿½o traseira;Com Vï¿½timas Feridas;Pleno dia;Chuva;Dupla;Reta;Nï¿½o;0;0
2025-01-29;quarta-feira;06:50:00;MG;40;TRES MARIAS;Acessar a via sem observar a presenï¿½a dos outros veï¿½culos;Colisï¿½o transversal;Com Vï¿½timas Feridas;Pleno dia;Cï¿½u Claro;Simples;"Aclive;Interseï¿½ï¿½o de Vias";Sim;0;0
2025-01-29;quarta-feira;06:45:00;BA;324;FEIRA DE SANTANA;Ausï¿½ncia de reaï¿½ï¿½o do condutor;Queda de ocupante de veï¿½culo;Com Vï¿½timas Feridas;Pleno dia;Cï¿½u Claro;Dupla;Reta;Sim;0;0
2025-01-29;quarta-feira;07:30:00;PE;428;PETROLINA;Reaï¿½ï¿½o tardia ou ineficiente do condutor;Colisï¿½o com objeto;Com Vï¿½timas Feridas;Pleno dia;Nublado;Dupla;"Curva;Interseï¿½ï¿½o de Vias";Sim;0;0
2025-01-29;quarta-feira;00:45:00;BA;242;LENCOIS;Demais falhas mecï¿½nicas ou elï¿½tricas;Incï¿½ndio;Sem Vï¿½timas;Plena Noite;Cï¿½u Claro;Simples;Reta;Nï¿½o;0;0
2025-01-17;sexta-feira;14:50:00;GO;158;CAIAPONIA;Acessar a via sem observar a presenï¿½a dos outros veï¿½culos;Colisï¿½o transversal;Com Vï¿½timas Feridas;Pleno dia;Cï¿½u Claro;Simples;"Interseï¿½ï¿½o de Vias;Rotatï¿½ria";Nï¿½o;0;0
2025-01-29;quarta-feira;02:55:00;MG;116;SANTA BARBARA DO LESTE;Velocidade Incompatï¿½vel;Capotamento;Com Vï¿½timas Feridas;Plena Noite;Chuva;Simples;Curva;Nï¿½o;0;0
2025-01-29;quarta-feira;07:40:00;PB;101;JOAO PESSOA;Trafegar com motocicleta (ou similar) entre as faixas;Colisï¿½o lateral mesmo sentido;Com Vï¿½timas Feridas;Pleno dia;Cï¿½u Claro;Dupla;Reta;Sim;0;0
2025-01-29;quarta-feira;08:15:00;SE;235;ARACAJU;Condutor deixou de manter distï¿½ncia do veï¿½culo da frente;Colisï¿½o traseira;Com Vï¿½timas Feridas;Pleno dia;Cï¿½u Claro;Mï¿½ltipla;"Aclive;Reta";Sim;0;0
2025-01-29;quarta-feira;08:30:00;SC;101;PORTO BELO;Pista Escorregadia;Tombamento;Com Vï¿½timas Feridas;Pleno dia;Cï¿½u Claro;Dupla;"Reta;Interseï¿½ï¿½o de Vias";Sim;0;0
2025-01-29;quarta-feira;07:50:00;SP;153;OURINHOS;Mal sï¿½bito do condutor;Saï¿½da de leito carroï¿½ï¿½vel;Com Vï¿½timas Feridas;Pleno dia;Nublado;Dupla;"Curva;Aclive";Nï¿½o;0;0
2025-01-29;quarta-feira;07:45:00;RN;110;MOSSORO;Pista esburacada;Tombamento;Com Vï¿½timas Feridas;Pleno dia;Cï¿½u Claro;Simples;Rotatï¿½ria;Sim;0;0
2025-01-29;quarta-feira;08:14:00;PB;101;BAYEUX;Condutor deixou de manter distï¿½ncia do veï¿½culo da frente;Colisï¿½o lateral mesmo sentido;Com Vï¿½timas Feridas;Pleno dia;Nublado;Dupla;Reta;Sim;0;0
2025-01-29;quarta-feira;06:25:00;ES;262;VENDA NOVA DO IMIGRANTE;Condutor deixou de manter distï¿½ncia do veï¿½culo da frente;Colisï¿½o traseira;Com Vï¿½timas Feridas;Pleno dia;Cï¿½u Claro;Simples;Reta;Nï¿½o;0;0
2025-01-09;quinta-feira;18:00:00;RJ;101;RIO DE JANEIRO;Chuva;Colisï¿½o lateral mesmo sentido;Com Vï¿½timas Feridas;Plena Noite;Garoa/Chuvisco;Simples;"Ponte;Reta";Sim;0;0
2025-01-29;quarta-feira;05:30:00;MG;267;BICAS;Transitar na contramï¿½o;Colisï¿½o frontal;Com Vï¿½timas Feridas;Pleno dia;Cï¿½u Claro;Simples;Curva;Nï¿½o;0;0
2025-01-29;quarta-feira;09:00:00;SC;282;FLORIANOPOLIS;Trafegar com motocicleta (ou similar) entre as faixas;Colisï¿½o lateral mesmo sentido;Com Vï¿½timas Feridas;Pleno dia;Chuva;Mï¿½ltipla;Reta;Sim;0;0
2025-01-29;quarta-feira;07:20:00;PR;476;COLOMBO;Frear bruscamente;Queda de ocupante de veï¿½culo;Com Vï¿½timas Feridas;Pleno dia;Nublado;Dupla;Reta;Sim;0;0
2025-01-29;quarta-feira;07:16:00;RO;319;PORTO VELHO;Acessar a via sem observar a presenï¿½a dos outros veï¿½culos;Colisï¿½o transversal;Com Vï¿½timas Feridas;Pleno dia;Cï¿½u Claro;Mï¿½ltipla;Reta;Sim;0;0
2025-01-29;quarta-feira;09:25:00;SP;116;PINDAMONHANGABA;Reaï¿½ï¿½o tardia ou ineficiente do condutor;Colisï¿½o traseira;Com Vï¿½timas Feridas;Pleno dia;Nublado;Dupla;Aclive;Nï¿½o;0;0
2025-01-29;quarta-feira;10:25:00;RJ;116;RIO DE JANEIRO;Acesso irregular;Colisï¿½o lateral mesmo sentido;Com Vï¿½timas Feridas;Pleno dia;Cï¿½u Claro;Mï¿½ltipla;Reta;Nï¿½o;0;0
2025-01-29;quarta-feira;10:20:00;AP;210;MACAPA;Acessar a via sem observar a presenï¿½a dos outros veï¿½culos;Colisï¿½o transversal;Com Vï¿½timas Feridas;Pleno dia;Cï¿½u Claro;Dupla;"Reta;Interseï¿½ï¿½o de Vias";Sim;0;0
2025-01-01;quarta-feira;19:30:00;RO;364;PIMENTA BUENO;Ultrapassagem Indevida;Colisï¿½o transversal;Com Vï¿½timas Feridas;Pleno dia;Nublado;Simples;Aclive;Nï¿½o;0;0
2025-01-29;quarta-feira;10:40:00;SP;153;OURINHOS;Objeto estï¿½tico sobre o leito carroï¿½ï¿½vel;Colisï¿½o com objeto;Com Vï¿½timas Feridas;Pleno dia;Nublado;Dupla;"Declive;Reta";Nï¿½o;0;0
2025-01-29;quarta-feira;10:08:00;SC;101;SAO JOSE;Trafegar com motocicleta (ou similar) entre as faixas;Colisï¿½o traseira;Com Vï¿½timas Feridas;Pleno dia;Cï¿½u Claro;Mï¿½ltipla;Aclive;Sim;0;0
2025-01-29;quarta-feira;10:00:00;RJ;116;RESENDE;Velocidade Incompatï¿½vel;Colisï¿½o traseira;Com Vï¿½timas Feridas;Pleno dia;Cï¿½u Claro;Simples;Reta;Nï¿½o;0;0
2025-01-29;quarta-feira;11:00:00;PB;361;PATOS;Acessar a via sem observar a presenï¿½a dos outros veï¿½culos;Colisï¿½o transversal;Com Vï¿½timas Feridas;Pleno dia;Cï¿½u Claro;Simples;Reta;Sim;0;0
2025-01-29;quarta-feira;11:00:00;RS;116;SAO LEOPOLDO;Entrada inopinada do pedestre;Atropelamento de Pedestre;Com Vï¿½timas Feridas;Pleno dia;Cï¿½u Claro;Mï¿½ltipla;"Reta;Em Obras";Sim;0;0
2025-01-29;quarta-feira;11:40:00;CE;304;ARACATI;Reaï¿½ï¿½o tardia ou ineficiente do condutor;Queda de ocupante de veï¿½culo;Com Vï¿½timas Feridas;Pleno dia;Cï¿½u Claro;Simples;"Reta;Interseï¿½ï¿½o de Vias";Nï¿½o;0;0
2025-01-29;quarta-feira;12:50:00;SP;116;SAO LOURENCO DA SERRA;Reaï¿½ï¿½o tardia ou ineficiente do condutor;Saï¿½da de leito carroï¿½ï¿½vel;Sem Vï¿½timas;Pleno dia;Chuva;Mï¿½ltipla;"Aclive;Reta";Nï¿½o;0;0
2025-01-29;quarta-feira;09:00:00;MG;251;SALINAS;Ultrapassagem Indevida;Colisï¿½o traseira;Sem Vï¿½timas;Pleno dia;Cï¿½u Claro;Simples;Reta;Nï¿½o;0;0
2025-01-29;quarta-feira;12:35:00;RJ;393;VOLTA REDONDA;Reaï¿½ï¿½o tardia ou ineficiente do condutor;Colisï¿½o traseira;Com Vï¿½timas Feridas;Pleno dia;Cï¿½u Claro;Simples;Reta;Sim;0;0
2025-01-29;quarta-feira;10:15:00;BA;101;ITABUNA;Condutor deixou de manter distï¿½ncia do veï¿½culo da frente;Colisï¿½o traseira;Com Vï¿½timas Feridas;Pleno dia;Cï¿½u Claro;Simples;Reta;Sim;0;0
2025-01-29;quarta-feira;13:20:00;GO;153;ANAPOLIS;Ausï¿½ncia de reaï¿½ï¿½o do condutor;Engavetamento;Com Vï¿½timas Feridas;Pleno dia;Cï¿½u Claro;Dupla;Curva;Nï¿½o;0;0
2025-01-24;sexta-feira;11:20:00;PR;163;TERRA ROXA;Reaï¿½ï¿½o tardia ou ineficiente do condutor;Colisï¿½o traseira;Com Vï¿½timas Feridas;Pleno dia;Cï¿½u Claro;Simples;"Curva;Aclive";Nï¿½o;0;0
2025-01-29;quarta-feira;13:20:00;ES;101;RIO NOVO DO SUL;Ultrapassagem Indevida;Colisï¿½o frontal;Com Vï¿½timas Feridas;Pleno dia;Cï¿½u Claro;Simples;Curva;Nï¿½o;0;0
2025-01-29;quarta-feira;08:12:00;PB;230;CABEDELO;Reaï¿½ï¿½o tardia ou ineficiente do condutor;Colisï¿½o com objeto;Com Vï¿½timas Feridas;Pleno dia;Nublado;Simples;"Em Obras;Reta;Desvio Temporï¿½rio";Sim;0;0
2025-01-29;quarta-feira;11:20:00;RJ;40;DUQUE DE CAXIAS;Demais falhas mecï¿½nicas ou elï¿½tricas;Tombamento;Com Vï¿½timas Feridas;Pleno dia;Sol;Dupla;Reta;Sim;0;0
2025-01-29;quarta-feira;14:08:00;SC;282;FLORIANOPOLIS;Trafegar com motocicleta (ou similar) entre as faixas;Colisï¿½o lateral mesmo sentido;Com Vï¿½timas Feridas;Pleno dia;Chuva;Mï¿½ltipla;Reta;Sim;0;0
2025-01-29;quarta-feira;13:25:00;PE;407;PETROLINA;Desrespeitar a preferï¿½ncia no cruzamento;Colisï¿½o transversal;Com Vï¿½timas Feridas;Pleno dia;Cï¿½u Claro;Mï¿½ltipla;"Interseï¿½ï¿½o de Vias;Viaduto";Sim;0;0
2025-01-29;quarta-feira;12:40:00;SP;381;SAO PAULO;Reaï¿½ï¿½o tardia ou ineficiente do condutor;Capotamento;Com Vï¿½timas Feridas;Pleno dia;Chuva;Dupla;Curva;Nï¿½o;0;0
2025-01-29;quarta-feira;15:10:00;SP;381;SAO PAULO;Pista Escorregadia;Colisï¿½o com objeto;Com Vï¿½timas Feridas;Pleno dia;Chuva;Dupla;"Declive;Curva";Nï¿½o;0;0
2025-01-29;quarta-feira;15:06:00;PB;101;CAAPORA;Pista Escorregadia;Colisï¿½o com objeto;Com Vï¿½timas Feridas;Pleno dia;Garoa/Chuvisco;Dupla;"Reta;Declive";Nï¿½o;0;0
2025-01-29;quarta-feira;15:40:00;SC;101;ITAPEMA;Manobra de mudanï¿½a de faixa;Colisï¿½o lateral mesmo sentido;Com Vï¿½timas Feridas;Pleno dia;Nublado;Mï¿½ltipla;Reta;Sim;0;0
2025-01-29;quarta-feira;16:40:00;PI;316;TERESINA;Manobra de mudanï¿½a de faixa;Colisï¿½o traseira;Sem Vï¿½timas;Pleno dia;Cï¿½u Claro;Dupla;Reta;Sim;0;0
2025-01-29;quarta-feira;17:10:00;SC;280;RIO NEGRINHO;Acessar a via sem observar a presenï¿½a dos outros veï¿½culos;Colisï¿½o transversal;Com Vï¿½timas Feridas;Pleno dia;Nublado;Simples;"Reta;Interseï¿½ï¿½o de Vias";Sim;0;0
2025-01-29;quarta-feira;17:30:00;SC;101;ITAPEMA;Condutor deixou de manter distï¿½ncia do veï¿½culo da frente;Colisï¿½o traseira;Com Vï¿½timas Feridas;Pleno dia;Nublado;Dupla;Reta;Sim;0;0
2025-01-29;quarta-feira;17:30:00;RJ;101;MANGARATIBA;Chuva;Saï¿½da de leito carroï¿½ï¿½vel;Com Vï¿½timas Feridas;Pleno dia;Garoa/Chuvisco;Simples;Curva;Nï¿½o;0;0
2025-01-29;quarta-feira;17:30:00;RJ;101;ANGRA DOS REIS;Acumulo de ï¿½gua sobre o pavimento;Tombamento;Com Vï¿½timas Feridas;Pleno dia;Chuva;Simples;Curva;Sim;0;0
2025-01-29;quarta-feira;17:20:00;ES;101;SAO MATEUS;Acesso irregular;Colisï¿½o transversal;Com Vï¿½timas Feridas;Anoitecer;Cï¿½u Claro;Simples;Reta;Nï¿½o;0;0
2025-01-22;quarta-feira;02:55:00;MT;174;JUINA;Avarias e/ou desgaste excessivo no pneu;Incï¿½ndio;Sem Vï¿½timas;Plena Noite;Cï¿½u Claro;Simples;Reta;Nï¿½o;0;0
2025-01-29;quarta-feira;18:15:00;RS;158;SANTA MARIA;Desrespeitar a preferï¿½ncia no cruzamento;Colisï¿½o transversal;Com Vï¿½timas Feridas;Pleno dia;Cï¿½u Claro;Simples;"Interseï¿½ï¿½o de Vias;Rotatï¿½ria";Sim;0;0
2025-01-29;quarta-feira;17:15:00;PB;230;MASSARANDUBA;Falta de elemento de contenï¿½ï¿½o que evite a saï¿½da do leito carroï¿½ï¿½vel;Saï¿½da de leito carroï¿½ï¿½vel;Com Vï¿½timas Feridas;Pleno dia;Chuva;Dupla;Curva;Nï¿½o;0;0
2025-01-29;quarta-feira;14:00:00;PR;376;MARINGA;Ingestï¿½o de ï¿½lcool pelo condutor;Colisï¿½o traseira;Sem Vï¿½timas;Pleno dia;Sol;Mï¿½ltipla;"Reta;Interseï¿½ï¿½o de Vias";Sim;0;0
2025-01-29;quarta-feira;18:20:00;MG;50;UBERLANDIA;Condutor deixou de manter distï¿½ncia do veï¿½culo da frente;Colisï¿½o traseira;Com Vï¿½timas Feridas;Plena Noite;Cï¿½u Claro;Dupla;Reta;Sim;0;0
2025-01-29;quarta-feira;17:00:00;MT;70;NOSSA SENHORA DO LIVRAMENTO;Ultrapassagem Indevida;Colisï¿½o frontal;Com Vï¿½timas Fatais;Anoitecer;Chuva;Simples;Reta;Nï¿½o;1;1
2025-01-29;quarta-feira;15:00:00;RS;290;RIO PARDO;Condutor deixou de manter distï¿½ncia do veï¿½culo da frente;Colisï¿½o traseira;Com Vï¿½timas Feridas;Pleno dia;Cï¿½u Claro;Simples;"Em Obras;Reta";Nï¿½o;0;0
2025-01-29;quarta-feira;18:50:00;PB;230;JOAO PESSOA;Estacionar ou parar em local proibido;Colisï¿½o traseira;Com Vï¿½timas Feridas;Plena Noite;Chuva;Dupla;"Retorno Regulamentado;Viaduto";Sim;0;0
2025-01-29;quarta-feira;17:20:00;SC;282;LAGES;Ausï¿½ncia de reaï¿½ï¿½o do condutor;Colisï¿½o traseira;Com Vï¿½timas Feridas;Anoitecer;Nublado;Simples;Curva;Sim;0;0
2025-01-17;sexta-feira;10:30:00;RJ;101;MANGARATIBA;Desrespeitar a preferï¿½ncia no cruzamento;Colisï¿½o transversal;Com Vï¿½timas Feridas;Pleno dia;Sol;Dupla;Interseï¿½ï¿½o de Vias;Nï¿½o;0;0
2025-01-29;quarta-feira;19:13:00;MG;381;OLIVEIRA;Velocidade Incompatï¿½vel;Saï¿½da de leito carroï¿½ï¿½vel;Com Vï¿½timas Feridas;Plena Noite;Chuva;Dupla;Reta;Nï¿½o;0;0
2025-01-29;quarta-feira;17:30:00;RJ;101;ANGRA DOS REIS;Chuva;Queda de ocupante de veï¿½culo;Com Vï¿½timas Feridas;Plena Noite;Chuva;Simples;Reta;Sim;0;0
2025-01-29;quarta-feira;20:15:00;GO;153;GOIANIA;Ausï¿½ncia de reaï¿½ï¿½o do condutor;Queda de ocupante de veï¿½culo;Com Vï¿½timas Feridas;Plena Noite;Cï¿½u Claro;Dupla;"Reta;Declive";Sim;0;0
2025-01-29;quarta-feira;17:20:00;SC;480;CHAPECO;Ingestï¿½o de ï¿½lcool pelo condutor;Colisï¿½o traseira;Sem Vï¿½timas;Pleno dia;Cï¿½u Claro;Dupla;"Aclive;Reta";Nï¿½o;0;0
2025-01-29;quarta-feira;19:45:00;GO;153;GOIANIA;Demais falhas na via;Saï¿½da de leito carroï¿½ï¿½vel;Com Vï¿½timas Feridas;Plena Noite;Nublado;Dupla;"Reta;Declive";Sim;0;0
2025-01-29;quarta-feira;17:50:00;PR;476;UNIAO DA VITORIA;Acessar a via sem observar a presenï¿½a dos outros veï¿½culos;Colisï¿½o transversal;Com Vï¿½timas Feridas;Pleno dia;Chuva;Simples;"Reta;Interseï¿½ï¿½o de Vias";Sim;0;0
2025-01-29;quarta-feira;19:35:00;PE;116;SALGUEIRO;Velocidade Incompatï¿½vel;Saï¿½da de leito carroï¿½ï¿½vel;Com Vï¿½timas Feridas;Plena Noite;Cï¿½u Claro;Simples;Aclive;Nï¿½o;0;0
2025-01-29;quarta-feira;20:30:00;MG;267;BOM JARDIM DE MINAS;Condutor Dormindo;Colisï¿½o frontal;Com Vï¿½timas Feridas;Plena Noite;Chuva;Simples;Reta;Nï¿½o;0;0
2025-01-29;quarta-feira;18:00:00;AL;316;DOIS RIACHOS;Acessar a via sem observar a presenï¿½a dos outros veï¿½culos;Colisï¿½o lateral mesmo sentido;Com Vï¿½timas Feridas;Anoitecer;Cï¿½u Claro;Simples;"Declive;Interseï¿½ï¿½o de Vias;Reta";Sim;0;0
2025-01-29;quarta-feira;21:30:00;RJ;101;PARATY;Velocidade Incompatï¿½vel;Saï¿½da de leito carroï¿½ï¿½vel;Com Vï¿½timas Fatais;Plena Noite;Chuva;Dupla;Reta;Nï¿½o;1;1
2025-01-29;quarta-feira;21:00:00;PR;277;MORRETES;Acessar a via sem observar a presenï¿½a dos outros veï¿½culos;Colisï¿½o transversal;Com Vï¿½timas Feridas;Plena Noite;Chuva;Dupla;Reta;Nï¿½o;0;0
2025-01-29;quarta-feira;21:00:00;MG;381;LAVRAS;Velocidade Incompatï¿½vel;Capotamento;Com Vï¿½timas Feridas;Plena Noite;Chuva;Dupla;"Curva;Declive";Nï¿½o;0;0
2025-01-29;quarta-feira;21:50:00;SP;116;CAJATI;Chuva;Saï¿½da de leito carroï¿½ï¿½vel;Com Vï¿½timas Feridas;Plena Noite;Chuva;Simples;Curva;Nï¿½o;0;0
2025-01-29;quarta-feira;22:00:00;SP;116;JACAREI;Pedestre andava na pista;Atropelamento de Pedestre;Com Vï¿½timas Feridas;Plena Noite;Cï¿½u Claro;Dupla;Reta;Nï¿½o;0;0
2025-01-29;quarta-feira;21:00:00;RJ;40;DUQUE DE CAXIAS;Pista Escorregadia;Atropelamento de Pedestre;Com Vï¿½timas Feridas;Plena Noite;Chuva;Dupla;Curva;Sim;0;0
2025-01-29;quarta-feira;19:00:00;SP;116;BARRA DO TURVO;Ausï¿½ncia de reaï¿½ï¿½o do condutor;Saï¿½da de leito carroï¿½ï¿½vel;Com Vï¿½timas Feridas;Plena Noite;Chuva;Dupla;Curva;Nï¿½o;0;0
2025-01-29;quarta-feira;22:50:00;GO;40;VALPARAISO DE GOIAS;Acessar a via sem observar a presenï¿½a dos outros veï¿½culos;Colisï¿½o transversal;Sem Vï¿½timas;Plena Noite;Cï¿½u Claro;Dupla;Reta;Sim;0;0
2025-01-29;quarta-feira;22:55:00;RJ;116;NOVA IGUACU;Ausï¿½ncia de reaï¿½ï¿½o do condutor;Queda de ocupante de veï¿½culo;Com Vï¿½timas Feridas;Plena Noite;Nublado;Dupla;Reta;Nï¿½o;0;0
2025-01-29;quarta-feira;23:00:00;DF;60;BRASILIA;Reaï¿½ï¿½o tardia ou ineficiente do condutor;Queda de ocupante de veï¿½culo;Com Vï¿½timas Feridas;Plena Noite;Nublado;Dupla;Reta;Sim;0;0
2025-01-29;quarta-feira;23:00:00;MG;381;BETIM;Acumulo de ï¿½gua sobre o pavimento;Saï¿½da de leito carroï¿½ï¿½vel;Com Vï¿½timas Feridas;Plena Noite;Garoa/Chuvisco;Dupla;Reta;Sim;0;0
2025-01-29;quarta-feira;23:40:00;GO;60;ANAPOLIS;Reaï¿½ï¿½o tardia ou ineficiente do condutor;Colisï¿½o com objeto;Com Vï¿½timas Feridas;Plena Noite;Cï¿½u Claro;Dupla;"Curva;Viaduto";Sim;0;0
2025-01-30;quinta-feira;00:01:00;MG;262;JOAO MONLEVADE;Demais falhas mecï¿½nicas ou elï¿½tricas;Incï¿½ndio;Sem Vï¿½timas;Plena Noite;Nublado;Simples;Reta;Nï¿½o;0;0
2025-01-30;quinta-feira;00:15:00;PR;376;SAO JOSE DOS PINHAIS;Ingestï¿½o de ï¿½lcool pelo condutor;Saï¿½da de leito carroï¿½ï¿½vel;Sem Vï¿½timas;Plena Noite;Nublado;Dupla;Reta;Nï¿½o;0;0
2025-01-30;quinta-feira;01:20:00;GO;153;ANAPOLIS;Ausï¿½ncia de reaï¿½ï¿½o do condutor;Colisï¿½o traseira;Com Vï¿½timas Feridas;Plena Noite;Nublado;Dupla;Reta;Sim;0;0
2025-01-30;quinta-feira;02:24:00;PR;116;CURITIBA;Ausï¿½ncia de reaï¿½ï¿½o do condutor;Saï¿½da de leito carroï¿½ï¿½vel;Com Vï¿½timas Feridas;Plena Noite;Garoa/Chuvisco;Dupla;Curva;Nï¿½o;0;0
2025-01-30;quinta-feira;03:00:00;PI;316;FRANCISCO MACEDO;Ausï¿½ncia de reaï¿½ï¿½o do condutor;Colisï¿½o com objeto;Com Vï¿½timas Fatais;Plena Noite;Nublado;Simples;Declive;Nï¿½o;1;1
2025-01-30;quinta-feira;02:20:00;DF;251;BRASILIA;Chuva;Colisï¿½o com objeto;Com Vï¿½timas Feridas;Plena Noite;Chuva;Simples;Reta;Nï¿½o;0;0
2025-01-30;quinta-feira;05:50:00;ES;101;CARIACICA;Desrespeitar a preferï¿½ncia no cruzamento;Colisï¿½o transversal;Com Vï¿½timas Feridas;Pleno dia;Cï¿½u Claro;Simples;Reta;Sim;0;0
2025-01-30;quinta-feira;05:45:00;SC;101;GOVERNADOR CELSO RAMOS;Condutor deixou de manter distï¿½ncia do veï¿½culo da frente;Colisï¿½o traseira;Com Vï¿½timas Feridas;Amanhecer;Nublado;Mï¿½ltipla;"Reta;Viaduto";Sim;0;0
2025-01-29;quarta-feira;22:00:00;MG;381;OLIVEIRA;Chuva;Capotamento;Com Vï¿½timas Feridas;Plena Noite;Chuva;Dupla;Curva;Nï¿½o;0;0
2025-01-30;quinta-feira;05:50:00;PR;376;JANDAIA DO SUL;Ausï¿½ncia de reaï¿½ï¿½o do condutor;Colisï¿½o com objeto;Com Vï¿½timas Feridas;Amanhecer;Cï¿½u Claro;Dupla;Curva;Nï¿½o;0;0
2025-01-29;quarta-feira;23:35:00;SC;470;BLUMENAU;Demais falhas na via;Queda de ocupante de veï¿½culo;Com Vï¿½timas Feridas;Pleno dia;Cï¿½u Claro;Simples;Viaduto;Sim;0;0
2025-01-30;quinta-feira;06:00:00;RJ;40;PETROPOLIS;Animais na Pista;Atropelamento de Animal;Com Vï¿½timas Feridas;Pleno dia;Nublado;Dupla;Reta;Nï¿½o;0;0
2025-01-30;quinta-feira;06:35:00;PE;101;GAMELEIRA;Reaï¿½ï¿½o tardia ou ineficiente do condutor;Saï¿½da de leito carroï¿½ï¿½vel;Com Vï¿½timas Feridas;Pleno dia;Cï¿½u Claro;Dupla;"Curva;Declive";Nï¿½o;0;0
2025-01-30;quinta-feira;06:20:00;SP;116;GUARULHOS;Reaï¿½ï¿½o tardia ou ineficiente do condutor;Colisï¿½o traseira;Com Vï¿½timas Feridas;Pleno dia;Cï¿½u Claro;Mï¿½ltipla;Reta;Sim;0;0
2025-01-30;quinta-feira;06:30:00;RS;471;RIO GRANDE;Conversï¿½o proibida;Colisï¿½o traseira;Com Vï¿½timas Feridas;Pleno dia;Sol;Simples;Reta;Sim;0;0
2025-01-30;quinta-feira;03:50:00;MG;365;ITUIUTABA;Condutor Dormindo;Saï¿½da de leito carroï¿½ï¿½vel;Sem Vï¿½timas;Plena Noite;Nublado;Simples;Reta;Nï¿½o;0;0
2025-01-30;quinta-feira;04:46:00;MT;364;VARZEA GRANDE;Animais na Pista;Atropelamento de Animal;Com Vï¿½timas Feridas;Amanhecer;Cï¿½u Claro;Simples;Curva;Sim;0;0
2025-01-30;quinta-feira;06:35:00;SP;101;UBATUBA;Conversï¿½o proibida;Colisï¿½o transversal;Com Vï¿½timas Feridas;Pleno dia;Nublado;Simples;Reta;Sim;0;0
2025-01-30;quinta-feira;07:20:00;BA;324;SALVADOR;Ausï¿½ncia de reaï¿½ï¿½o do condutor;Colisï¿½o traseira;Com Vï¿½timas Feridas;Pleno dia;Cï¿½u Claro;Mï¿½ltipla;Reta;Nï¿½o;0;0
2025-01-30;quinta-feira;08:00:00;PR;277;PARANAGUA;Manobra de mudanï¿½a de faixa;Colisï¿½o lateral mesmo sentido;Com Vï¿½timas Feridas;Pleno dia;Nublado;Dupla;Reta;Sim;0;0
2025-01-30;quinta-feira;07:35:00;ES;101;CARIACICA;Transitar no Acostamento;Colisï¿½o transversal;Com Vï¿½timas Feridas;Pleno dia;Sol;Dupla;Reta;Sim;0;0
2025-01-30;quinta-feira;08:20:00;ES;101;SERRA;Condutor deixou de manter distï¿½ncia do veï¿½culo da frente;Colisï¿½o traseira;Com Vï¿½timas Feridas;Pleno dia;Cï¿½u Claro;Dupla;Reta;Sim;0;0
2025-01-30;quinta-feira;07:20:00;MG;381;BETIM;Velocidade Incompatï¿½vel;Tombamento;Com Vï¿½timas Feridas;Pleno dia;Nublado;Mï¿½ltipla;"Curva;Aclive";Sim;0;0
2025-01-30;quinta-feira;06:15:00;MS;163;COXIM;Demais falhas mecï¿½nicas ou elï¿½tricas;Saï¿½da de leito carroï¿½ï¿½vel;Sem Vï¿½timas;Amanhecer;Cï¿½u Claro;Simples;Reta;Nï¿½o;0;0
2025-01-30;quinta-feira;07:45:00;PR;369;CAMBE;Manobra de mudanï¿½a de faixa;Colisï¿½o lateral mesmo sentido;Com Vï¿½timas Feridas;Pleno dia;Cï¿½u Claro;Dupla;"Reta;Declive";Nï¿½o;0;0