data_inversa;dia_semana;horario;uf;br;municipio;causa_acidente;tipo_acidente;classificacao_acidente;fase_dia;condicao_metereologica;tipo_pista;tracado_via;uso_solo;mortos;acidente_fatal
2025-02-01;sï¿½bado;04:35:00;RO;364;JARU;Ausï¿½ncia de reaï¿½ï¿½o do condutor;Saï¿½da de leito carroï¿½ï¿½vel;Com Vï¿½timas Feridas;Plena Noite;Garoa/Chuvisco;Simples;Reta;Sim;0;0
2025-02-01;sï¿½bado;05:25:00;PR;277;CURITIBA;Ausï¿½ncia de reaï¿½ï¿½o do condutor;Colisï¿½o com objeto;Com Vï¿½timas Feridas;Amanhecer;Cï¿½u Claro;Dupla;Reta;Nï¿½o;0;0
2025-02-01;sï¿½bado;05:30:00;RJ;116;QUEIMADOS;Animais na Pista;Atropelamento de Animal;Com Vï¿½timas Feridas;Pleno dia;Cï¿½u Claro;Dupla;Reta;Nï¿½o;0;0
2025-02-01;sï¿½bado;05:15:00;CE;116;PACAJUS;Ausï¿½ncia de reaï¿½ï¿½o do condutor;Colisï¿½o com objeto;Com Vï¿½timas Fatais;Amanhecer;Cï¿½u Claro;Dupla;Curva;Sim;1;1
2025-02-01;sï¿½bado;04:00:00;SC;282;AGUAS MORNAS;Demais falhas mecï¿½nicas ou elï¿½tricas;Incï¿½ndio;Sem Vï¿½timas;Plena Noite;Cï¿½u Claro;Simples;"Declive;Curva";Nï¿½o;0;0
2025-02-01;sï¿½bado;06:15:00;MG;50;UBERABA;Pedestre cruzava a pista fora da faixa;Saï¿½da de leito carroï¿½ï¿½vel;Com Vï¿½timas Feridas;Pleno dia;Cï¿½u Claro;Dupla;Reta;Sim;0;0
2025-02-01;sï¿½bado;06:00:00;CE;230;IPAUMIRIM;Pista esburacada;Saï¿½da de leito carroï¿½ï¿½vel;Com Vï¿½timas Feridas;Pleno dia;Cï¿½u Claro;Simples;"Reta;Aclive";Nï¿½o;0;0
2025-02-01;sï¿½bado;06:15:00;SP;116;ARUJA;Reaï¿½ï¿½o tardia ou ineficiente do condutor;Saï¿½da de leito carroï¿½ï¿½vel;Sem Vï¿½timas;Pleno dia;Garoa/Chuvisco;Mï¿½ltipla;Reta;Sim;0;0
2025-02-01;sï¿½bado;06:40:00;MG;40;PARACATU;Acessar a via sem observar a presenï¿½a dos outros veï¿½culos;Colisï¿½o transversal;Com Vï¿½timas Feridas;Pleno dia;Cï¿½u Claro;Simples;Interseï¿½ï¿½o de Vias;Nï¿½o;0;0
2025-02-01;sï¿½bado;06:10:00;SC;470;NAVEGANTES;Velocidade Incompatï¿½vel;Colisï¿½o transversal;Com Vï¿½timas Feridas;Amanhecer;Nublado;Simples;"Em Obras;Interseï¿½ï¿½o de Vias";Sim;0;0
2025-02-01;sï¿½bado;07:05:00;SC;470;LONTRAS;Condutor deixou de manter distï¿½ncia do veï¿½culo da frente;Colisï¿½o traseira;Com Vï¿½timas Feridas;Pleno dia;Cï¿½u Claro;Simples;Reta;Sim;0;0
2025-02-01;sï¿½bado;04:30:00;MG;262;IBIA;Condutor Dormindo;Saï¿½da de leito carroï¿½ï¿½vel;Com Vï¿½timas Feridas;Plena Noite;Chuva;Simples;Curva;Nï¿½o;0;0
2025-01-31;sexta-feira;16:30:00;BA;367;PORTO SEGURO;Chuva;Colisï¿½o com objeto;Com Vï¿½timas Feridas;Pleno dia;Chuva;Simples;Reta;Nï¿½o;0;0
2025-02-01;sï¿½bado;05:20:00;TO;235;GUARAI;Ausï¿½ncia de reaï¿½ï¿½o do condutor;Saï¿½da de leito carroï¿½ï¿½vel;Com Vï¿½timas Feridas;Plena Noite;Ignorado;Simples;Reta;Nï¿½o;0;0
2025-02-01;sï¿½bado;06:55:00;PB;230;CAMPINA GRANDE;Acessar a via sem observar a presenï¿½a dos outros veï¿½culos;Colisï¿½o transversal;Com Vï¿½timas Feridas;Pleno dia;Cï¿½u Claro;Simples;"Curva;Aclive";Nï¿½o;0;0
2025-02-01;sï¿½bado;07:25:00;PB;101;BAYEUX;Acessar a via sem observar a presenï¿½a dos outros veï¿½culos;Eventos atï¿½picos;Com Vï¿½timas Feridas;Pleno dia;Sol;Simples;Reta;Sim;0;0
2025-02-01;sï¿½bado;06:00:00;PA;316;CASTANHAL;Ausï¿½ncia de reaï¿½ï¿½o do condutor;Colisï¿½o lateral mesmo sentido;Com Vï¿½timas Feridas;Amanhecer;Cï¿½u Claro;Dupla;Reta;Sim;0;0
2025-02-01;sï¿½bado;07:40:00;RJ;116;MAGE;Manobra de mudanï¿½a de faixa;Saï¿½da de leito carroï¿½ï¿½vel;Com Vï¿½timas Feridas;Pleno dia;Nublado;Dupla;Curva;Sim;0;0
2025-01-17;sexta-feira;17:40:00;PR;376;TIBAGI;Ausï¿½ncia de reaï¿½ï¿½o do condutor;Colisï¿½o com objeto;Com Vï¿½timas Fatais;Anoitecer;Chuva;Dupla;"Curva;Aclive";Nï¿½o;1;1
2025-02-01;sï¿½bado;07:40:00;RN;304;MOSSORO;Estacionar ou parar em local proibido;Colisï¿½o traseira;Com Vï¿½timas Feridas;Pleno dia;Cï¿½u Claro;Dupla;Viaduto;Sim;0;0
2025-02-01;sï¿½bado;08:00:00;PB;230;CAMPINA GRANDE;Reaï¿½ï¿½o tardia ou ineficiente do condutor;Tombamento;Com Vï¿½timas Feridas;Pleno dia;Cï¿½u Claro;Simples;"Curva;Em Obras";Sim;0;0
2025-02-01;sï¿½bado;08:25:00;PB;101;SANTA RITA;Ausï¿½ncia de sinalizaï¿½ï¿½o;Colisï¿½o com objeto;Sem Vï¿½timas;Pleno dia;Cï¿½u Claro;Dupla;"Curva;Aclive";Sim;0;0
2025-02-01;sï¿½bado;07:20:00;RS;293;DOM PEDRITO;Frear bruscamente;Saï¿½da de leito carroï¿½ï¿½vel;Com Vï¿½timas Feridas;Pleno dia;Sol;Simples;Reta;Sim;0;0
2025-02-01;sï¿½bado;07:20:00;MG;40;RIBEIRAO DAS NEVES;Condutor Dormindo;Saï¿½da de leito carroï¿½ï¿½vel;Com Vï¿½timas Feridas;Pleno dia;Nublado;Dupla;Reta;Nï¿½o;0;0
2025-01-12;domingo;15:30:00;MG;40;CARANDAI;Chuva;Saï¿½da de leito carroï¿½ï¿½vel;Com Vï¿½timas Feridas;Pleno dia;Chuva;Simples;Reta;Nï¿½o;0;0
2025-02-01;sï¿½bado;08:50:00;BA;116;FEIRA DE SANTANA;Ausï¿½ncia de reaï¿½ï¿½o do condutor;Queda de ocupante de veï¿½culo;Com Vï¿½timas Feridas;Pleno dia;Cï¿½u Claro;Dupla;Reta;Sim;0;0
2025-01-16;quinta-feira;13:10:00;PA;163;TRAIRAO;Acessar a via sem observar a presenï¿½a dos outros veï¿½culos;Colisï¿½o transversal;Com Vï¿½timas Feridas;Pleno dia;Nublado;Simples;"Reta;Declive";Nï¿½o;0;0
2025-02-01;sï¿½bado;09:20:00;RS;290;ROSARIO DO SUL;Condutor deixou de manter distï¿½ncia do veï¿½culo da frente;Colisï¿½o traseira;Com Vï¿½timas Feridas;Pleno dia;Cï¿½u Claro;Simples;"Reta;Aclive";Sim;0;0
2025-02-01;sï¿½bado;09:40:00;ES;101;SAO MATEUS;Acessar a via sem observar a presenï¿½a dos outros veï¿½culos;Colisï¿½o lateral mesmo sentido;Com Vï¿½timas Feridas;Pleno dia;Cï¿½u Claro;Simples;Reta;Nï¿½o;0;0
2025-02-01;sï¿½bado;09:30:00;SP;101;UBATUBA;Acumulo de ï¿½leo sobre o pavimento;Queda de ocupante de veï¿½culo;Com Vï¿½timas Feridas;Pleno dia;Cï¿½u Claro;Simples;Interseï¿½ï¿½o de Vias;Sim;0;0
2025-02-01;sï¿½bado;09:05:00;BA;324;AMELIA RODRIGUES;Velocidade Incompatï¿½vel;Engavetamento;Com Vï¿½timas Feridas;Pleno dia;Cï¿½u Claro;Dupla;Reta;Sim;0;0
2025-02-01;sï¿½bado;09:40:00;PB;101;MAMANGUAPE;Reaï¿½ï¿½o tardia ou ineficiente do condutor;Colisï¿½o transversal;Com Vï¿½timas Feridas;Pleno dia;Cï¿½u Claro;Simples;Reta;Sim;0;0
2025-02-01;sï¿½bado;10:15:00;RN;406;GUAMARE;Reaï¿½ï¿½o tardia ou ineficiente do condutor;Colisï¿½o traseira;Com Vï¿½timas Feridas;Pleno dia;Cï¿½u Claro;Simples;"Aclive;Reta";Sim;0;0
2025-02-01;sï¿½bado;08:45:00;BA;110;CICERO DANTAS;Acessar a via sem observar a presenï¿½a dos outros veï¿½culos;Colisï¿½o frontal;Com Vï¿½timas Fatais;Pleno dia;Cï¿½u Claro;Simples;"Reta;Interseï¿½ï¿½o de Vias";Sim;1;1
2025-02-01;sï¿½bado;09:30:00;BA;242;IBOTIRAMA;Condutor Dormindo;Colisï¿½o frontal;Com Vï¿½timas Feridas;Pleno dia;Cï¿½u Claro;Simples;Reta;Nï¿½o;0;0
2025-02-01;sï¿½bado;10:30:00;PB;101;JOAO PESSOA;Condutor deixou de manter distï¿½ncia do veï¿½culo da frente;Colisï¿½o traseira;Sem Vï¿½timas;Pleno dia;Cï¿½u Claro;Dupla;Reta;Sim;0;0
2025-02-01;sï¿½bado;10:30:00;PE;101;IGARASSU;Ingestï¿½o de ï¿½lcool pelo condutor;Colisï¿½o lateral mesmo sentido;Com Vï¿½timas Feridas;Pleno dia;Nublado;Mï¿½ltipla;Reta;Sim;0;0
2025-02-01;sï¿½bado;09:59:00;GO;40;LUZIANIA;Pedestre cruzava a pista fora da faixa;Atropelamento de Pedestre;Com Vï¿½timas Fatais;Pleno dia;Nublado;Dupla;Reta;Sim;1;1
2025-02-01;sï¿½bado;11:05:00;ES;262;MARECHAL FLORIANO;Avarias e/ou desgaste excessivo no pneu;Queda de ocupante de veï¿½culo;Com Vï¿½timas Feridas;Pleno dia;Cï¿½u Claro;Simples;"Curva;Aclive";Nï¿½o;0;0
2025-02-01;sï¿½bado;11:05:00;SC;101;JOINVILLE;Ausï¿½ncia de reaï¿½ï¿½o do condutor;Colisï¿½o traseira;Com Vï¿½timas Feridas;Pleno dia;Nublado;Dupla;Reta;Sim;0;0
2025-02-01;sï¿½bado;11:15:00;MG;381;CAMBUI;Velocidade Incompatï¿½vel;Queda de ocupante de veï¿½culo;Com Vï¿½timas Feridas;Pleno dia;Chuva;Dupla;"Aclive;Curva";Nï¿½o;0;0
2025-02-01;sï¿½bado;12:05:00;PE;101;RECIFE;Ausï¿½ncia de reaï¿½ï¿½o do condutor;Tombamento;Com Vï¿½timas Feridas;Pleno dia;Chuva;Dupla;Reta;Sim;0;0
2025-02-01;sï¿½bado;11:55:00;MG;50;ARAGUARI;Velocidade Incompatï¿½vel;Saï¿½da de leito carroï¿½ï¿½vel;Sem Vï¿½timas;Pleno dia;Nublado;Dupla;Curva;Nï¿½o;0;0
2025-02-01;sï¿½bado;08:00:00;PI;343;PARNAIBA;Condutor deixou de manter distï¿½ncia do veï¿½culo da frente;Colisï¿½o transversal;Com Vï¿½timas Feridas;Pleno dia;Cï¿½u Claro;Dupla;Reta;Sim;0;0
2025-02-01;sï¿½bado;12:33:00;DF;80;BRASILIA;Acessar a via sem observar a presenï¿½a dos outros veï¿½culos;Colisï¿½o transversal;Com Vï¿½timas Feridas;Pleno dia;Nublado;Simples;Interseï¿½ï¿½o de Vias;Nï¿½o;0;0
2025-02-01;sï¿½bado;12:00:00;CE;222;CAUCAIA;Condutor deixou de manter distï¿½ncia do veï¿½culo da frente;Engavetamento;Com Vï¿½timas Feridas;Pleno dia;Cï¿½u Claro;Mï¿½ltipla;"Aclive;Reta;Viaduto";Sim;0;0
2025-02-01;sï¿½bado;11:00:00;MG;381;POUSO ALEGRE;Ausï¿½ncia de reaï¿½ï¿½o do condutor;Colisï¿½o com objeto;Com Vï¿½timas Feridas;Pleno dia;Chuva;Dupla;Reta;Nï¿½o;0;0
2025-02-01;sï¿½bado;13:00:00;RS;290;PORTO ALEGRE;Condutor deixou de manter distï¿½ncia do veï¿½culo da frente;Colisï¿½o traseira;Com Vï¿½timas Feridas;Pleno dia;Cï¿½u Claro;Simples;Aclive;Sim;0;0
2025-01-31;sexta-feira;14:00:00;CE;116;PACAJUS;Acumulo de areia ou detritos sobre o pavimento;Tombamento;Com Vï¿½timas Feridas;Pleno dia;Cï¿½u Claro;Dupla;Retorno Regulamentado;Nï¿½o;0;0
2025-02-01;sï¿½bado;11:30:00;PA;230;MARABA;Conversï¿½o proibida;Colisï¿½o frontal;Com Vï¿½timas Feridas;Pleno dia;Cï¿½u Claro;Simples;Reta;Nï¿½o;0;0
2025-02-01;sï¿½bado;13:20:00;MG;40;EWBANK DA CAMARA;Chuva;Colisï¿½o com objeto;Com Vï¿½timas Feridas;Pleno dia;Chuva;Simples;Curva;Nï¿½o;0;0
2025-02-01;sï¿½bado;13:39:00;SC;282;FLORIANOPOLIS;Ausï¿½ncia de reaï¿½ï¿½o do condutor;Engavetamento;Com Vï¿½timas Feridas;Pleno dia;Cï¿½u Claro;Mï¿½ltipla;Reta;Sim;0;0
2025-02-01;sï¿½bado;11:13:00;RO;364;JARU;Acessar a via sem observar a presenï¿½a dos outros veï¿½culos;Colisï¿½o transversal;Com Vï¿½timas Feridas;Pleno dia;Chuva;Simples;Rotatï¿½ria;Sim;0;0
2025-02-01;sï¿½bado;13:20:00;SE;235;ARACAJU;Transitar na contramï¿½o;Atropelamento de Pedestre;Com Vï¿½timas Feridas;Pleno dia;Cï¿½u Claro;Dupla;"Aclive;Reta";Nï¿½o;0;0
2025-02-01;sï¿½bado;10:00:00;RJ;40;PETROPOLIS;Pista Escorregadia;Tombamento;Com Vï¿½timas Feridas;Pleno dia;Nublado;Simples;"Reta;Aclive";Nï¿½o;0;0
2025-02-01;sï¿½bado;09:00:00;SP;101;UBATUBA;Reaï¿½ï¿½o tardia ou ineficiente do condutor;Colisï¿½o transversal;Com Vï¿½timas Feridas;Pleno dia;Nublado;Simples;Reta;Sim;0;0
2025-02-01;sï¿½bado;14:50:00;PR;116;MANDIRITUBA;Reaï¿½ï¿½o tardia ou ineficiente do condutor;Saï¿½da de leito carroï¿½ï¿½vel;Com Vï¿½timas Feridas;Pleno dia;Chuva;Simples;"Reta;Aclive";Sim;0;0
2025-02-01;sï¿½bado;12:26:00;RO;364;JARU;Ingestï¿½o de substï¿½ncias psicoativas pelo condutor;Colisï¿½o traseira;Sem Vï¿½timas;Pleno dia;Nublado;Simples;"Declive;Rotatï¿½ria";Sim;0;0
2025-02-01;sï¿½bado;13:15:00;PR;277;SANTA TEREZA DO OESTE;Ultrapassagem Indevida;Colisï¿½o lateral mesmo sentido;Com Vï¿½timas Feridas;Pleno dia;Cï¿½u Claro;Simples;Reta;Nï¿½o;0;0
2025-02-01;sï¿½bado;14:30:00;SC;470;INDAIAL;Acesso irregular;Colisï¿½o frontal;Com Vï¿½timas Feridas;Pleno dia;Nublado;Simples;Reta;Nï¿½o;0;0
2025-02-01;sï¿½bado;15:20:00;RS;290;ELDORADO DO SUL;Acesso irregular;Colisï¿½o transversal;Com Vï¿½timas Feridas;Pleno dia;Cï¿½u Claro;Simples;Reta;Sim;0;0
2025-02-01;sï¿½bado;14:40:00;PE;101;RIBEIRAO;Acumulo de ï¿½gua sobre o pavimento;Saï¿½da de leito carroï¿½ï¿½vel;Com Vï¿½timas Feridas;Pleno dia;Nublado;Dupla;Reta;Sim;0;0
2025-02-01;sï¿½bado;14:50:00;MG;381;BETIM;Ausï¿½ncia de sinalizaï¿½ï¿½o;Colisï¿½o com objeto;Com Vï¿½timas Feridas;Pleno dia;Nublado;Mï¿½ltipla;Reta;Nï¿½o;0;0
2025-02-01;sï¿½bado;16:30:00;PB;230;JOAO PESSOA;Acumulo de areia ou detritos sobre o pavimento;Eventos atï¿½picos;Com Vï¿½timas Feridas;Pleno dia;Sol;Dupla;"Declive;Curva;Interseï¿½ï¿½o de Vias;Viaduto";Sim;0;0
2025-02-01;sï¿½bado;15:20:00;SC;470;POUSO REDONDO;Acessar a via sem observar a presenï¿½a dos outros veï¿½culos;Colisï¿½o transversal;Com Vï¿½timas Feridas;Pleno dia;Cï¿½u Claro;Dupla;"Aclive;Reta";Nï¿½o;0;0
2025-02-01;sï¿½bado;16:10:00;PR;277;CASCAVEL;Ingestï¿½o de ï¿½lcool pelo condutor;Colisï¿½o traseira;Com Vï¿½timas Feridas;Pleno dia;Cï¿½u Claro;Simples;Reta;Sim;0;0
2025-02-01;sï¿½bado;17:00:00;SC;101;ITAPEMA;Trafegar com motocicleta (ou similar) entre as faixas;Colisï¿½o lateral mesmo sentido;Com Vï¿½timas Feridas;Pleno dia;Nublado;Mï¿½ltipla;Reta;Sim;0;0
2025-02-01;sï¿½bado;17:20:00;SP;116;GUARULHOS;Trafegar com motocicleta (ou similar) entre as faixas;Colisï¿½o traseira;Com Vï¿½timas Feridas;Pleno dia;Nublado;Mï¿½ltipla;Reta;Sim;0;0
2025-02-01;sï¿½bado;17:00:00;SC;282;ALFREDO WAGNER;Velocidade Incompatï¿½vel;Saï¿½da de leito carroï¿½ï¿½vel;Com Vï¿½timas Feridas;Pleno dia;Nublado;Simples;"Curva;Declive";Nï¿½o;0;0
2025-02-01;sï¿½bado;17:00:00;RS;392;PELOTAS;Acessar a via sem observar a presenï¿½a dos outros veï¿½culos;Colisï¿½o transversal;Com Vï¿½timas Feridas;Pleno dia;Sol;Simples;Reta;Nï¿½o;0;0
2025-02-01;sï¿½bado;11:30:00;MG;381;BETIM;Ausï¿½ncia de reaï¿½ï¿½o do condutor;Colisï¿½o traseira;Sem Vï¿½timas;Pleno dia;Nublado;Mï¿½ltipla;Reta;Sim;0;0
2025-02-01;sï¿½bado;10:50:00;BA;116;POCOES;Ingestï¿½o de ï¿½lcool pelo condutor;Capotamento;Com Vï¿½timas Feridas;Pleno dia;Cï¿½u Claro;Simples;Declive;Nï¿½o;0;0
2025-02-01;sï¿½bado;15:50:00;PR;277;MATELANDIA;Condutor Dormindo;Colisï¿½o lateral sentido oposto;Com Vï¿½timas Feridas;Pleno dia;Nublado;Simples;"Reta;Aclive";Nï¿½o;0;0
2025-02-01;sï¿½bado;18:00:00;MG;40;RIBEIRAO DAS NEVES;Demais falhas mecï¿½nicas ou elï¿½tricas;Incï¿½ndio;Sem Vï¿½timas;Anoitecer;Nublado;Dupla;Reta;Sim;0;0
2025-02-01;sï¿½bado;15:45:00;MT;174;PONTES E LACERDA;Acessar a via sem observar a presenï¿½a dos outros veï¿½culos;Colisï¿½o transversal;Com Vï¿½timas Feridas;Pleno dia;Cï¿½u Claro;Simples;"Reta;Interseï¿½ï¿½o de Vias";Sim;0;0
2025-02-01;sï¿½bado;16:30:00;MG;381;POUSO ALEGRE;Velocidade Incompatï¿½vel;Saï¿½da de leito carroï¿½ï¿½vel;Com Vï¿½timas Feridas;Pleno dia;Chuva;Dupla;Reta;Nï¿½o;0;0
2025-02-01;sï¿½bado;17:45:00;SC;470;GASPAR;Ausï¿½ncia de reaï¿½ï¿½o do condutor;Colisï¿½o traseira;Com Vï¿½timas Feridas;Pleno dia;Cï¿½u Claro;Dupla;Reta;Nï¿½o;0;0
2025-02-01;sï¿½bado;18:00:00;PR;277;SAO JOSE DOS PINHAIS;Ausï¿½ncia de reaï¿½ï¿½o do condutor;Saï¿½da de leito carroï¿½ï¿½vel;Com Vï¿½timas Feridas;Anoitecer;Garoa/Chuvisco;Dupla;Reta;Nï¿½o;0;0
2025-02-01;sï¿½bado;18:15:00;MG;116;GOVERNADOR VALADARES;Ausï¿½ncia de reaï¿½ï¿½o do condutor;Colisï¿½o traseira;Com Vï¿½timas Feridas;Anoitecer;Cï¿½u Claro;Simples;Reta;Sim;0;0
2025-02-01;sï¿½bado;18:20:00;PE;428;CABROBO;Ausï¿½ncia de sinalizaï¿½ï¿½o;Colisï¿½o frontal;Com Vï¿½timas Feridas;Plena Noite;Cï¿½u Claro;Simples;"Reta;Em Obras;Aclive";Nï¿½o;0;0
2025-02-01;sï¿½bado;19:25:00;RN;101;NATAL;Condutor deixou de manter distï¿½ncia do veï¿½culo da frente;Colisï¿½o traseira;Com Vï¿½timas Feridas;Plena Noite;Cï¿½u Claro;Mï¿½ltipla;Reta;Sim;0;0
2025-02-01;sï¿½bado;18:30:00;MG;262;NOVA SERRANA;Condutor deixou de manter distï¿½ncia do veï¿½culo da frente;Colisï¿½o traseira;Com Vï¿½timas Feridas;Anoitecer;Nublado;Mï¿½ltipla;Reta;Sim;0;0
2025-02-01;sï¿½bado;16:20:00;PR;158;PATO BRANCO;Frear bruscamente;Colisï¿½o traseira;Com Vï¿½timas Feridas;Pleno dia;Cï¿½u Claro;Dupla;"Reta;Viaduto";Nï¿½o;0;0
2025-02-01;sï¿½bado;18:30:00;RJ;101;SAO GONCALO;Reaï¿½ï¿½o tardia ou ineficiente do condutor;Tombamento;Com Vï¿½timas Feridas;Plena Noite;Cï¿½u Claro;Dupla;Reta;Sim;0;0
2025-02-01;sï¿½bado;17:30:00;PB;104;BARRA DE SANTA ROSA;Ausï¿½ncia de reaï¿½ï¿½o do condutor;Tombamento;Com Vï¿½timas Feridas;Anoitecer;Cï¿½u Claro;Dupla;Reta;Sim;0;0
2025-02-01;sï¿½bado;15:00:00;RS;285;SAO LUIZ GONZAGA;Entrada inopinada do pedestre;Atropelamento de Pedestre;Com Vï¿½timas Feridas;Pleno dia;Cï¿½u Claro;Simples;Reta;Sim;0;0
2025-02-01;sï¿½bado;18:24:00;MS;158;TRES LAGOAS;Ausï¿½ncia de reaï¿½ï¿½o do condutor;Saï¿½da de leito carroï¿½ï¿½vel;Com Vï¿½timas Feridas;Anoitecer;Cï¿½u Claro;Dupla;Reta;Nï¿½o;0;0
2025-02-01;sï¿½bado;07:50:00;DF;20;BRASILIA;Ausï¿½ncia de reaï¿½ï¿½o do condutor;Queda de ocupante de veï¿½culo;Sem Vï¿½timas;Pleno dia;Cï¿½u Claro;Dupla;Reta;Sim;0;0
2025-02-01;sï¿½bado;19:30:00;SP;116;SAO LOURENCO DA SERRA;Objeto estï¿½tico sobre o leito carroï¿½ï¿½vel;Colisï¿½o com objeto;Com Vï¿½timas Feridas;Plena Noite;Chuva;Dupla;Reta;Nï¿½o;0;0
2025-02-01;sï¿½bado;18:40:00;AL;101;JUNQUEIRO;Transitar no Acostamento;Colisï¿½o traseira;Com Vï¿½timas Fatais;Plena Noite;Cï¿½u Claro;Dupla;Reta;Nï¿½o;1;1
2025-02-01;sï¿½bado;17:50:00;RJ;40;PETROPOLIS;Curva acentuada;Saï¿½da de leito carroï¿½ï¿½vel;Com Vï¿½timas Feridas;Pleno dia;Chuva;Simples;"Curva;Declive";Nï¿½o;0;0
2025-02-01;sï¿½bado;20:20:00;RS;392;GUARANI DAS MISSOES;Reaï¿½ï¿½o tardia ou ineficiente do condutor;Colisï¿½o traseira;Com Vï¿½timas Feridas;Plena Noite;Cï¿½u Claro;Simples;"Reta;Declive";Nï¿½o;0;0
2025-02-01;sï¿½bado;19:55:00;SC;101;SAO JOSE;Ingestï¿½o de ï¿½lcool pelo condutor;Saï¿½da de leito carroï¿½ï¿½vel;Com Vï¿½timas Feridas;Plena Noite;Cï¿½u Claro;Simples;Reta;Sim;0;0
2025-02-01;sï¿½bado;19:50:00;PR;373;PRUDENTOPOLIS;Ausï¿½ncia de reaï¿½ï¿½o do condutor;Saï¿½da de leito carroï¿½ï¿½vel;Com Vï¿½timas Feridas;Plena Noite;Nublado;Simples;Reta;Nï¿½o;0;0
2025-02-01;sï¿½bado;20:23:00;AP;210;MACAPA;Reaï¿½ï¿½o tardia ou ineficiente do condutor;Colisï¿½o traseira;Com Vï¿½timas Feridas;Plena Noite;Cï¿½u Claro;Mï¿½ltipla;Reta;Sim;0;0
2025-02-01;sï¿½bado;20:30:00;RS;116;CAXIAS DO SUL;Reaï¿½ï¿½o tardia ou ineficiente do condutor;Saï¿½da de leito carroï¿½ï¿½vel;Com Vï¿½timas Feridas;Plena Noite;Cï¿½u Claro;Dupla;Reta;Sim;0;0
2025-02-01;sï¿½bado;17:00:00;RJ;40;COMENDADOR LEVY GASPARIAN;Ausï¿½ncia de reaï¿½ï¿½o do condutor;Colisï¿½o com objeto;Com Vï¿½timas Feridas;Anoitecer;Nublado;Dupla;"Curva;Aclive";Nï¿½o;0;0
2025-02-01;sï¿½bado;20:20:00;ES;101;LINHARES;Manobra de mudanï¿½a de faixa;Colisï¿½o lateral mesmo sentido;Com Vï¿½timas Feridas;Plena Noite;Nublado;Mï¿½ltipla;Reta;Sim;0;0
2025-02-01;sï¿½bado;19:30:00;MS;163;CAMPO GRANDE;Ausï¿½ncia de reaï¿½ï¿½o do condutor;Colisï¿½o com objeto;Com Vï¿½timas Feridas;Plena Noite;Cï¿½u Claro;Dupla;Retorno Regulamentado;Nï¿½o;0;0
2025-02-01;sï¿½bado;21:15:00;RJ;465;SEROPEDICA;Pedestre cruzava a pista fora da faixa;Atropelamento de Pedestre;Com Vï¿½timas Feridas;Plena Noite;Cï¿½u Claro;Simples;Reta;Sim;0;0
2025-02-01;sï¿½bado;21:46:00;GO;50;CRISTALINA;Ingestï¿½o de ï¿½lcool pelo condutor;Saï¿½da de leito carroï¿½ï¿½vel;Sem Vï¿½timas;Anoitecer;Chuva;Dupla;Reta;Nï¿½o;0;0
2025-02-01;sï¿½bado;21:20:00;RS;290;PORTO ALEGRE;Manobra de mudanï¿½a de faixa;Colisï¿½o lateral mesmo sentido;Com Vï¿½timas Feridas;Plena Noite;Cï¿½u Claro;Dupla;Retorno Regulamentado;Sim;0;0
2025-02-01;sï¿½bado;22:20:00;SP;116;SANTA ISABEL;Demais falhas mecï¿½nicas ou elï¿½tricas;Incï¿½ndio;Sem Vï¿½timas;Plena Noite;Garoa/Chuvisco;Dupla;Reta;Nï¿½o;0;0
2025-02-01;sï¿½bado;20:50:00;RJ;116;NOVA IGUACU;Condutor Dormindo;Colisï¿½o com objeto;Com Vï¿½timas Feridas;Plena Noite;Cï¿½u Claro;Dupla;Reta;Sim;0;0
2025-02-01;sï¿½bado;20:50:00;BA;116;PLANALTO;Reaï¿½ï¿½o tardia ou ineficiente do condutor;Tombamento;Com Vï¿½timas Feridas;Plena Noite;Nublado;Simples;Reta;Sim;0;0
2025-02-01;sï¿½bado;20:40:00;MT;163;SINOP;Ausï¿½ncia de reaï¿½ï¿½o do condutor;Colisï¿½o traseira;Sem Vï¿½timas;Plena Noite;Nublado;Dupla;Retorno Regulamentado;Sim;0;0
2025-02-01;sï¿½bado;22:30:00;BA;101;ITABUNA;Acesso irregular;Colisï¿½o transversal;Sem Vï¿½timas;Plena Noite;Cï¿½u Claro;Simples;Curva;Nï¿½o;0;0
2025-02-01;sï¿½bado;22:40:00;PR;476;LAPA;Reaï¿½ï¿½o tardia ou ineficiente do condutor;Colisï¿½o traseira;Com Vï¿½timas Feridas;Plena Noite;Cï¿½u Claro;Simples;Reta;Nï¿½o;0;0
2025-02-01;sï¿½bado;22:30:00;PR;376;PARANAVAI;Ausï¿½ncia de reaï¿½ï¿½o do condutor;Colisï¿½o com objeto;Sem Vï¿½timas;Plena Noite;Cï¿½u Claro;Dupla;Reta;Sim;0;0
2025-02-01;sï¿½bado;21:30:00;MT;163;SINOP;Acessar a via sem observar a presenï¿½a dos outros veï¿½culos;Colisï¿½o transversal;Sem Vï¿½timas;Plena Noite;Chuva;Simples;Reta;Sim;0;0
2025-02-01;sï¿½bado;22:55:00;RS;158;SANTA MARIA;Acumulo de areia ou detritos sobre o pavimento;Tombamento;Com Vï¿½timas Feridas;Plena Noite;Cï¿½u Claro;Dupla;Reta;Nï¿½o;0;0
2025-02-01;sï¿½bado;23:20:00;RS;116;CAPAO DO LEAO;Acessar a via sem observar a presenï¿½a dos outros veï¿½culos;Colisï¿½o traseira;Com Vï¿½timas Feridas;Plena Noite;Cï¿½u Claro;Simples;Interseï¿½ï¿½o de Vias;Sim;0;0
2025-02-01;sï¿½bado;22:45:00;RN;427;CAICO;Iluminaï¿½ï¿½o deficiente;Tombamento;Com Vï¿½timas Feridas;Plena Noite;Cï¿½u Claro;Dupla;Interseï¿½ï¿½o de Vias;Nï¿½o;0;0
2025-02-01;sï¿½bado;21:33:00;MT;174;PONTES E LACERDA;Ultrapassagem Indevida;Colisï¿½o lateral mesmo sentido;Com Vï¿½timas Feridas;Plena Noite;Chuva;Simples;"Reta;Interseï¿½ï¿½o de Vias";Sim;0;0