data_inversa;dia_semana;horario;uf;br;municipio;causa_acidente;tipo_acidente;classificacao_acidente;fase_dia;condicao_metereologica;tipo_pista;tracado_via;uso_solo;mortos;acidente_fatal
2025-02-07;sexta-feira;20:00:00;RJ;101;SAO GONCALO;Trafegar com motocicleta (ou similar) entre as faixas;Colisï¿½o frontal;Com Vï¿½timas Feridas;Plena Noite;Cï¿½u Claro;Dupla;Reta;Sim;0;0
2025-02-07;sexta-feira;20:30:00;RS;392;SAO SEPE;Transitar na contramï¿½o;Colisï¿½o frontal;Com Vï¿½timas Fatais;Plena Noite;Cï¿½u Claro;Simples;Reta;Nï¿½o;1;1
2025-02-07;sexta-feira;21:32:00;GO;40;LUZIANIA;Acessar a via sem observar a presenï¿½a dos outros veï¿½culos;Colisï¿½o transversal;Com Vï¿½timas Feridas;Plena Noite;Cï¿½u Claro;Dupla;"Curva;Rotatï¿½ria";Sim;0;0
2025-02-07;sexta-feira;21:30:00;PR;158;PATO BRANCO;Acessar a via sem observar a presenï¿½a dos outros veï¿½culos;Colisï¿½o transversal;Com Vï¿½timas Feridas;Plena Noite;Nublado;Simples;Interseï¿½ï¿½o de Vias;Sim;0;0
2025-02-07;sexta-feira;22:00:00;RJ;101;ANGRA DOS REIS;Transitar no Acostamento;Colisï¿½o frontal;Com Vï¿½timas Feridas;Plena Noite;Cï¿½u Claro;Simples;Reta;Sim;0;0
2025-02-07;sexta-feira;22:40:00;RS;290;ELDORADO DO SUL;Condutor Dormindo;Colisï¿½o transversal;Com Vï¿½timas Feridas;Pleno dia;Cï¿½u Claro;Simples;Reta;Nï¿½o;0;0
2025-02-07;sexta-feira;21:50:00;CE;116;AQUIRAZ;Condutor deixou de manter distï¿½ncia do veï¿½culo da frente;Colisï¿½o traseira;Com Vï¿½timas Feridas;Plena Noite;Cï¿½u Claro;Dupla;Reta;Nï¿½o;0;0
2025-02-07;sexta-feira;21:00:00;PE;424;CAETES;Condutor deixou de manter distï¿½ncia do veï¿½culo da frente;Colisï¿½o traseira;Com Vï¿½timas Fatais;Plena Noite;Cï¿½u Claro;Simples;Reta;Nï¿½o;1;1
2025-02-07;sexta-feira;21:48:00;PR;116;CAMPINA GRANDE DO SUL;Chuva;Colisï¿½o com objeto;Sem Vï¿½timas;Plena Noite;Chuva;Dupla;Curva;Nï¿½o;0;0
2025-02-07;sexta-feira;22:25:00;GO;40;LUZIANIA;Entrada inopinada do pedestre;Atropelamento de Pedestre;Com Vï¿½timas Fatais;Plena Noite;Cï¿½u Claro;Dupla;Reta;Sim;1;1
2025-02-07;sexta-feira;22:40:00;SP;116;REGISTRO;Condutor desrespeitou a iluminaï¿½ï¿½o vermelha do semï¿½foro;Colisï¿½o transversal;Com Vï¿½timas Feridas;Plena Noite;Garoa/Chuvisco;Simples;Interseï¿½ï¿½o de Vias;Sim;0;0
2025-02-07;sexta-feira;22:30:00;PI;230;DOM EXPEDITO LOPES;Ausï¿½ncia de reaï¿½ï¿½o do condutor;Saï¿½da de leito carroï¿½ï¿½vel;Sem Vï¿½timas;Plena Noite;Cï¿½u Claro;Simples;"Aclive;Reta";Nï¿½o;0;0
2025-02-07;sexta-feira;18:30:00;PE;232;TERRA NOVA;Reaï¿½ï¿½o tardia ou ineficiente do condutor;Colisï¿½o lateral mesmo sentido;Sem Vï¿½timas;Anoitecer;Cï¿½u Claro;Simples;Reta;Nï¿½o;0;0
2025-02-07;sexta-feira;22:55:00;RO;364;PIMENTA BUENO;Acostamento em desnï¿½vel;Tombamento;Com Vï¿½timas Feridas;Plena Noite;Cï¿½u Claro;Simples;Reta;Sim;0;0
2025-02-07;sexta-feira;22:45:00;SP;116;GUARULHOS;Ingestï¿½o de ï¿½lcool pelo condutor;Colisï¿½o com objeto;Com Vï¿½timas Feridas;Plena Noite;Nublado;Mï¿½ltipla;"Declive;Reta";Sim;0;0
2025-02-07;sexta-feira;20:00:00;SC;280;MAFRA;Ausï¿½ncia de reaï¿½ï¿½o do condutor;Colisï¿½o com objeto;Com Vï¿½timas Feridas;Plena Noite;Cï¿½u Claro;Simples;"Ponte;Reta";Nï¿½o;0;0
2025-02-08;sï¿½bado;00:10:00;SE;235;LARANJEIRAS;Ingestï¿½o de ï¿½lcool pelo condutor;Colisï¿½o traseira;Sem Vï¿½timas;Plena Noite;Cï¿½u Claro;Simples;Reta;Nï¿½o;0;0
2025-02-07;sexta-feira;16:40:00;MS;262;TRES LAGOAS;Demais falhas mecï¿½nicas ou elï¿½tricas;Eventos atï¿½picos;Sem Vï¿½timas;Anoitecer;Nublado;Simples;Reta;Nï¿½o;0;0
2025-02-08;sï¿½bado;00:10:00;GO;50;CAMPO ALEGRE DE GOIAS;Ingestï¿½o de ï¿½lcool pelo condutor;Saï¿½da de leito carroï¿½ï¿½vel;Sem Vï¿½timas;Plena Noite;Cï¿½u Claro;Dupla;Reta;Nï¿½o;0;0
2025-02-07;sexta-feira;23:40:00;RR;174;BOA VISTA;Demais falhas mecï¿½nicas ou elï¿½tricas;Incï¿½ndio;Sem Vï¿½timas;Plena Noite;Cï¿½u Claro;Simples;Reta;Nï¿½o;0;0
2025-02-08;sï¿½bado;00:50:00;RS;116;PELOTAS;Animais na Pista;Atropelamento de Animal;Com Vï¿½timas Feridas;Plena Noite;Nublado;Dupla;Reta;Nï¿½o;0;0
2025-02-08;sï¿½bado;02:20:00;SP;116;ITAPECERICA DA SERRA;Ausï¿½ncia de reaï¿½ï¿½o do condutor;Saï¿½da de leito carroï¿½ï¿½vel;Sem Vï¿½timas;Plena Noite;Cï¿½u Claro;Dupla;Reta;Sim;0;0
2025-02-08;sï¿½bado;02:00:00;RJ;101;RIO DE JANEIRO;Condutor Dormindo;Engavetamento;Com Vï¿½timas Feridas;Plena Noite;Cï¿½u Claro;Dupla;Reta;Sim;0;0
2025-02-08;sï¿½bado;01:55:00;PR;376;APUCARANA;Manobra de mudanï¿½a de faixa;Colisï¿½o frontal;Com Vï¿½timas Feridas;Plena Noite;Cï¿½u Claro;Simples;"Aclive;Curva";Sim;0;0
2025-02-08;sï¿½bado;01:45:00;PR;277;PARANAGUA;Chuva;Saï¿½da de leito carroï¿½ï¿½vel;Sem Vï¿½timas;Plena Noite;Chuva;Dupla;Reta;Nï¿½o;0;0
2025-02-08;sï¿½bado;03:25:00;SC;282;LAGES;Reaï¿½ï¿½o tardia ou ineficiente do condutor;Colisï¿½o traseira;Com Vï¿½timas Feridas;Plena Noite;Cï¿½u Claro;Simples;Reta;Sim;0;0
2025-01-23;quinta-feira;18:15:00;PI;343;TERESINA;Acessar a via sem observar a presenï¿½a dos outros veï¿½culos;Colisï¿½o transversal;Com Vï¿½timas Feridas;Plena Noite;Nublado;Simples;Reta;Nï¿½o;0;0
2025-02-08;sï¿½bado;04:55:00;RN;405;ITAU;Ausï¿½ncia de reaï¿½ï¿½o do condutor;Tombamento;Com Vï¿½timas Feridas;Amanhecer;Cï¿½u Claro;Simples;Reta;Nï¿½o;0;0
2025-02-08;sï¿½bado;04:00:00;PR;376;CURITIBA;Pedestre andava na pista;Atropelamento de Pedestre;Com Vï¿½timas Fatais;Plena Noite;Garoa/Chuvisco;Dupla;"Reta;Aclive";Sim;1;1
2025-02-08;sï¿½bado;05:20:00;RS;153;CACHOEIRA DO SUL;Condutor Dormindo;Colisï¿½o com objeto;Sem Vï¿½timas;Amanhecer;Cï¿½u Claro;Dupla;Reta;Sim;0;0
2025-02-08;sï¿½bado;05:30:00;PE;232;ARCOVERDE;Transitar no Acostamento;Atropelamento de Pedestre;Com Vï¿½timas Fatais;Amanhecer;Cï¿½u Claro;Simples;Reta;Nï¿½o;1;1
2025-02-08;sï¿½bado;05:20:00;RJ;101;RIO DE JANEIRO;Demais falhas mecï¿½nicas ou elï¿½tricas;Queda de ocupante de veï¿½culo;Com Vï¿½timas Feridas;Amanhecer;Cï¿½u Claro;Dupla;"Reta;Ponte";Nï¿½o;0;0
2025-01-15;quarta-feira;18:00:00;MA;402;ROSARIO;Acumulo de areia ou detritos sobre o pavimento;Colisï¿½o frontal;Com Vï¿½timas Feridas;Plena Noite;Nublado;Simples;Curva;Nï¿½o;0;0
2025-02-08;sï¿½bado;05:30:00;RS;116;ESTANCIA VELHA;Desrespeitar a preferï¿½ncia no cruzamento;Colisï¿½o lateral sentido oposto;Sem Vï¿½timas;Amanhecer;Cï¿½u Claro;Simples;"Reta;Interseï¿½ï¿½o de Vias";Sim;0;0
2025-02-08;sï¿½bado;05:00:00;PR;277;MEDIANEIRA;Reaï¿½ï¿½o tardia ou ineficiente do condutor;Colisï¿½o com objeto;Sem Vï¿½timas;Plena Noite;Vento;Dupla;"Reta;Aclive";Sim;0;0
2025-02-08;sï¿½bado;02:20:00;AL;101;PILAR;Ausï¿½ncia de reaï¿½ï¿½o do condutor;Saï¿½da de leito carroï¿½ï¿½vel;Sem Vï¿½timas;Amanhecer;Nublado;Dupla;"Curva;Declive";Nï¿½o;0;0
2025-02-08;sï¿½bado;05:31:00;GO;364;MINEIROS;Condutor Dormindo;Saï¿½da de leito carroï¿½ï¿½vel;Com Vï¿½timas Feridas;Amanhecer;Nublado;Simples;Curva;Nï¿½o;0;0
2025-02-08;sï¿½bado;03:50:00;MG;381;CARMOPOLIS DE MINAS;Ingestï¿½o de ï¿½lcool pelo condutor;Colisï¿½o lateral mesmo sentido;Sem Vï¿½timas;Plena Noite;Cï¿½u Claro;Dupla;Reta;Nï¿½o;0;0
2025-02-08;sï¿½bado;01:40:00;RN;226;CAMPO REDONDO;Velocidade Incompatï¿½vel;Saï¿½da de leito carroï¿½ï¿½vel;Com Vï¿½timas Feridas;Plena Noite;Cï¿½u Claro;Simples;"Curva;Declive";Nï¿½o;0;0
2025-02-08;sï¿½bado;05:59:00;GO;153;APARECIDA DE GOIANIA;Ausï¿½ncia de reaï¿½ï¿½o do condutor;Queda de ocupante de veï¿½culo;Com Vï¿½timas Feridas;Amanhecer;Nublado;Dupla;Reta;Sim;0;0
2025-02-08;sï¿½bado;07:05:00;PR;116;SAO JOSE DOS PINHAIS;Chuva;Colisï¿½o com objeto;Com Vï¿½timas Feridas;Pleno dia;Chuva;Dupla;Reta;Nï¿½o;0;0
2025-01-03;sexta-feira;05:40:00;PA;222;RONDON DO PARA;Objeto estï¿½tico sobre o leito carroï¿½ï¿½vel;Colisï¿½o com objeto;Com Vï¿½timas Feridas;Amanhecer;Chuva;Simples;"Reta;Declive";Nï¿½o;0;0
2025-02-08;sï¿½bado;07:10:00;RJ;101;CARAPEBUS;Acessar a via sem observar a presenï¿½a dos outros veï¿½culos;Colisï¿½o lateral mesmo sentido;Com Vï¿½timas Feridas;Pleno dia;Cï¿½u Claro;Dupla;Curva;Nï¿½o;0;0
2025-02-08;sï¿½bado;07:40:00;MG;381;IGARAPE;Ausï¿½ncia de reaï¿½ï¿½o do condutor;Colisï¿½o com objeto;Com Vï¿½timas Feridas;Pleno dia;Cï¿½u Claro;Dupla;Reta;Nï¿½o;0;0
2025-02-08;sï¿½bado;07:00:00;TO;10;PALMAS;Ausï¿½ncia de reaï¿½ï¿½o do condutor;Queda de ocupante de veï¿½culo;Com Vï¿½timas Feridas;Pleno dia;Cï¿½u Claro;Dupla;Reta;Sim;0;0
2025-02-08;sï¿½bado;08:10:00;ES;101;SERRA;Ultrapassagem Indevida;Colisï¿½o lateral mesmo sentido;Com Vï¿½timas Feridas;Pleno dia;Sol;Dupla;Reta;Nï¿½o;0;0
2025-02-08;sï¿½bado;08:00:00;SP;116;SAO JOSE DOS CAMPOS;Demais falhas mecï¿½nicas ou elï¿½tricas;Tombamento;Com Vï¿½timas Feridas;Pleno dia;Sol;Dupla;Reta;Sim;0;0
2025-02-08;sï¿½bado;06:30:00;PR;277;CURITIBA;Ausï¿½ncia de reaï¿½ï¿½o do condutor;Colisï¿½o traseira;Com Vï¿½timas Feridas;Pleno dia;Cï¿½u Claro;Dupla;"Reta;Declive";Nï¿½o;0;0
2025-02-08;sï¿½bado;06:20:00;PE;423;IATI;Condutor Dormindo;Capotamento;Com Vï¿½timas Fatais;Pleno dia;Cï¿½u Claro;Simples;Reta;Nï¿½o;2;1
2025-02-08;sï¿½bado;07:50:00;MG;40;NOVA LIMA;Velocidade Incompatï¿½vel;Saï¿½da de leito carroï¿½ï¿½vel;Com Vï¿½timas Feridas;Amanhecer;Sol;Dupla;Curva;Nï¿½o;0;0
2025-02-08;sï¿½bado;07:50:00;SP;116;SAO JOSE DOS CAMPOS;Ausï¿½ncia de reaï¿½ï¿½o do condutor;Colisï¿½o lateral mesmo sentido;Com Vï¿½timas Feridas;Pleno dia;Cï¿½u Claro;Mï¿½ltipla;"Reta;Declive";Nï¿½o;0;0
2025-02-08;sï¿½bado;05:48:00;MA;135;SAO LUIS;Acessar a via sem observar a presenï¿½a dos outros veï¿½culos;Colisï¿½o transversal;Sem Vï¿½timas;Amanhecer;Chuva;Dupla;"Retorno Regulamentado;Reta";Sim;0;0
2025-02-08;sï¿½bado;06:20:00;CE;116;FORTALEZA;Entrada inopinada do pedestre;Atropelamento de Pedestre;Sem Vï¿½timas;Pleno dia;Cï¿½u Claro;Dupla;Reta;Sim;0;0
2025-02-08;sï¿½bado;05:50:00;PR;277;GUARANIACU;Reaï¿½ï¿½o tardia ou ineficiente do condutor;Saï¿½da de leito carroï¿½ï¿½vel;Com Vï¿½timas Feridas;Amanhecer;Cï¿½u Claro;Simples;Curva;Nï¿½o;0;0
2025-02-08;sï¿½bado;04:55:00;PR;163;TOLEDO;Ausï¿½ncia de reaï¿½ï¿½o do condutor;Colisï¿½o traseira;Sem Vï¿½timas;Plena Noite;Cï¿½u Claro;Dupla;Reta;Nï¿½o;0;0
2025-02-08;sï¿½bado;04:15:00;PR;163;TOLEDO;Velocidade Incompatï¿½vel;Saï¿½da de leito carroï¿½ï¿½vel;Sem Vï¿½timas;Plena Noite;Nublado;Dupla;Reta;Nï¿½o;0;0
2025-02-08;sï¿½bado;07:45:00;RS;116;CAPAO DO LEAO;Desrespeitar a preferï¿½ncia no cruzamento;Colisï¿½o transversal;Com Vï¿½timas Feridas;Pleno dia;Sol;Simples;"Reta;Interseï¿½ï¿½o de Vias";Sim;0;0
2025-02-08;sï¿½bado;07:50:00;DF;251;BRASILIA;Condutor Dormindo;Colisï¿½o lateral sentido oposto;Com Vï¿½timas Feridas;Pleno dia;Cï¿½u Claro;Simples;Reta;Nï¿½o;0;0
2025-02-08;sï¿½bado;05:54:00;RR;174;MUCAJAI;Ingestï¿½o de ï¿½lcool pelo condutor;Atropelamento de Pedestre;Com Vï¿½timas Feridas;Amanhecer;Cï¿½u Claro;Simples;Reta;Sim;0;0
2025-02-08;sï¿½bado;06:47:00;RO;364;PIMENTA BUENO;Reaï¿½ï¿½o tardia ou ineficiente do condutor;Colisï¿½o traseira;Com Vï¿½timas Feridas;Pleno dia;Nublado;Simples;Reta;Sim;0;0
2025-02-08;sï¿½bado;09:00:00;SC;101;SAO JOSE;Condutor deixou de manter distï¿½ncia do veï¿½culo da frente;Colisï¿½o traseira;Com Vï¿½timas Feridas;Pleno dia;Cï¿½u Claro;Dupla;"Curva;Aclive";Nï¿½o;0;0
2025-02-08;sï¿½bado;08:30:00;CE;116;FORTALEZA;Ausï¿½ncia de reaï¿½ï¿½o do condutor;Colisï¿½o traseira;Com Vï¿½timas Feridas;Pleno dia;Cï¿½u Claro;Mï¿½ltipla;Reta;Sim;0;0
2025-02-08;sï¿½bado;06:57:00;MT;364;SANTO ANTONIO DO LEVERGER;Reaï¿½ï¿½o tardia ou ineficiente do condutor;Saï¿½da de leito carroï¿½ï¿½vel;Com Vï¿½timas Feridas;Pleno dia;Cï¿½u Claro;Dupla;Reta;Nï¿½o;0;0
2025-02-08;sï¿½bado;08:50:00;PR;153;MALLET;Acessar a via sem observar a presenï¿½a dos outros veï¿½culos;Colisï¿½o transversal;Com Vï¿½timas Feridas;Pleno dia;Nublado;Simples;"Reta;Interseï¿½ï¿½o de Vias";Sim;0;0
2025-02-08;sï¿½bado;07:50:00;SP;116;SAO JOSE DOS CAMPOS;Demais falhas mecï¿½nicas ou elï¿½tricas;Colisï¿½o traseira;Com Vï¿½timas Feridas;Pleno dia;Cï¿½u Claro;Dupla;Reta;Nï¿½o;0;0
2025-02-08;sï¿½bado;08:20:00;RJ;40;PETROPOLIS;Acessar a via sem observar a presenï¿½a dos outros veï¿½culos;Colisï¿½o transversal;Com Vï¿½timas Feridas;Pleno dia;Cï¿½u Claro;Simples;"Aclive;Curva;Interseï¿½ï¿½o de Vias";Sim;0;0
2025-02-08;sï¿½bado;09:30:00;ES;101;LINHARES;Acessar a via sem observar a presenï¿½a dos outros veï¿½culos;Colisï¿½o lateral mesmo sentido;Com Vï¿½timas Feridas;Pleno dia;Sol;Mï¿½ltipla;"Retorno Regulamentado;Reta";Sim;0;0
2025-02-05;quarta-feira;07:00:00;RJ;116;PIRAI;Ausï¿½ncia de reaï¿½ï¿½o do condutor;Queda de ocupante de veï¿½culo;Com Vï¿½timas Feridas;Amanhecer;Cï¿½u Claro;Dupla;Curva;Sim;0;0
2025-02-08;sï¿½bado;10:00:00;PR;277;PARANAGUA;Manobra de mudanï¿½a de faixa;Colisï¿½o lateral mesmo sentido;Com Vï¿½timas Feridas;Pleno dia;Nublado;Dupla;"Retorno Regulamentado;Reta";Nï¿½o;0;0
2025-02-08;sï¿½bado;09:00:00;MG;116;CARATINGA;Condutor deixou de manter distï¿½ncia do veï¿½culo da frente;Colisï¿½o traseira;Com Vï¿½timas Feridas;Pleno dia;Cï¿½u Claro;Simples;Reta;Nï¿½o;0;0
2025-02-08;sï¿½bado;10:09:00;SP;116;CAJATI;Reaï¿½ï¿½o tardia ou ineficiente do condutor;Saï¿½da de leito carroï¿½ï¿½vel;Com Vï¿½timas Feridas;Pleno dia;Garoa/Chuvisco;Simples;"Curva;Declive";Nï¿½o;0;0
2025-02-08;sï¿½bado;09:00:00;PB;412;MONTEIRO;Acessar a via sem observar a presenï¿½a dos outros veï¿½culos;Colisï¿½o transversal;Com Vï¿½timas Feridas;Pleno dia;Cï¿½u Claro;Simples;Reta;Sim;0;0
2025-02-08;sï¿½bado;10:00:00;ES;101;LINHARES;Condutor deixou de manter distï¿½ncia do veï¿½culo da frente;Tombamento;Com Vï¿½timas Feridas;Pleno dia;Cï¿½u Claro;Simples;Curva;Sim;0;0
2025-02-08;sï¿½bado;08:40:00;GO;158;JATAI;Objeto estï¿½tico sobre o leito carroï¿½ï¿½vel;Colisï¿½o com objeto;Com Vï¿½timas Feridas;Pleno dia;Cï¿½u Claro;Simples;Curva;Nï¿½o;0;0
2025-02-08;sï¿½bado;09:50:00;SP;116;SAO JOSE DOS CAMPOS;Condutor deixou de manter distï¿½ncia do veï¿½culo da frente;Colisï¿½o traseira;Com Vï¿½timas Feridas;Pleno dia;Cï¿½u Claro;Dupla;Reta;Nï¿½o;0;0
2025-02-08;sï¿½bado;11:00:00;SP;116;SAO PAULO;Ausï¿½ncia de reaï¿½ï¿½o do condutor;Colisï¿½o traseira;Com Vï¿½timas Feridas;Pleno dia;Cï¿½u Claro;Mï¿½ltipla;Reta;Nï¿½o;0;0
2025-02-08;sï¿½bado;08:55:00;MG;251;SALINAS;Ingestï¿½o de ï¿½lcool pelo condutor;Queda de ocupante de veï¿½culo;Com Vï¿½timas Feridas;Pleno dia;Cï¿½u Claro;Simples;Aclive;Nï¿½o;0;0
2025-02-08;sï¿½bado;11:00:00;MG;381;BELO HORIZONTE;Conversï¿½o proibida;Colisï¿½o traseira;Com Vï¿½timas Feridas;Pleno dia;Cï¿½u Claro;Simples;"Reta;Declive";Sim;0;0
2025-02-08;sï¿½bado;09:00:00;RJ;101;MANGARATIBA;Trafegar com motocicleta (ou similar) entre as faixas;Tombamento;Com Vï¿½timas Feridas;Pleno dia;Sol;Simples;Aclive;Nï¿½o;0;0
2025-02-08;sï¿½bado;11:20:00;PR;369;ROLANDIA;Reaï¿½ï¿½o tardia ou ineficiente do condutor;Colisï¿½o lateral mesmo sentido;Com Vï¿½timas Feridas;Pleno dia;Cï¿½u Claro;Simples;Reta;Sim;0;0
2025-02-08;sï¿½bado;08:00:00;SC;282;XAXIM;Manobra de mudanï¿½a de faixa;Colisï¿½o lateral mesmo sentido;Com Vï¿½timas Feridas;Pleno dia;Cï¿½u Claro;Simples;"Curva;Aclive";Nï¿½o;0;0
2025-02-08;sï¿½bado;09:42:00;AC;364;RIO BRANCO;Ausï¿½ncia de reaï¿½ï¿½o do condutor;Colisï¿½o transversal;Com Vï¿½timas Feridas;Pleno dia;Sol;Dupla;Rotatï¿½ria;Sim;0;0
2025-02-08;sï¿½bado;12:00:00;MG;50;UBERABA;Condutor Dormindo;Saï¿½da de leito carroï¿½ï¿½vel;Com Vï¿½timas Feridas;Pleno dia;Cï¿½u Claro;Dupla;Reta;Nï¿½o;0;0
2025-02-08;sï¿½bado;10:20:00;RS;386;FREDERICO WESTPHALEN;Velocidade Incompatï¿½vel;Saï¿½da de leito carroï¿½ï¿½vel;Com Vï¿½timas Feridas;Pleno dia;Cï¿½u Claro;Simples;Curva;Nï¿½o;0;0
2025-02-08;sï¿½bado;12:25:00;PE;428;PETROLINA;Acessar a via sem observar a presenï¿½a dos outros veï¿½culos;Colisï¿½o transversal;Com Vï¿½timas Feridas;Pleno dia;Cï¿½u Claro;Dupla;Rotatï¿½ria;Nï¿½o;0;0
2025-02-08;sï¿½bado;11:10:00;RJ;465;NOVA IGUACU;Trafegar com motocicleta (ou similar) entre as faixas;Colisï¿½o frontal;Com Vï¿½timas Feridas;Pleno dia;Cï¿½u Claro;Simples;Reta;Sim;0;0
2025-02-08;sï¿½bado;01:00:00;ES;259;COLATINA;Ausï¿½ncia de reaï¿½ï¿½o do condutor;Saï¿½da de leito carroï¿½ï¿½vel;Com Vï¿½timas Feridas;Plena Noite;Cï¿½u Claro;Simples;Reta;Nï¿½o;0;0
2025-02-08;sï¿½bado;12:20:00;PE;101;RECIFE;Manobra de mudanï¿½a de faixa;Engavetamento;Sem Vï¿½timas;Pleno dia;Sol;Dupla;Reta;Sim;0;0
2025-02-08;sï¿½bado;12:15:00;MG;40;RIBEIRAO DAS NEVES;Pedestre andava na pista;Atropelamento de Pedestre;Com Vï¿½timas Feridas;Pleno dia;Cï¿½u Claro;Dupla;Reta;Sim;0;0
2025-02-08;sï¿½bado;11:05:00;RS;471;SANTA CRUZ DO SUL;Ingestï¿½o de ï¿½lcool pelo condutor;Colisï¿½o frontal;Com Vï¿½timas Feridas;Pleno dia;Cï¿½u Claro;Simples;"Reta;Aclive";Nï¿½o;0;0
2025-02-08;sï¿½bado;12:53:00;PB;230;JOAO PESSOA;Ausï¿½ncia de reaï¿½ï¿½o do condutor;Colisï¿½o traseira;Com Vï¿½timas Feridas;Pleno dia;Cï¿½u Claro;Dupla;"Reta;Interseï¿½ï¿½o de Vias";Sim;0;0
2025-02-08;sï¿½bado;11:30:00;MS;262;CAMPO GRANDE;Acessar a via sem observar a presenï¿½a dos outros veï¿½culos;Colisï¿½o transversal;Com Vï¿½timas Feridas;Pleno dia;Sol;Simples;Rotatï¿½ria;Sim;0;0
2025-02-08;sï¿½bado;13:15:00;RJ;116;NOVA IGUACU;Trafegar com motocicleta (ou similar) entre as faixas;Colisï¿½o traseira;Com Vï¿½timas Feridas;Pleno dia;Cï¿½u Claro;Dupla;Reta;Sim;0;0
2025-02-08;sï¿½bado;13:45:00;RJ;116;TERESOPOLIS;Velocidade Incompatï¿½vel;Colisï¿½o frontal;Com Vï¿½timas Feridas;Pleno dia;Cï¿½u Claro;Simples;Curva;Nï¿½o;0;0
2025-02-08;sï¿½bado;14:05:00;SC;101;BIGUACU;Reaï¿½ï¿½o tardia ou ineficiente do condutor;Engavetamento;Com Vï¿½timas Feridas;Pleno dia;Cï¿½u Claro;Dupla;Reta;Sim;0;0
2025-02-08;sï¿½bado;11:35:00;MG;116;CARATINGA;Acessar a via sem observar a presenï¿½a dos outros veï¿½culos;Colisï¿½o transversal;Com Vï¿½timas Feridas;Pleno dia;Cï¿½u Claro;Simples;Reta;Sim;0;0
2025-02-08;sï¿½bado;12:40:00;RJ;493;SEROPEDICA;Avarias e/ou desgaste excessivo no pneu;Queda de ocupante de veï¿½culo;Com Vï¿½timas Feridas;Pleno dia;Cï¿½u Claro;Dupla;Reta;Nï¿½o;0;0
2025-01-19;domingo;06:30:00;CE;116;ALTO SANTO;Condutor Dormindo;Saï¿½da de leito carroï¿½ï¿½vel;Com Vï¿½timas Feridas;Pleno dia;Cï¿½u Claro;Simples;Reta;Nï¿½o;0;0
2025-02-08;sï¿½bado;14:00:00;DF;80;BRASILIA;Avarias e/ou desgaste excessivo no pneu;Saï¿½da de leito carroï¿½ï¿½vel;Sem Vï¿½timas;Pleno dia;Cï¿½u Claro;Simples;Reta;Nï¿½o;0;0
2025-02-08;sï¿½bado;14:00:00;PR;163;GUAIRA;Condutor deixou de manter distï¿½ncia do veï¿½culo da frente;Colisï¿½o traseira;Sem Vï¿½timas;Pleno dia;Nublado;Simples;"Ponte;Reta";Nï¿½o;0;0
2025-02-08;sï¿½bado;14:10:00;PR;376;MANDAGUARI;Condutor usando celular;Colisï¿½o com objeto;Com Vï¿½timas Feridas;Pleno dia;Cï¿½u Claro;Dupla;Reta;Nï¿½o;0;0
2025-02-08;sï¿½bado;14:30:00;SC;282;FLORIANOPOLIS;Reaï¿½ï¿½o tardia ou ineficiente do condutor;Colisï¿½o traseira;Com Vï¿½timas Feridas;Pleno dia;Sol;Dupla;Reta;Sim;0;0
2025-02-08;sï¿½bado;15:00:00;GO;20;POSSE;Acessar a via sem observar a presenï¿½a dos outros veï¿½culos;Colisï¿½o transversal;Com Vï¿½timas Feridas;Pleno dia;Sol;Simples;Reta;Nï¿½o;0;0
2025-02-08;sï¿½bado;14:45:00;BA;101;ITABELA;Desrespeitar a preferï¿½ncia no cruzamento;Colisï¿½o lateral sentido oposto;Com Vï¿½timas Feridas;Pleno dia;Cï¿½u Claro;Simples;"Reta;Interseï¿½ï¿½o de Vias";Sim;0;0
2025-02-08;sï¿½bado;09:15:00;RS;290;SANTA MARGARIDA DO SUL;Ausï¿½ncia de reaï¿½ï¿½o do condutor;Saï¿½da de leito carroï¿½ï¿½vel;Com Vï¿½timas Feridas;Pleno dia;Cï¿½u Claro;Simples;Curva;Nï¿½o;0;0
2025-02-08;sï¿½bado;15:20:00;MG;459;CALDAS;Reaï¿½ï¿½o tardia ou ineficiente do condutor;Colisï¿½o lateral mesmo sentido;Com Vï¿½timas Feridas;Pleno dia;Cï¿½u Claro;Simples;"Reta;Declive";Sim;0;0
2025-02-08;sï¿½bado;15:40:00;MG;50;ARAGUARI;Chuva;Saï¿½da de leito carroï¿½ï¿½vel;Com Vï¿½timas Feridas;Pleno dia;Chuva;Dupla;Curva;Nï¿½o;0;0
2025-02-08;sï¿½bado;14:00:00;AL;316;SANTANA DO IPANEMA;Acessar a via sem observar a presenï¿½a dos outros veï¿½culos;Colisï¿½o transversal;Com Vï¿½timas Feridas;Pleno dia;Sol;Simples;"Reta;Interseï¿½ï¿½o de Vias";Sim;0;0
2025-02-08;sï¿½bado;11:00:00;RJ;101;ITABORAI;Ultrapassagem Indevida;Colisï¿½o lateral mesmo sentido;Com Vï¿½timas Feridas;Pleno dia;Cï¿½u Claro;Dupla;Reta;Sim;0;0
2025-02-08;sï¿½bado;15:50:00;ES;262;CARIACICA;Reaï¿½ï¿½o tardia ou ineficiente do condutor;Colisï¿½o traseira;Com Vï¿½timas Feridas;Pleno dia;Sol;Dupla;"Ponte;Reta";Sim;0;0
2025-02-08;sï¿½bado;15:31:00;PB;101;PEDRAS DE FOGO;Ingestï¿½o de ï¿½lcool pelo condutor;Saï¿½da de leito carroï¿½ï¿½vel;Sem Vï¿½timas;Pleno dia;Cï¿½u Claro;Dupla;Reta;Nï¿½o;0;0
2025-02-08;sï¿½bado;16:00:00;SC;101;ARARANGUA;Ausï¿½ncia de reaï¿½ï¿½o do condutor;Tombamento;Com Vï¿½timas Feridas;Pleno dia;Cï¿½u Claro;Mï¿½ltipla;"Aclive;Reta;Viaduto";Nï¿½o;0;0