data_inversa;dia_semana;horario;uf;br;municipio;causa_acidente;tipo_acidente;classificacao_acidente;fase_dia;condicao_metereologica;tipo_pista;tracado_via;uso_solo;mortos;acidente_fatal
2025-02-08;sï¿½bado;16:20:00;GO;414;ANAPOLIS;Velocidade Incompatï¿½vel;Tombamento;Com Vï¿½timas Feridas;Pleno dia;Cï¿½u Claro;Dupla;Reta;Sim;0;0
2025-02-08;sï¿½bado;12:15:00;RN;304;MOSSORO;Ausï¿½ncia de reaï¿½ï¿½o do condutor;Saï¿½da de leito carroï¿½ï¿½vel;Sem Vï¿½timas;Pleno dia;Cï¿½u Claro;Simples;Rotatï¿½ria;Nï¿½o;0;0
2025-02-08;sï¿½bado;13:57:00;RS;116;SAO LOURENCO DO SUL;Ausï¿½ncia de reaï¿½ï¿½o do condutor;Saï¿½da de leito carroï¿½ï¿½vel;Com Vï¿½timas Feridas;Pleno dia;Cï¿½u Claro;Dupla;Retorno Regulamentado;Nï¿½o;0;0
2025-02-08;sï¿½bado;17:00:00;MG;40;RIBEIRAO DAS NEVES;Condutor deixou de manter distï¿½ncia do veï¿½culo da frente;Colisï¿½o traseira;Com Vï¿½timas Feridas;Pleno dia;Cï¿½u Claro;Dupla;"Reta;Declive";Sim;0;0
2025-02-08;sï¿½bado;16:00:00;RJ;493;GUAPIMIRIM;Ausï¿½ncia de reaï¿½ï¿½o do condutor;Colisï¿½o traseira;Com Vï¿½timas Feridas;Pleno dia;Cï¿½u Claro;Simples;Reta;Sim;0;0
2025-02-08;sï¿½bado;17:00:00;GO;364;JATAI;Ingestï¿½o de ï¿½lcool pelo condutor;Saï¿½da de leito carroï¿½ï¿½vel;Com Vï¿½timas Feridas;Pleno dia;Cï¿½u Claro;Simples;"Rotatï¿½ria;Interseï¿½ï¿½o de Vias";Nï¿½o;0;0
2025-02-08;sï¿½bado;18:00:00;SC;101;BARRA VELHA;Ausï¿½ncia de reaï¿½ï¿½o do condutor;Colisï¿½o com objeto;Com Vï¿½timas Feridas;Pleno dia;Nublado;Mï¿½ltipla;Reta;Sim;0;0
2025-02-08;sï¿½bado;17:40:00;GO;153;ANAPOLIS;Reaï¿½ï¿½o tardia ou ineficiente do condutor;Colisï¿½o traseira;Sem Vï¿½timas;Pleno dia;Cï¿½u Claro;Dupla;Reta;Sim;0;0
2025-02-08;sï¿½bado;17:20:00;MG;365;MONTES CLAROS;Velocidade Incompatï¿½vel;Queda de ocupante de veï¿½culo;Com Vï¿½timas Feridas;Anoitecer;Nublado;Simples;"Reta;Declive";Nï¿½o;0;0
2025-02-08;sï¿½bado;17:45:00;SP;116;GUARULHOS;Demais Fenï¿½menos da natureza;Eventos atï¿½picos;Com Vï¿½timas Feridas;Pleno dia;Cï¿½u Claro;Mï¿½ltipla;"Em Obras;Reta;Interseï¿½ï¿½o de Vias";Sim;0;0
2025-02-08;sï¿½bado;15:10:00;MT;174;PONTES E LACERDA;Frear bruscamente;Capotamento;Com Vï¿½timas Feridas;Pleno dia;Garoa/Chuvisco;Simples;Reta;Nï¿½o;0;0
2025-02-08;sï¿½bado;18:45:00;DF;70;BRASILIA;Manobra de mudanï¿½a de faixa;Colisï¿½o lateral mesmo sentido;Com Vï¿½timas Feridas;Anoitecer;Chuva;Dupla;Reta;Sim;0;0
2025-02-08;sï¿½bado;18:30:00;MG;381;BETIM;Condutor deixou de manter distï¿½ncia do veï¿½culo da frente;Colisï¿½o traseira;Com Vï¿½timas Feridas;Plena Noite;Cï¿½u Claro;Dupla;Curva;Sim;0;0
2025-02-08;sï¿½bado;18:34:00;PB;101;JOAO PESSOA;Reaï¿½ï¿½o tardia ou ineficiente do condutor;Queda de ocupante de veï¿½culo;Com Vï¿½timas Feridas;Plena Noite;Cï¿½u Claro;Dupla;Aclive;Sim;0;0
2025-02-08;sï¿½bado;18:15:00;MA;135;SAO LUIS;Condutor deixou de manter distï¿½ncia do veï¿½culo da frente;Colisï¿½o traseira;Sem Vï¿½timas;Plena Noite;Garoa/Chuvisco;Dupla;Reta;Nï¿½o;0;0
2025-01-19;domingo;14:43:00;MT;364;JUSCIMEIRA;Transitar na contramï¿½o;Colisï¿½o transversal;Com Vï¿½timas Feridas;Pleno dia;Cï¿½u Claro;Dupla;"Reta;Retorno Regulamentado";Nï¿½o;0;0
2025-02-08;sï¿½bado;18:40:00;PR;469;FOZ DO IGUACU;Condutor deixou de manter distï¿½ncia do veï¿½culo da frente;Colisï¿½o transversal;Com Vï¿½timas Feridas;Anoitecer;Nublado;Simples;"Em Obras;Reta";Sim;0;0
2025-02-08;sï¿½bado;19:05:00;PR;476;ARAUCARIA;Reaï¿½ï¿½o tardia ou ineficiente do condutor;Colisï¿½o traseira;Com Vï¿½timas Feridas;Pleno dia;Nublado;Simples;Reta;Sim;0;0
2025-02-08;sï¿½bado;19:15:00;SC;101;SAO JOSE;Reaï¿½ï¿½o tardia ou ineficiente do condutor;Queda de ocupante de veï¿½culo;Com Vï¿½timas Feridas;Plena Noite;Cï¿½u Claro;Dupla;Curva;Nï¿½o;0;0
2025-02-08;sï¿½bado;19:10:00;ES;101;SAO MATEUS;Ingestï¿½o de ï¿½lcool pelo condutor;Colisï¿½o traseira;Com Vï¿½timas Feridas;Plena Noite;Cï¿½u Claro;Simples;"Reta;Declive";Sim;0;0
2025-02-08;sï¿½bado;17:40:00;SC;101;PALHOCA;Participar de racha;Colisï¿½o com objeto;Com Vï¿½timas Feridas;Pleno dia;Cï¿½u Claro;Dupla;Reta;Nï¿½o;0;0
2025-02-08;sï¿½bado;19:50:00;TO;153;ARAGUAINA;Reaï¿½ï¿½o tardia ou ineficiente do condutor;Colisï¿½o traseira;Sem Vï¿½timas;Plena Noite;Garoa/Chuvisco;Mï¿½ltipla;Rotatï¿½ria;Sim;0;0
2025-02-08;sï¿½bado;19:00:00;SP;101;UBATUBA;Ultrapassagem Indevida;Colisï¿½o lateral mesmo sentido;Com Vï¿½timas Feridas;Plena Noite;Cï¿½u Claro;Simples;Reta;Sim;0;0
2025-02-08;sï¿½bado;19:15:00;PB;230;CAMPINA GRANDE;Animais na Pista;Atropelamento de Animal;Com Vï¿½timas Feridas;Plena Noite;Nublado;Simples;Reta;Nï¿½o;0;0
2025-02-08;sï¿½bado;20:00:00;GO;40;VALPARAISO DE GOIAS;Ingestï¿½o de ï¿½lcool pelo condutor;Colisï¿½o traseira;Sem Vï¿½timas;Plena Noite;Cï¿½u Claro;Dupla;Reta;Sim;0;0
2025-02-08;sï¿½bado;19:00:00;SP;116;BARRA DO TURVO;Avarias e/ou desgaste excessivo no pneu;Saï¿½da de leito carroï¿½ï¿½vel;Sem Vï¿½timas;Anoitecer;Garoa/Chuvisco;Dupla;Reta;Nï¿½o;0;0
2025-02-08;sï¿½bado;18:30:00;PR;153;PAULA FREITAS;Demais falhas na via;Queda de ocupante de veï¿½culo;Com Vï¿½timas Feridas;Pleno dia;Sol;Simples;Reta;Nï¿½o;0;0
2025-02-08;sï¿½bado;19:40:00;PA;230;MARABA;Ausï¿½ncia de reaï¿½ï¿½o do condutor;Colisï¿½o transversal;Sem Vï¿½timas;Plena Noite;Garoa/Chuvisco;Simples;Reta;Sim;0;0
2025-02-08;sï¿½bado;18:40:00;RJ;40;TRES RIOS;Demais falhas mecï¿½nicas ou elï¿½tricas;Incï¿½ndio;Sem Vï¿½timas;Plena Noite;Ignorado;Dupla;Reta;Nï¿½o;0;0
2025-02-08;sï¿½bado;20:30:00;TO;242;GURUPI;Iluminaï¿½ï¿½o deficiente;Colisï¿½o lateral mesmo sentido;Com Vï¿½timas Feridas;Plena Noite;Cï¿½u Claro;Simples;Reta;Sim;0;0
2025-02-08;sï¿½bado;19:50:00;RS;158;SANTA MARIA;Reaï¿½ï¿½o tardia ou ineficiente do condutor;Colisï¿½o com objeto;Com Vï¿½timas Feridas;Plena Noite;Cï¿½u Claro;Dupla;"Aclive;Reta;Viaduto";Sim;0;0
2025-02-08;sï¿½bado;17:50:00;BA;324;SAO SEBASTIAO DO PASSE;Reaï¿½ï¿½o tardia ou ineficiente do condutor;Colisï¿½o traseira;Com Vï¿½timas Feridas;Anoitecer;Cï¿½u Claro;Dupla;Reta;Nï¿½o;0;0
2025-02-08;sï¿½bado;01:20:00;BA;101;PRESIDENTE TANCREDO NEVES;Condutor Dormindo;Saï¿½da de leito carroï¿½ï¿½vel;Com Vï¿½timas Fatais;Plena Noite;Garoa/Chuvisco;Simples;Curva;Nï¿½o;1;1
2025-02-08;sï¿½bado;17:40:00;SC;101;TUBARAO;Ingestï¿½o de ï¿½lcool pelo condutor;Tombamento;Com Vï¿½timas Feridas;Pleno dia;Cï¿½u Claro;Dupla;Rotatï¿½ria;Sim;0;0
2025-02-08;sï¿½bado;19:20:00;SC;101;LAGUNA;Ingestï¿½o de ï¿½lcool pelo condutor;Colisï¿½o traseira;Com Vï¿½timas Feridas;Plena Noite;Cï¿½u Claro;Dupla;"Reta;Ponte";Nï¿½o;0;0
2025-02-08;sï¿½bado;20:00:00;PR;163;LINDOESTE;Ausï¿½ncia de reaï¿½ï¿½o do condutor;Saï¿½da de leito carroï¿½ï¿½vel;Com Vï¿½timas Feridas;Plena Noite;Nublado;Dupla;Curva;Nï¿½o;0;0
2025-02-08;sï¿½bado;19:40:00;PI;316;PICOS;Animais na Pista;Atropelamento de Animal;Com Vï¿½timas Feridas;Plena Noite;Cï¿½u Claro;Simples;"Aclive;Reta";Nï¿½o;0;0
2025-02-08;sï¿½bado;20:00:00;SC;101;SAO JOSE;Reaï¿½ï¿½o tardia ou ineficiente do condutor;Colisï¿½o com objeto;Com Vï¿½timas Fatais;Plena Noite;Cï¿½u Claro;Dupla;Curva;Nï¿½o;1;1
2025-02-08;sï¿½bado;18:00:00;MT;163;MATUPA;Condutor deixou de manter distï¿½ncia do veï¿½culo da frente;Colisï¿½o traseira;Sem Vï¿½timas;Anoitecer;Cï¿½u Claro;Simples;Reta;Nï¿½o;0;0
2025-02-08;sï¿½bado;21:10:00;RS;290;ELDORADO DO SUL;Reaï¿½ï¿½o tardia ou ineficiente do condutor;Colisï¿½o transversal;Com Vï¿½timas Feridas;Plena Noite;Ignorado;Simples;Rotatï¿½ria;Sim;0;0
2025-02-08;sï¿½bado;19:00:00;MA;316;PERITORO;Transitar na contramï¿½o;Colisï¿½o lateral mesmo sentido;Com Vï¿½timas Feridas;Plena Noite;Nublado;Simples;Reta;Nï¿½o;0;0
2025-02-08;sï¿½bado;17:00:00;CE;230;FARIAS BRITO;Reaï¿½ï¿½o tardia ou ineficiente do condutor;Saï¿½da de leito carroï¿½ï¿½vel;Com Vï¿½timas Feridas;Anoitecer;Ignorado;Simples;"Declive;Reta";Nï¿½o;0;0
2025-02-08;sï¿½bado;20:20:00;RS;116;PICADA CAFE;Transitar na contramï¿½o;Colisï¿½o lateral sentido oposto;Com Vï¿½timas Feridas;Plena Noite;Cï¿½u Claro;Simples;Reta;Nï¿½o;0;0
2025-02-08;sï¿½bado;18:40:00;MS;163;MUNDO NOVO;Ausï¿½ncia de reaï¿½ï¿½o do condutor;Saï¿½da de leito carroï¿½ï¿½vel;Com Vï¿½timas Feridas;Plena Noite;Nublado;Simples;Interseï¿½ï¿½o de Vias;Nï¿½o;0;0
2025-02-08;sï¿½bado;21:00:00;RJ;40;PETROPOLIS;Demais falhas na via;Queda de ocupante de veï¿½culo;Com Vï¿½timas Feridas;Plena Noite;Cï¿½u Claro;Simples;Curva;Nï¿½o;0;0
2025-02-08;sï¿½bado;18:30:00;AC;317;BRASILEIA;Ingestï¿½o de ï¿½lcool pelo condutor;Colisï¿½o traseira;Sem Vï¿½timas;Plena Noite;Nublado;Simples;"Aclive;Reta";Sim;0;0
2025-02-08;sï¿½bado;17:50:00;SC;101;PORTO BELO;Trafegar com motocicleta (ou similar) entre as faixas;Colisï¿½o lateral mesmo sentido;Com Vï¿½timas Feridas;Pleno dia;Cï¿½u Claro;Dupla;"Viaduto;Reta";Sim;0;0
2025-02-08;sï¿½bado;21:00:00;RS;153;CACHOEIRA DO SUL;Participar de racha;Atropelamento de Pedestre;Com Vï¿½timas Feridas;Plena Noite;Cï¿½u Claro;Dupla;Reta;Sim;0;0
2025-02-08;sï¿½bado;21:40:00;CE;116;FORTALEZA;Ausï¿½ncia de reaï¿½ï¿½o do condutor;Colisï¿½o com objeto;Sem Vï¿½timas;Plena Noite;Cï¿½u Claro;Dupla;Curva;Nï¿½o;0;0
2025-02-08;sï¿½bado;18:15:00;MG;40;CAETANOPOLIS;Reaï¿½ï¿½o tardia ou ineficiente do condutor;Saï¿½da de leito carroï¿½ï¿½vel;Com Vï¿½timas Feridas;Anoitecer;Cï¿½u Claro;Dupla;"Reta;Declive";Sim;0;0
2025-02-08;sï¿½bado;21:40:00;RJ;101;ITAGUAI;Ausï¿½ncia de reaï¿½ï¿½o do condutor;Colisï¿½o traseira;Com Vï¿½timas Feridas;Plena Noite;Cï¿½u Claro;Dupla;Reta;Nï¿½o;0;0
2025-02-08;sï¿½bado;20:50:00;SP;116;CACHOEIRA PAULISTA;Ausï¿½ncia de reaï¿½ï¿½o do condutor;Atropelamento de Pedestre;Com Vï¿½timas Feridas;Plena Noite;Cï¿½u Claro;Simples;Curva;Nï¿½o;0;0
2025-02-08;sï¿½bado;15:00:00;AC;364;PLACIDO DE CASTRO;Reaï¿½ï¿½o tardia ou ineficiente do condutor;Saï¿½da de leito carroï¿½ï¿½vel;Com Vï¿½timas Feridas;Pleno dia;Nublado;Simples;Reta;Nï¿½o;0;0
2025-02-08;sï¿½bado;20:30:00;MT;70;BARRA DO GARCAS;Ausï¿½ncia de reaï¿½ï¿½o do condutor;Colisï¿½o traseira;Com Vï¿½timas Feridas;Plena Noite;Cï¿½u Claro;Dupla;Declive;Nï¿½o;0;0
2025-02-08;sï¿½bado;22:30:00;RJ;101;CAMPOS DOS GOYTACAZES;Acessar a via sem observar a presenï¿½a dos outros veï¿½culos;Colisï¿½o transversal;Com Vï¿½timas Fatais;Plena Noite;Cï¿½u Claro;Simples;Reta;Sim;1;1
2025-02-08;sï¿½bado;19:30:00;PB;230;SOUSA;Ingestï¿½o de ï¿½lcool pelo condutor;Colisï¿½o traseira;Com Vï¿½timas Fatais;Plena Noite;Cï¿½u Claro;Simples;Reta;Nï¿½o;1;1
2025-02-08;sï¿½bado;22:40:00;MG;50;UBERLANDIA;Animais na Pista;Atropelamento de Animal;Com Vï¿½timas Feridas;Plena Noite;Nublado;Dupla;"Curva;Declive";Nï¿½o;0;0
2025-02-08;sï¿½bado;21:15:00;MG;381;SAO GONCALO DO RIO ABAIXO;Demais falhas mecï¿½nicas ou elï¿½tricas;Saï¿½da de leito carroï¿½ï¿½vel;Com Vï¿½timas Feridas;Plena Noite;Cï¿½u Claro;Simples;"Curva;Declive";Nï¿½o;0;0
2025-02-08;sï¿½bado;21:45:00;SC;116;SANTA CECILIA;Ingestï¿½o de ï¿½lcool pelo condutor;Saï¿½da de leito carroï¿½ï¿½vel;Sem Vï¿½timas;Plena Noite;Cï¿½u Claro;Simples;Curva;Nï¿½o;0;0
2025-02-08;sï¿½bado;21:40:00;PR;376;PALMEIRA;Ausï¿½ncia de reaï¿½ï¿½o do condutor;Saï¿½da de leito carroï¿½ï¿½vel;Sem Vï¿½timas;Plena Noite;Nublado;Dupla;Reta;Nï¿½o;0;0
2025-02-08;sï¿½bado;22:50:00;SC;101;BALNEARIO CAMBORIU;Manobra de mudanï¿½a de faixa;Colisï¿½o lateral mesmo sentido;Com Vï¿½timas Feridas;Plena Noite;Nublado;Mï¿½ltipla;Reta;Sim;0;0
2025-02-08;sï¿½bado;23:00:00;PR;116;SAO JOSE DOS PINHAIS;Ausï¿½ncia de reaï¿½ï¿½o do condutor;Saï¿½da de leito carroï¿½ï¿½vel;Com Vï¿½timas Feridas;Plena Noite;Nublado;Dupla;"Reta;Viaduto";Sim;0;0
2025-02-08;sï¿½bado;21:40:00;GO;153;ESTRELA DO NORTE;Condutor Dormindo;Colisï¿½o lateral sentido oposto;Com Vï¿½timas Feridas;Plena Noite;Cï¿½u Claro;Simples;"Reta;Declive";Nï¿½o;0;0
2025-02-08;sï¿½bado;22:00:00;PR;376;PONTA GROSSA;Ausï¿½ncia de reaï¿½ï¿½o do condutor;Colisï¿½o traseira;Sem Vï¿½timas;Plena Noite;Cï¿½u Claro;Dupla;Reta;Nï¿½o;0;0
2025-02-08;sï¿½bado;22:30:00;RO;364;JI-PARANA;Animais na Pista;Atropelamento de Animal;Com Vï¿½timas Feridas;Plena Noite;Cï¿½u Claro;Dupla;Reta;Sim;0;0
2025-02-08;sï¿½bado;19:00:00;RJ;116;PINHEIRAL;Manobra de mudanï¿½a de faixa;Capotamento;Com Vï¿½timas Feridas;Plena Noite;Cï¿½u Claro;Dupla;Reta;Nï¿½o;0;0
2025-02-08;sï¿½bado;21:15:00;MA;10;PORTO FRANCO;Transitar na contramï¿½o;Colisï¿½o lateral sentido oposto;Com Vï¿½timas Fatais;Plena Noite;Chuva;Simples;Reta;Nï¿½o;2;1
2025-02-09;domingo;00:51:00;SC;101;PALHOCA;Ingestï¿½o de ï¿½lcool pelo condutor;Colisï¿½o traseira;Com Vï¿½timas Feridas;Plena Noite;Cï¿½u Claro;Dupla;Reta;Nï¿½o;0;0
2025-02-09;domingo;00:50:00;PR;116;COLOMBO;Reaï¿½ï¿½o tardia ou ineficiente do condutor;Colisï¿½o traseira;Com Vï¿½timas Feridas;Plena Noite;Nublado;Dupla;Reta;Nï¿½o;0;0
2025-02-09;domingo;00:40:00;PR;277;PARANAGUA;Ingestï¿½o de ï¿½lcool pelo condutor;Saï¿½da de leito carroï¿½ï¿½vel;Com Vï¿½timas Feridas;Plena Noite;Nublado;Dupla;Reta;Nï¿½o;0;0
2025-02-09;domingo;01:43:00;PR;277;SAO JOSE DOS PINHAIS;Ausï¿½ncia de reaï¿½ï¿½o do condutor;Colisï¿½o traseira;Com Vï¿½timas Feridas;Plena Noite;Nublado;Dupla;Reta;Nï¿½o;0;0
2025-02-09;domingo;01:50:00;PR;376;NOVA ESPERANCA;Acessar a via sem observar a presenï¿½a dos outros veï¿½culos;Colisï¿½o lateral mesmo sentido;Com Vï¿½timas Feridas;Plena Noite;Cï¿½u Claro;Mï¿½ltipla;Declive;Sim;0;0
2025-02-08;sï¿½bado;23:15:00;MG;116;SANTA BARBARA DO LESTE;Pista Escorregadia;Saï¿½da de leito carroï¿½ï¿½vel;Com Vï¿½timas Feridas;Plena Noite;Nublado;Simples;Curva;Nï¿½o;0;0
2025-02-09;domingo;03:30:00;RS;116;NOVO HAMBURGO;Ausï¿½ncia de reaï¿½ï¿½o do condutor;Colisï¿½o com objeto;Com Vï¿½timas Feridas;Plena Noite;Cï¿½u Claro;Simples;Reta;Sim;0;0
2025-02-09;domingo;02:50:00;PI;343;BRASILEIRA;Ausï¿½ncia de reaï¿½ï¿½o do condutor;Tombamento;Com Vï¿½timas Fatais;Plena Noite;Nublado;Simples;Reta;Nï¿½o;1;1
2025-02-09;domingo;03:45:00;RS;116;TURUCU;Condutor Dormindo;Queda de ocupante de veï¿½culo;Com Vï¿½timas Feridas;Plena Noite;Cï¿½u Claro;Dupla;"Curva;Declive";Nï¿½o;0;0
2025-02-09;domingo;01:00:00;GO;153;SANTA TEREZA DE GOIAS;Chuva;Colisï¿½o frontal;Com Vï¿½timas Feridas;Plena Noite;Chuva;Simples;Declive;Nï¿½o;0;0
2025-02-09;domingo;03:30:00;PR;376;SAO JOSE DOS PINHAIS;Reaï¿½ï¿½o tardia ou ineficiente do condutor;Capotamento;Com Vï¿½timas Feridas;Amanhecer;Nublado;Dupla;Reta;Sim;0;0
2025-02-09;domingo;04:25:00;SC;101;PENHA;Reaï¿½ï¿½o tardia ou ineficiente do condutor;Capotamento;Com Vï¿½timas Feridas;Plena Noite;Cï¿½u Claro;Dupla;Curva;Nï¿½o;0;0
2025-02-09;domingo;04:00:00;PR;277;CURITIBA;Entrada inopinada do pedestre;Atropelamento de Pedestre;Com Vï¿½timas Feridas;Plena Noite;Nublado;Dupla;Reta;Sim;0;0
2025-02-09;domingo;04:40:00;MG;262;NOVA SERRANA;Animais na Pista;Atropelamento de Animal;Com Vï¿½timas Feridas;Amanhecer;Cï¿½u Claro;Dupla;Reta;Sim;0;0
2025-02-09;domingo;05:20:00;RS;386;LAJEADO;Transitar na contramï¿½o;Colisï¿½o frontal;Com Vï¿½timas Feridas;Pleno dia;Cï¿½u Claro;Dupla;Reta;Sim;0;0
2025-02-09;domingo;05:30:00;SC;101;BALNEARIO CAMBORIU;Ausï¿½ncia de reaï¿½ï¿½o do condutor;Colisï¿½o com objeto;Com Vï¿½timas Feridas;Pleno dia;Cï¿½u Claro;Mï¿½ltipla;Reta;Sim;0;0
2025-02-09;domingo;03:30:00;RS;158;PANAMBI;Ingestï¿½o de ï¿½lcool pelo condutor;Saï¿½da de leito carroï¿½ï¿½vel;Com Vï¿½timas Feridas;Plena Noite;Cï¿½u Claro;Simples;Curva;Nï¿½o;0;0
2025-02-09;domingo;04:00:00;SC;101;ARARANGUA;Condutor Dormindo;Saï¿½da de leito carroï¿½ï¿½vel;Com Vï¿½timas Feridas;Plena Noite;Cï¿½u Claro;Mï¿½ltipla;Curva;Sim;0;0
2025-02-09;domingo;04:51:00;RS;290;PORTO ALEGRE;Ausï¿½ncia de reaï¿½ï¿½o do condutor;Colisï¿½o com objeto;Sem Vï¿½timas;Plena Noite;Cï¿½u Claro;Mï¿½ltipla;Reta;Nï¿½o;0;0
2025-02-09;domingo;05:55:00;SC;470;BLUMENAU;Condutor Dormindo;Colisï¿½o traseira;Com Vï¿½timas Feridas;Amanhecer;Cï¿½u Claro;Dupla;Reta;Nï¿½o;0;0
2025-02-09;domingo;05:55:00;PR;277;CASCAVEL;Ausï¿½ncia de reaï¿½ï¿½o do condutor;Colisï¿½o lateral sentido oposto;Com Vï¿½timas Feridas;Pleno dia;Cï¿½u Claro;Simples;Reta;Sim;0;0
2025-02-09;domingo;02:56:00;MT;70;CUIABA;Reaï¿½ï¿½o tardia ou ineficiente do condutor;Colisï¿½o frontal;Com Vï¿½timas Feridas;Plena Noite;Cï¿½u Claro;Simples;Reta;Nï¿½o;0;0
2025-02-09;domingo;06:50:00;RS;290;PORTO ALEGRE;Demais falhas mecï¿½nicas ou elï¿½tricas;Incï¿½ndio;Sem Vï¿½timas;Pleno dia;Cï¿½u Claro;Simples;Curva;Sim;0;0
2025-02-08;sï¿½bado;23:30:00;RO;364;JARU;Demais falhas mecï¿½nicas ou elï¿½tricas;Saï¿½da de leito carroï¿½ï¿½vel;Com Vï¿½timas Feridas;Plena Noite;Nublado;Simples;Reta;Nï¿½o;0;0
2025-02-09;domingo;01:00:00;SP;116;GUARULHOS;Reaï¿½ï¿½o tardia ou ineficiente do condutor;Colisï¿½o traseira;Com Vï¿½timas Feridas;Plena Noite;Cï¿½u Claro;Mï¿½ltipla;Reta;Sim;0;0
2025-02-09;domingo;06:40:00;PR;277;SAO JOSE DOS PINHAIS;Condutor deixou de manter distï¿½ncia do veï¿½culo da frente;Colisï¿½o traseira;Com Vï¿½timas Feridas;Pleno dia;Nublado;Dupla;Reta;Nï¿½o;0;0
2025-02-08;sï¿½bado;19:40:00;RJ;393;BARRA MANSA;Conversï¿½o proibida;Colisï¿½o transversal;Com Vï¿½timas Feridas;Plena Noite;Cï¿½u Claro;Simples;Curva;Sim;0;0
2025-02-09;domingo;06:00:00;TO;153;COLINAS DO TOCANTINS;Ultrapassagem Indevida;Colisï¿½o lateral mesmo sentido;Com Vï¿½timas Feridas;Amanhecer;Garoa/Chuvisco;Simples;Reta;Nï¿½o;0;0
2025-02-09;domingo;00:30:00;CE;230;LAVRAS DA MANGABEIRA;Animais na Pista;Atropelamento de Animal;Com Vï¿½timas Feridas;Plena Noite;Cï¿½u Claro;Simples;Reta;Nï¿½o;0;0
2025-02-09;domingo;08:05:00;SC;101;JOINVILLE;Velocidade Incompatï¿½vel;Saï¿½da de leito carroï¿½ï¿½vel;Com Vï¿½timas Feridas;Pleno dia;Cï¿½u Claro;Dupla;Curva;Nï¿½o;0;0
2025-02-09;domingo;05:40:00;MT;163;SORRISO;Afundamento ou ondulaï¿½ï¿½o no pavimento;Queda de ocupante de veï¿½culo;Com Vï¿½timas Feridas;Pleno dia;Cï¿½u Claro;Dupla;Reta;Sim;0;0
2025-02-09;domingo;01:40:00;RO;364;PRESIDENTE MEDICI;Ausï¿½ncia de reaï¿½ï¿½o do condutor;Colisï¿½o traseira;Sem Vï¿½timas;Plena Noite;Chuva;Simples;Reta;Sim;0;0
2025-02-09;domingo;05:40:00;PB;412;SAO JOAO DO CARIRI;Ausï¿½ncia de reaï¿½ï¿½o do condutor;Saï¿½da de leito carroï¿½ï¿½vel;Com Vï¿½timas Feridas;Pleno dia;Cï¿½u Claro;Simples;"Declive;Reta";Nï¿½o;0;0
2025-02-09;domingo;02:15:00;RO;364;JI-PARANA;Ingestï¿½o de ï¿½lcool pelo condutor;Colisï¿½o com objeto;Com Vï¿½timas Feridas;Plena Noite;Cï¿½u Claro;Simples;"Declive;Interseï¿½ï¿½o de Vias";Sim;0;0
2025-02-09;domingo;08:00:00;SE;235;ITABAIANA;Velocidade Incompatï¿½vel;Colisï¿½o lateral sentido oposto;Sem Vï¿½timas;Pleno dia;Cï¿½u Claro;Simples;Reta;Nï¿½o;0;0
2025-02-09;domingo;07:15:00;GO;40;LUZIANIA;Acessar a via sem observar a presenï¿½a dos outros veï¿½culos;Colisï¿½o transversal;Com Vï¿½timas Feridas;Pleno dia;Cï¿½u Claro;Dupla;Reta;Sim;0;0
2025-02-09;domingo;07:23:00;PR;376;ORTIGUEIRA;Reaï¿½ï¿½o tardia ou ineficiente do condutor;Colisï¿½o com objeto;Sem Vï¿½timas;Pleno dia;Cï¿½u Claro;Dupla;Reta;Nï¿½o;0;0
2025-02-09;domingo;08:00:00;SC;282;AGUAS MORNAS;Reaï¿½ï¿½o tardia ou ineficiente do condutor;Queda de ocupante de veï¿½culo;Com Vï¿½timas Feridas;Pleno dia;Cï¿½u Claro;Simples;Reta;Sim;0;0
2025-02-09;domingo;09:00:00;MG;153;PRATA;Carga excessiva e/ou mal acondicionada;Colisï¿½o com objeto;Com Vï¿½timas Feridas;Pleno dia;Cï¿½u Claro;Simples;"Reta;Aclive";Nï¿½o;0;0
2025-02-09;domingo;06:20:00;RJ;116;QUEIMADOS;Ausï¿½ncia de reaï¿½ï¿½o do condutor;Colisï¿½o traseira;Com Vï¿½timas Feridas;Pleno dia;Cï¿½u Claro;Dupla;Reta;Sim;0;0
2025-02-09;domingo;09:05:00;SC;470;BLUMENAU;Manobra de mudanï¿½a de faixa;Colisï¿½o transversal;Com Vï¿½timas Feridas;Pleno dia;Cï¿½u Claro;Dupla;"Declive;Curva";Nï¿½o;0;0
2025-02-09;domingo;06:30:00;SP;381;SAO PAULO;Demais falhas mecï¿½nicas ou elï¿½tricas;Incï¿½ndio;Sem Vï¿½timas;Pleno dia;Cï¿½u Claro;Mï¿½ltipla;Reta;Sim;0;0
2025-02-09;domingo;06:40:00;MT;364;RONDONOPOLIS;Ingestï¿½o de ï¿½lcool pelo condutor;Tombamento;Com Vï¿½timas Feridas;Pleno dia;Cï¿½u Claro;Dupla;Curva;Nï¿½o;0;0
2025-02-09;domingo;08:35:00;DF;20;BRASILIA;Velocidade Incompatï¿½vel;Saï¿½da de leito carroï¿½ï¿½vel;Com Vï¿½timas Feridas;Pleno dia;Nublado;Dupla;Curva;Sim;0;0
2025-02-09;domingo;07:25:00;MS;60;SIDROLANDIA;Ausï¿½ncia de reaï¿½ï¿½o do condutor;Colisï¿½o traseira;Com Vï¿½timas Feridas;Pleno dia;Cï¿½u Claro;Simples;Reta;Nï¿½o;0;0
2025-02-09;domingo;08:30:00;BA;367;PORTO SEGURO;Velocidade Incompatï¿½vel;Colisï¿½o traseira;Com Vï¿½timas Feridas;Pleno dia;Cï¿½u Claro;Simples;Reta;Nï¿½o;0;0
2025-02-09;domingo;09:00:00;BA;110;ALAGOINHAS;Reaï¿½ï¿½o tardia ou ineficiente do condutor;Saï¿½da de leito carroï¿½ï¿½vel;Com Vï¿½timas Feridas;Pleno dia;Sol;Simples;Curva;Nï¿½o;0;0
2025-02-09;domingo;10:00:00;RN;101;SAO JOSE DE MIPIBU;Acessar a via sem observar a presenï¿½a dos outros veï¿½culos;Colisï¿½o transversal;Com Vï¿½timas Feridas;Pleno dia;Cï¿½u Claro;Dupla;"Retorno Regulamentado;Reta";Nï¿½o;0;0