data_inversa;dia_semana;horario;uf;br;municipio;causa_acidente;tipo_acidente;classificacao_acidente;fase_dia;condicao_metereologica;tipo_pista;tracado_via;uso_solo;mortos;acidente_fatal
2025-01-06;segunda-feira;19:40:00;MG;262;MARTINS SOARES;Ausï¿½ncia de reaï¿½ï¿½o do condutor;Queda de ocupante de veï¿½culo;Com Vï¿½timas Feridas;Plena Noite;Nublado;Simples;Reta;Nï¿½o;0;0
2025-02-27;quinta-feira;17:00:00;SC;280;GUARAMIRIM;Conversï¿½o proibida;Colisï¿½o traseira;Com Vï¿½timas Feridas;Pleno dia;Cï¿½u Claro;Simples;Aclive;Sim;0;0
2025-02-27;quinta-feira;16:50:00;PE;232;JABOATAO DOS GUARARAPES;Condutor deixou de manter distï¿½ncia do veï¿½culo da frente;Colisï¿½o traseira;Com Vï¿½timas Feridas;Pleno dia;Cï¿½u Claro;Dupla;"Reta;Declive";Sim;0;0
2025-02-27;quinta-feira;17:20:00;SC;282;PALHOCA;Ausï¿½ncia de reaï¿½ï¿½o do condutor;Colisï¿½o traseira;Com Vï¿½timas Feridas;Pleno dia;Cï¿½u Claro;Simples;Viaduto;Nï¿½o;0;0
2025-02-27;quinta-feira;07:35:00;GO;364;SAO SIMAO;Ausï¿½ncia de reaï¿½ï¿½o do condutor;Colisï¿½o transversal;Com Vï¿½timas Feridas;Amanhecer;Cï¿½u Claro;Simples;Reta;Sim;0;0
2025-02-27;quinta-feira;14:15:00;BA;110;SAO SEBASTIAO DO PASSE;Reaï¿½ï¿½o tardia ou ineficiente do condutor;Saï¿½da de leito carroï¿½ï¿½vel;Com Vï¿½timas Feridas;Pleno dia;Ignorado;Simples;"Reta;Declive";Nï¿½o;0;0
2025-02-27;quinta-feira;16:30:00;RJ;116;GUAPIMIRIM;Ultrapassagem Indevida;Colisï¿½o lateral mesmo sentido;Com Vï¿½timas Feridas;Pleno dia;Cï¿½u Claro;Simples;Reta;Sim;0;0
2025-02-27;quinta-feira;17:00:00;MG;262;NOVA SERRANA;Acessar a via sem observar a presenï¿½a dos outros veï¿½culos;Colisï¿½o lateral mesmo sentido;Com Vï¿½timas Feridas;Pleno dia;Sol;Dupla;Reta;Sim;0;0
2025-02-27;quinta-feira;17:40:00;SC;101;ITAPEMA;Reaï¿½ï¿½o tardia ou ineficiente do condutor;Colisï¿½o traseira;Com Vï¿½timas Feridas;Anoitecer;Cï¿½u Claro;Dupla;Curva;Nï¿½o;0;0
2025-02-27;quinta-feira;17:35:00;SP;381;MAIRIPORA;Reaï¿½ï¿½o tardia ou ineficiente do condutor;Tombamento;Com Vï¿½timas Feridas;Pleno dia;Garoa/Chuvisco;Dupla;Curva;Nï¿½o;0;0
2025-02-27;quinta-feira;16:15:00;RJ;40;PETROPOLIS;Ausï¿½ncia de reaï¿½ï¿½o do condutor;Capotamento;Com Vï¿½timas Feridas;Pleno dia;Cï¿½u Claro;Dupla;Reta;Nï¿½o;0;0
2025-02-27;quinta-feira;17:05:00;RJ;40;RIO DE JANEIRO;Condutor deixou de manter distï¿½ncia do veï¿½culo da frente;Colisï¿½o traseira;Com Vï¿½timas Feridas;Pleno dia;Cï¿½u Claro;Mï¿½ltipla;Reta;Sim;0;0
2025-02-27;quinta-feira;16:20:00;SP;116;MIRACATU;Ausï¿½ncia de reaï¿½ï¿½o do condutor;Colisï¿½o traseira;Sem Vï¿½timas;Pleno dia;Cï¿½u Claro;Simples;"Retorno Regulamentado;Rotatï¿½ria";Sim;0;0
2025-02-27;quinta-feira;18:00:00;RS;116;ESTEIO;Condutor deixou de manter distï¿½ncia do veï¿½culo da frente;Colisï¿½o traseira;Com Vï¿½timas Feridas;Pleno dia;Nublado;Simples;Reta;Sim;0;0
2025-02-27;quinta-feira;17:27:00;RN;405;PAU DOS FERROS;Ausï¿½ncia de reaï¿½ï¿½o do condutor;Colisï¿½o traseira;Com Vï¿½timas Feridas;Pleno dia;Cï¿½u Claro;Simples;Reta;Nï¿½o;0;0
2025-02-27;quinta-feira;18:30:00;DF;20;BRASILIA;Velocidade Incompatï¿½vel;Colisï¿½o traseira;Com Vï¿½timas Feridas;Anoitecer;Cï¿½u Claro;Dupla;"Reta;Declive";Sim;0;0
2025-02-27;quinta-feira;17:45:00;SP;116;SAO JOSE DOS CAMPOS;Ausï¿½ncia de reaï¿½ï¿½o do condutor;Colisï¿½o traseira;Com Vï¿½timas Feridas;Pleno dia;Cï¿½u Claro;Dupla;Declive;Nï¿½o;0;0
2025-02-27;quinta-feira;16:30:00;RS;285;PASSO FUNDO;Reaï¿½ï¿½o tardia ou ineficiente do condutor;Saï¿½da de leito carroï¿½ï¿½vel;Com Vï¿½timas Feridas;Pleno dia;Garoa/Chuvisco;Simples;Reta;Sim;0;0
2025-02-27;quinta-feira;17:10:00;RJ;101;SILVA JARDIM;Reaï¿½ï¿½o tardia ou ineficiente do condutor;Capotamento;Com Vï¿½timas Feridas;Pleno dia;Cï¿½u Claro;Dupla;Reta;Nï¿½o;0;0
2025-02-27;quinta-feira;18:30:00;TO;10;PALMAS;Avarias e/ou desgaste excessivo no pneu;Tombamento;Com Vï¿½timas Feridas;Anoitecer;Cï¿½u Claro;Dupla;"Aclive;Curva";Sim;0;0
2025-02-27;quinta-feira;17:30:00;RS;392;SANTA MARIA;Acessar a via sem observar a presenï¿½a dos outros veï¿½culos;Colisï¿½o transversal;Sem Vï¿½timas;Pleno dia;Chuva;Dupla;"Em Obras;Interseï¿½ï¿½o de Vias";Sim;0;0
2025-02-06;quinta-feira;07:10:00;PR;0;LONDRINA;Semï¿½foro com defeito;Colisï¿½o lateral sentido oposto;Sem Vï¿½timas;Pleno dia;Cï¿½u Claro;Simples;"Interseï¿½ï¿½o de Vias;Em Obras";Sim;0;0
2025-02-27;quinta-feira;17:50:00;SP;153;SAO JOSE DO RIO PRETO;Reaï¿½ï¿½o tardia ou ineficiente do condutor;Colisï¿½o frontal;Com Vï¿½timas Fatais;Anoitecer;Cï¿½u Claro;Simples;Reta;Nï¿½o;1;1
2025-02-27;quinta-feira;17:25:00;RJ;40;DUQUE DE CAXIAS;Ausï¿½ncia de reaï¿½ï¿½o do condutor;Colisï¿½o com objeto;Com Vï¿½timas Feridas;Pleno dia;Cï¿½u Claro;Mï¿½ltipla;Reta;Nï¿½o;0;0
2025-02-27;quinta-feira;18:30:00;RJ;116;SAO JOAO DE MERITI;Reaï¿½ï¿½o tardia ou ineficiente do condutor;Colisï¿½o transversal;Com Vï¿½timas Feridas;Anoitecer;Cï¿½u Claro;Mï¿½ltipla;Reta;Sim;0;0
2025-02-27;quinta-feira;18:15:00;MS;163;CAMPO GRANDE;Acessar a via sem observar a presenï¿½a dos outros veï¿½culos;Colisï¿½o transversal;Com Vï¿½timas Feridas;Anoitecer;Cï¿½u Claro;Simples;Reta;Nï¿½o;0;0
2025-02-27;quinta-feira;11:03:00;BA;367;PORTO SEGURO;Frear bruscamente;Colisï¿½o traseira;Com Vï¿½timas Feridas;Pleno dia;Sol;Simples;Reta;Sim;0;0
2025-02-27;quinta-feira;19:20:00;PE;428;PETROLINA;Ausï¿½ncia de reaï¿½ï¿½o do condutor;Colisï¿½o traseira;Com Vï¿½timas Feridas;Plena Noite;Cï¿½u Claro;Dupla;Reta;Sim;0;0
2025-02-27;quinta-feira;17:20:00;RS;101;TORRES;Velocidade Incompatï¿½vel;Saï¿½da de leito carroï¿½ï¿½vel;Sem Vï¿½timas;Pleno dia;Nublado;Dupla;"Interseï¿½ï¿½o de Vias;Reta";Nï¿½o;0;0
2025-02-27;quinta-feira;19:00:00;SC;470;BLUMENAU;Ingestï¿½o de ï¿½lcool pelo condutor;Colisï¿½o traseira;Sem Vï¿½timas;Plena Noite;Cï¿½u Claro;Mï¿½ltipla;Reta;Nï¿½o;0;0
2025-02-27;quinta-feira;18:00:00;RS;116;CANOAS;Estacionar ou parar em local proibido;Engavetamento;Sem Vï¿½timas;Pleno dia;Nublado;Dupla;Reta;Sim;0;0
2025-02-27;quinta-feira;07:10:00;BA;116;VITORIA DA CONQUISTA;Acessar a via sem observar a presenï¿½a dos outros veï¿½culos;Colisï¿½o transversal;Com Vï¿½timas Feridas;Pleno dia;Sol;Simples;Reta;Sim;0;0
2025-02-27;quinta-feira;17:35:00;RJ;101;ANGRA DOS REIS;Manobra de mudanï¿½a de faixa;Tombamento;Com Vï¿½timas Feridas;Pleno dia;Cï¿½u Claro;Simples;Curva;Nï¿½o;0;0
2025-02-27;quinta-feira;18:01:00;AC;364;RIO BRANCO;Reaï¿½ï¿½o tardia ou ineficiente do condutor;Colisï¿½o traseira;Com Vï¿½timas Feridas;Plena Noite;Cï¿½u Claro;Dupla;Reta;Sim;0;0
2025-02-27;quinta-feira;20:50:00;PR;376;MARINGA;Ausï¿½ncia de reaï¿½ï¿½o do condutor;Colisï¿½o com objeto;Com Vï¿½timas Feridas;Plena Noite;Cï¿½u Claro;Mï¿½ltipla;Declive;Sim;0;0
2025-02-27;quinta-feira;21:00:00;MG;40;PARAOPEBA;Pedestre andava na pista;Atropelamento de Pedestre;Com Vï¿½timas Feridas;Plena Noite;Cï¿½u Claro;Dupla;"Aclive;Curva";Sim;0;0
2025-02-27;quinta-feira;19:35:00;PR;153;JACAREZINHO;Afundamento ou ondulaï¿½ï¿½o no pavimento;Queda de ocupante de veï¿½culo;Com Vï¿½timas Feridas;Plena Noite;Cï¿½u Claro;Simples;Reta;Nï¿½o;0;0
2025-02-27;quinta-feira;18:05:00;PR;153;IRATI;Acessar a via sem observar a presenï¿½a dos outros veï¿½culos;Colisï¿½o transversal;Com Vï¿½timas Feridas;Pleno dia;Cï¿½u Claro;Simples;Reta;Sim;0;0
2025-02-27;quinta-feira;19:00:00;MS;163;ITAQUIRAI;Demais falhas mecï¿½nicas ou elï¿½tricas;Tombamento;Com Vï¿½timas Feridas;Plena Noite;Cï¿½u Claro;Simples;Reta;Nï¿½o;0;0
2025-02-27;quinta-feira;21:15:00;BA;116;VITORIA DA CONQUISTA;Ausï¿½ncia de reaï¿½ï¿½o do condutor;Queda de ocupante de veï¿½culo;Com Vï¿½timas Fatais;Plena Noite;Nublado;Simples;Reta;Sim;1;1
2025-02-27;quinta-feira;17:40:00;SC;282;VARGEM BONITA;Condutor deixou de manter distï¿½ncia do veï¿½culo da frente;Colisï¿½o traseira;Sem Vï¿½timas;Pleno dia;Chuva;Simples;"Curva;Aclive";Nï¿½o;0;0
2025-02-27;quinta-feira;20:00:00;PR;376;PONTA GROSSA;Demais falhas mecï¿½nicas ou elï¿½tricas;Incï¿½ndio;Sem Vï¿½timas;Plena Noite;Ignorado;Dupla;Reta;Nï¿½o;0;0
2025-02-27;quinta-feira;19:12:00;RJ;40;DUQUE DE CAXIAS;Manobra de mudanï¿½a de faixa;Colisï¿½o lateral mesmo sentido;Sem Vï¿½timas;Plena Noite;Cï¿½u Claro;Dupla;Reta;Nï¿½o;0;0
2025-02-27;quinta-feira;20:10:00;RS;470;NOVA PRATA;Pedestre andava na pista;Atropelamento de Pedestre;Com Vï¿½timas Fatais;Plena Noite;Nublado;Simples;Reta;Sim;1;1
2025-02-27;quinta-feira;20:00:00;RJ;101;ANGRA DOS REIS;Acessar a via sem observar a presenï¿½a dos outros veï¿½culos;Colisï¿½o lateral mesmo sentido;Com Vï¿½timas Feridas;Plena Noite;Cï¿½u Claro;Simples;Reta;Nï¿½o;0;0
2025-02-27;quinta-feira;09:30:00;MG;262;REDUTO;Reaï¿½ï¿½o tardia ou ineficiente do condutor;Colisï¿½o traseira;Com Vï¿½timas Feridas;Pleno dia;Cï¿½u Claro;Simples;Aclive;Nï¿½o;0;0
2025-02-27;quinta-feira;22:00:00;MG;381;SANTA LUZIA;Acessar a via sem observar a presenï¿½a dos outros veï¿½culos;Atropelamento de Pedestre;Com Vï¿½timas Feridas;Plena Noite;Cï¿½u Claro;Simples;Reta;Nï¿½o;0;0
2025-02-27;quinta-feira;20:18:00;RS;116;ELDORADO DO SUL;Acessar a via sem observar a presenï¿½a dos outros veï¿½culos;Colisï¿½o transversal;Com Vï¿½timas Feridas;Plena Noite;Nublado;Simples;Reta;Nï¿½o;0;0
2025-02-27;quinta-feira;21:56:00;SC;101;JOINVILLE;Desrespeitar a preferï¿½ncia no cruzamento;Colisï¿½o transversal;Com Vï¿½timas Feridas;Plena Noite;Nublado;Simples;Interseï¿½ï¿½o de Vias;Sim;0;0
2025-02-27;quinta-feira;22:15:00;BA;101;NOVA VICOSA;Acessar a via sem observar a presenï¿½a dos outros veï¿½culos;Colisï¿½o transversal;Com Vï¿½timas Feridas;Plena Noite;Cï¿½u Claro;Simples;"Aclive;Reta";Nï¿½o;0;0
2025-02-27;quinta-feira;22:20:00;SC;101;PALHOCA;Reaï¿½ï¿½o tardia ou ineficiente do condutor;Tombamento;Com Vï¿½timas Feridas;Plena Noite;Nublado;Mï¿½ltipla;Reta;Sim;0;0
2025-02-27;quinta-feira;21:10:00;SP;116;REGISTRO;Condutor Dormindo;Saï¿½da de leito carroï¿½ï¿½vel;Com Vï¿½timas Feridas;Plena Noite;Cï¿½u Claro;Dupla;"Reta;Ponte";Nï¿½o;0;0
2025-02-27;quinta-feira;18:00:00;PR;163;PLANALTO;Acessar a via sem observar a presenï¿½a dos outros veï¿½culos;Colisï¿½o transversal;Com Vï¿½timas Feridas;Pleno dia;Cï¿½u Claro;Simples;"Interseï¿½ï¿½o de Vias;Reta";Nï¿½o;0;0
2025-02-27;quinta-feira;21:15:00;SC;101;ARAQUARI;Ausï¿½ncia de reaï¿½ï¿½o do condutor;Colisï¿½o traseira;Com Vï¿½timas Feridas;Plena Noite;Cï¿½u Claro;Dupla;Reta;Sim;0;0
2025-02-27;quinta-feira;18:45:00;SC;101;BALNEARIO CAMBORIU;Pista Escorregadia;Tombamento;Com Vï¿½timas Feridas;Anoitecer;Cï¿½u Claro;Mï¿½ltipla;Aclive;Nï¿½o;0;0
2025-02-27;quinta-feira;22:18:00;GO;70;AGUAS LINDAS DE GOIAS;Ausï¿½ncia de sinalizaï¿½ï¿½o;Colisï¿½o traseira;Com Vï¿½timas Feridas;Plena Noite;Cï¿½u Claro;Dupla;Reta;Sim;0;0
2025-02-27;quinta-feira;23:00:00;SC;470;NAVEGANTES;Ingestï¿½o de ï¿½lcool pelo condutor;Tombamento;Com Vï¿½timas Feridas;Plena Noite;Cï¿½u Claro;Mï¿½ltipla;"Em Obras;Reta";Sim;0;0
2025-02-28;sexta-feira;00:30:00;MG;365;MONTE ALEGRE DE MINAS;Ingestï¿½o de ï¿½lcool pelo condutor;Colisï¿½o lateral mesmo sentido;Sem Vï¿½timas;Plena Noite;Cï¿½u Claro;Dupla;Reta;Nï¿½o;0;0
2025-02-28;sexta-feira;01:14:00;PE;101;GAMELEIRA;Ausï¿½ncia de reaï¿½ï¿½o do condutor;Capotamento;Com Vï¿½timas Feridas;Plena Noite;Cï¿½u Claro;Dupla;Reta;Nï¿½o;0;0
2025-02-27;quinta-feira;21:15:00;RS;290;SAO GABRIEL;Ingestï¿½o de ï¿½lcool pelo condutor;Colisï¿½o frontal;Com Vï¿½timas Feridas;Plena Noite;Cï¿½u Claro;Simples;Reta;Nï¿½o;0;0
2025-02-27;quinta-feira;22:50:00;PI;135;MONTE ALEGRE DO PIAUI;Transitar na contramï¿½o;Colisï¿½o frontal;Com Vï¿½timas Fatais;Plena Noite;Cï¿½u Claro;Simples;Reta;Nï¿½o;1;1
2025-02-28;sexta-feira;02:05:00;TO;153;MIRANORTE;Reaï¿½ï¿½o tardia ou ineficiente do condutor;Colisï¿½o com objeto;Com Vï¿½timas Feridas;Plena Noite;Ignorado;Dupla;Curva;Sim;0;0
2025-02-27;quinta-feira;20:00:00;RO;364;PORTO VELHO;Reaï¿½ï¿½o tardia ou ineficiente do condutor;Queda de ocupante de veï¿½culo;Com Vï¿½timas Feridas;Plena Noite;Cï¿½u Claro;Dupla;Reta;Sim;0;0
2025-02-27;quinta-feira;23:15:00;PR;277;MEDIANEIRA;Ausï¿½ncia de reaï¿½ï¿½o do condutor;Saï¿½da de leito carroï¿½ï¿½vel;Com Vï¿½timas Feridas;Plena Noite;Ignorado;Dupla;Reta;Nï¿½o;0;0
2025-02-28;sexta-feira;03:20:00;PB;230;GURINHEM;Ausï¿½ncia de reaï¿½ï¿½o do condutor;Tombamento;Sem Vï¿½timas;Plena Noite;Chuva;Dupla;Reta;Nï¿½o;0;0
2025-02-28;sexta-feira;04:35:00;RS;290;RIO PARDO;Ausï¿½ncia de reaï¿½ï¿½o do condutor;Colisï¿½o transversal;Sem Vï¿½timas;Plena Noite;Cï¿½u Claro;Dupla;"Retorno Regulamentado;Rotatï¿½ria;Interseï¿½ï¿½o de Vias";Sim;0;0
2025-02-27;quinta-feira;22:00:00;BA;324;SAO SEBASTIAO DO PASSE;Reaï¿½ï¿½o tardia ou ineficiente do condutor;Capotamento;Com Vï¿½timas Feridas;Plena Noite;Chuva;Dupla;Reta;Nï¿½o;0;0
2025-02-27;quinta-feira;12:30:00;BA;101;AURELINO LEAL;Ultrapassagem Indevida;Saï¿½da de leito carroï¿½ï¿½vel;Sem Vï¿½timas;Pleno dia;Chuva;Simples;"Declive;Curva";Nï¿½o;0;0
2025-02-28;sexta-feira;05:19:00;SC;282;SAO JOSE;Ingestï¿½o de ï¿½lcool pelo condutor;Colisï¿½o com objeto;Sem Vï¿½timas;Amanhecer;Cï¿½u Claro;Mï¿½ltipla;Reta;Nï¿½o;0;0
2025-02-28;sexta-feira;05:40:00;SP;116;EMBU DAS ARTES;Trafegar com motocicleta (ou similar) entre as faixas;Colisï¿½o traseira;Com Vï¿½timas Feridas;Amanhecer;Cï¿½u Claro;Dupla;Reta;Sim;0;0
2025-02-28;sexta-feira;05:45:00;SC;101;ICARA;Ingestï¿½o de ï¿½lcool pelo condutor;Saï¿½da de leito carroï¿½ï¿½vel;Sem Vï¿½timas;Amanhecer;Cï¿½u Claro;Dupla;Reta;Nï¿½o;0;0
2025-02-28;sexta-feira;06:30:00;CE;116;EUSEBIO;Ausï¿½ncia de reaï¿½ï¿½o do condutor;Colisï¿½o traseira;Sem Vï¿½timas;Pleno dia;Chuva;Dupla;Reta;Nï¿½o;0;0
2025-02-28;sexta-feira;06:50:00;DF;70;BRASILIA;Trafegar com motocicleta (ou similar) entre as faixas;Queda de ocupante de veï¿½culo;Com Vï¿½timas Feridas;Pleno dia;Cï¿½u Claro;Dupla;Reta;Sim;0;0
2025-02-28;sexta-feira;06:50:00;PR;116;COLOMBO;Reaï¿½ï¿½o tardia ou ineficiente do condutor;Queda de ocupante de veï¿½culo;Com Vï¿½timas Feridas;Amanhecer;Cï¿½u Claro;Dupla;Reta;Sim;0;0
2025-02-28;sexta-feira;07:00:00;ES;101;MIMOSO DO SUL;Acessar a via sem observar a presenï¿½a dos outros veï¿½culos;Colisï¿½o transversal;Com Vï¿½timas Feridas;Pleno dia;Cï¿½u Claro;Simples;Reta;Nï¿½o;0;0
2025-02-28;sexta-feira;07:30:00;RJ;116;TERESOPOLIS;Acessar a via sem observar a presenï¿½a dos outros veï¿½culos;Colisï¿½o transversal;Com Vï¿½timas Feridas;Pleno dia;Cï¿½u Claro;Simples;Retorno Regulamentado;Sim;0;0
2025-02-28;sexta-feira;07:50:00;DF;40;BRASILIA;Trafegar com motocicleta (ou similar) entre as faixas;Colisï¿½o lateral mesmo sentido;Com Vï¿½timas Feridas;Pleno dia;Cï¿½u Claro;Dupla;"Reta;Declive";Sim;0;0
2025-02-28;sexta-feira;07:26:00;DF;20;BRASILIA;Trafegar com motocicleta (ou similar) entre as faixas;Colisï¿½o lateral mesmo sentido;Com Vï¿½timas Feridas;Pleno dia;Cï¿½u Claro;Mï¿½ltipla;"Aclive;Reta";Sim;0;0
2025-02-28;sexta-feira;07:30:00;RJ;116;NOVA IGUACU;Ausï¿½ncia de reaï¿½ï¿½o do condutor;Tombamento;Com Vï¿½timas Feridas;Pleno dia;Sol;Mï¿½ltipla;Reta;Nï¿½o;0;0
2025-02-28;sexta-feira;07:23:00;RN;101;PARNAMIRIM;Avarias e/ou desgaste excessivo no pneu;Tombamento;Com Vï¿½timas Feridas;Pleno dia;Cï¿½u Claro;Dupla;Reta;Sim;0;0
2025-02-28;sexta-feira;06:49:00;PE;101;RECIFE;Ausï¿½ncia de reaï¿½ï¿½o do condutor;Saï¿½da de leito carroï¿½ï¿½vel;Com Vï¿½timas Fatais;Pleno dia;Cï¿½u Claro;Mï¿½ltipla;Reta;Sim;1;1
2025-02-28;sexta-feira;08:00:00;SC;101;SAO JOSE;Acessar a via sem observar a presenï¿½a dos outros veï¿½culos;Colisï¿½o transversal;Com Vï¿½timas Feridas;Pleno dia;Cï¿½u Claro;Mï¿½ltipla;Reta;Nï¿½o;0;0
2025-02-28;sexta-feira;07:44:00;SC;470;POUSO REDONDO;Velocidade Incompatï¿½vel;Tombamento;Com Vï¿½timas Feridas;Pleno dia;Cï¿½u Claro;Simples;Reta;Nï¿½o;0;0
2025-02-28;sexta-feira;07:40:00;TO;10;PALMAS;Avarias e/ou desgaste excessivo no pneu;Tombamento;Com Vï¿½timas Feridas;Pleno dia;Cï¿½u Claro;Dupla;Reta;Sim;0;0
2025-02-28;sexta-feira;08:50:00;MG;381;BETIM;Trafegar com motocicleta (ou similar) entre as faixas;Colisï¿½o traseira;Com Vï¿½timas Feridas;Pleno dia;Cï¿½u Claro;Dupla;Reta;Sim;0;0
2025-02-28;sexta-feira;07:30:00;SP;381;ATIBAIA;Ausï¿½ncia de reaï¿½ï¿½o do condutor;Colisï¿½o traseira;Com Vï¿½timas Feridas;Pleno dia;Cï¿½u Claro;Simples;Reta;Sim;0;0
2025-02-28;sexta-feira;07:40:00;PR;476;CURITIBA;Trafegar com motocicleta (ou similar) entre as faixas;Colisï¿½o traseira;Com Vï¿½timas Feridas;Pleno dia;Cï¿½u Claro;Dupla;Reta;Sim;0;0
2025-02-27;quinta-feira;14:17:00;PE;232;RECIFE;Condutor deixou de manter distï¿½ncia do veï¿½culo da frente;Colisï¿½o traseira;Com Vï¿½timas Feridas;Pleno dia;Nublado;Dupla;Reta;Sim;0;0
2025-02-28;sexta-feira;08:00:00;PR;277;CURITIBA;Manobra de mudanï¿½a de faixa;Colisï¿½o traseira;Com Vï¿½timas Feridas;Pleno dia;Cï¿½u Claro;Dupla;"Reta;Viaduto";Sim;0;0
2025-02-28;sexta-feira;06:00:00;MS;262;CAMPO GRANDE;Entrada inopinada do pedestre;Atropelamento de Pedestre;Com Vï¿½timas Fatais;Amanhecer;Cï¿½u Claro;Simples;Reta;Nï¿½o;1;1
2025-02-28;sexta-feira;07:30:00;PR;116;PIRAQUARA;Reaï¿½ï¿½o tardia ou ineficiente do condutor;Saï¿½da de leito carroï¿½ï¿½vel;Com Vï¿½timas Feridas;Pleno dia;Cï¿½u Claro;Dupla;Reta;Nï¿½o;0;0
2025-02-28;sexta-feira;08:40:00;SC;101;ITAPEMA;Ausï¿½ncia de reaï¿½ï¿½o do condutor;Colisï¿½o traseira;Com Vï¿½timas Feridas;Pleno dia;Cï¿½u Claro;Dupla;Reta;Nï¿½o;0;0
2025-02-28;sexta-feira;09:30:00;RJ;116;NOVA IGUACU;Ausï¿½ncia de reaï¿½ï¿½o do condutor;Colisï¿½o lateral mesmo sentido;Com Vï¿½timas Feridas;Pleno dia;Cï¿½u Claro;Dupla;Reta;Sim;0;0
2025-02-28;sexta-feira;09:10:00;PR;153;JACAREZINHO;Manobra de mudanï¿½a de faixa;Colisï¿½o lateral mesmo sentido;Com Vï¿½timas Feridas;Pleno dia;Cï¿½u Claro;Simples;"Declive;Reta";Nï¿½o;0;0
2025-02-28;sexta-feira;09:30:00;ES;101;SERRA;Chuva;Saï¿½da de leito carroï¿½ï¿½vel;Sem Vï¿½timas;Pleno dia;Garoa/Chuvisco;Dupla;Reta;Nï¿½o;0;0
2025-02-28;sexta-feira;08:10:00;RJ;40;DUQUE DE CAXIAS;Reaï¿½ï¿½o tardia ou ineficiente do condutor;Colisï¿½o traseira;Com Vï¿½timas Feridas;Pleno dia;Cï¿½u Claro;Simples;"Aclive;Viaduto";Sim;0;0
2025-02-28;sexta-feira;10:00:00;PB;230;CABEDELO;Reaï¿½ï¿½o tardia ou ineficiente do condutor;Tombamento;Com Vï¿½timas Feridas;Pleno dia;Cï¿½u Claro;Dupla;Reta;Sim;0;0
2025-02-18;terï¿½a-feira;22:47:00;BA;110;JEREMOABO;Demais falhas mecï¿½nicas ou elï¿½tricas;Incï¿½ndio;Sem Vï¿½timas;Plena Noite;Cï¿½u Claro;Simples;"Aclive;Reta";Nï¿½o;0;0
2025-02-28;sexta-feira;10:00:00;MG;40;RESSAQUINHA;Transitar na contramï¿½o;Colisï¿½o frontal;Com Vï¿½timas Feridas;Pleno dia;Sol;Simples;Reta;Nï¿½o;0;0
2025-02-28;sexta-feira;10:45:00;PE;104;CARUARU;Avarias e/ou desgaste excessivo no pneu;Tombamento;Com Vï¿½timas Feridas;Pleno dia;Cï¿½u Claro;Dupla;"Reta;Declive";Nï¿½o;0;0
2025-02-09;domingo;01:05:00;RJ;101;CAMPOS DOS GOYTACAZES;Ausï¿½ncia de reaï¿½ï¿½o do condutor;Engavetamento;Com Vï¿½timas Feridas;Plena Noite;Cï¿½u Claro;Simples;Reta;Nï¿½o;0;0
2025-02-28;sexta-feira;10:50:00;PI;343;PARNAIBA;Demais falhas mecï¿½nicas ou elï¿½tricas;Tombamento;Com Vï¿½timas Feridas;Pleno dia;Nublado;Simples;Reta;Sim;0;0
2025-02-28;sexta-feira;07:30:00;MA;135;BACABEIRA;Reaï¿½ï¿½o tardia ou ineficiente do condutor;Colisï¿½o lateral mesmo sentido;Com Vï¿½timas Feridas;Pleno dia;Cï¿½u Claro;Dupla;Reta;Nï¿½o;0;0
2025-02-28;sexta-feira;11:30:00;RS;116;CANOAS;Ausï¿½ncia de reaï¿½ï¿½o do condutor;Colisï¿½o lateral mesmo sentido;Com Vï¿½timas Feridas;Pleno dia;Cï¿½u Claro;Mï¿½ltipla;Reta;Sim;0;0
2025-02-28;sexta-feira;11:30:00;SC;282;PALHOCA;Manobra de mudanï¿½a de faixa;Colisï¿½o lateral mesmo sentido;Com Vï¿½timas Feridas;Pleno dia;Cï¿½u Claro;Simples;"Declive;Reta;Retorno Regulamentado";Sim;0;0
2025-02-11;terï¿½a-feira;16:40:00;MG;40;SETE LAGOAS;Reaï¿½ï¿½o tardia ou ineficiente do condutor;Saï¿½da de leito carroï¿½ï¿½vel;Com Vï¿½timas Feridas;Pleno dia;Cï¿½u Claro;Dupla;Reta;Nï¿½o;0;0
2025-02-28;sexta-feira;11:50:00;RJ;101;CAMPOS DOS GOYTACAZES;Mal sï¿½bito do condutor;Colisï¿½o lateral mesmo sentido;Com Vï¿½timas Feridas;Pleno dia;Cï¿½u Claro;Simples;Reta;Sim;0;0
2025-02-28;sexta-feira;12:15:00;PI;343;CAMPO MAIOR;Acessar a via sem observar a presenï¿½a dos outros veï¿½culos;Colisï¿½o transversal;Com Vï¿½timas Feridas;Pleno dia;Cï¿½u Claro;Simples;Reta;Sim;0;0
2025-02-28;sexta-feira;10:30:00;RJ;101;ITAGUAI;Condutor Dormindo;Colisï¿½o traseira;Com Vï¿½timas Feridas;Pleno dia;Cï¿½u Claro;Mï¿½ltipla;Reta;Sim;0;0
2025-02-28;sexta-feira;10:20:00;PE;232;CARUARU;Condutor Dormindo;Capotamento;Com Vï¿½timas Feridas;Pleno dia;Cï¿½u Claro;Dupla;"Curva;Aclive";Nï¿½o;0;0
2025-02-28;sexta-feira;11:15:00;MG;356;MURIAE;Condutor deixou de manter distï¿½ncia do veï¿½culo da frente;Colisï¿½o traseira;Com Vï¿½timas Feridas;Pleno dia;Cï¿½u Claro;Simples;Reta;Sim;0;0