data_inversa;dia_semana;horario;uf;br;municipio;causa_acidente;tipo_acidente;classificacao_acidente;fase_dia;condicao_metereologica;tipo_pista;tracado_via;uso_solo;mortos;acidente_fatal
2025-03-01;sï¿½bado;01:47:00;SC;282;SAO JOSE;Manobra de mudanï¿½a de faixa;Colisï¿½o traseira;Com Vï¿½timas Feridas;Plena Noite;Cï¿½u Claro;Mï¿½ltipla;"Aclive;Reta";Nï¿½o;0;0
2025-03-01;sï¿½bado;00:10:00;MG;381;GOVERNADOR VALADARES;Entrada inopinada do pedestre;Atropelamento de Pedestre;Com Vï¿½timas Fatais;Plena Noite;Nublado;Simples;Reta;Sim;1;1
2025-03-01;sï¿½bado;00:30:00;BA;407;JUAZEIRO;Ingestï¿½o de ï¿½lcool pelo condutor;Colisï¿½o traseira;Sem Vï¿½timas;Plena Noite;Cï¿½u Claro;Simples;Reta;Nï¿½o;0;0
2025-02-28;sexta-feira;22:30:00;MG;116;GOVERNADOR VALADARES;Demais falhas mecï¿½nicas ou elï¿½tricas;Queda de ocupante de veï¿½culo;Com Vï¿½timas Feridas;Plena Noite;Cï¿½u Claro;Simples;Reta;Nï¿½o;0;0
2025-03-01;sï¿½bado;00:40:00;MG;116;MANHUACU;Reaï¿½ï¿½o tardia ou ineficiente do condutor;Colisï¿½o traseira;Com Vï¿½timas Fatais;Plena Noite;Cï¿½u Claro;Simples;"Reta;Aclive";Nï¿½o;1;1
2025-03-01;sï¿½bado;00:30:00;GO;20;POSSE;Ingestï¿½o de ï¿½lcool pelo condutor;Colisï¿½o transversal;Com Vï¿½timas Feridas;Plena Noite;Cï¿½u Claro;Simples;Reta;Nï¿½o;0;0
2025-03-01;sï¿½bado;00:32:00;MG;116;UBAPORANGA;Ingestï¿½o de ï¿½lcool pelo condutor;Colisï¿½o frontal;Com Vï¿½timas Fatais;Plena Noite;Cï¿½u Claro;Simples;Curva;Nï¿½o;1;1
2025-03-01;sï¿½bado;02:40:00;MG;153;CENTRALINA;Afundamento ou ondulaï¿½ï¿½o no pavimento;Queda de ocupante de veï¿½culo;Com Vï¿½timas Feridas;Plena Noite;Cï¿½u Claro;Dupla;Reta;Nï¿½o;0;0
2025-03-01;sï¿½bado;01:50:00;MS;163;DOURADOS;Ingestï¿½o de ï¿½lcool pelo condutor;Saï¿½da de leito carroï¿½ï¿½vel;Sem Vï¿½timas;Plena Noite;Cï¿½u Claro;Dupla;Rotatï¿½ria;Sim;0;0
2025-03-01;sï¿½bado;02:30:00;GO;153;APARECIDA DE GOIANIA;Ingestï¿½o de ï¿½lcool pelo condutor;Saï¿½da de leito carroï¿½ï¿½vel;Sem Vï¿½timas;Plena Noite;Ignorado;Dupla;Reta;Sim;0;0
2025-03-01;sï¿½bado;01:29:00;PR;277;SAO JOSE DOS PINHAIS;Velocidade Incompatï¿½vel;Saï¿½da de leito carroï¿½ï¿½vel;Com Vï¿½timas Fatais;Plena Noite;Cï¿½u Claro;Dupla;Reta;Nï¿½o;1;1
2025-03-01;sï¿½bado;03:20:00;PR;277;SAO JOSE DOS PINHAIS;Ingestï¿½o de ï¿½lcool pelo condutor;Colisï¿½o traseira;Sem Vï¿½timas;Plena Noite;Cï¿½u Claro;Dupla;Reta;Sim;0;0
2025-03-01;sï¿½bado;02:20:00;RS;116;BARRA DO RIBEIRO;Objeto estï¿½tico sobre o leito carroï¿½ï¿½vel;Saï¿½da de leito carroï¿½ï¿½vel;Com Vï¿½timas Feridas;Plena Noite;Nublado;Dupla;Reta;Nï¿½o;0;0
2025-03-01;sï¿½bado;04:00:00;SP;101;UBATUBA;Velocidade Incompatï¿½vel;Colisï¿½o traseira;Com Vï¿½timas Feridas;Plena Noite;Cï¿½u Claro;Simples;Reta;Sim;0;0
2025-03-01;sï¿½bado;04:10:00;PB;101;JOAO PESSOA;Condutor Dormindo;Saï¿½da de leito carroï¿½ï¿½vel;Com Vï¿½timas Feridas;Plena Noite;Chuva;Mï¿½ltipla;Reta;Sim;0;0
2025-03-01;sï¿½bado;04:30:00;RS;116;NOVO HAMBURGO;Ausï¿½ncia de reaï¿½ï¿½o do condutor;Colisï¿½o com objeto;Sem Vï¿½timas;Plena Noite;Cï¿½u Claro;Simples;Reta;Sim;0;0
2025-03-01;sï¿½bado;03:45:00;MS;163;COXIM;Ingestï¿½o de ï¿½lcool pelo condutor;Saï¿½da de leito carroï¿½ï¿½vel;Sem Vï¿½timas;Amanhecer;Cï¿½u Claro;Dupla;Reta;Nï¿½o;0;0
2025-02-28;sexta-feira;07:30:00;RJ;493;ITABORAI;Ausï¿½ncia de reaï¿½ï¿½o do condutor;Colisï¿½o lateral mesmo sentido;Com Vï¿½timas Feridas;Amanhecer;Sol;Simples;Reta;Sim;0;0
2025-03-01;sï¿½bado;04:30:00;SP;116;APARECIDA;Pedestre andava na pista;Atropelamento de Pedestre;Com Vï¿½timas Fatais;Plena Noite;Cï¿½u Claro;Dupla;Reta;Nï¿½o;1;1
2025-03-01;sï¿½bado;04:35:00;PE;104;CARUARU;Reaï¿½ï¿½o tardia ou ineficiente do condutor;Capotamento;Com Vï¿½timas Feridas;Amanhecer;Cï¿½u Claro;Mï¿½ltipla;Reta;Sim;0;0
2025-03-01;sï¿½bado;05:00:00;PR;277;SANTA TEREZINHA DE ITAIPU;Ausï¿½ncia de reaï¿½ï¿½o do condutor;Colisï¿½o com objeto;Sem Vï¿½timas;Plena Noite;Cï¿½u Claro;Dupla;Reta;Nï¿½o;0;0
2025-03-01;sï¿½bado;04:15:00;PR;116;CAMPINA GRANDE DO SUL;Reaï¿½ï¿½o tardia ou ineficiente do condutor;Capotamento;Com Vï¿½timas Feridas;Plena Noite;Nevoeiro/Neblina;Dupla;Curva;Nï¿½o;0;0
2025-03-01;sï¿½bado;04:55:00;RS;116;CAMPESTRE DA SERRA;Transitar na contramï¿½o;Colisï¿½o transversal;Com Vï¿½timas Feridas;Plena Noite;Cï¿½u Claro;Simples;"Reta;Aclive";Nï¿½o;0;0
2025-03-01;sï¿½bado;05:00:00;RS;116;DOIS IRMAOS;Ingestï¿½o de ï¿½lcool pelo condutor;Colisï¿½o com objeto;Com Vï¿½timas Feridas;Plena Noite;Cï¿½u Claro;Simples;Curva;Nï¿½o;0;0
2025-03-01;sï¿½bado;04:45:00;PR;277;LARANJEIRAS DO SUL;Pedestre andava na pista;Atropelamento de Pedestre;Com Vï¿½timas Fatais;Plena Noite;Cï¿½u Claro;Simples;Curva;Nï¿½o;1;1
2025-03-01;sï¿½bado;04:40:00;MG;40;CONTAGEM;Condutor Dormindo;Colisï¿½o com objeto;Com Vï¿½timas Feridas;Amanhecer;Cï¿½u Claro;Dupla;Reta;Sim;0;0
2025-03-01;sï¿½bado;04:30:00;PR;116;CAMPINA GRANDE DO SUL;Reaï¿½ï¿½o tardia ou ineficiente do condutor;Colisï¿½o com objeto;Com Vï¿½timas Feridas;Plena Noite;Nevoeiro/Neblina;Dupla;"Curva;Interseï¿½ï¿½o de Vias";Nï¿½o;0;0
2025-03-01;sï¿½bado;06:00:00;ES;101;SERRA;Ausï¿½ncia de reaï¿½ï¿½o do condutor;Colisï¿½o frontal;Com Vï¿½timas Feridas;Amanhecer;Nublado;Simples;Reta;Sim;0;0
2025-03-01;sï¿½bado;06:00:00;ES;262;DOMINGOS MARTINS;Ausï¿½ncia de reaï¿½ï¿½o do condutor;Colisï¿½o lateral sentido oposto;Com Vï¿½timas Feridas;Pleno dia;Cï¿½u Claro;Simples;Curva;Nï¿½o;0;0
2025-03-01;sï¿½bado;05:31:00;PR;376;MARINGA;Ingestï¿½o de ï¿½lcool pelo condutor;Queda de ocupante de veï¿½culo;Com Vï¿½timas Feridas;Amanhecer;Cï¿½u Claro;Mï¿½ltipla;"Reta;Declive";Nï¿½o;0;0
2025-03-01;sï¿½bado;05:50:00;RS;101;DOM PEDRO DE ALCANTARA;Ausï¿½ncia de reaï¿½ï¿½o do condutor;Colisï¿½o com objeto;Com Vï¿½timas Feridas;Amanhecer;Cï¿½u Claro;Simples;Reta;Nï¿½o;0;0
2025-03-01;sï¿½bado;06:40:00;BA;324;SALVADOR;Acumulo de areia ou detritos sobre o pavimento;Queda de ocupante de veï¿½culo;Com Vï¿½timas Feridas;Pleno dia;Chuva;Mï¿½ltipla;Reta;Sim;0;0
2025-03-01;sï¿½bado;06:00:00;SP;116;GUARULHOS;Ausï¿½ncia de reaï¿½ï¿½o do condutor;Tombamento;Com Vï¿½timas Feridas;Pleno dia;Cï¿½u Claro;Mï¿½ltipla;"Reta;Declive;Em Obras";Sim;0;0
2025-03-01;sï¿½bado;05:30:00;SP;116;GUARULHOS;Condutor deixou de manter distï¿½ncia do veï¿½culo da frente;Colisï¿½o traseira;Sem Vï¿½timas;Amanhecer;Cï¿½u Claro;Mï¿½ltipla;Reta;Sim;0;0
2025-03-01;sï¿½bado;07:00:00;AL;104;BRANQUINHA;Condutor deixou de manter distï¿½ncia do veï¿½culo da frente;Colisï¿½o traseira;Com Vï¿½timas Feridas;Pleno dia;Sol;Simples;Reta;Nï¿½o;0;0
2025-03-01;sï¿½bado;01:30:00;MG;364;FRUTAL;Transitar na contramï¿½o;Colisï¿½o lateral sentido oposto;Sem Vï¿½timas;Plena Noite;Nublado;Simples;Reta;Nï¿½o;0;0
2025-03-01;sï¿½bado;06:50:00;MG;116;CARATINGA;Velocidade Incompatï¿½vel;Tombamento;Com Vï¿½timas Feridas;Pleno dia;Chuva;Simples;"Curva;Retorno Regulamentado";Sim;0;0
2025-03-01;sï¿½bado;06:10:00;GO;60;GUAPO;Velocidade Incompatï¿½vel;Colisï¿½o traseira;Com Vï¿½timas Feridas;Pleno dia;Cï¿½u Claro;Dupla;"Reta;Declive";Nï¿½o;0;0
2025-03-01;sï¿½bado;01:40:00;BA;367;PORTO SEGURO;Ingestï¿½o de ï¿½lcool pelo condutor;Saï¿½da de leito carroï¿½ï¿½vel;Com Vï¿½timas Feridas;Plena Noite;Cï¿½u Claro;Simples;Curva;Sim;0;0
2025-03-01;sï¿½bado;07:55:00;CE;222;CAUCAIA;Desrespeitar a preferï¿½ncia no cruzamento;Colisï¿½o transversal;Com Vï¿½timas Feridas;Pleno dia;Chuva;Simples;"Em Obras;Reta";Nï¿½o;0;0
2025-03-01;sï¿½bado;07:50:00;SP;116;SAO LOURENCO DA SERRA;Condutor deixou de manter distï¿½ncia do veï¿½culo da frente;Engavetamento;Com Vï¿½timas Feridas;Pleno dia;Cï¿½u Claro;Dupla;"Declive;Curva";Nï¿½o;0;0
2025-03-01;sï¿½bado;08:00:00;MG;365;CLARO DOS POCOES;Ausï¿½ncia de reaï¿½ï¿½o do condutor;Colisï¿½o frontal;Com Vï¿½timas Feridas;Pleno dia;Cï¿½u Claro;Simples;Curva;Nï¿½o;0;0
2025-03-01;sï¿½bado;07:30:00;CE;20;CANINDE;Condutor deixou de manter distï¿½ncia do veï¿½culo da frente;Colisï¿½o traseira;Com Vï¿½timas Feridas;Pleno dia;Nublado;Simples;"Declive;Reta";Sim;0;0
2025-03-01;sï¿½bado;05:20:00;PR;369;CAMBARA;Animais na Pista;Atropelamento de Animal;Com Vï¿½timas Feridas;Amanhecer;Cï¿½u Claro;Simples;"Reta;Declive";Nï¿½o;0;0
2025-03-01;sï¿½bado;04:00:00;MG;116;MANHUACU;Condutor Dormindo;Saï¿½da de leito carroï¿½ï¿½vel;Com Vï¿½timas Feridas;Plena Noite;Nublado;Simples;Curva;Nï¿½o;0;0
2025-03-01;sï¿½bado;05:50:00;RJ;116;NOVA IGUACU;Manobra de mudanï¿½a de faixa;Colisï¿½o traseira;Com Vï¿½timas Feridas;Pleno dia;Cï¿½u Claro;Dupla;Reta;Sim;0;0
2025-03-01;sï¿½bado;04:40:00;PB;412;SERRA BRANCA;Condutor Dormindo;Saï¿½da de leito carroï¿½ï¿½vel;Com Vï¿½timas Feridas;Pleno dia;Cï¿½u Claro;Simples;Curva;Nï¿½o;0;0
2025-03-01;sï¿½bado;08:40:00;PR;277;FOZ DO IGUACU;Acessar a via sem observar a presenï¿½a dos outros veï¿½culos;Colisï¿½o transversal;Com Vï¿½timas Feridas;Pleno dia;Cï¿½u Claro;Dupla;"Reta;Retorno Regulamentado";Sim;0;0
2025-03-01;sï¿½bado;08:05:00;RN;406;JOAO CAMARA;Condutor Dormindo;Colisï¿½o com objeto;Com Vï¿½timas Feridas;Pleno dia;Chuva;Simples;Reta;Nï¿½o;0;0
2025-03-01;sï¿½bado;08:40:00;PI;316;TERESINA;Manobra de mudanï¿½a de faixa;Colisï¿½o lateral mesmo sentido;Com Vï¿½timas Feridas;Pleno dia;Cï¿½u Claro;Mï¿½ltipla;"Rotatï¿½ria;Viaduto";Sim;0;0
2025-03-01;sï¿½bado;08:00:00;RS;290;URUGUAIANA;Acessar a via sem observar a presenï¿½a dos outros veï¿½culos;Atropelamento de Pedestre;Com Vï¿½timas Feridas;Pleno dia;Nublado;Simples;Reta;Nï¿½o;0;0
2025-03-01;sï¿½bado;08:50:00;PR;277;SAO JOSE DOS PINHAIS;Ausï¿½ncia de reaï¿½ï¿½o do condutor;Queda de ocupante de veï¿½culo;Com Vï¿½timas Feridas;Pleno dia;Cï¿½u Claro;Dupla;"Reta;Declive";Nï¿½o;0;0
2025-03-01;sï¿½bado;08:00:00;SP;116;PINDAMONHANGABA;Reaï¿½ï¿½o tardia ou ineficiente do condutor;Colisï¿½o traseira;Sem Vï¿½timas;Pleno dia;Sol;Mï¿½ltipla;"Reta;Aclive";Nï¿½o;0;0
2025-03-01;sï¿½bado;08:45:00;PR;373;IMBITUVA;Ultrapassagem Indevida;Colisï¿½o lateral sentido oposto;Com Vï¿½timas Feridas;Pleno dia;Cï¿½u Claro;Simples;"Curva;Declive";Nï¿½o;0;0
2025-03-01;sï¿½bado;08:15:00;SC;101;PALHOCA;Demais falhas mecï¿½nicas ou elï¿½tricas;Incï¿½ndio;Sem Vï¿½timas;Pleno dia;Cï¿½u Claro;Dupla;Reta;Nï¿½o;0;0
2025-03-01;sï¿½bado;07:20:00;RJ;101;TANGUA;Trafegar com motocicleta (ou similar) entre as faixas;Colisï¿½o lateral mesmo sentido;Com Vï¿½timas Feridas;Pleno dia;Cï¿½u Claro;Dupla;Reta;Nï¿½o;0;0
2025-03-01;sï¿½bado;08:11:00;RJ;101;ITABORAI;Trafegar com motocicleta (ou similar) entre as faixas;Tombamento;Com Vï¿½timas Fatais;Pleno dia;Cï¿½u Claro;Dupla;Reta;Nï¿½o;2;1
2025-03-01;sï¿½bado;07:30:00;MA;226;BARRA DO CORDA;Curva acentuada;Saï¿½da de leito carroï¿½ï¿½vel;Com Vï¿½timas Fatais;Pleno dia;Nublado;Simples;"Curva;Declive";Nï¿½o;1;1
2025-02-17;segunda-feira;07:00:00;PR;116;CAMPINA GRANDE DO SUL;Ausï¿½ncia de reaï¿½ï¿½o do condutor;Colisï¿½o lateral mesmo sentido;Com Vï¿½timas Feridas;Pleno dia;Nublado;Dupla;"Declive;Reta";Sim;0;0
2025-03-01;sï¿½bado;09:45:00;RS;392;SAO SEPE;Desrespeitar a preferï¿½ncia no cruzamento;Colisï¿½o transversal;Com Vï¿½timas Feridas;Pleno dia;Sol;Simples;"Interseï¿½ï¿½o de Vias;Declive;Reta";Sim;0;0
2025-03-01;sï¿½bado;08:40:00;PR;369;CAMPO MOURAO;Ausï¿½ncia de reaï¿½ï¿½o do condutor;Colisï¿½o traseira;Com Vï¿½timas Feridas;Pleno dia;Cï¿½u Claro;Simples;Aclive;Nï¿½o;0;0
2025-03-01;sï¿½bado;07:30:00;PB;101;CAAPORA;Reaï¿½ï¿½o tardia ou ineficiente do condutor;Saï¿½da de leito carroï¿½ï¿½vel;Sem Vï¿½timas;Pleno dia;Cï¿½u Claro;Dupla;"Aclive;Curva";Nï¿½o;0;0
2025-03-01;sï¿½bado;09:45:00;MG;381;BETIM;Ausï¿½ncia de reaï¿½ï¿½o do condutor;Colisï¿½o traseira;Com Vï¿½timas Feridas;Pleno dia;Cï¿½u Claro;Dupla;"Aclive;Reta";Nï¿½o;0;0
2025-03-01;sï¿½bado;08:40:00;RJ;101;MACAE;Condutor deixou de manter distï¿½ncia do veï¿½culo da frente;Colisï¿½o frontal;Com Vï¿½timas Feridas;Pleno dia;Garoa/Chuvisco;Simples;"Reta;Ponte";Nï¿½o;0;0
2025-03-01;sï¿½bado;10:15:00;MG;40;SETE LAGOAS;Condutor deixou de manter distï¿½ncia do veï¿½culo da frente;Colisï¿½o traseira;Com Vï¿½timas Feridas;Pleno dia;Nublado;Dupla;Reta;Nï¿½o;0;0
2025-03-01;sï¿½bado;07:45:00;SC;282;BOCAINA DO SUL;Ausï¿½ncia de reaï¿½ï¿½o do condutor;Saï¿½da de leito carroï¿½ï¿½vel;Sem Vï¿½timas;Pleno dia;Cï¿½u Claro;Simples;Curva;Nï¿½o;0;0
2025-03-01;sï¿½bado;10:35:00;SC;101;ITAJAI;Manobra de mudanï¿½a de faixa;Colisï¿½o transversal;Com Vï¿½timas Feridas;Pleno dia;Cï¿½u Claro;Dupla;Reta;Sim;0;0
2025-03-01;sï¿½bado;10:20:00;RN;304;SANTA MARIA;Avarias e/ou desgaste excessivo no pneu;Tombamento;Com Vï¿½timas Feridas;Pleno dia;Nublado;Simples;Reta;Nï¿½o;0;0
2025-03-01;sï¿½bado;08:30:00;RJ;101;ANGRA DOS REIS;Reaï¿½ï¿½o tardia ou ineficiente do condutor;Colisï¿½o traseira;Sem Vï¿½timas;Pleno dia;Cï¿½u Claro;Simples;Reta;Nï¿½o;0;0
2025-03-01;sï¿½bado;10:00:00;BA;101;CONCEICAO DO JACUIPE;Retorno proibido;Colisï¿½o transversal;Com Vï¿½timas Feridas;Pleno dia;Cï¿½u Claro;Dupla;Reta;Nï¿½o;0;0
2025-03-01;sï¿½bado;10:45:00;SC;101;PALHOCA;Acumulo de areia ou detritos sobre o pavimento;Tombamento;Com Vï¿½timas Feridas;Pleno dia;Cï¿½u Claro;Dupla;Reta;Sim;0;0
2025-03-01;sï¿½bado;10:50:00;GO;153;URUACU;Desrespeitar a preferï¿½ncia no cruzamento;Colisï¿½o transversal;Com Vï¿½timas Fatais;Pleno dia;Cï¿½u Claro;Simples;Reta;Nï¿½o;1;1
2025-03-01;sï¿½bado;09:00:00;RJ;116;TERESOPOLIS;Condutor deixou de manter distï¿½ncia do veï¿½culo da frente;Engavetamento;Sem Vï¿½timas;Pleno dia;Nublado;Simples;Reta;Sim;0;0
2025-03-01;sï¿½bado;11:05:00;PB;101;ALHANDRA;Velocidade Incompatï¿½vel;Colisï¿½o traseira;Com Vï¿½timas Feridas;Pleno dia;Cï¿½u Claro;Dupla;Reta;Nï¿½o;0;0
2025-03-01;sï¿½bado;11:00:00;MG;381;BETIM;Animais na Pista;Tombamento;Com Vï¿½timas Feridas;Pleno dia;Cï¿½u Claro;Simples;Reta;Nï¿½o;0;0
2025-03-01;sï¿½bado;11:10:00;RN;101;ARES;Acumulo de ï¿½gua sobre o pavimento;Saï¿½da de leito carroï¿½ï¿½vel;Com Vï¿½timas Feridas;Pleno dia;Chuva;Dupla;"Declive;Reta";Nï¿½o;0;0
2025-03-01;sï¿½bado;11:05:00;SC;101;LAGUNA;Desrespeitar a preferï¿½ncia no cruzamento;Colisï¿½o transversal;Com Vï¿½timas Feridas;Pleno dia;Cï¿½u Claro;Simples;"Retorno Regulamentado;Interseï¿½ï¿½o de Vias;Viaduto;Rotatï¿½ria;Declive";Sim;0;0
2025-03-01;sï¿½bado;11:40:00;RJ;101;ANGRA DOS REIS;Condutor Dormindo;Capotamento;Com Vï¿½timas Feridas;Pleno dia;Cï¿½u Claro;Simples;Curva;Nï¿½o;0;0
2025-03-01;sï¿½bado;09:50:00;RJ;393;VASSOURAS;Condutor Dormindo;Saï¿½da de leito carroï¿½ï¿½vel;Com Vï¿½timas Feridas;Pleno dia;Cï¿½u Claro;Simples;Reta;Nï¿½o;0;0
2025-03-01;sï¿½bado;11:35:00;RS;116;VACARIA;Acessar a via sem observar a presenï¿½a dos outros veï¿½culos;Colisï¿½o transversal;Sem Vï¿½timas;Pleno dia;Cï¿½u Claro;Simples;"Interseï¿½ï¿½o de Vias;Reta";Sim;0;0
2025-03-01;sï¿½bado;11:15:00;MG;262;MANHUACU;Acesso irregular;Colisï¿½o lateral mesmo sentido;Com Vï¿½timas Feridas;Pleno dia;Cï¿½u Claro;Simples;Reta;Nï¿½o;0;0
2025-03-01;sï¿½bado;11:50:00;SC;101;PALHOCA;Acessar a via sem observar a presenï¿½a dos outros veï¿½culos;Colisï¿½o lateral mesmo sentido;Com Vï¿½timas Feridas;Pleno dia;Cï¿½u Claro;Dupla;"Interseï¿½ï¿½o de Vias;Viaduto";Sim;0;0
2025-03-01;sï¿½bado;10:20:00;RS;386;FREDERICO WESTPHALEN;Condutor deixou de manter distï¿½ncia do veï¿½culo da frente;Colisï¿½o traseira;Sem Vï¿½timas;Pleno dia;Cï¿½u Claro;Simples;"Reta;Rotatï¿½ria";Sim;0;0
2025-03-01;sï¿½bado;08:40:00;MS;60;MARACAJU;Ausï¿½ncia de reaï¿½ï¿½o do condutor;Saï¿½da de leito carroï¿½ï¿½vel;Com Vï¿½timas Feridas;Pleno dia;Cï¿½u Claro;Simples;Reta;Nï¿½o;0;0
2025-03-01;sï¿½bado;11:00:00;SP;381;ATIBAIA;Manobra de mudanï¿½a de faixa;Colisï¿½o lateral mesmo sentido;Com Vï¿½timas Feridas;Pleno dia;Cï¿½u Claro;Dupla;Reta;Nï¿½o;0;0
2025-03-01;sï¿½bado;12:15:00;SP;381;ATIBAIA;Condutor deixou de manter distï¿½ncia do veï¿½culo da frente;Engavetamento;Com Vï¿½timas Feridas;Pleno dia;Cï¿½u Claro;Dupla;Reta;Sim;0;0
2025-02-26;quarta-feira;01:13:00;RS;0;SANTA MARIA;Reaï¿½ï¿½o tardia ou ineficiente do condutor;Colisï¿½o frontal;Sem Vï¿½timas;Plena Noite;Cï¿½u Claro;Simples;Reta;Sim;0;0
2025-03-01;sï¿½bado;12:30:00;MG;40;SETE LAGOAS;Trafegar com motocicleta (ou similar) entre as faixas;Colisï¿½o lateral mesmo sentido;Com Vï¿½timas Feridas;Pleno dia;Cï¿½u Claro;Dupla;Reta;Sim;0;0
2025-03-01;sï¿½bado;09:30:00;MT;163;SINOP;Ausï¿½ncia de reaï¿½ï¿½o do condutor;Colisï¿½o traseira;Com Vï¿½timas Feridas;Pleno dia;Cï¿½u Claro;Simples;"Reta;Retorno Regulamentado";Sim;0;0
2025-03-01;sï¿½bado;12:05:00;MG;40;ITABIRITO;Reaï¿½ï¿½o tardia ou ineficiente do condutor;Saï¿½da de leito carroï¿½ï¿½vel;Com Vï¿½timas Feridas;Pleno dia;Nublado;Simples;Curva;Nï¿½o;0;0
2025-03-01;sï¿½bado;13:00:00;SC;101;PALHOCA;Conversï¿½o proibida;Colisï¿½o lateral mesmo sentido;Com Vï¿½timas Feridas;Pleno dia;Cï¿½u Claro;Mï¿½ltipla;"Reta;Declive";Sim;0;0
2025-03-01;sï¿½bado;13:30:00;RS;116;SAO LEOPOLDO;Acessar a via sem observar a presenï¿½a dos outros veï¿½culos;Colisï¿½o transversal;Com Vï¿½timas Feridas;Pleno dia;Cï¿½u Claro;Simples;"Interseï¿½ï¿½o de Vias;Rotatï¿½ria";Sim;0;0
2025-03-01;sï¿½bado;11:50:00;GO;153;GOIATUBA;Condutor Dormindo;Saï¿½da de leito carroï¿½ï¿½vel;Com Vï¿½timas Feridas;Pleno dia;Cï¿½u Claro;Dupla;"Aclive;Reta";Nï¿½o;0;0
2025-03-01;sï¿½bado;10:45:00;SC;101;CAMBORIU;Manobra de mudanï¿½a de faixa;Colisï¿½o lateral mesmo sentido;Com Vï¿½timas Feridas;Pleno dia;Cï¿½u Claro;Dupla;Reta;Sim;0;0
2025-03-01;sï¿½bado;13:00:00;GO;153;ANAPOLIS;Reaï¿½ï¿½o tardia ou ineficiente do condutor;Colisï¿½o traseira;Com Vï¿½timas Feridas;Pleno dia;Cï¿½u Claro;Dupla;Reta;Sim;0;0
2025-03-01;sï¿½bado;11:10:00;RJ;101;MANGARATIBA;Ultrapassagem Indevida;Colisï¿½o lateral mesmo sentido;Com Vï¿½timas Feridas;Pleno dia;Cï¿½u Claro;Simples;Reta;Nï¿½o;0;0
2025-03-01;sï¿½bado;12:30:00;PR;277;GUARAPUAVA;Reaï¿½ï¿½o tardia ou ineficiente do condutor;Saï¿½da de leito carroï¿½ï¿½vel;Sem Vï¿½timas;Pleno dia;Cï¿½u Claro;Simples;Curva;Nï¿½o;0;0
2025-03-01;sï¿½bado;14:10:00;RJ;101;ANGRA DOS REIS;Acessar a via sem observar a presenï¿½a dos outros veï¿½culos;Colisï¿½o transversal;Com Vï¿½timas Feridas;Pleno dia;Cï¿½u Claro;Simples;Reta;Nï¿½o;0;0
2025-03-01;sï¿½bado;13:00:00;RJ;40;DUQUE DE CAXIAS;Acumulo de ï¿½leo sobre o pavimento;Queda de ocupante de veï¿½culo;Com Vï¿½timas Feridas;Pleno dia;Sol;Simples;"Viaduto;Curva";Nï¿½o;0;0
2025-03-01;sï¿½bado;14:00:00;SP;116;ITAPECERICA DA SERRA;Reaï¿½ï¿½o tardia ou ineficiente do condutor;Capotamento;Com Vï¿½timas Feridas;Pleno dia;Cï¿½u Claro;Dupla;Reta;Nï¿½o;0;0
2025-03-01;sï¿½bado;13:10:00;RJ;101;MANGARATIBA;Velocidade Incompatï¿½vel;Colisï¿½o com objeto;Com Vï¿½timas Feridas;Pleno dia;Cï¿½u Claro;Simples;Curva;Nï¿½o;0;0
2025-03-01;sï¿½bado;14:30:00;PR;476;ARAUCARIA;Ultrapassagem Indevida;Colisï¿½o lateral mesmo sentido;Com Vï¿½timas Feridas;Pleno dia;Cï¿½u Claro;Dupla;Reta;Nï¿½o;0;0
2025-03-01;sï¿½bado;14:00:00;SC;282;RANCHO QUEIMADO;Reaï¿½ï¿½o tardia ou ineficiente do condutor;Tombamento;Sem Vï¿½timas;Pleno dia;Cï¿½u Claro;Simples;Curva;Nï¿½o;0;0
2025-03-01;sï¿½bado;13:40:00;PI;343;TERESINA;Conversï¿½o proibida;Colisï¿½o transversal;Com Vï¿½timas Feridas;Pleno dia;Chuva;Simples;Reta;Sim;0;0
2025-03-01;sï¿½bado;15:10:00;ES;393;CACHOEIRO DE ITAPEMIRIM;Velocidade Incompatï¿½vel;Saï¿½da de leito carroï¿½ï¿½vel;Com Vï¿½timas Feridas;Pleno dia;Cï¿½u Claro;Simples;Reta;Nï¿½o;0;0
2025-03-01;sï¿½bado;15:00:00;MG;40;SETE LAGOAS;Demais falhas mecï¿½nicas ou elï¿½tricas;Incï¿½ndio;Sem Vï¿½timas;Pleno dia;Nublado;Dupla;Reta;Nï¿½o;0;0
2025-03-01;sï¿½bado;14:43:00;SP;116;SAO JOSE DOS CAMPOS;Reaï¿½ï¿½o tardia ou ineficiente do condutor;Colisï¿½o com objeto;Sem Vï¿½timas;Pleno dia;Cï¿½u Claro;Dupla;"Declive;Retorno Regulamentado";Sim;0;0
2025-02-05;quarta-feira;15:50:00;ES;101;SERRA;Manobra de mudanï¿½a de faixa;Colisï¿½o lateral mesmo sentido;Com Vï¿½timas Feridas;Pleno dia;Cï¿½u Claro;Dupla;Reta;Sim;0;0
2025-03-01;sï¿½bado;14:00:00;RJ;116;PARACAMBI;Manobra de mudanï¿½a de faixa;Colisï¿½o lateral mesmo sentido;Com Vï¿½timas Feridas;Pleno dia;Cï¿½u Claro;Dupla;Reta;Nï¿½o;0;0
2025-03-01;sï¿½bado;15:30:00;ES;101;IBIRACU;Ausï¿½ncia de reaï¿½ï¿½o do condutor;Colisï¿½o lateral mesmo sentido;Com Vï¿½timas Feridas;Pleno dia;Cï¿½u Claro;Dupla;Curva;Sim;0;0
2025-03-01;sï¿½bado;14:35:00;RJ;465;NOVA IGUACU;Conversï¿½o proibida;Colisï¿½o transversal;Com Vï¿½timas Feridas;Pleno dia;Cï¿½u Claro;Simples;Reta;Sim;0;0
2025-03-01;sï¿½bado;14:00:00;MG;40;RIBEIRAO DAS NEVES;Trafegar com motocicleta (ou similar) entre as faixas;Tombamento;Com Vï¿½timas Fatais;Pleno dia;Sol;Dupla;Reta;Sim;1;1
2025-03-01;sï¿½bado;15:30:00;PR;476;ARAUCARIA;Ingestï¿½o de ï¿½lcool pelo condutor;Colisï¿½o traseira;Sem Vï¿½timas;Pleno dia;Cï¿½u Claro;Dupla;Reta;Sim;0;0
2025-03-01;sï¿½bado;15:00:00;MG;381;CAMBUI;Velocidade Incompatï¿½vel;Colisï¿½o com objeto;Com Vï¿½timas Feridas;Pleno dia;Cï¿½u Claro;Dupla;Reta;Nï¿½o;0;0