data_inversa;dia_semana;horario;uf;br;municipio;causa_acidente;tipo_acidente;classificacao_acidente;fase_dia;condicao_metereologica;tipo_pista;tracado_via;uso_solo;mortos;acidente_fatal
2025-02-27;quinta-feira;18:00:00;MS;376;JATEI;Mal sï¿½bito do condutor;Saï¿½da de leito carroï¿½ï¿½vel;Com Vï¿½timas Feridas;Anoitecer;Nublado;Simples;Reta;Nï¿½o;0;0
2025-03-01;sï¿½bado;14:55:00;GO;40;LUZIANIA;Conversï¿½o proibida;Colisï¿½o transversal;Com Vï¿½timas Feridas;Pleno dia;Nublado;Simples;"Reta;Aclive";Nï¿½o;0;0
2025-03-01;sï¿½bado;15:10:00;PE;0;IGARASSU;Demais falhas mecï¿½nicas ou elï¿½tricas;Colisï¿½o com objeto;Sem Vï¿½timas;Pleno dia;Nublado;Simples;Curva;Nï¿½o;0;0
2025-03-01;sï¿½bado;14:05:00;RO;364;CACOAL;Transitar na contramï¿½o;Colisï¿½o frontal;Sem Vï¿½timas;Pleno dia;Cï¿½u Claro;Simples;"Interseï¿½ï¿½o de Vias;Reta";Sim;0;0
2025-03-01;sï¿½bado;16:00:00;SP;381;SAO PAULO;Entrada inopinada do pedestre;Atropelamento de Pedestre;Com Vï¿½timas Feridas;Pleno dia;Cï¿½u Claro;Dupla;Reta;Nï¿½o;0;0
2025-03-01;sï¿½bado;15:40:00;PB;230;CABEDELO;Ausï¿½ncia de reaï¿½ï¿½o do condutor;Colisï¿½o traseira;Com Vï¿½timas Feridas;Pleno dia;Cï¿½u Claro;Dupla;Reta;Nï¿½o;0;0
2025-03-01;sï¿½bado;16:05:00;RJ;116;DUQUE DE CAXIAS;Acessar a via sem observar a presenï¿½a dos outros veï¿½culos;Colisï¿½o lateral mesmo sentido;Com Vï¿½timas Feridas;Pleno dia;Cï¿½u Claro;Mï¿½ltipla;Reta;Sim;0;0
2025-02-01;sï¿½bado;15:00:00;MG;116;CAMPANARIO;Reaï¿½ï¿½o tardia ou ineficiente do condutor;Saï¿½da de leito carroï¿½ï¿½vel;Com Vï¿½timas Feridas;Pleno dia;Cï¿½u Claro;Simples;Reta;Nï¿½o;0;0
2025-03-01;sï¿½bado;16:00:00;MG;262;RIO CASCA;Acesso irregular;Colisï¿½o transversal;Sem Vï¿½timas;Pleno dia;Cï¿½u Claro;Simples;"Interseï¿½ï¿½o de Vias;Reta";Sim;0;0
2025-03-01;sï¿½bado;06:30:00;PB;230;SAO JOAO DO RIO DO PEIXE;Ausï¿½ncia de reaï¿½ï¿½o do condutor;Saï¿½da de leito carroï¿½ï¿½vel;Sem Vï¿½timas;Pleno dia;Nublado;Simples;Reta;Nï¿½o;0;0
2025-03-01;sï¿½bado;16:15:00;SC;470;NAVEGANTES;Objeto estï¿½tico sobre o leito carroï¿½ï¿½vel;Colisï¿½o com objeto;Com Vï¿½timas Fatais;Pleno dia;Cï¿½u Claro;Dupla;Reta;Sim;1;1
2025-03-01;sï¿½bado;12:00:00;RJ;393;SAPUCAIA;Reaï¿½ï¿½o tardia ou ineficiente do condutor;Colisï¿½o com objeto;Com Vï¿½timas Feridas;Pleno dia;Cï¿½u Claro;Simples;Reta;Sim;0;0
2025-03-01;sï¿½bado;16:15:00;SP;116;TAUBATE;Avarias e/ou desgaste excessivo no pneu;Tombamento;Com Vï¿½timas Feridas;Pleno dia;Cï¿½u Claro;Dupla;Reta;Nï¿½o;0;0
2025-03-01;sï¿½bado;17:30:00;SC;101;ITAPEMA;Carga excessiva e/ou mal acondicionada;Colisï¿½o traseira;Com Vï¿½timas Feridas;Pleno dia;Cï¿½u Claro;Dupla;"Reta;Declive";Sim;0;0
2025-03-01;sï¿½bado;17:30:00;SC;282;SAO JOSE;Demais falhas mecï¿½nicas ou elï¿½tricas;Queda de ocupante de veï¿½culo;Com Vï¿½timas Feridas;Pleno dia;Cï¿½u Claro;Dupla;Reta;Sim;0;0
2025-03-01;sï¿½bado;15:30:00;MA;10;IMPERATRIZ;Conversï¿½o proibida;Colisï¿½o transversal;Com Vï¿½timas Feridas;Pleno dia;Cï¿½u Claro;Dupla;Reta;Sim;0;0
2025-03-01;sï¿½bado;17:20:00;SC;101;SAO JOSE;Ingestï¿½o de ï¿½lcool pelo condutor;Colisï¿½o com objeto;Com Vï¿½timas Feridas;Pleno dia;Cï¿½u Claro;Mï¿½ltipla;Reta;Sim;0;0
2025-03-01;sï¿½bado;16:50:00;MS;262;TERENOS;Ausï¿½ncia de reaï¿½ï¿½o do condutor;Colisï¿½o lateral sentido oposto;Com Vï¿½timas Feridas;Pleno dia;Cï¿½u Claro;Simples;Reta;Nï¿½o;0;0
2025-03-01;sï¿½bado;17:10:00;RJ;101;CARAPEBUS;Condutor Dormindo;Colisï¿½o com objeto;Com Vï¿½timas Feridas;Pleno dia;Cï¿½u Claro;Dupla;Reta;Nï¿½o;0;0
2025-03-01;sï¿½bado;14:44:00;RJ;393;SAPUCAIA;Falta de acostamento;Colisï¿½o lateral mesmo sentido;Com Vï¿½timas Feridas;Pleno dia;Sol;Simples;Reta;Sim;0;0
2025-03-01;sï¿½bado;18:00:00;AL;423;CANAPI;Ingestï¿½o de ï¿½lcool pelo condutor;Colisï¿½o traseira;Com Vï¿½timas Feridas;Anoitecer;Ignorado;Simples;Reta;Nï¿½o;0;0
2025-03-01;sï¿½bado;17:20:00;SP;101;UBATUBA;Acessar a via sem observar a presenï¿½a dos outros veï¿½culos;Colisï¿½o transversal;Com Vï¿½timas Feridas;Pleno dia;Cï¿½u Claro;Simples;Curva;Nï¿½o;0;0
2025-03-01;sï¿½bado;16:40:00;MT;364;SANTO ANTONIO DO LEVERGER;Reaï¿½ï¿½o tardia ou ineficiente do condutor;Queda de ocupante de veï¿½culo;Com Vï¿½timas Feridas;Pleno dia;Nublado;Dupla;Curva;Nï¿½o;0;0
2025-03-01;sï¿½bado;16:00:00;RJ;116;DUQUE DE CAXIAS;Ausï¿½ncia de reaï¿½ï¿½o do condutor;Colisï¿½o traseira;Com Vï¿½timas Feridas;Pleno dia;Cï¿½u Claro;Mï¿½ltipla;Reta;Sim;0;0
2025-03-01;sï¿½bado;18:50:00;PB;230;CABEDELO;Reaï¿½ï¿½o tardia ou ineficiente do condutor;Colisï¿½o traseira;Com Vï¿½timas Feridas;Plena Noite;Cï¿½u Claro;Simples;Reta;Sim;0;0
2025-03-01;sï¿½bado;19:00:00;SC;101;GAROPABA;Ausï¿½ncia de reaï¿½ï¿½o do condutor;Capotamento;Com Vï¿½timas Feridas;Anoitecer;Cï¿½u Claro;Dupla;Curva;Sim;0;0
2025-03-01;sï¿½bado;19:05:00;SC;101;ITAJAI;Ausï¿½ncia de reaï¿½ï¿½o do condutor;Tombamento;Com Vï¿½timas Feridas;Anoitecer;Cï¿½u Claro;Dupla;Reta;Nï¿½o;0;0
2025-03-01;sï¿½bado;11:45:00;MT;158;BARRA DO GARCAS;Ausï¿½ncia de reaï¿½ï¿½o do condutor;Colisï¿½o transversal;Com Vï¿½timas Feridas;Pleno dia;Sol;Dupla;Reta;Sim;0;0
2025-03-01;sï¿½bado;18:55:00;RN;101;EXTREMOZ;Acessar a via sem observar a presenï¿½a dos outros veï¿½culos;Colisï¿½o transversal;Sem Vï¿½timas;Plena Noite;Nublado;Simples;Interseï¿½ï¿½o de Vias;Sim;0;0
2025-03-01;sï¿½bado;19:00:00;PR;158;PATO BRANCO;Conversï¿½o proibida;Colisï¿½o lateral mesmo sentido;Com Vï¿½timas Feridas;Plena Noite;Cï¿½u Claro;Simples;Curva;Nï¿½o;0;0
2025-03-01;sï¿½bado;18:20:00;CE;304;ARACATI;Acessar a via sem observar a presenï¿½a dos outros veï¿½culos;Colisï¿½o transversal;Com Vï¿½timas Feridas;Plena Noite;Garoa/Chuvisco;Simples;"Interseï¿½ï¿½o de Vias;Retorno Regulamentado;Reta";Nï¿½o;0;0
2025-03-01;sï¿½bado;19:40:00;RS;290;GRAVATAI;Ingestï¿½o de ï¿½lcool pelo condutor;Colisï¿½o com objeto;Sem Vï¿½timas;Plena Noite;Cï¿½u Claro;Mï¿½ltipla;Reta;Sim;0;0
2025-03-01;sï¿½bado;18:10:00;SC;101;BALNEARIO CAMBORIU;Desrespeitar a preferï¿½ncia no cruzamento;Colisï¿½o transversal;Com Vï¿½timas Feridas;Pleno dia;Sol;Mï¿½ltipla;Interseï¿½ï¿½o de Vias;Sim;0;0
2025-03-01;sï¿½bado;18:45:00;MG;116;SANTA RITA DE MINAS;Ingestï¿½o de ï¿½lcool pelo condutor;Colisï¿½o traseira;Com Vï¿½timas Feridas;Anoitecer;Cï¿½u Claro;Simples;Reta;Sim;0;0
2025-03-01;sï¿½bado;17:30:00;SC;101;PALHOCA;Avarias e/ou desgaste excessivo no pneu;Tombamento;Com Vï¿½timas Feridas;Anoitecer;Cï¿½u Claro;Mï¿½ltipla;"Aclive;Reta";Sim;0;0
2025-03-01;sï¿½bado;16:00:00;MA;316;CAXIAS;Acumulo de ï¿½gua sobre o pavimento;Saï¿½da de leito carroï¿½ï¿½vel;Com Vï¿½timas Feridas;Pleno dia;Chuva;Simples;Curva;Nï¿½o;0;0
2025-03-01;sï¿½bado;18:00:00;MG;116;MEDINA;Reaï¿½ï¿½o tardia ou ineficiente do condutor;Saï¿½da de leito carroï¿½ï¿½vel;Com Vï¿½timas Feridas;Plena Noite;Nublado;Simples;Curva;Nï¿½o;0;0
2025-03-01;sï¿½bado;20:00:00;DF;70;BRASILIA;Ingestï¿½o de ï¿½lcool pelo condutor;Saï¿½da de leito carroï¿½ï¿½vel;Com Vï¿½timas Feridas;Plena Noite;Cï¿½u Claro;Dupla;Reta;Sim;0;0
2025-03-01;sï¿½bado;20:10:00;MG;262;UBERABA;Acesso irregular;Colisï¿½o com objeto;Com Vï¿½timas Feridas;Plena Noite;Cï¿½u Claro;Dupla;Reta;Sim;0;0
2025-03-01;sï¿½bado;19:40:00;ES;259;COLATINA;Ultrapassagem Indevida;Colisï¿½o lateral sentido oposto;Com Vï¿½timas Feridas;Plena Noite;Chuva;Simples;Reta;Nï¿½o;0;0
2025-03-01;sï¿½bado;21:01:00;RS;101;OSORIO;Ausï¿½ncia de reaï¿½ï¿½o do condutor;Saï¿½da de leito carroï¿½ï¿½vel;Com Vï¿½timas Feridas;Plena Noite;Cï¿½u Claro;Simples;Curva;Nï¿½o;0;0
2025-03-01;sï¿½bado;19:35:00;PR;376;GUARATUBA;Reaï¿½ï¿½o tardia ou ineficiente do condutor;Colisï¿½o traseira;Sem Vï¿½timas;Plena Noite;Cï¿½u Claro;Dupla;Reta;Nï¿½o;0;0
2025-03-01;sï¿½bado;19:00:00;SC;282;ALFREDO WAGNER;Mal sï¿½bito do condutor;Saï¿½da de leito carroï¿½ï¿½vel;Com Vï¿½timas Feridas;Plena Noite;Cï¿½u Claro;Simples;Curva;Nï¿½o;0;0
2025-03-01;sï¿½bado;20:45:00;SC;101;CAPIVARI DE BAIXO;Demais falhas mecï¿½nicas ou elï¿½tricas;Tombamento;Com Vï¿½timas Feridas;Plena Noite;Cï¿½u Claro;Mï¿½ltipla;Reta;Sim;0;0
2025-02-10;segunda-feira;00:15:00;SP;101;UBATUBA;Transitar na contramï¿½o;Colisï¿½o frontal;Com Vï¿½timas Feridas;Plena Noite;Cï¿½u Claro;Simples;Reta;Sim;0;0
2025-03-01;sï¿½bado;20:00:00;RS;158;JULIO DE CASTILHOS;Ausï¿½ncia de reaï¿½ï¿½o do condutor;Saï¿½da de leito carroï¿½ï¿½vel;Com Vï¿½timas Feridas;Plena Noite;Chuva;Simples;"Interseï¿½ï¿½o de Vias;Reta";Nï¿½o;0;0
2025-03-01;sï¿½bado;21:15:00;PB;230;BAYEUX;Demais falhas mecï¿½nicas ou elï¿½tricas;Tombamento;Com Vï¿½timas Feridas;Plena Noite;Chuva;Dupla;Reta;Nï¿½o;0;0
2025-03-01;sï¿½bado;19:15:00;SC;280;PORTO UNIAO;Acessar a via sem observar a presenï¿½a dos outros veï¿½culos;Colisï¿½o transversal;Com Vï¿½timas Feridas;Plena Noite;Cï¿½u Claro;Simples;Reta;Sim;0;0
2025-03-01;sï¿½bado;19:40:00;DF;70;BRASILIA;Acessar a via sem observar a presenï¿½a dos outros veï¿½culos;Colisï¿½o traseira;Com Vï¿½timas Feridas;Plena Noite;Cï¿½u Claro;Dupla;"Interseï¿½ï¿½o de Vias;Aclive;Curva";Sim;0;0
2025-03-01;sï¿½bado;20:40:00;SC;470;NAVEGANTES;Ausï¿½ncia de reaï¿½ï¿½o do condutor;Colisï¿½o transversal;Com Vï¿½timas Feridas;Plena Noite;Cï¿½u Claro;Dupla;Reta;Nï¿½o;0;0
2025-03-01;sï¿½bado;21:10:00;RS;472;URUGUAIANA;Demais falhas mecï¿½nicas ou elï¿½tricas;Colisï¿½o com objeto;Sem Vï¿½timas;Plena Noite;Garoa/Chuvisco;Simples;Rotatï¿½ria;Sim;0;0
2025-03-01;sï¿½bado;20:20:00;RJ;101;SAO GONCALO;Transitar na contramï¿½o;Colisï¿½o frontal;Sem Vï¿½timas;Plena Noite;Cï¿½u Claro;Dupla;Reta;Sim;0;0
2025-03-01;sï¿½bado;19:30:00;MG;116;INHAPIM;Ausï¿½ncia de reaï¿½ï¿½o do condutor;Saï¿½da de leito carroï¿½ï¿½vel;Com Vï¿½timas Feridas;Plena Noite;Cï¿½u Claro;Simples;Curva;Nï¿½o;0;0
2025-03-01;sï¿½bado;21:00:00;PR;153;GENERAL CARNEIRO;Velocidade Incompatï¿½vel;Saï¿½da de leito carroï¿½ï¿½vel;Com Vï¿½timas Feridas;Plena Noite;Chuva;Simples;"Curva;Declive";Nï¿½o;0;0
2025-03-01;sï¿½bado;21:30:00;SC;101;NAVEGANTES;Reaï¿½ï¿½o tardia ou ineficiente do condutor;Tombamento;Com Vï¿½timas Feridas;Plena Noite;Cï¿½u Claro;Dupla;Reta;Sim;0;0
2025-03-01;sï¿½bado;18:00:00;MG;116;SAO JOAO DO MANHUACU;Ausï¿½ncia de reaï¿½ï¿½o do condutor;Queda de ocupante de veï¿½culo;Com Vï¿½timas Feridas;Plena Noite;Cï¿½u Claro;Simples;Reta;Nï¿½o;0;0
2025-03-01;sï¿½bado;18:30:00;BA;101;INHAMBUPE;Ingestï¿½o de ï¿½lcool pelo condutor;Colisï¿½o frontal;Sem Vï¿½timas;Plena Noite;Chuva;Simples;"Reta;Aclive";Nï¿½o;0;0
2025-03-01;sï¿½bado;20:30:00;PI;230;FLORIANO;Ausï¿½ncia de reaï¿½ï¿½o do condutor;Tombamento;Com Vï¿½timas Feridas;Plena Noite;Cï¿½u Claro;Simples;"Aclive;Interseï¿½ï¿½o de Vias;Rotatï¿½ria";Sim;0;0
2025-03-01;sï¿½bado;22:10:00;RS;287;SANTA MARIA;Pedestre cruzava a pista fora da faixa;Atropelamento de Pedestre;Com Vï¿½timas Feridas;Plena Noite;Chuva;Dupla;"Em Obras;Reta";Sim;0;0
2025-03-01;sï¿½bado;20:50:00;RJ;393;VOLTA REDONDA;Acesso irregular;Colisï¿½o transversal;Com Vï¿½timas Feridas;Plena Noite;Cï¿½u Claro;Simples;Reta;Sim;0;0
2025-03-01;sï¿½bado;21:15:00;SC;101;SOMBRIO;Ingestï¿½o de ï¿½lcool pelo condutor;Colisï¿½o com objeto;Com Vï¿½timas Feridas;Plena Noite;Cï¿½u Claro;Mï¿½ltipla;Reta;Nï¿½o;0;0
2025-03-01;sï¿½bado;22:42:00;MG;116;GOVERNADOR VALADARES;Ausï¿½ncia de reaï¿½ï¿½o do condutor;Saï¿½da de leito carroï¿½ï¿½vel;Com Vï¿½timas Feridas;Plena Noite;Nublado;Simples;Reta;Sim;0;0
2025-03-01;sï¿½bado;19:20:00;RS;116;CAXIAS DO SUL;Reaï¿½ï¿½o tardia ou ineficiente do condutor;Colisï¿½o lateral sentido oposto;Sem Vï¿½timas;Plena Noite;Nublado;Simples;"Declive;Curva";Sim;0;0
2025-03-01;sï¿½bado;22:40:00;BA;116;VITORIA DA CONQUISTA;Acessar a via sem observar a presenï¿½a dos outros veï¿½culos;Colisï¿½o transversal;Com Vï¿½timas Feridas;Plena Noite;Cï¿½u Claro;Simples;Reta;Nï¿½o;0;0
2025-03-01;sï¿½bado;22:30:00;MG;262;UBERABA;Transtornos Mentais (exceto suicidio);Saï¿½da de leito carroï¿½ï¿½vel;Com Vï¿½timas Feridas;Plena Noite;Cï¿½u Claro;Dupla;Reta;Sim;0;0
2025-03-01;sï¿½bado;16:15:00;PR;163;REALEZA;Manobra de mudanï¿½a de faixa;Colisï¿½o frontal;Com Vï¿½timas Feridas;Pleno dia;Sol;Simples;"Reta;Declive;Em Obras";Nï¿½o;0;0
2025-03-01;sï¿½bado;22:20:00;MA;222;ACAILANDIA;Ingestï¿½o de ï¿½lcool pelo condutor;Capotamento;Sem Vï¿½timas;Pleno dia;Garoa/Chuvisco;Simples;"Declive;Reta";Nï¿½o;0;0
2025-03-01;sï¿½bado;23:00:00;SC;101;PAULO LOPES;Condutor Dormindo;Colisï¿½o com objeto;Com Vï¿½timas Feridas;Plena Noite;Cï¿½u Claro;Mï¿½ltipla;Reta;Sim;0;0
2025-03-02;domingo;00:00:00;MG;381;BETIM;Velocidade Incompatï¿½vel;Atropelamento de Pedestre;Com Vï¿½timas Feridas;Plena Noite;Cï¿½u Claro;Dupla;"Interseï¿½ï¿½o de Vias;Reta";Nï¿½o;0;0
2025-03-01;sï¿½bado;23:40:00;PR;153;IMBITUVA;Ingestï¿½o de ï¿½lcool pelo condutor;Saï¿½da de leito carroï¿½ï¿½vel;Com Vï¿½timas Feridas;Plena Noite;Cï¿½u Claro;Simples;Curva;Nï¿½o;0;0
2025-03-01;sï¿½bado;23:40:00;SE;101;NOSSA SENHORA DO SOCORRO;Condutor deixou de manter distï¿½ncia do veï¿½culo da frente;Colisï¿½o traseira;Sem Vï¿½timas;Plena Noite;Chuva;Dupla;Reta;Nï¿½o;0;0
2025-03-01;sï¿½bado;22:00:00;MG;262;CAMPO FLORIDO;Ingestï¿½o de ï¿½lcool pelo condutor;Colisï¿½o com objeto;Sem Vï¿½timas;Plena Noite;Cï¿½u Claro;Dupla;Curva;Nï¿½o;0;0
2025-03-01;sï¿½bado;21:50:00;RJ;101;ITAGUAI;Frear bruscamente;Engavetamento;Com Vï¿½timas Feridas;Plena Noite;Cï¿½u Claro;Dupla;Reta;Nï¿½o;0;0
2025-03-02;domingo;00:20:00;PR;277;GUARAPUAVA;Reaï¿½ï¿½o tardia ou ineficiente do condutor;Saï¿½da de leito carroï¿½ï¿½vel;Com Vï¿½timas Feridas;Plena Noite;Cï¿½u Claro;Dupla;Reta;Sim;0;0
2025-03-02;domingo;01:15:00;MG;381;CAMANDUCAIA;Ausï¿½ncia de reaï¿½ï¿½o do condutor;Saï¿½da de leito carroï¿½ï¿½vel;Com Vï¿½timas Fatais;Plena Noite;Cï¿½u Claro;Dupla;Curva;Nï¿½o;1;1
2025-03-01;sï¿½bado;23:50:00;SC;470;POUSO REDONDO;Ausï¿½ncia de reaï¿½ï¿½o do condutor;Colisï¿½o traseira;Com Vï¿½timas Fatais;Plena Noite;Nublado;Simples;Reta;Sim;1;1
2025-03-02;domingo;00:30:00;RJ;101;ITAGUAI;Ingestï¿½o de ï¿½lcool pelo condutor;Colisï¿½o traseira;Sem Vï¿½timas;Plena Noite;Cï¿½u Claro;Dupla;Reta;Sim;0;0
2025-03-02;domingo;01:40:00;RS;116;SAO LEOPOLDO;Ingestï¿½o de ï¿½lcool pelo condutor;Colisï¿½o com objeto;Sem Vï¿½timas;Plena Noite;Cï¿½u Claro;Dupla;"Aclive;Viaduto;Reta";Nï¿½o;0;0
2025-03-02;domingo;01:10:00;PI;343;PARNAIBA;Ingestï¿½o de ï¿½lcool pelo condutor;Saï¿½da de leito carroï¿½ï¿½vel;Com Vï¿½timas Feridas;Plena Noite;Cï¿½u Claro;Dupla;Rotatï¿½ria;Sim;0;0
2025-03-02;domingo;00:30:00;BA;324;CAPIM GROSSO;Demais falhas mecï¿½nicas ou elï¿½tricas;Incï¿½ndio;Sem Vï¿½timas;Plena Noite;Nublado;Simples;Reta;Nï¿½o;0;0
2025-03-02;domingo;02:00:00;RS;285;VITORIA DAS MISSOES;Ingestï¿½o de ï¿½lcool pelo condutor;Colisï¿½o com objeto;Sem Vï¿½timas;Plena Noite;Cï¿½u Claro;Simples;Interseï¿½ï¿½o de Vias;Nï¿½o;0;0
2025-03-02;domingo;01:20:00;PB;101;MAMANGUAPE;Transitar na contramï¿½o;Colisï¿½o frontal;Com Vï¿½timas Feridas;Plena Noite;Nublado;Dupla;Aclive;Nï¿½o;0;0
2025-03-02;domingo;02:00:00;SC;470;NAVEGANTES;Ausï¿½ncia de reaï¿½ï¿½o do condutor;Colisï¿½o transversal;Com Vï¿½timas Feridas;Plena Noite;Cï¿½u Claro;Dupla;Reta;Nï¿½o;0;0
2025-03-02;domingo;01:30:00;CE;116;MILAGRES;Condutor deixou de manter distï¿½ncia do veï¿½culo da frente;Colisï¿½o traseira;Com Vï¿½timas Feridas;Plena Noite;Nublado;Simples;Curva;Nï¿½o;0;0
2025-03-02;domingo;02:30:00;RS;290;ELDORADO DO SUL;Demais falhas mecï¿½nicas ou elï¿½tricas;Incï¿½ndio;Sem Vï¿½timas;Plena Noite;Cï¿½u Claro;Simples;Reta;Nï¿½o;0;0
2025-03-02;domingo;02:00:00;PR;487;CAMPO MOURAO;Ingestï¿½o de ï¿½lcool pelo condutor;Queda de ocupante de veï¿½culo;Com Vï¿½timas Feridas;Plena Noite;Cï¿½u Claro;Simples;Reta;Nï¿½o;0;0
2025-03-02;domingo;03:05:00;RS;290;SANTO ANTONIO DA PATRULHA;Condutor Dormindo;Saï¿½da de leito carroï¿½ï¿½vel;Com Vï¿½timas Feridas;Plena Noite;Cï¿½u Claro;Dupla;Reta;Nï¿½o;0;0
2025-03-02;domingo;02:40:00;PR;277;FOZ DO IGUACU;Condutor Dormindo;Colisï¿½o transversal;Com Vï¿½timas Feridas;Plena Noite;Cï¿½u Claro;Dupla;Rotatï¿½ria;Sim;0;0
2025-03-02;domingo;04:00:00;MG;381;ESTIVA;Condutor Dormindo;Saï¿½da de leito carroï¿½ï¿½vel;Com Vï¿½timas Feridas;Amanhecer;Cï¿½u Claro;Dupla;Reta;Nï¿½o;0;0
2025-03-02;domingo;03:05:00;PR;369;SANTA MARIANA;Ausï¿½ncia de reaï¿½ï¿½o do condutor;Colisï¿½o traseira;Com Vï¿½timas Feridas;Plena Noite;Cï¿½u Claro;Simples;Reta;Nï¿½o;0;0
2025-03-02;domingo;04:00:00;PR;376;PRESIDENTE CASTELO BRANCO;Ausï¿½ncia de reaï¿½ï¿½o do condutor;Saï¿½da de leito carroï¿½ï¿½vel;Com Vï¿½timas Feridas;Plena Noite;Cï¿½u Claro;Dupla;Reta;Nï¿½o;0;0
2025-03-02;domingo;04:45:00;PR;369;BANDEIRANTES;Velocidade Incompatï¿½vel;Saï¿½da de leito carroï¿½ï¿½vel;Com Vï¿½timas Feridas;Plena Noite;Cï¿½u Claro;Simples;Reta;Nï¿½o;0;0
2025-03-02;domingo;03:40:00;MG;40;CARANDAI;Ausï¿½ncia de reaï¿½ï¿½o do condutor;Tombamento;Com Vï¿½timas Feridas;Plena Noite;Cï¿½u Claro;Simples;Reta;Nï¿½o;0;0
2025-03-02;domingo;04:20:00;RJ;101;PARATY;Animais na Pista;Atropelamento de Animal;Com Vï¿½timas Feridas;Amanhecer;Cï¿½u Claro;Simples;Reta;Nï¿½o;0;0
2025-03-02;domingo;02:25:00;PE;101;ITAPISSUMA;Reaï¿½ï¿½o tardia ou ineficiente do condutor;Saï¿½da de leito carroï¿½ï¿½vel;Com Vï¿½timas Feridas;Plena Noite;Chuva;Dupla;"Curva;Declive";Nï¿½o;0;0
2025-03-02;domingo;04:00:00;PR;277;PALMEIRA;Reaï¿½ï¿½o tardia ou ineficiente do condutor;Tombamento;Com Vï¿½timas Feridas;Plena Noite;Nublado;Simples;"Aclive;Curva";Nï¿½o;0;0
2025-03-02;domingo;00:15:00;MG;381;CARMO DA CACHOEIRA;Ausï¿½ncia de reaï¿½ï¿½o do condutor;Colisï¿½o com objeto;Sem Vï¿½timas;Plena Noite;Ignorado;Dupla;Curva;Nï¿½o;0;0
2025-03-02;domingo;05:20:00;RJ;101;ITAGUAI;Reaï¿½ï¿½o tardia ou ineficiente do condutor;Colisï¿½o lateral sentido oposto;Com Vï¿½timas Feridas;Amanhecer;Cï¿½u Claro;Mï¿½ltipla;Reta;Sim;0;0
2025-03-01;sï¿½bado;22:25:00;RJ;465;SEROPEDICA;Entrada inopinada do pedestre;Atropelamento de Pedestre;Com Vï¿½timas Feridas;Plena Noite;Cï¿½u Claro;Simples;Reta;Nï¿½o;0;0
2025-03-02;domingo;06:20:00;SP;116;GUARULHOS;Reaï¿½ï¿½o tardia ou ineficiente do condutor;Colisï¿½o com objeto;Sem Vï¿½timas;Pleno dia;Sol;Simples;Reta;Sim;0;0
2025-03-02;domingo;06:15:00;RS;116;SAPUCAIA DO SUL;Acumulo de areia ou detritos sobre o pavimento;Tombamento;Com Vï¿½timas Feridas;Amanhecer;Cï¿½u Claro;Dupla;Reta;Sim;0;0
2025-03-02;domingo;06:00:00;MG;116;LEOPOLDINA;Condutor Dormindo;Saï¿½da de leito carroï¿½ï¿½vel;Com Vï¿½timas Feridas;Pleno dia;Cï¿½u Claro;Simples;Reta;Nï¿½o;0;0
2025-03-02;domingo;05:00:00;PR;277;CANTAGALO;Reaï¿½ï¿½o tardia ou ineficiente do condutor;Colisï¿½o com objeto;Sem Vï¿½timas;Plena Noite;Cï¿½u Claro;Simples;Reta;Sim;0;0
2025-03-02;domingo;06:00:00;SP;116;ITAPECERICA DA SERRA;Ausï¿½ncia de reaï¿½ï¿½o do condutor;Saï¿½da de leito carroï¿½ï¿½vel;Com Vï¿½timas Feridas;Pleno dia;Cï¿½u Claro;Dupla;Reta;Sim;0;0
2025-03-02;domingo;06:45:00;PA;316;CAPANEMA;Ingestï¿½o de ï¿½lcool pelo condutor;Tombamento;Com Vï¿½timas Feridas;Amanhecer;Cï¿½u Claro;Simples;Reta;Sim;0;0
2025-03-01;sï¿½bado;19:05:00;MT;163;SANTO ANTONIO DO LEVERGER;Entrada inopinada do pedestre;Atropelamento de Pedestre;Com Vï¿½timas Feridas;Anoitecer;Garoa/Chuvisco;Dupla;Reta;Nï¿½o;0;0
2025-03-01;sï¿½bado;23:00:00;MG;116;MANHUACU;Reaï¿½ï¿½o tardia ou ineficiente do condutor;Saï¿½da de leito carroï¿½ï¿½vel;Sem Vï¿½timas;Plena Noite;Cï¿½u Claro;Simples;Reta;Nï¿½o;0;0
2025-03-01;sï¿½bado;21:45:00;RR;432;CANTA;Ausï¿½ncia de sinalizaï¿½ï¿½o;Colisï¿½o lateral mesmo sentido;Com Vï¿½timas Feridas;Plena Noite;Cï¿½u Claro;Simples;Reta;Nï¿½o;0;0
2025-03-02;domingo;06:05:00;MS;262;LADARIO;Reaï¿½ï¿½o tardia ou ineficiente do condutor;Colisï¿½o com objeto;Sem Vï¿½timas;Amanhecer;Sol;Simples;Retorno Regulamentado;Nï¿½o;0;0
2025-03-02;domingo;04:00:00;SC;470;BLUMENAU;Transitar na contramï¿½o;Colisï¿½o lateral sentido oposto;Com Vï¿½timas Feridas;Plena Noite;Cï¿½u Claro;Simples;"Em Obras;Interseï¿½ï¿½o de Vias";Nï¿½o;0;0
2025-03-02;domingo;03:30:00;PI;343;CAMPO MAIOR;Ausï¿½ncia de reaï¿½ï¿½o do condutor;Colisï¿½o frontal;Com Vï¿½timas Feridas;Plena Noite;Nublado;Simples;Reta;Nï¿½o;0;0
2025-03-02;domingo;07:40:00;SC;282;FLORIANOPOLIS;Manobra de mudanï¿½a de faixa;Colisï¿½o lateral mesmo sentido;Com Vï¿½timas Feridas;Pleno dia;Sol;Dupla;"Reta;Declive";Sim;0;0
2025-03-02;domingo;07:30:00;SP;116;TAUBATE;Manobra de mudanï¿½a de faixa;Colisï¿½o lateral mesmo sentido;Com Vï¿½timas Feridas;Pleno dia;Cï¿½u Claro;Dupla;Interseï¿½ï¿½o de Vias;Nï¿½o;0;0
2025-03-02;domingo;02:00:00;BA;324;AMELIA RODRIGUES;Demais falhas mecï¿½nicas ou elï¿½tricas;Incï¿½ndio;Sem Vï¿½timas;Plena Noite;Nublado;Dupla;Reta;Nï¿½o;0;0