data_inversa;dia_semana;horario;uf;br;municipio;causa_acidente;tipo_acidente;classificacao_acidente;fase_dia;condicao_metereologica;tipo_pista;tracado_via;uso_solo;mortos;acidente_fatal
2025-03-18;terï¿½a-feira;08:15:00;MG;116;MURIAE;Conversï¿½o proibida;Colisï¿½o lateral mesmo sentido;Com Vï¿½timas Feridas;Pleno dia;Cï¿½u Claro;Simples;"Interseï¿½ï¿½o de Vias;Curva";Sim;0;0
2025-03-18;terï¿½a-feira;08:55:00;AL;101;MESSIAS;Reaï¿½ï¿½o tardia ou ineficiente do condutor;Atropelamento de Pedestre;Com Vï¿½timas Feridas;Pleno dia;Cï¿½u Claro;Dupla;Reta;Sim;0;0
2025-03-18;terï¿½a-feira;08:20:00;RS;287;SANTA MARIA;Acessar a via sem observar a presenï¿½a dos outros veï¿½culos;Colisï¿½o transversal;Sem Vï¿½timas;Pleno dia;Cï¿½u Claro;Dupla;"Rotatï¿½ria;Interseï¿½ï¿½o de Vias";Sim;0;0
2025-03-18;terï¿½a-feira;09:30:00;MG;381;CONTAGEM;Ausï¿½ncia de reaï¿½ï¿½o do condutor;Colisï¿½o traseira;Com Vï¿½timas Feridas;Pleno dia;Cï¿½u Claro;Mï¿½ltipla;"Declive;Reta";Sim;0;0
2025-03-18;terï¿½a-feira;09:35:00;RS;116;CANOAS;Ausï¿½ncia de reaï¿½ï¿½o do condutor;Colisï¿½o traseira;Com Vï¿½timas Feridas;Pleno dia;Cï¿½u Claro;Mï¿½ltipla;Reta;Nï¿½o;0;0
2025-03-18;terï¿½a-feira;09:59:00;RS;116;SAO LEOPOLDO;Reaï¿½ï¿½o tardia ou ineficiente do condutor;Colisï¿½o lateral mesmo sentido;Com Vï¿½timas Feridas;Pleno dia;Cï¿½u Claro;Simples;Interseï¿½ï¿½o de Vias;Sim;0;0
2025-03-18;terï¿½a-feira;09:00:00;GO;50;CAMPO ALEGRE DE GOIAS;Demais falhas mecï¿½nicas ou elï¿½tricas;Tombamento;Com Vï¿½timas Feridas;Pleno dia;Cï¿½u Claro;Dupla;Reta;Nï¿½o;0;0
2025-03-18;terï¿½a-feira;09:32:00;PE;101;RECIFE;Reaï¿½ï¿½o tardia ou ineficiente do condutor;Colisï¿½o traseira;Sem Vï¿½timas;Pleno dia;Cï¿½u Claro;Dupla;Reta;Nï¿½o;0;0
2025-03-18;terï¿½a-feira;09:00:00;SP;101;UBATUBA;Transitar na contramï¿½o;Colisï¿½o frontal;Com Vï¿½timas Fatais;Pleno dia;Cï¿½u Claro;Dupla;"Declive;Curva";Nï¿½o;1;1
2025-03-18;terï¿½a-feira;08:05:00;BA;415;ILHEUS;Velocidade Incompatï¿½vel;Saï¿½da de leito carroï¿½ï¿½vel;Com Vï¿½timas Feridas;Pleno dia;Nublado;Dupla;Curva;Nï¿½o;0;0
2025-03-18;terï¿½a-feira;06:38:00;RO;435;CEREJEIRAS;Desrespeitar a preferï¿½ncia no cruzamento;Colisï¿½o transversal;Com Vï¿½timas Feridas;Pleno dia;Cï¿½u Claro;Dupla;Reta;Sim;0;0
2025-03-18;terï¿½a-feira;08:50:00;SC;101;BIGUACU;Reaï¿½ï¿½o tardia ou ineficiente do condutor;Colisï¿½o com objeto;Com Vï¿½timas Feridas;Pleno dia;Cï¿½u Claro;Dupla;Curva;Nï¿½o;0;0
2025-03-18;terï¿½a-feira;11:25:00;SC;280;GUARAMIRIM;Acessar a via sem observar a presenï¿½a dos outros veï¿½culos;Colisï¿½o transversal;Com Vï¿½timas Feridas;Pleno dia;Cï¿½u Claro;Simples;"Reta;Em Obras";Nï¿½o;0;0
2025-03-18;terï¿½a-feira;11:30:00;RJ;101;NITEROI;Reaï¿½ï¿½o tardia ou ineficiente do condutor;Colisï¿½o lateral mesmo sentido;Com Vï¿½timas Feridas;Pleno dia;Cï¿½u Claro;Dupla;Reta;Sim;0;0
2025-03-18;terï¿½a-feira;09:20:00;MG;116;GOVERNADOR VALADARES;Mal sï¿½bito do condutor;Colisï¿½o com objeto;Com Vï¿½timas Feridas;Pleno dia;Nublado;Simples;Curva;Sim;0;0
2025-03-18;terï¿½a-feira;12:10:00;RS;392;RIO GRANDE;Ausï¿½ncia de reaï¿½ï¿½o do condutor;Colisï¿½o lateral mesmo sentido;Com Vï¿½timas Feridas;Pleno dia;Cï¿½u Claro;Dupla;Reta;Nï¿½o;0;0
2025-03-18;terï¿½a-feira;12:00:00;RS;116;SAO LEOPOLDO;Acessar a via sem observar a presenï¿½a dos outros veï¿½culos;Colisï¿½o lateral mesmo sentido;Com Vï¿½timas Feridas;Pleno dia;Cï¿½u Claro;Mï¿½ltipla;"Rotatï¿½ria;Interseï¿½ï¿½o de Vias";Sim;0;0
2025-03-18;terï¿½a-feira;12:00:00;ES;101;SERRA;Acessar a via sem observar a presenï¿½a dos outros veï¿½culos;Colisï¿½o transversal;Com Vï¿½timas Feridas;Pleno dia;Cï¿½u Claro;Dupla;Curva;Sim;0;0
2025-03-18;terï¿½a-feira;11:27:00;MA;135;SAO LUIS;Ausï¿½ncia de reaï¿½ï¿½o do condutor;Colisï¿½o traseira;Com Vï¿½timas Feridas;Pleno dia;Sol;Dupla;Reta;Sim;0;0
2025-03-14;sexta-feira;20:00:00;RJ;40;DUQUE DE CAXIAS;Reaï¿½ï¿½o tardia ou ineficiente do condutor;Queda de ocupante de veï¿½culo;Com Vï¿½timas Feridas;Plena Noite;Cï¿½u Claro;Mï¿½ltipla;Reta;Sim;0;0
2025-03-18;terï¿½a-feira;12:30:00;PR;376;APUCARANA;Manobra de mudanï¿½a de faixa;Colisï¿½o traseira;Com Vï¿½timas Feridas;Pleno dia;Sol;Dupla;Interseï¿½ï¿½o de Vias;Sim;0;0
2025-03-18;terï¿½a-feira;11:00:00;MT;163;SINOP;Acessar a via sem observar a presenï¿½a dos outros veï¿½culos;Colisï¿½o transversal;Com Vï¿½timas Feridas;Pleno dia;Nublado;Simples;Reta;Nï¿½o;0;0
2025-03-18;terï¿½a-feira;13:00:00;SC;282;SAO JOSE;Condutor deixou de manter distï¿½ncia do veï¿½culo da frente;Colisï¿½o traseira;Com Vï¿½timas Feridas;Pleno dia;Cï¿½u Claro;Dupla;Reta;Sim;0;0
2025-02-09;domingo;21:40:00;PB;230;CAJAZEIRAS;Animais na Pista;Tombamento;Com Vï¿½timas Feridas;Plena Noite;Cï¿½u Claro;Simples;"Reta;Aclive";Sim;0;0
2025-03-18;terï¿½a-feira;10:05:00;SC;101;IMBITUBA;Condutor deixou de manter distï¿½ncia do veï¿½culo da frente;Colisï¿½o traseira;Com Vï¿½timas Feridas;Pleno dia;Cï¿½u Claro;Dupla;"Reta;Em Obras";Sim;0;0
2025-03-18;terï¿½a-feira;08:05:00;PR;376;MARINGA;Condutor deixou de manter distï¿½ncia do veï¿½culo da frente;Colisï¿½o traseira;Com Vï¿½timas Feridas;Pleno dia;Chuva;Dupla;"Retorno Regulamentado;Reta";Nï¿½o;0;0
2025-02-18;terï¿½a-feira;12:07:00;PB;101;JOAO PESSOA;Ausï¿½ncia de reaï¿½ï¿½o do condutor;Colisï¿½o lateral mesmo sentido;Com Vï¿½timas Feridas;Pleno dia;Sol;Dupla;"Em Obras;Reta;Rotatï¿½ria";Nï¿½o;0;0
2025-03-18;terï¿½a-feira;12:40:00;ES;259;COLATINA;Velocidade Incompatï¿½vel;Saï¿½da de leito carroï¿½ï¿½vel;Com Vï¿½timas Feridas;Pleno dia;Sol;Simples;"Reta;Declive";Nï¿½o;0;0
2025-03-18;terï¿½a-feira;12:15:00;BA;101;UBAITABA;Acessar a via sem observar a presenï¿½a dos outros veï¿½culos;Colisï¿½o transversal;Com Vï¿½timas Feridas;Pleno dia;Nublado;Simples;Interseï¿½ï¿½o de Vias;Nï¿½o;0;0
2025-03-18;terï¿½a-feira;11:25:00;AP;210;MACAPA;Reaï¿½ï¿½o tardia ou ineficiente do condutor;Tombamento;Com Vï¿½timas Feridas;Pleno dia;Cï¿½u Claro;Dupla;Reta;Sim;0;0
2025-03-18;terï¿½a-feira;13:00:00;SC;280;MAFRA;Reaï¿½ï¿½o tardia ou ineficiente do condutor;Colisï¿½o traseira;Com Vï¿½timas Feridas;Pleno dia;Garoa/Chuvisco;Simples;"Aclive;Reta";Nï¿½o;0;0
2025-03-18;terï¿½a-feira;11:30:00;PE;101;JABOATAO DOS GUARARAPES;Condutor deixou de manter distï¿½ncia do veï¿½culo da frente;Queda de ocupante de veï¿½culo;Com Vï¿½timas Feridas;Pleno dia;Nublado;Dupla;Reta;Sim;0;0
2025-03-18;terï¿½a-feira;13:00:00;PR;277;FERNANDES PINHEIRO;Velocidade Incompatï¿½vel;Saï¿½da de leito carroï¿½ï¿½vel;Com Vï¿½timas Feridas;Pleno dia;Garoa/Chuvisco;Simples;"Reta;Declive";Nï¿½o;0;0
2025-03-18;terï¿½a-feira;13:50:00;MG;40;RIBEIRAO DAS NEVES;Ausï¿½ncia de reaï¿½ï¿½o do condutor;Saï¿½da de leito carroï¿½ï¿½vel;Com Vï¿½timas Feridas;Pleno dia;Cï¿½u Claro;Dupla;Reta;Sim;0;0
2025-03-18;terï¿½a-feira;11:30:00;MG;262;UBERABA;Avarias e/ou desgaste excessivo no pneu;Tombamento;Com Vï¿½timas Feridas;Pleno dia;Nublado;Dupla;"Interseï¿½ï¿½o de Vias;Reta";Nï¿½o;0;0
2025-03-18;terï¿½a-feira;13:30:00;TO;153;COLINAS DO TOCANTINS;Ausï¿½ncia de reaï¿½ï¿½o do condutor;Colisï¿½o traseira;Com Vï¿½timas Feridas;Pleno dia;Cï¿½u Claro;Simples;Reta;Nï¿½o;0;0
2025-03-18;terï¿½a-feira;15:10:00;PB;230;CONDADO;Ultrapassagem Indevida;Colisï¿½o lateral mesmo sentido;Com Vï¿½timas Feridas;Pleno dia;Cï¿½u Claro;Simples;Reta;Nï¿½o;0;0
2025-03-18;terï¿½a-feira;14:30:00;SP;116;SAO JOSE DOS CAMPOS;Condutor deixou de manter distï¿½ncia do veï¿½culo da frente;Colisï¿½o traseira;Com Vï¿½timas Feridas;Pleno dia;Cï¿½u Claro;Mï¿½ltipla;Declive;Sim;0;0
2025-03-18;terï¿½a-feira;16:00:00;SP;116;SAO PAULO;Trafegar com motocicleta (ou similar) entre as faixas;Colisï¿½o traseira;Com Vï¿½timas Feridas;Pleno dia;Chuva;Mï¿½ltipla;Interseï¿½ï¿½o de Vias;Sim;0;0
2025-03-18;terï¿½a-feira;15:15:00;MG;267;BOM JARDIM DE MINAS;Condutor Dormindo;Saï¿½da de leito carroï¿½ï¿½vel;Com Vï¿½timas Feridas;Pleno dia;Nublado;Simples;"Curva;Declive";Nï¿½o;0;0
2025-03-18;terï¿½a-feira;11:00:00;PE;232;RECIFE;Reaï¿½ï¿½o tardia ou ineficiente do condutor;Saï¿½da de leito carroï¿½ï¿½vel;Sem Vï¿½timas;Pleno dia;Cï¿½u Claro;Dupla;Curva;Sim;0;0
2025-03-18;terï¿½a-feira;15:50:00;PI;343;FLORIANO;Manobra de mudanï¿½a de faixa;Colisï¿½o lateral mesmo sentido;Com Vï¿½timas Feridas;Pleno dia;Sol;Dupla;Reta;Sim;0;0
2025-03-18;terï¿½a-feira;16:00:00;BA;116;FEIRA DE SANTANA;Acumulo de ï¿½leo sobre o pavimento;Tombamento;Com Vï¿½timas Feridas;Pleno dia;Nublado;Mï¿½ltipla;Reta;Sim;0;0
2025-03-18;terï¿½a-feira;16:07:00;CE;116;FORTALEZA;Manobra de mudanï¿½a de faixa;Colisï¿½o lateral mesmo sentido;Com Vï¿½timas Feridas;Pleno dia;Cï¿½u Claro;Mï¿½ltipla;Reta;Nï¿½o;0;0
2025-03-18;terï¿½a-feira;16:30:00;SC;282;FLORIANOPOLIS;Mal sï¿½bito do condutor;Colisï¿½o traseira;Com Vï¿½timas Feridas;Pleno dia;Nublado;Mï¿½ltipla;Reta;Sim;0;0
2025-03-18;terï¿½a-feira;15:45:00;GO;153;CAMPINORTE;Conversï¿½o proibida;Queda de ocupante de veï¿½culo;Com Vï¿½timas Feridas;Pleno dia;Cï¿½u Claro;Simples;Reta;Sim;0;0
2025-03-04;terï¿½a-feira;17:20:00;MS;60;SIDROLANDIA;Acessar a via sem observar a presenï¿½a dos outros veï¿½culos;Saï¿½da de leito carroï¿½ï¿½vel;Com Vï¿½timas Feridas;Anoitecer;Sol;Simples;Reta;Sim;0;0
2025-03-18;terï¿½a-feira;17:30:00;PE;101;RECIFE;Condutor deixou de manter distï¿½ncia do veï¿½culo da frente;Queda de ocupante de veï¿½culo;Com Vï¿½timas Feridas;Pleno dia;Cï¿½u Claro;Dupla;Reta;Nï¿½o;0;0
2025-03-18;terï¿½a-feira;16:50:00;SC;101;ITAJAI;Acessar a via sem observar a presenï¿½a dos outros veï¿½culos;Colisï¿½o transversal;Com Vï¿½timas Feridas;Pleno dia;Chuva;Dupla;Reta;Sim;0;0
2025-03-18;terï¿½a-feira;16:17:00;MG;381;CONTAGEM;Manobra de mudanï¿½a de faixa;Colisï¿½o lateral mesmo sentido;Sem Vï¿½timas;Pleno dia;Nublado;Mï¿½ltipla;"Aclive;Reta";Sim;0;0
2025-03-18;terï¿½a-feira;12:15:00;SC;280;ARAQUARI;Acessar a via sem observar a presenï¿½a dos outros veï¿½culos;Colisï¿½o transversal;Com Vï¿½timas Feridas;Pleno dia;Nublado;Simples;"Em Obras;Interseï¿½ï¿½o de Vias;Reta";Sim;0;0
2025-03-18;terï¿½a-feira;17:15:00;RS;392;RIO GRANDE;Demais falhas mecï¿½nicas ou elï¿½tricas;Incï¿½ndio;Sem Vï¿½timas;Pleno dia;Cï¿½u Claro;Dupla;Reta;Sim;0;0
2025-03-18;terï¿½a-feira;16:10:00;MA;226;TIMON;Acesso irregular;Colisï¿½o transversal;Com Vï¿½timas Feridas;Pleno dia;Cï¿½u Claro;Simples;Reta;Nï¿½o;0;0
2025-03-18;terï¿½a-feira;18:00:00;ES;101;SOORETAMA;Transitar na contramï¿½o;Colisï¿½o com objeto;Com Vï¿½timas Feridas;Anoitecer;Cï¿½u Claro;Simples;"Aclive;Reta";Nï¿½o;0;0
2025-03-18;terï¿½a-feira;18:30:00;GO;153;APARECIDA DE GOIANIA;Acessar a via sem observar a presenï¿½a dos outros veï¿½culos;Colisï¿½o transversal;Com Vï¿½timas Feridas;Plena Noite;Cï¿½u Claro;Dupla;Aclive;Sim;0;0
2025-03-02;domingo;10:00:00;MG;40;CONSELHEIRO LAFAIETE;Acessar a via sem observar a presenï¿½a dos outros veï¿½culos;Colisï¿½o transversal;Com Vï¿½timas Feridas;Pleno dia;Sol;Simples;Curva;Nï¿½o;0;0
2025-03-18;terï¿½a-feira;18:00:00;PR;476;CONTENDA;Velocidade Incompatï¿½vel;Saï¿½da de leito carroï¿½ï¿½vel;Com Vï¿½timas Feridas;Anoitecer;Chuva;Simples;Curva;Nï¿½o;0;0
2025-03-18;terï¿½a-feira;17:40:00;SC;101;BIGUACU;Condutor deixou de manter distï¿½ncia do veï¿½culo da frente;Colisï¿½o traseira;Com Vï¿½timas Feridas;Anoitecer;Chuva;Dupla;Reta;Sim;0;0
2025-03-18;terï¿½a-feira;17:32:00;MT;364;RONDONOPOLIS;Acumulo de ï¿½leo sobre o pavimento;Tombamento;Com Vï¿½timas Feridas;Pleno dia;Nublado;Dupla;Curva;Sim;0;0
2025-03-18;terï¿½a-feira;18:45:00;PR;476;ARAUCARIA;Manobra de mudanï¿½a de faixa;Colisï¿½o lateral mesmo sentido;Com Vï¿½timas Feridas;Anoitecer;Garoa/Chuvisco;Dupla;"Reta;Declive";Nï¿½o;0;0
2025-03-18;terï¿½a-feira;09:50:00;SE;235;NOSSA SENHORA DO SOCORRO;Condutor deixou de manter distï¿½ncia do veï¿½culo da frente;Colisï¿½o traseira;Com Vï¿½timas Feridas;Pleno dia;Cï¿½u Claro;Dupla;Reta;Nï¿½o;0;0
2025-03-18;terï¿½a-feira;18:10:00;PI;135;BOM JESUS;Reaï¿½ï¿½o tardia ou ineficiente do condutor;Colisï¿½o traseira;Com Vï¿½timas Feridas;Anoitecer;Cï¿½u Claro;Dupla;Reta;Sim;0;0
2025-03-18;terï¿½a-feira;18:15:00;MG;381;BETIM;Ausï¿½ncia de reaï¿½ï¿½o do condutor;Tombamento;Com Vï¿½timas Feridas;Anoitecer;Chuva;Dupla;"Reta;Declive";Sim;0;0
2025-03-18;terï¿½a-feira;19:20:00;SC;101;ITAPEMA;Chuva;Tombamento;Com Vï¿½timas Feridas;Plena Noite;Nublado;Mï¿½ltipla;Reta;Sim;0;0
2025-03-18;terï¿½a-feira;18:48:00;MG;40;NOVA LIMA;Condutor deixou de manter distï¿½ncia do veï¿½culo da frente;Colisï¿½o traseira;Com Vï¿½timas Feridas;Plena Noite;Chuva;Dupla;"Curva;Aclive";Sim;0;0
2025-03-18;terï¿½a-feira;19:40:00;GO;60;GOIANIA;Ausï¿½ncia de reaï¿½ï¿½o do condutor;Queda de ocupante de veï¿½culo;Com Vï¿½timas Feridas;Plena Noite;Cï¿½u Claro;Dupla;Reta;Sim;0;0
2025-03-18;terï¿½a-feira;18:30:00;RS;471;SANTA CRUZ DO SUL;Demais falhas mecï¿½nicas ou elï¿½tricas;Incï¿½ndio;Sem Vï¿½timas;Pleno dia;Cï¿½u Claro;Simples;Reta;Nï¿½o;0;0
2025-03-18;terï¿½a-feira;19:30:00;CE;116;FORTALEZA;Manobra de mudanï¿½a de faixa;Colisï¿½o lateral mesmo sentido;Com Vï¿½timas Feridas;Plena Noite;Cï¿½u Claro;Mï¿½ltipla;Reta;Sim;0;0
2025-03-18;terï¿½a-feira;19:10:00;MS;463;DOURADOS;Acessar a via sem observar a presenï¿½a dos outros veï¿½culos;Colisï¿½o transversal;Com Vï¿½timas Feridas;Plena Noite;Cï¿½u Claro;Simples;Reta;Sim;0;0
2025-03-18;terï¿½a-feira;18:30:00;RS;116;CAXIAS DO SUL;Condutor desrespeitou a iluminaï¿½ï¿½o vermelha do semï¿½foro;Colisï¿½o transversal;Sem Vï¿½timas;Pleno dia;Cï¿½u Claro;Mï¿½ltipla;Interseï¿½ï¿½o de Vias;Sim;0;0
2025-03-18;terï¿½a-feira;18:20:00;MG;381;GOVERNADOR VALADARES;Acessar a via sem observar a presenï¿½a dos outros veï¿½culos;Colisï¿½o frontal;Com Vï¿½timas Feridas;Plena Noite;Cï¿½u Claro;Simples;Reta;Sim;0;0
2025-03-18;terï¿½a-feira;19:30:00;RJ;493;ITABORAI;Reaï¿½ï¿½o tardia ou ineficiente do condutor;Colisï¿½o lateral sentido oposto;Com Vï¿½timas Feridas;Plena Noite;Cï¿½u Claro;Simples;Reta;Sim;0;0
2025-03-18;terï¿½a-feira;18:00:00;MG;40;TRES MARIAS;Reaï¿½ï¿½o tardia ou ineficiente do condutor;Colisï¿½o traseira;Sem Vï¿½timas;Anoitecer;Cï¿½u Claro;Simples;Reta;Nï¿½o;0;0
2025-03-18;terï¿½a-feira;19:05:00;RS;290;GRAVATAI;Ausï¿½ncia de reaï¿½ï¿½o do condutor;Colisï¿½o traseira;Com Vï¿½timas Feridas;Plena Noite;Cï¿½u Claro;Mï¿½ltipla;Reta;Nï¿½o;0;0
2025-03-18;terï¿½a-feira;19:10:00;RO;364;CACOAL;Reaï¿½ï¿½o tardia ou ineficiente do condutor;Colisï¿½o traseira;Com Vï¿½timas Fatais;Plena Noite;Nublado;Simples;Reta;Nï¿½o;1;1
2025-03-18;terï¿½a-feira;18:50:00;MA;316;SANTA INES;Ausï¿½ncia de reaï¿½ï¿½o do condutor;Colisï¿½o transversal;Com Vï¿½timas Feridas;Plena Noite;Cï¿½u Claro;Mï¿½ltipla;"Interseï¿½ï¿½o de Vias;Reta";Sim;0;0
2025-03-04;terï¿½a-feira;17:30:00;RN;101;NATAL;Ingestï¿½o de ï¿½lcool pelo condutor;Colisï¿½o lateral mesmo sentido;Com Vï¿½timas Feridas;Pleno dia;Cï¿½u Claro;Dupla;Reta;Sim;0;0
2025-03-18;terï¿½a-feira;19:25:00;AL;424;MARECHAL DEODORO;Demais falhas mecï¿½nicas ou elï¿½tricas;Incï¿½ndio;Sem Vï¿½timas;Plena Noite;Cï¿½u Claro;Simples;Reta;Nï¿½o;0;0
2025-03-18;terï¿½a-feira;20:00:00;PE;232;CARUARU;Entrada inopinada do pedestre;Atropelamento de Pedestre;Com Vï¿½timas Fatais;Plena Noite;Cï¿½u Claro;Dupla;Reta;Nï¿½o;1;1
2025-03-18;terï¿½a-feira;18:55:00;PI;343;ALTOS;Animais na Pista;Atropelamento de Animal;Com Vï¿½timas Feridas;Plena Noite;Chuva;Dupla;Reta;Nï¿½o;0;0
2025-03-18;terï¿½a-feira;20:00:00;GO;153;GOIANIA;Ausï¿½ncia de reaï¿½ï¿½o do condutor;Colisï¿½o traseira;Com Vï¿½timas Feridas;Plena Noite;Nublado;Dupla;Reta;Sim;0;0
2025-03-18;terï¿½a-feira;18:10:00;MS;158;PARANAIBA;Avarias e/ou desgaste excessivo no pneu;Tombamento;Com Vï¿½timas Feridas;Plena Noite;Cï¿½u Claro;Simples;Reta;Nï¿½o;0;0
2025-03-18;terï¿½a-feira;21:05:00;RS;386;TRIUNFO;Pedestre andava na pista;Atropelamento de Pedestre;Com Vï¿½timas Feridas;Plena Noite;Cï¿½u Claro;Simples;Reta;Nï¿½o;0;0
2025-03-18;terï¿½a-feira;21:30:00;CE;116;AQUIRAZ;Acessar a via sem observar a presenï¿½a dos outros veï¿½culos;Colisï¿½o traseira;Com Vï¿½timas Fatais;Plena Noite;Cï¿½u Claro;Dupla;Reta;Nï¿½o;1;1
2025-03-18;terï¿½a-feira;20:00:00;RJ;40;DUQUE DE CAXIAS;Reaï¿½ï¿½o tardia ou ineficiente do condutor;Colisï¿½o lateral mesmo sentido;Com Vï¿½timas Feridas;Pleno dia;Cï¿½u Claro;Mï¿½ltipla;Reta;Nï¿½o;0;0
2025-03-18;terï¿½a-feira;20:25:00;RJ;465;SEROPEDICA;Reaï¿½ï¿½o tardia ou ineficiente do condutor;Colisï¿½o transversal;Com Vï¿½timas Feridas;Plena Noite;Garoa/Chuvisco;Simples;Reta;Sim;0;0
2025-03-18;terï¿½a-feira;20:00:00;SP;116;LORENA;Ausï¿½ncia de reaï¿½ï¿½o do condutor;Colisï¿½o transversal;Com Vï¿½timas Feridas;Plena Noite;Chuva;Dupla;Retorno Regulamentado;Sim;0;0
2025-03-18;terï¿½a-feira;15:45:00;RJ;393;VASSOURAS;Reaï¿½ï¿½o tardia ou ineficiente do condutor;Colisï¿½o com objeto;Com Vï¿½timas Feridas;Pleno dia;Cï¿½u Claro;Simples;Interseï¿½ï¿½o de Vias;Sim;0;0
2025-03-18;terï¿½a-feira;18:30:00;RO;421;MONTE NEGRO;Transitar na contramï¿½o;Colisï¿½o frontal;Com Vï¿½timas Feridas;Anoitecer;Garoa/Chuvisco;Simples;Reta;Nï¿½o;0;0
2025-03-18;terï¿½a-feira;21:20:00;PR;376;NOVA ESPERANCA;Desvio temporï¿½rio;Colisï¿½o frontal;Com Vï¿½timas Feridas;Plena Noite;Cï¿½u Claro;Simples;"Desvio Temporï¿½rio;Reta";Nï¿½o;0;0
2025-03-18;terï¿½a-feira;20:58:00;SC;280;ARAQUARI;Acessar a via sem observar a presenï¿½a dos outros veï¿½culos;Atropelamento de Pedestre;Com Vï¿½timas Feridas;Plena Noite;Nublado;Simples;"Interseï¿½ï¿½o de Vias;Rotatï¿½ria;Curva";Sim;0;0
2025-03-18;terï¿½a-feira;20:20:00;PR;376;TIBAGI;Chuva;Queda de ocupante de veï¿½culo;Com Vï¿½timas Feridas;Plena Noite;Chuva;Dupla;Reta;Nï¿½o;0;0
2025-03-18;terï¿½a-feira;23:50:00;SP;116;LORENA;Ausï¿½ncia de reaï¿½ï¿½o do condutor;Colisï¿½o frontal;Com Vï¿½timas Feridas;Plena Noite;Chuva;Dupla;Rotatï¿½ria;Sim;0;0
2025-03-18;terï¿½a-feira;21:00:00;PI;343;JERUMENHA;Animais na Pista;Atropelamento de Animal;Com Vï¿½timas Feridas;Plena Noite;Cï¿½u Claro;Simples;Reta;Nï¿½o;0;0
2025-03-19;quarta-feira;01:30:00;DF;70;BRASILIA;Ingestï¿½o de ï¿½lcool pelo condutor;Colisï¿½o traseira;Com Vï¿½timas Feridas;Plena Noite;Cï¿½u Claro;Dupla;Reta;Sim;0;0
2025-03-19;quarta-feira;02:58:00;RS;116;SAO LEOPOLDO;Velocidade Incompatï¿½vel;Saï¿½da de leito carroï¿½ï¿½vel;Com Vï¿½timas Fatais;Plena Noite;Cï¿½u Claro;Simples;"Curva;Interseï¿½ï¿½o de Vias";Sim;2;1
2025-03-19;quarta-feira;00:40:00;RJ;40;TRES RIOS;Pista Escorregadia;Queda de ocupante de veï¿½culo;Com Vï¿½timas Fatais;Plena Noite;Chuva;Dupla;Reta;Nï¿½o;1;1
2025-03-19;quarta-feira;05:32:00;SP;381;MAIRIPORA;Condutor deixou de manter distï¿½ncia do veï¿½culo da frente;Colisï¿½o traseira;Com Vï¿½timas Feridas;Amanhecer;Cï¿½u Claro;Dupla;Reta;Nï¿½o;0;0
2025-03-19;quarta-feira;06:19:00;SC;282;LAGES;Acessar a via sem observar a presenï¿½a dos outros veï¿½culos;Colisï¿½o transversal;Com Vï¿½timas Feridas;Amanhecer;Cï¿½u Claro;Simples;Rotatï¿½ria;Sim;0;0
2025-03-19;quarta-feira;05:50:00;GO;414;ANAPOLIS;Deficiï¿½ncia do Sistema de Iluminaï¿½ï¿½o/Sinalizaï¿½ï¿½o;Colisï¿½o traseira;Com Vï¿½timas Fatais;Amanhecer;Cï¿½u Claro;Simples;Reta;Nï¿½o;1;1
2025-03-18;terï¿½a-feira;18:20:00;MG;40;PARACATU;Conversï¿½o proibida;Colisï¿½o transversal;Com Vï¿½timas Feridas;Plena Noite;Nublado;Simples;Reta;Sim;0;0
2025-03-19;quarta-feira;04:00:00;SP;153;SAO JOSE DO RIO PRETO;Ausï¿½ncia de reaï¿½ï¿½o do condutor;Saï¿½da de leito carroï¿½ï¿½vel;Sem Vï¿½timas;Plena Noite;Nublado;Dupla;Reta;Nï¿½o;0;0
2025-03-19;quarta-feira;07:00:00;SC;101;BALNEARIO CAMBORIU;Acessar a via sem observar a presenï¿½a dos outros veï¿½culos;Colisï¿½o transversal;Com Vï¿½timas Feridas;Pleno dia;Cï¿½u Claro;Simples;"Interseï¿½ï¿½o de Vias;Reta";Sim;0;0
2025-03-19;quarta-feira;07:10:00;SC;101;BALNEARIO CAMBORIU;Condutor deixou de manter distï¿½ncia do veï¿½culo da frente;Colisï¿½o lateral mesmo sentido;Com Vï¿½timas Feridas;Pleno dia;Sol;Dupla;"Interseï¿½ï¿½o de Vias;Reta";Sim;0;0
2025-03-19;quarta-feira;06:40:00;RJ;116;NOVA IGUACU;Manobra de mudanï¿½a de faixa;Colisï¿½o traseira;Com Vï¿½timas Feridas;Pleno dia;Cï¿½u Claro;Mï¿½ltipla;Reta;Nï¿½o;0;0
2025-03-19;quarta-feira;01:00:00;PR;277;TEIXEIRA SOARES;Ausï¿½ncia de reaï¿½ï¿½o do condutor;Capotamento;Sem Vï¿½timas;Plena Noite;Nublado;Simples;Curva;Nï¿½o;0;0
2025-03-19;quarta-feira;06:49:00;PB;230;JOAO PESSOA;Condutor deixou de manter distï¿½ncia do veï¿½culo da frente;Colisï¿½o traseira;Com Vï¿½timas Feridas;Pleno dia;Nublado;Dupla;Reta;Nï¿½o;0;0
2025-03-19;quarta-feira;00:20:00;PR;277;TEIXEIRA SOARES;Manobra de mudanï¿½a de faixa;Colisï¿½o lateral mesmo sentido;Sem Vï¿½timas;Pleno dia;Cï¿½u Claro;Simples;Reta;Nï¿½o;0;0