data_inversa;dia_semana;horario;uf;br;municipio;causa_acidente;tipo_acidente;classificacao_acidente;fase_dia;condicao_metereologica;tipo_pista;tracado_via;uso_solo;mortos;acidente_fatal
2025-03-23;domingo;08:30:00;BA;101;IBIRAPUA;Acessar a via sem observar a presenï¿½a dos outros veï¿½culos;Queda de ocupante de veï¿½culo;Com Vï¿½timas Feridas;Pleno dia;Cï¿½u Claro;Simples;"Interseï¿½ï¿½o de Vias;Reta;Declive";Nï¿½o;0;0
2025-03-23;domingo;06:50:00;SP;153;GETULINA;Velocidade Incompatï¿½vel;Saï¿½da de leito carroï¿½ï¿½vel;Com Vï¿½timas Feridas;Pleno dia;Cï¿½u Claro;Simples;"Rotatï¿½ria;Curva;Interseï¿½ï¿½o de Vias";Nï¿½o;0;0
2025-03-23;domingo;03:11:00;SC;101;LAGUNA;Ausï¿½ncia de reaï¿½ï¿½o do condutor;Saï¿½da de leito carroï¿½ï¿½vel;Sem Vï¿½timas;Plena Noite;Ignorado;Dupla;"Interseï¿½ï¿½o de Vias;Reta";Nï¿½o;0;0
2025-03-23;domingo;09:00:00;PE;423;PARANATAMA;Acessar a via sem observar a presenï¿½a dos outros veï¿½culos;Colisï¿½o transversal;Com Vï¿½timas Feridas;Pleno dia;Cï¿½u Claro;Simples;Reta;Nï¿½o;0;0
2025-03-23;domingo;09:30:00;ES;101;SAO MATEUS;Avarias e/ou desgaste excessivo no pneu;Saï¿½da de leito carroï¿½ï¿½vel;Com Vï¿½timas Feridas;Pleno dia;Cï¿½u Claro;Simples;Reta;Nï¿½o;0;0
2025-03-23;domingo;09:30:00;PR;153;PORTO VITORIA;Manobra de mudanï¿½a de faixa;Colisï¿½o lateral mesmo sentido;Com Vï¿½timas Feridas;Pleno dia;Sol;Simples;Reta;Sim;0;0
2025-03-23;domingo;10:15:00;PE;104;CARUARU;Reaï¿½ï¿½o tardia ou ineficiente do condutor;Saï¿½da de leito carroï¿½ï¿½vel;Sem Vï¿½timas;Pleno dia;Cï¿½u Claro;Dupla;"Curva;Rotatï¿½ria";Sim;0;0
2025-03-23;domingo;10:30:00;TO;153;GURUPI;Conversï¿½o proibida;Colisï¿½o transversal;Com Vï¿½timas Feridas;Pleno dia;Nublado;Simples;Reta;Sim;0;0
2025-03-23;domingo;10:30:00;RS;116;PICADA CAFE;Reaï¿½ï¿½o tardia ou ineficiente do condutor;Colisï¿½o traseira;Com Vï¿½timas Feridas;Pleno dia;Cï¿½u Claro;Simples;Reta;Nï¿½o;0;0
2025-03-23;domingo;10:30:00;PR;277;GUARAPUAVA;Demais falhas mecï¿½nicas ou elï¿½tricas;Tombamento;Com Vï¿½timas Feridas;Pleno dia;Cï¿½u Claro;Dupla;Curva;Nï¿½o;0;0
2025-03-23;domingo;10:45:00;MG;262;JUATUBA;Velocidade Incompatï¿½vel;Colisï¿½o com objeto;Com Vï¿½timas Feridas;Pleno dia;Cï¿½u Claro;Dupla;"Curva;Declive";Nï¿½o;0;0
2025-03-23;domingo;11:10:00;SP;381;ATIBAIA;Mal sï¿½bito do condutor;Saï¿½da de leito carroï¿½ï¿½vel;Com Vï¿½timas Fatais;Pleno dia;Cï¿½u Claro;Mï¿½ltipla;Reta;Sim;1;1
2025-03-23;domingo;10:45:00;RS;285;LAGOA VERMELHA;Demais falhas mecï¿½nicas ou elï¿½tricas;Eventos atï¿½picos;Com Vï¿½timas Feridas;Pleno dia;Cï¿½u Claro;Simples;Curva;Nï¿½o;0;0
2025-03-23;domingo;10:30:00;BA;324;SANTO AMARO;Ausï¿½ncia de reaï¿½ï¿½o do condutor;Saï¿½da de leito carroï¿½ï¿½vel;Com Vï¿½timas Feridas;Pleno dia;Chuva;Dupla;Declive;Sim;0;0
2025-03-23;domingo;11:35:00;RN;406;SAO GONCALO DO AMARANTE;Desrespeitar a preferï¿½ncia no cruzamento;Colisï¿½o transversal;Sem Vï¿½timas;Pleno dia;Cï¿½u Claro;Dupla;Reta;Sim;0;0
2025-03-23;domingo;11:30:00;MG;40;CAETANOPOLIS;Demais falhas na via;Queda de ocupante de veï¿½culo;Com Vï¿½timas Feridas;Pleno dia;Cï¿½u Claro;Dupla;Reta;Nï¿½o;0;0
2025-03-23;domingo;11:30:00;SP;116;TAUBATE;Ausï¿½ncia de reaï¿½ï¿½o do condutor;Colisï¿½o traseira;Com Vï¿½timas Feridas;Pleno dia;Cï¿½u Claro;Dupla;Reta;Sim;0;0
2025-02-09;domingo;19:00:00;GO;414;ANAPOLIS;Acessar a via sem observar a presenï¿½a dos outros veï¿½culos;Colisï¿½o transversal;Com Vï¿½timas Feridas;Plena Noite;Cï¿½u Claro;Simples;Reta;Nï¿½o;0;0
2025-03-23;domingo;09:00:00;GO;20;FORMOSA;Reaï¿½ï¿½o tardia ou ineficiente do condutor;Saï¿½da de leito carroï¿½ï¿½vel;Com Vï¿½timas Feridas;Pleno dia;Cï¿½u Claro;Simples;"Reta;Declive";Nï¿½o;0;0
2025-03-23;domingo;05:30:00;MS;60;CHAPADAO DO SUL;Ausï¿½ncia de reaï¿½ï¿½o do condutor;Colisï¿½o com objeto;Com Vï¿½timas Feridas;Amanhecer;Cï¿½u Claro;Simples;Curva;Nï¿½o;0;0
2025-03-23;domingo;10:25:00;PR;116;QUATRO BARRAS;Acessar a via sem observar a presenï¿½a dos outros veï¿½culos;Colisï¿½o traseira;Com Vï¿½timas Feridas;Pleno dia;Nublado;Dupla;"Retorno Regulamentado;Reta";Nï¿½o;0;0
2025-03-23;domingo;11:50:00;MG;262;MATEUS LEME;Ausï¿½ncia de reaï¿½ï¿½o do condutor;Saï¿½da de leito carroï¿½ï¿½vel;Com Vï¿½timas Feridas;Pleno dia;Nublado;Dupla;Curva;Nï¿½o;0;0
2025-02-09;domingo;11:00:00;GO;153;ANAPOLIS;Reaï¿½ï¿½o tardia ou ineficiente do condutor;Colisï¿½o com objeto;Com Vï¿½timas Feridas;Pleno dia;Cï¿½u Claro;Dupla;Aclive;Nï¿½o;0;0
2025-03-23;domingo;13:15:00;MG;50;UBERABA;Reaï¿½ï¿½o tardia ou ineficiente do condutor;Saï¿½da de leito carroï¿½ï¿½vel;Sem Vï¿½timas;Pleno dia;Chuva;Dupla;"Reta;Declive";Nï¿½o;0;0
2025-03-23;domingo;12:00:00;PR;376;ORTIGUEIRA;Transitar na contramï¿½o;Colisï¿½o frontal;Com Vï¿½timas Feridas;Pleno dia;Cï¿½u Claro;Simples;Curva;Nï¿½o;0;0
2025-03-23;domingo;13:30:00;MG;262;JUATUBA;Velocidade Incompatï¿½vel;Tombamento;Com Vï¿½timas Feridas;Pleno dia;Nublado;Dupla;"Curva;Declive";Nï¿½o;0;0
2025-03-23;domingo;12:30:00;BA;101;ITABELA;Chuva;Tombamento;Com Vï¿½timas Feridas;Pleno dia;Chuva;Simples;"Curva;Declive";Nï¿½o;0;0
2025-03-23;domingo;12:10:00;PR;116;SAO JOSE DOS PINHAIS;Avarias e/ou desgaste excessivo no pneu;Tombamento;Com Vï¿½timas Feridas;Pleno dia;Cï¿½u Claro;Dupla;Reta;Nï¿½o;0;0
2025-03-23;domingo;11:00:00;PI;343;ALTOS;Acessar a via sem observar a presenï¿½a dos outros veï¿½culos;Colisï¿½o transversal;Sem Vï¿½timas;Pleno dia;Cï¿½u Claro;Simples;Reta;Sim;0;0
2025-03-23;domingo;07:00:00;RO;364;PORTO VELHO;Ausï¿½ncia de reaï¿½ï¿½o do condutor;Colisï¿½o com objeto;Sem Vï¿½timas;Amanhecer;Cï¿½u Claro;Simples;Reta;Nï¿½o;0;0
2025-03-23;domingo;11:40:00;PE;232;POMBOS;Reaï¿½ï¿½o tardia ou ineficiente do condutor;Queda de ocupante de veï¿½culo;Com Vï¿½timas Feridas;Pleno dia;Cï¿½u Claro;Dupla;Reta;Nï¿½o;0;0
2025-03-23;domingo;12:35:00;SP;101;UBATUBA;Reaï¿½ï¿½o tardia ou ineficiente do condutor;Colisï¿½o com objeto;Com Vï¿½timas Feridas;Pleno dia;Cï¿½u Claro;Simples;"Desvio Temporï¿½rio;Reta;Em Obras";Nï¿½o;0;0
2025-03-23;domingo;14:20:00;MA;316;CAXIAS;Acessar a via sem observar a presenï¿½a dos outros veï¿½culos;Colisï¿½o transversal;Com Vï¿½timas Feridas;Pleno dia;Cï¿½u Claro;Simples;Reta;Sim;0;0
2025-03-23;domingo;12:24:00;RS;290;ELDORADO DO SUL;Reaï¿½ï¿½o tardia ou ineficiente do condutor;Colisï¿½o traseira;Com Vï¿½timas Feridas;Pleno dia;Cï¿½u Claro;Simples;Reta;Nï¿½o;0;0
2025-03-23;domingo;13:10:00;BA;116;NOVA ITARANA;Falta de elemento de contenï¿½ï¿½o que evite a saï¿½da do leito carroï¿½ï¿½vel;Saï¿½da de leito carroï¿½ï¿½vel;Com Vï¿½timas Feridas;Pleno dia;Cï¿½u Claro;Simples;"Curva;Declive";Nï¿½o;0;0
2025-03-23;domingo;14:20:00;MG;381;JAGUARACU;Demais falhas mecï¿½nicas ou elï¿½tricas;Queda de ocupante de veï¿½culo;Com Vï¿½timas Feridas;Pleno dia;Cï¿½u Claro;Simples;Reta;Nï¿½o;0;0
2025-03-23;domingo;14:20:00;MG;146;BANDEIRA DO SUL;Acessar a via sem observar a presenï¿½a dos outros veï¿½culos;Colisï¿½o transversal;Com Vï¿½timas Feridas;Pleno dia;Nublado;Simples;"Rotatï¿½ria;Declive;Interseï¿½ï¿½o de Vias";Nï¿½o;0;0
2025-03-23;domingo;14:40:00;RJ;40;PETROPOLIS;Acessar a via sem observar a presenï¿½a dos outros veï¿½culos;Colisï¿½o lateral mesmo sentido;Com Vï¿½timas Feridas;Pleno dia;Cï¿½u Claro;Simples;"Curva;Declive";Sim;0;0
2025-03-23;domingo;14:54:00;PE;232;GRAVATA;Condutor Dormindo;Saï¿½da de leito carroï¿½ï¿½vel;Com Vï¿½timas Feridas;Pleno dia;Cï¿½u Claro;Dupla;Reta;Nï¿½o;0;0
2025-03-23;domingo;12:30:00;RJ;116;MAGE;Frear bruscamente;Colisï¿½o traseira;Com Vï¿½timas Feridas;Pleno dia;Cï¿½u Claro;Dupla;Reta;Sim;0;0
2025-02-25;terï¿½a-feira;08:20:00;PA;230;MARABA;Manobra de mudanï¿½a de faixa;Colisï¿½o traseira;Com Vï¿½timas Feridas;Pleno dia;Nublado;Dupla;"Reta;Ponte";Sim;0;0
2025-03-23;domingo;14:00:00;ES;101;LINHARES;Ausï¿½ncia de reaï¿½ï¿½o do condutor;Tombamento;Com Vï¿½timas Feridas;Pleno dia;Cï¿½u Claro;Simples;Reta;Nï¿½o;0;0
2025-03-23;domingo;15:00:00;MG;116;ENGENHEIRO CALDAS;Ausï¿½ncia de reaï¿½ï¿½o do condutor;Saï¿½da de leito carroï¿½ï¿½vel;Com Vï¿½timas Feridas;Pleno dia;Cï¿½u Claro;Simples;Reta;Nï¿½o;0;0
2025-03-23;domingo;11:15:00;SC;101;TIJUCAS;Velocidade Incompatï¿½vel;Saï¿½da de leito carroï¿½ï¿½vel;Com Vï¿½timas Feridas;Pleno dia;Cï¿½u Claro;Dupla;Curva;Sim;0;0
2025-03-23;domingo;15:00:00;GO;153;HIDROLANDIA;Ingestï¿½o de ï¿½lcool pelo condutor;Colisï¿½o traseira;Sem Vï¿½timas;Pleno dia;Cï¿½u Claro;Dupla;Reta;Nï¿½o;0;0
2025-03-23;domingo;14:50:00;SP;116;JACAREI;Entrada inopinada do pedestre;Atropelamento de Pedestre;Com Vï¿½timas Feridas;Pleno dia;Sol;Dupla;"Curva;Aclive";Nï¿½o;0;0
2025-03-23;domingo;09:20:00;PR;153;SANTO ANTONIO DA PLATINA;Ingestï¿½o de ï¿½lcool pelo condutor;Saï¿½da de leito carroï¿½ï¿½vel;Sem Vï¿½timas;Pleno dia;Cï¿½u Claro;Dupla;Reta;Nï¿½o;0;0
2025-03-23;domingo;15:15:00;SC;282;SAO JOSE;Entrada inopinada do pedestre;Atropelamento de Pedestre;Com Vï¿½timas Feridas;Pleno dia;Cï¿½u Claro;Mï¿½ltipla;Curva;Sim;0;0
2025-03-23;domingo;16:20:00;SC;280;SAO FRANCISCO DO SUL;Acessar a via sem observar a presenï¿½a dos outros veï¿½culos;Colisï¿½o frontal;Com Vï¿½timas Feridas;Pleno dia;Nublado;Simples;Reta;Nï¿½o;0;0
2025-03-23;domingo;15:30:00;PE;232;GRAVATA;Ausï¿½ncia de reaï¿½ï¿½o do condutor;Colisï¿½o traseira;Com Vï¿½timas Feridas;Pleno dia;Cï¿½u Claro;Simples;"Declive;Reta";Nï¿½o;0;0
2025-03-23;domingo;10:35:00;PE;316;PETROLANDIA;Transitar na contramï¿½o;Colisï¿½o frontal;Com Vï¿½timas Feridas;Pleno dia;Cï¿½u Claro;Simples;"Interseï¿½ï¿½o de Vias;Reta";Nï¿½o;0;0
2025-03-23;domingo;15:15:00;RJ;40;DUQUE DE CAXIAS;Acumulo de ï¿½leo sobre o pavimento;Tombamento;Com Vï¿½timas Feridas;Pleno dia;Cï¿½u Claro;Simples;Viaduto;Sim;0;0
2025-03-23;domingo;16:10:00;GO;70;AGUAS LINDAS DE GOIAS;Ingestï¿½o de ï¿½lcool pelo condutor;Colisï¿½o lateral mesmo sentido;Sem Vï¿½timas;Pleno dia;Chuva;Dupla;Reta;Sim;0;0
2025-03-23;domingo;16:00:00;SP;116;PINDAMONHANGABA;Ausï¿½ncia de reaï¿½ï¿½o do condutor;Colisï¿½o traseira;Com Vï¿½timas Feridas;Pleno dia;Chuva;Dupla;Declive;Nï¿½o;0;0
2025-03-23;domingo;12:27:00;MT;364;JACIARA;Ausï¿½ncia de reaï¿½ï¿½o do condutor;Saï¿½da de leito carroï¿½ï¿½vel;Sem Vï¿½timas;Pleno dia;Chuva;Dupla;Curva;Nï¿½o;0;0
2025-03-23;domingo;16:20:00;SP;381;MAIRIPORA;Mal sï¿½bito do condutor;Atropelamento de Pedestre;Com Vï¿½timas Feridas;Pleno dia;Chuva;Mï¿½ltipla;Aclive;Nï¿½o;0;0
2025-03-17;segunda-feira;17:30:00;SC;101;BIGUACU;Condutor deixou de manter distï¿½ncia do veï¿½culo da frente;Colisï¿½o traseira;Com Vï¿½timas Feridas;Pleno dia;Cï¿½u Claro;Mï¿½ltipla;Curva;Nï¿½o;0;0
2025-03-23;domingo;16:35:00;SC;101;PAULO LOPES;Ausï¿½ncia de reaï¿½ï¿½o do condutor;Colisï¿½o com objeto;Com Vï¿½timas Feridas;Pleno dia;Chuva;Dupla;Reta;Nï¿½o;0;0
2025-03-23;domingo;17:50:00;SP;116;SAO JOSE DOS CAMPOS;Ausï¿½ncia de reaï¿½ï¿½o do condutor;Colisï¿½o lateral mesmo sentido;Com Vï¿½timas Feridas;Pleno dia;Chuva;Dupla;Reta;Sim;0;0
2025-03-23;domingo;17:40:00;PR;163;CASCAVEL;Ingestï¿½o de ï¿½lcool pelo condutor;Colisï¿½o traseira;Sem Vï¿½timas;Pleno dia;Garoa/Chuvisco;Dupla;Reta;Sim;0;0
2025-03-23;domingo;17:20:00;MT;163;SINOP;Reaï¿½ï¿½o tardia ou ineficiente do condutor;Colisï¿½o lateral mesmo sentido;Com Vï¿½timas Feridas;Pleno dia;Nublado;Simples;Reta;Sim;0;0
2025-03-23;domingo;18:30:00;PI;343;PARNAIBA;Ingestï¿½o de ï¿½lcool pelo condutor;Colisï¿½o lateral sentido oposto;Com Vï¿½timas Feridas;Plena Noite;Cï¿½u Claro;Simples;Reta;Nï¿½o;0;0
2025-03-23;domingo;18:55:00;SC;101;ITAPEMA;Trafegar com motocicleta (ou similar) entre as faixas;Colisï¿½o traseira;Com Vï¿½timas Feridas;Plena Noite;Cï¿½u Claro;Mï¿½ltipla;Reta;Sim;0;0
2025-03-23;domingo;18:06:00;PE;408;PAUDALHO;Acesso irregular;Colisï¿½o transversal;Sem Vï¿½timas;Plena Noite;Cï¿½u Claro;Dupla;Reta;Sim;0;0
2025-03-23;domingo;18:05:00;RS;470;BARAO;Reaï¿½ï¿½o tardia ou ineficiente do condutor;Tombamento;Com Vï¿½timas Feridas;Anoitecer;Cï¿½u Claro;Simples;Curva;Nï¿½o;0;0
2025-03-23;domingo;17:35:00;RJ;101;ANGRA DOS REIS;Demais falhas mecï¿½nicas ou elï¿½tricas;Tombamento;Com Vï¿½timas Feridas;Pleno dia;Nublado;Simples;Curva;Nï¿½o;0;0
2025-03-23;domingo;16:34:00;CE;222;FORTALEZA;Ultrapassagem Indevida;Tombamento;Com Vï¿½timas Feridas;Pleno dia;Sol;Mï¿½ltipla;Reta;Sim;0;0
2025-03-23;domingo;16:00:00;SC;470;INDAIAL;Acessar a via sem observar a presenï¿½a dos outros veï¿½culos;Colisï¿½o lateral mesmo sentido;Com Vï¿½timas Feridas;Pleno dia;Cï¿½u Claro;Simples;"Reta;Aclive";Nï¿½o;0;0
2025-03-23;domingo;18:00:00;PE;101;RECIFE;Ausï¿½ncia de reaï¿½ï¿½o do condutor;Colisï¿½o lateral mesmo sentido;Com Vï¿½timas Feridas;Plena Noite;Cï¿½u Claro;Dupla;Interseï¿½ï¿½o de Vias;Nï¿½o;0;0
2025-03-23;domingo;19:00:00;RJ;101;RIO DE JANEIRO;Reaï¿½ï¿½o tardia ou ineficiente do condutor;Colisï¿½o traseira;Com Vï¿½timas Feridas;Plena Noite;Nublado;Dupla;"Ponte;Reta";Nï¿½o;0;0
2025-03-23;domingo;20:00:00;ES;101;SERRA;Reaï¿½ï¿½o tardia ou ineficiente do condutor;Colisï¿½o transversal;Com Vï¿½timas Feridas;Plena Noite;Cï¿½u Claro;Dupla;"Curva;Interseï¿½ï¿½o de Vias";Sim;0;0
2025-03-23;domingo;18:50:00;SC;282;MARAVILHA;Ingestï¿½o de ï¿½lcool pelo condutor;Colisï¿½o lateral mesmo sentido;Sem Vï¿½timas;Plena Noite;Cï¿½u Claro;Simples;"Reta;Aclive";Sim;0;0
2025-03-23;domingo;19:30:00;CE;116;FORTALEZA;Acessar a via sem observar a presenï¿½a dos outros veï¿½culos;Atropelamento de Pedestre;Com Vï¿½timas Fatais;Plena Noite;Cï¿½u Claro;Mï¿½ltipla;Reta;Nï¿½o;1;1
2025-03-23;domingo;20:10:00;BA;116;NOVA ITARANA;Ingestï¿½o de ï¿½lcool pelo condutor;Colisï¿½o traseira;Com Vï¿½timas Fatais;Plena Noite;Ignorado;Simples;Reta;Nï¿½o;1;1
2025-03-23;domingo;20:30:00;SC;101;ITAPEMA;Trafegar com motocicleta (ou similar) entre as faixas;Colisï¿½o lateral mesmo sentido;Com Vï¿½timas Feridas;Plena Noite;Cï¿½u Claro;Dupla;Reta;Sim;0;0
2025-03-23;domingo;16:30:00;MG;381;SAO GONCALO DO SAPUCAI;Reaï¿½ï¿½o tardia ou ineficiente do condutor;Saï¿½da de leito carroï¿½ï¿½vel;Com Vï¿½timas Feridas;Pleno dia;Chuva;Dupla;Curva;Nï¿½o;0;0
2025-03-23;domingo;19:00:00;PE;423;LAJEDO;Pedestre andava na pista;Atropelamento de Pedestre;Com Vï¿½timas Fatais;Plena Noite;Cï¿½u Claro;Simples;Reta;Nï¿½o;1;1
2025-03-23;domingo;19:00:00;GO;153;SAO FRANCISCO DE GOIAS;Ingestï¿½o de ï¿½lcool pelo condutor;Saï¿½da de leito carroï¿½ï¿½vel;Sem Vï¿½timas;Plena Noite;Chuva;Simples;"Declive;Curva";Nï¿½o;0;0
2025-03-23;domingo;20:10:00;AP;210;MACAPA;Acessar a via sem observar a presenï¿½a dos outros veï¿½culos;Colisï¿½o transversal;Com Vï¿½timas Feridas;Plena Noite;Cï¿½u Claro;Dupla;Reta;Sim;0;0
2025-03-23;domingo;19:10:00;MT;364;PEDRA PRETA;Pedestre cruzava a pista fora da faixa;Atropelamento de Pedestre;Com Vï¿½timas Feridas;Plena Noite;Nublado;Simples;"Reta;Declive";Nï¿½o;0;0
2025-03-23;domingo;20:15:00;CE;222;FORTALEZA;Ausï¿½ncia de reaï¿½ï¿½o do condutor;Colisï¿½o lateral mesmo sentido;Com Vï¿½timas Feridas;Plena Noite;Cï¿½u Claro;Mï¿½ltipla;Reta;Nï¿½o;0;0
2025-03-23;domingo;20:55:00;SP;116;JACAREI;Manobra de mudanï¿½a de faixa;Colisï¿½o lateral mesmo sentido;Com Vï¿½timas Feridas;Plena Noite;Chuva;Dupla;Reta;Nï¿½o;0;0
2025-03-23;domingo;18:50:00;PR;277;PALMEIRA;Ingestï¿½o de ï¿½lcool pelo condutor;Colisï¿½o com objeto;Sem Vï¿½timas;Anoitecer;Cï¿½u Claro;Simples;Curva;Nï¿½o;0;0
2025-03-23;domingo;20:45:00;PR;376;CURITIBA;Pedestre cruzava a pista fora da faixa;Atropelamento de Pedestre;Com Vï¿½timas Fatais;Plena Noite;Cï¿½u Claro;Dupla;Reta;Sim;1;1
2025-03-23;domingo;20:50:00;RS;290;PORTO ALEGRE;Ausï¿½ncia de reaï¿½ï¿½o do condutor;Colisï¿½o com objeto;Com Vï¿½timas Feridas;Plena Noite;Cï¿½u Claro;Dupla;Ponte;Nï¿½o;0;0
2025-03-23;domingo;21:00:00;GO;40;CRISTALINA;Animais na Pista;Atropelamento de Animal;Com Vï¿½timas Feridas;Plena Noite;Nublado;Simples;Reta;Nï¿½o;0;0
2025-03-23;domingo;20:48:00;SC;101;SOMBRIO;Transitar na contramï¿½o;Colisï¿½o transversal;Com Vï¿½timas Feridas;Plena Noite;Nublado;Mï¿½ltipla;Reta;Sim;0;0
2025-03-23;domingo;16:30:00;BA;410;TUCANO;Reaï¿½ï¿½o tardia ou ineficiente do condutor;Saï¿½da de leito carroï¿½ï¿½vel;Com Vï¿½timas Feridas;Anoitecer;Cï¿½u Claro;Simples;Reta;Nï¿½o;0;0
2025-03-23;domingo;10:45:00;RJ;493;ITAGUAI;Condutor Dormindo;Colisï¿½o com objeto;Sem Vï¿½timas;Pleno dia;Cï¿½u Claro;Simples;Reta;Sim;0;0
2025-03-23;domingo;21:15:00;RJ;116;BELFORD ROXO;Reaï¿½ï¿½o tardia ou ineficiente do condutor;Colisï¿½o traseira;Com Vï¿½timas Feridas;Plena Noite;Nublado;Mï¿½ltipla;Reta;Sim;0;0
2025-03-23;domingo;17:30:00;RO;364;JARU;Conversï¿½o proibida;Colisï¿½o lateral mesmo sentido;Com Vï¿½timas Feridas;Pleno dia;Cï¿½u Claro;Mï¿½ltipla;Aclive;Sim;0;0
2025-03-23;domingo;17:40:00;PR;153;IMBITUVA;Ultrapassagem Indevida;Colisï¿½o frontal;Sem Vï¿½timas;Anoitecer;Cï¿½u Claro;Simples;Reta;Sim;0;0
2025-03-23;domingo;21:30:00;ES;101;SERRA;Ingestï¿½o de ï¿½lcool pelo condutor;Saï¿½da de leito carroï¿½ï¿½vel;Sem Vï¿½timas;Plena Noite;Cï¿½u Claro;Dupla;"Reta;Aclive";Nï¿½o;0;0
2025-03-23;domingo;20:13:00;MA;316;SANTA INES;Ingestï¿½o de ï¿½lcool pelo condutor;Colisï¿½o frontal;Com Vï¿½timas Feridas;Plena Noite;Nublado;Simples;Curva;Sim;0;0
2025-03-23;domingo;18:40:00;MG;381;EXTREMA;Velocidade Incompatï¿½vel;Saï¿½da de leito carroï¿½ï¿½vel;Com Vï¿½timas Feridas;Plena Noite;Nublado;Dupla;Reta;Nï¿½o;0;0
2025-03-23;domingo;19:15:00;RS;386;SARANDI;Condutor deixou de manter distï¿½ncia do veï¿½culo da frente;Colisï¿½o traseira;Sem Vï¿½timas;Plena Noite;Cï¿½u Claro;Simples;Reta;Nï¿½o;0;0
2025-03-23;domingo;21:30:00;RJ;116;SEROPEDICA;Chuva;Colisï¿½o lateral mesmo sentido;Com Vï¿½timas Feridas;Plena Noite;Cï¿½u Claro;Dupla;Reta;Sim;0;0
2025-03-23;domingo;22:00:00;PE;232;GRAVATA;Pedestre - Ingestï¿½o de ï¿½lcool/ substï¿½ncias psicoativas;Atropelamento de Pedestre;Com Vï¿½timas Fatais;Plena Noite;Cï¿½u Claro;Dupla;Reta;Nï¿½o;1;1
2025-03-23;domingo;21:30:00;RJ;116;ITATIAIA;Ingestï¿½o de ï¿½lcool pelo condutor;Colisï¿½o traseira;Sem Vï¿½timas;Plena Noite;Chuva;Mï¿½ltipla;Reta;Sim;0;0
2025-03-23;domingo;21:00:00;RJ;116;QUEIMADOS;Demais falhas mecï¿½nicas ou elï¿½tricas;Tombamento;Com Vï¿½timas Feridas;Plena Noite;Chuva;Dupla;"Reta;Declive";Nï¿½o;0;0
2025-03-23;domingo;18:00:00;RS;116;PICADA CAFE;Velocidade Incompatï¿½vel;Saï¿½da de leito carroï¿½ï¿½vel;Com Vï¿½timas Feridas;Anoitecer;Cï¿½u Claro;Simples;Curva;Nï¿½o;0;0
2025-03-23;domingo;22:50:00;MG;267;ARGIRITA;Ausï¿½ncia de reaï¿½ï¿½o do condutor;Saï¿½da de leito carroï¿½ï¿½vel;Com Vï¿½timas Feridas;Plena Noite;Nublado;Simples;Curva;Nï¿½o;0;0
2025-03-23;domingo;21:10:00;RS;101;TRES CACHOEIRAS;Reaï¿½ï¿½o tardia ou ineficiente do condutor;Saï¿½da de leito carroï¿½ï¿½vel;Com Vï¿½timas Feridas;Plena Noite;Cï¿½u Claro;Dupla;Reta;Sim;0;0
2025-03-23;domingo;21:30:00;RS;285;VACARIA;Velocidade Incompatï¿½vel;Saï¿½da de leito carroï¿½ï¿½vel;Com Vï¿½timas Feridas;Plena Noite;Cï¿½u Claro;Simples;"Curva;Aclive";Nï¿½o;0;0
2025-03-23;domingo;22:50:00;PR;376;CURITIBA;Ausï¿½ncia de reaï¿½ï¿½o do condutor;Colisï¿½o traseira;Com Vï¿½timas Feridas;Plena Noite;Nublado;Dupla;"Reta;Declive";Sim;0;0
2025-03-23;domingo;21:30:00;MG;381;PERDOES;Velocidade Incompatï¿½vel;Capotamento;Sem Vï¿½timas;Plena Noite;Nublado;Dupla;"Curva;Aclive";Nï¿½o;0;0
2025-03-23;domingo;23:34:00;PE;232;RECIFE;Pista esburacada;Queda de ocupante de veï¿½culo;Com Vï¿½timas Feridas;Plena Noite;Cï¿½u Claro;Dupla;Curva;Sim;0;0
2025-03-23;domingo;17:41:00;RO;364;JI-PARANA;Ausï¿½ncia de reaï¿½ï¿½o do condutor;Colisï¿½o lateral mesmo sentido;Com Vï¿½timas Feridas;Anoitecer;Cï¿½u Claro;Mï¿½ltipla;Interseï¿½ï¿½o de Vias;Sim;0;0
2025-03-23;domingo;23:00:00;RJ;101;SAO GONCALO;Ingestï¿½o de ï¿½lcool pelo condutor;Capotamento;Com Vï¿½timas Fatais;Plena Noite;Garoa/Chuvisco;Dupla;Reta;Nï¿½o;2;1
2025-03-23;domingo;20:45:00;PA;163;ITAITUBA;Pedestre andava na pista;Atropelamento de Pedestre;Com Vï¿½timas Fatais;Anoitecer;Cï¿½u Claro;Simples;Reta;Nï¿½o;1;1
2025-03-23;domingo;23:45:00;DF;20;BRASILIA;Velocidade Incompatï¿½vel;Saï¿½da de leito carroï¿½ï¿½vel;Sem Vï¿½timas;Plena Noite;Nublado;Dupla;Reta;Sim;0;0
2025-03-23;domingo;21:00:00;PI;343;ANGICAL DO PIAUI;Acessar a via sem observar a presenï¿½a dos outros veï¿½culos;Colisï¿½o transversal;Com Vï¿½timas Feridas;Plena Noite;Cï¿½u Claro;Simples;Reta;Nï¿½o;0;0
2025-03-23;domingo;23:30:00;PB;230;SOLEDADE;Acessar a via sem observar a presenï¿½a dos outros veï¿½culos;Colisï¿½o frontal;Com Vï¿½timas Fatais;Plena Noite;Cï¿½u Claro;Simples;Aclive;Nï¿½o;1;1
2025-03-23;domingo;23:52:00;RO;364;CANDEIAS DO JAMARI;Ausï¿½ncia de reaï¿½ï¿½o do condutor;Capotamento;Sem Vï¿½timas;Plena Noite;Cï¿½u Claro;Simples;Reta;Nï¿½o;0;0