data_inversa;dia_semana;horario;uf;br;municipio;causa_acidente;tipo_acidente;classificacao_acidente;fase_dia;condicao_metereologica;tipo_pista;tracado_via;uso_solo;mortos;acidente_fatal
2025-03-31;segunda-feira;05:50:00;PB;230;SANTA RITA;Demais falhas mecï¿½nicas ou elï¿½tricas;Saï¿½da de leito carroï¿½ï¿½vel;Com Vï¿½timas Feridas;Amanhecer;Cï¿½u Claro;Dupla;Reta;Nï¿½o;0;0
2025-03-31;segunda-feira;06:15:00;SC;101;ITAJAI;Condutor deixou de manter distï¿½ncia do veï¿½culo da frente;Colisï¿½o lateral mesmo sentido;Com Vï¿½timas Feridas;Amanhecer;Nevoeiro/Neblina;Mï¿½ltipla;Reta;Sim;0;0
2025-03-31;segunda-feira;05:10:00;RS;290;GRAVATAI;Ausï¿½ncia de reaï¿½ï¿½o do condutor;Colisï¿½o com objeto;Sem Vï¿½timas;Plena Noite;Cï¿½u Claro;Simples;"Curva;Rotatï¿½ria";Sim;0;0
2025-03-30;domingo;19:20:00;PA;163;SANTAREM;Acessar a via sem observar a presenï¿½a dos outros veï¿½culos;Colisï¿½o transversal;Sem Vï¿½timas;Pleno dia;Cï¿½u Claro;Simples;Reta;Sim;0;0
2025-03-31;segunda-feira;07:05:00;SC;101;SAO JOSE;Reaï¿½ï¿½o tardia ou ineficiente do condutor;Colisï¿½o traseira;Com Vï¿½timas Feridas;Pleno dia;Cï¿½u Claro;Mï¿½ltipla;Reta;Sim;0;0
2025-03-31;segunda-feira;06:45:00;RS;116;SAPUCAIA DO SUL;Condutor usando celular;Colisï¿½o com objeto;Sem Vï¿½timas;Pleno dia;Cï¿½u Claro;Mï¿½ltipla;"Reta;Em Obras";Sim;0;0
2025-03-30;domingo;19:30:00;BA;235;JEREMOABO;Ausï¿½ncia de reaï¿½ï¿½o do condutor;Saï¿½da de leito carroï¿½ï¿½vel;Com Vï¿½timas Fatais;Plena Noite;Ignorado;Simples;Curva;Nï¿½o;1;1
2025-03-31;segunda-feira;05:30:00;SP;116;EMBU DAS ARTES;Reaï¿½ï¿½o tardia ou ineficiente do condutor;Tombamento;Com Vï¿½timas Feridas;Amanhecer;Cï¿½u Claro;Dupla;Reta;Sim;0;0
2025-03-31;segunda-feira;07:15:00;SC;101;SAO JOSE;Avarias e/ou desgaste excessivo no pneu;Tombamento;Com Vï¿½timas Feridas;Pleno dia;Cï¿½u Claro;Mï¿½ltipla;"Reta;Declive";Sim;0;0
2025-03-31;segunda-feira;07:00:00;MG;40;CONTAGEM;Trafegar com motocicleta (ou similar) entre as faixas;Colisï¿½o lateral mesmo sentido;Com Vï¿½timas Feridas;Pleno dia;Cï¿½u Claro;Dupla;Reta;Sim;0;0
2025-03-31;segunda-feira;07:00:00;RS;472;SANTA ROSA;Mal sï¿½bito do condutor;Colisï¿½o frontal;Com Vï¿½timas Fatais;Amanhecer;Nublado;Simples;Reta;Sim;1;1
2025-03-31;segunda-feira;07:10:00;AL;101;SAO SEBASTIAO;Ausï¿½ncia de reaï¿½ï¿½o do condutor;Saï¿½da de leito carroï¿½ï¿½vel;Com Vï¿½timas Fatais;Pleno dia;Cï¿½u Claro;Dupla;Curva;Nï¿½o;1;1
2025-03-31;segunda-feira;06:00:00;RN;226;MACAIBA;Manobra de mudanï¿½a de faixa;Colisï¿½o frontal;Com Vï¿½timas Feridas;Pleno dia;Cï¿½u Claro;Simples;Reta;Sim;0;0
2025-03-31;segunda-feira;00:20:00;RJ;101;CASIMIRO DE ABREU;Reaï¿½ï¿½o tardia ou ineficiente do condutor;Colisï¿½o com objeto;Com Vï¿½timas Feridas;Plena Noite;Cï¿½u Claro;Dupla;Rotatï¿½ria;Sim;0;0
2025-03-31;segunda-feira;07:10:00;RS;116;SAO LEOPOLDO;Condutor deixou de manter distï¿½ncia do veï¿½culo da frente;Colisï¿½o traseira;Com Vï¿½timas Feridas;Pleno dia;Cï¿½u Claro;Dupla;"Reta;Ponte";Nï¿½o;0;0
2025-03-31;segunda-feira;06:10:00;SP;381;SAO PAULO;Ausï¿½ncia de reaï¿½ï¿½o do condutor;Colisï¿½o traseira;Com Vï¿½timas Feridas;Pleno dia;Cï¿½u Claro;Dupla;Curva;Sim;0;0
2025-03-31;segunda-feira;08:00:00;PB;101;JOAO PESSOA;Reaï¿½ï¿½o tardia ou ineficiente do condutor;Colisï¿½o traseira;Sem Vï¿½timas;Pleno dia;Cï¿½u Claro;Dupla;Reta;Sim;0;0
2025-03-31;segunda-feira;08:00:00;MG;381;RIBEIRAO VERMELHO;Acesso irregular;Colisï¿½o com objeto;Com Vï¿½timas Feridas;Pleno dia;Chuva;Dupla;"Aclive;Curva";Nï¿½o;0;0
2025-03-31;segunda-feira;08:20:00;PB;230;JOAO PESSOA;Ausï¿½ncia de reaï¿½ï¿½o do condutor;Colisï¿½o traseira;Com Vï¿½timas Feridas;Pleno dia;Cï¿½u Claro;Dupla;Reta;Sim;0;0
2025-03-31;segunda-feira;07:45:00;PR;376;SARANDI;Condutor deixou de manter distï¿½ncia do veï¿½culo da frente;Colisï¿½o traseira;Com Vï¿½timas Feridas;Pleno dia;Cï¿½u Claro;Mï¿½ltipla;Reta;Sim;0;0
2025-03-31;segunda-feira;07:50:00;GO;60;RIO VERDE;Demais falhas mecï¿½nicas ou elï¿½tricas;Tombamento;Com Vï¿½timas Feridas;Pleno dia;Cï¿½u Claro;Dupla;Reta;Sim;0;0
2025-03-31;segunda-feira;08:55:00;ES;101;SERRA;Condutor deixou de manter distï¿½ncia do veï¿½culo da frente;Colisï¿½o traseira;Com Vï¿½timas Feridas;Pleno dia;Cï¿½u Claro;Dupla;Curva;Sim;0;0
2025-03-31;segunda-feira;08:45:00;CE;116;FORTALEZA;Ausï¿½ncia de reaï¿½ï¿½o do condutor;Colisï¿½o traseira;Com Vï¿½timas Feridas;Pleno dia;Cï¿½u Claro;Mï¿½ltipla;Reta;Sim;0;0
2025-03-31;segunda-feira;08:45:00;GO;153;GOIANIA;Condutor deixou de manter distï¿½ncia do veï¿½culo da frente;Colisï¿½o traseira;Com Vï¿½timas Feridas;Pleno dia;Cï¿½u Claro;Dupla;Reta;Sim;0;0
2025-03-31;segunda-feira;08:25:00;GO;40;VALPARAISO DE GOIAS;Trafegar com motocicleta (ou similar) entre as faixas;Colisï¿½o lateral mesmo sentido;Com Vï¿½timas Feridas;Pleno dia;Cï¿½u Claro;Simples;Reta;Sim;0;0
2025-03-31;segunda-feira;08:56:00;PE;101;IGARASSU;Retorno proibido;Colisï¿½o transversal;Com Vï¿½timas Feridas;Pleno dia;Cï¿½u Claro;Mï¿½ltipla;Declive;Sim;0;0
2025-03-31;segunda-feira;07:50:00;PR;153;IMBITUVA;Ausï¿½ncia de reaï¿½ï¿½o do condutor;Colisï¿½o frontal;Com Vï¿½timas Feridas;Pleno dia;Ignorado;Simples;Curva;Nï¿½o;0;0
2025-03-31;segunda-feira;08:50:00;MG;381;OLIVEIRA;Velocidade Incompatï¿½vel;Colisï¿½o com objeto;Com Vï¿½timas Feridas;Pleno dia;Chuva;Dupla;"Curva;Declive";Nï¿½o;0;0
2025-03-31;segunda-feira;08:25:00;MG;381;SANTO ANTONIO DO AMPARO;Velocidade Incompatï¿½vel;Colisï¿½o com objeto;Com Vï¿½timas Feridas;Pleno dia;Chuva;Dupla;Reta;Nï¿½o;0;0
2025-03-31;segunda-feira;07:40:00;MG;381;SAO GONCALO DO RIO ABAIXO;Ausï¿½ncia de reaï¿½ï¿½o do condutor;Colisï¿½o com objeto;Com Vï¿½timas Feridas;Pleno dia;Cï¿½u Claro;Simples;Reta;Sim;0;0
2025-03-31;segunda-feira;09:35:00;GO;60;GOIANIA;Avarias e/ou desgaste excessivo no pneu;Tombamento;Com Vï¿½timas Feridas;Pleno dia;Sol;Dupla;Reta;Nï¿½o;0;0
2025-03-31;segunda-feira;07:51:00;MT;163;SINOP;Ausï¿½ncia de reaï¿½ï¿½o do condutor;Colisï¿½o traseira;Sem Vï¿½timas;Pleno dia;Nublado;Dupla;Reta;Sim;0;0
2025-03-31;segunda-feira;10:00:00;PR;116;SAO JOSE DOS PINHAIS;Velocidade Incompatï¿½vel;Colisï¿½o traseira;Com Vï¿½timas Feridas;Pleno dia;Cï¿½u Claro;Dupla;Reta;Nï¿½o;0;0
2025-03-31;segunda-feira;09:46:00;MT;70;BARRA DO GARCAS;Condutor deixou de manter distï¿½ncia do veï¿½culo da frente;Colisï¿½o traseira;Com Vï¿½timas Feridas;Pleno dia;Sol;Dupla;Reta;Sim;0;0
2025-03-31;segunda-feira;10:05:00;PR;277;FOZ DO IGUACU;Acessar a via sem observar a presenï¿½a dos outros veï¿½culos;Colisï¿½o transversal;Com Vï¿½timas Feridas;Pleno dia;Cï¿½u Claro;Dupla;"Reta;Rotatï¿½ria";Sim;0;0
2025-03-31;segunda-feira;07:30:00;PE;232;GRAVATA;Reaï¿½ï¿½o tardia ou ineficiente do condutor;Saï¿½da de leito carroï¿½ï¿½vel;Com Vï¿½timas Feridas;Pleno dia;Cï¿½u Claro;Dupla;Reta;Nï¿½o;0;0
2025-03-31;segunda-feira;10:30:00;PR;369;APUCARANA;Acessar a via sem observar a presenï¿½a dos outros veï¿½culos;Colisï¿½o traseira;Com Vï¿½timas Feridas;Pleno dia;Cï¿½u Claro;Dupla;"Retorno Regulamentado;Reta";Sim;0;0
2025-03-31;segunda-feira;09:20:00;GO;60;GOIANAPOLIS;Manobra de mudanï¿½a de faixa;Colisï¿½o traseira;Com Vï¿½timas Feridas;Pleno dia;Cï¿½u Claro;Mï¿½ltipla;Reta;Nï¿½o;0;0
2025-03-31;segunda-feira;09:44:00;MS;158;CASSILANDIA;Ingestï¿½o de ï¿½lcool pelo condutor;Tombamento;Com Vï¿½timas Feridas;Pleno dia;Cï¿½u Claro;Simples;Reta;Sim;0;0
2025-03-31;segunda-feira;10:05:00;PR;277;CAMPO LARGO;Reaï¿½ï¿½o tardia ou ineficiente do condutor;Colisï¿½o traseira;Com Vï¿½timas Feridas;Pleno dia;Cï¿½u Claro;Dupla;"Declive;Reta";Sim;0;0
2025-03-31;segunda-feira;08:25:00;GO;153;SANTA TEREZA DE GOIAS;Ausï¿½ncia de reaï¿½ï¿½o do condutor;Saï¿½da de leito carroï¿½ï¿½vel;Com Vï¿½timas Feridas;Pleno dia;Cï¿½u Claro;Simples;Reta;Nï¿½o;0;0
2025-03-31;segunda-feira;11:30:00;ES;101;SERRA;Reaï¿½ï¿½o tardia ou ineficiente do condutor;Tombamento;Com Vï¿½timas Feridas;Pleno dia;Cï¿½u Claro;Simples;Curva;Nï¿½o;0;0
2025-03-31;segunda-feira;12:00:00;SP;381;ATIBAIA;Chuva;Tombamento;Com Vï¿½timas Feridas;Pleno dia;Chuva;Dupla;Reta;Sim;0;0
2025-03-31;segunda-feira;11:38:00;GO;414;ANAPOLIS;Animais na Pista;Atropelamento de Animal;Com Vï¿½timas Feridas;Pleno dia;Cï¿½u Claro;Simples;Reta;Sim;0;0
2025-03-31;segunda-feira;12:00:00;RN;101;NATAL;Condutor deixou de manter distï¿½ncia do veï¿½culo da frente;Colisï¿½o traseira;Com Vï¿½timas Feridas;Pleno dia;Cï¿½u Claro;Dupla;Reta;Sim;0;0
2025-03-31;segunda-feira;11:20:00;BA;116;VITORIA DA CONQUISTA;Ausï¿½ncia de reaï¿½ï¿½o do condutor;Colisï¿½o traseira;Com Vï¿½timas Feridas;Pleno dia;Sol;Simples;Interseï¿½ï¿½o de Vias;Nï¿½o;0;0
2025-03-31;segunda-feira;12:20:00;MG;381;ESTIVA;Velocidade Incompatï¿½vel;Saï¿½da de leito carroï¿½ï¿½vel;Com Vï¿½timas Feridas;Pleno dia;Chuva;Dupla;Curva;Nï¿½o;0;0
2025-03-31;segunda-feira;10:30:00;RJ;101;ITABORAI;Demais falhas mecï¿½nicas ou elï¿½tricas;Queda de ocupante de veï¿½culo;Com Vï¿½timas Feridas;Pleno dia;Cï¿½u Claro;Dupla;Reta;Sim;0;0
2025-03-31;segunda-feira;12:30:00;CE;222;UMIRIM;Transitar na contramï¿½o;Colisï¿½o frontal;Com Vï¿½timas Fatais;Pleno dia;Cï¿½u Claro;Dupla;"Reta;Aclive";Nï¿½o;1;1
2025-03-31;segunda-feira;13:00:00;PB;101;BAYEUX;Desrespeitar a preferï¿½ncia no cruzamento;Colisï¿½o transversal;Com Vï¿½timas Feridas;Pleno dia;Nublado;Dupla;Reta;Sim;0;0
2025-02-23;domingo;21:10:00;RS;290;SANTO ANTONIO DA PATRULHA;Ingestï¿½o de ï¿½lcool pelo condutor;Colisï¿½o traseira;Sem Vï¿½timas;Plena Noite;Cï¿½u Claro;Dupla;Reta;Nï¿½o;0;0
2025-03-31;segunda-feira;09:00:00;SC;101;ITAPEMA;Acessar a via sem observar a presenï¿½a dos outros veï¿½culos;Atropelamento de Pedestre;Com Vï¿½timas Feridas;Pleno dia;Cï¿½u Claro;Simples;Reta;Nï¿½o;0;0
2025-03-31;segunda-feira;13:35:00;AL;104;UNIAO DOS PALMARES;Avarias e/ou desgaste excessivo no pneu;Saï¿½da de leito carroï¿½ï¿½vel;Com Vï¿½timas Feridas;Pleno dia;Cï¿½u Claro;Simples;Curva;Nï¿½o;0;0
2025-03-31;segunda-feira;11:42:00;BA;101;LAJE;Transitar na contramï¿½o;Saï¿½da de leito carroï¿½ï¿½vel;Com Vï¿½timas Feridas;Pleno dia;Cï¿½u Claro;Simples;"Reta;Declive";Nï¿½o;0;0
2025-03-31;segunda-feira;12:30:00;PE;101;PAULISTA;Condutor deixou de manter distï¿½ncia do veï¿½culo da frente;Colisï¿½o lateral mesmo sentido;Com Vï¿½timas Feridas;Pleno dia;Cï¿½u Claro;Mï¿½ltipla;Reta;Nï¿½o;0;0
2025-03-31;segunda-feira;12:15:00;MG;50;UBERABA;Velocidade Incompatï¿½vel;Saï¿½da de leito carroï¿½ï¿½vel;Com Vï¿½timas Feridas;Pleno dia;Nublado;Dupla;"Curva;Declive";Nï¿½o;0;0
2025-03-31;segunda-feira;12:50:00;MG;50;UBERABA;Acumulo de ï¿½gua sobre o pavimento;Saï¿½da de leito carroï¿½ï¿½vel;Com Vï¿½timas Feridas;Pleno dia;Chuva;Dupla;Reta;Nï¿½o;0;0
2025-03-31;segunda-feira;13:05:00;MG;50;UBERABA;Chuva;Saï¿½da de leito carroï¿½ï¿½vel;Com Vï¿½timas Feridas;Pleno dia;Chuva;Dupla;"Reta;Aclive";Nï¿½o;0;0
2025-03-31;segunda-feira;14:25:00;PB;230;JOAO PESSOA;Reaï¿½ï¿½o tardia ou ineficiente do condutor;Colisï¿½o traseira;Com Vï¿½timas Feridas;Pleno dia;Chuva;Dupla;Reta;Sim;0;0
2025-03-31;segunda-feira;14:15:00;PE;101;RECIFE;Ausï¿½ncia de reaï¿½ï¿½o do condutor;Colisï¿½o lateral mesmo sentido;Com Vï¿½timas Feridas;Pleno dia;Cï¿½u Claro;Dupla;"Reta;Viaduto";Sim;0;0
2025-03-31;segunda-feira;14:07:00;PI;230;FLORIANO;Ausï¿½ncia de reaï¿½ï¿½o do condutor;Saï¿½da de leito carroï¿½ï¿½vel;Com Vï¿½timas Feridas;Pleno dia;Cï¿½u Claro;Simples;Rotatï¿½ria;Nï¿½o;0;0
2025-03-31;segunda-feira;14:45:00;SE;101;ITAPORANGA DAJUDA;Acumulo de ï¿½gua sobre o pavimento;Colisï¿½o com objeto;Com Vï¿½timas Feridas;Pleno dia;Chuva;Dupla;"Curva;Declive";Sim;0;0
2025-03-31;segunda-feira;10:00:00;MA;316;ZE DOCA;Acessar a via sem observar a presenï¿½a dos outros veï¿½culos;Colisï¿½o frontal;Com Vï¿½timas Feridas;Pleno dia;Cï¿½u Claro;Simples;Reta;Sim;0;0
2025-03-31;segunda-feira;12:35:00;MG;381;ESTIVA;Objeto estï¿½tico sobre o leito carroï¿½ï¿½vel;Saï¿½da de leito carroï¿½ï¿½vel;Com Vï¿½timas Feridas;Pleno dia;Chuva;Dupla;Curva;Nï¿½o;0;0
2025-03-31;segunda-feira;15:30:00;RJ;116;TERESOPOLIS;Ausï¿½ncia de reaï¿½ï¿½o do condutor;Tombamento;Com Vï¿½timas Feridas;Pleno dia;Nublado;Simples;"Reta;Declive";Sim;0;0
2025-03-31;segunda-feira;15:10:00;BA;242;BARREIRAS;Ausï¿½ncia de reaï¿½ï¿½o do condutor;Saï¿½da de leito carroï¿½ï¿½vel;Com Vï¿½timas Feridas;Pleno dia;Cï¿½u Claro;Mï¿½ltipla;Declive;Nï¿½o;0;0
2025-03-31;segunda-feira;16:00:00;CE;0;FORTALEZA;Ausï¿½ncia de reaï¿½ï¿½o do condutor;Engavetamento;Sem Vï¿½timas;Pleno dia;Cï¿½u Claro;Dupla;Reta;Sim;0;0
2025-03-31;segunda-feira;15:00:00;BA;101;MUCURI;Ingestï¿½o de ï¿½lcool pelo condutor;Colisï¿½o frontal;Sem Vï¿½timas;Pleno dia;Cï¿½u Claro;Simples;Reta;Sim;0;0
2025-03-31;segunda-feira;15:50:00;CE;222;CAUCAIA;Manobra de mudanï¿½a de faixa;Colisï¿½o traseira;Com Vï¿½timas Feridas;Pleno dia;Cï¿½u Claro;Mï¿½ltipla;Reta;Nï¿½o;0;0
2025-03-31;segunda-feira;16:55:00;RN;101;NATAL;Acumulo de areia ou detritos sobre o pavimento;Queda de ocupante de veï¿½culo;Com Vï¿½timas Feridas;Pleno dia;Cï¿½u Claro;Mï¿½ltipla;"Reta;Declive";Sim;0;0
2025-03-31;segunda-feira;15:30:00;RS;290;PORTO ALEGRE;Demais falhas mecï¿½nicas ou elï¿½tricas;Tombamento;Com Vï¿½timas Feridas;Pleno dia;Nublado;Dupla;Reta;Nï¿½o;0;0
2025-03-31;segunda-feira;15:55:00;AP;156;OIAPOQUE;Falta de elemento de contenï¿½ï¿½o que evite a saï¿½da do leito carroï¿½ï¿½vel;Saï¿½da de leito carroï¿½ï¿½vel;Sem Vï¿½timas;Pleno dia;Nublado;Simples;Reta;Nï¿½o;0;0
2025-03-31;segunda-feira;16:45:00;RS;116;SENTINELA DO SUL;Chuva;Saï¿½da de leito carroï¿½ï¿½vel;Com Vï¿½timas Feridas;Pleno dia;Chuva;Dupla;Curva;Nï¿½o;0;0
2025-03-31;segunda-feira;14:00:00;MG;262;ARAXA;Ausï¿½ncia de reaï¿½ï¿½o do condutor;Saï¿½da de leito carroï¿½ï¿½vel;Com Vï¿½timas Feridas;Pleno dia;Chuva;Simples;Curva;Nï¿½o;0;0
2025-03-31;segunda-feira;15:45:00;MT;70;CACERES;Acesso irregular;Colisï¿½o frontal;Com Vï¿½timas Feridas;Pleno dia;Cï¿½u Claro;Simples;Interseï¿½ï¿½o de Vias;Sim;0;0
2025-03-31;segunda-feira;17:20:00;RS;116;ESTEIO;Objeto estï¿½tico sobre o leito carroï¿½ï¿½vel;Colisï¿½o traseira;Com Vï¿½timas Feridas;Anoitecer;Chuva;Dupla;Reta;Sim;0;0
2025-03-31;segunda-feira;15:05:00;AC;364;RIO BRANCO;Reaï¿½ï¿½o tardia ou ineficiente do condutor;Colisï¿½o traseira;Com Vï¿½timas Feridas;Pleno dia;Cï¿½u Claro;Simples;Curva;Sim;0;0
2025-03-31;segunda-feira;17:40:00;SC;101;ITAJAI;Reaï¿½ï¿½o tardia ou ineficiente do condutor;Colisï¿½o lateral mesmo sentido;Com Vï¿½timas Feridas;Anoitecer;Cï¿½u Claro;Simples;Curva;Sim;0;0
2025-03-31;segunda-feira;17:31:00;GO;153;HIDROLANDIA;Acessar a via sem observar a presenï¿½a dos outros veï¿½culos;Colisï¿½o traseira;Com Vï¿½timas Feridas;Pleno dia;Nublado;Dupla;Retorno Regulamentado;Nï¿½o;0;0
2025-03-31;segunda-feira;17:00:00;SC;101;BALNEARIO PICARRAS;Acessar a via sem observar a presenï¿½a dos outros veï¿½culos;Colisï¿½o transversal;Com Vï¿½timas Feridas;Pleno dia;Sol;Mï¿½ltipla;Reta;Sim;0;0
2025-03-31;segunda-feira;17:10:00;RS;392;RIO GRANDE;Reaï¿½ï¿½o tardia ou ineficiente do condutor;Colisï¿½o traseira;Com Vï¿½timas Feridas;Pleno dia;Nublado;Simples;Reta;Sim;0;0
2025-03-31;segunda-feira;15:30:00;RN;226;NATAL;Acessar a via sem observar a presenï¿½a dos outros veï¿½culos;Colisï¿½o traseira;Com Vï¿½timas Feridas;Pleno dia;Cï¿½u Claro;Simples;Curva;Sim;0;0
2025-03-31;segunda-feira;16:20:00;BA;324;SALVADOR;Condutor deixou de manter distï¿½ncia do veï¿½culo da frente;Colisï¿½o lateral mesmo sentido;Com Vï¿½timas Feridas;Pleno dia;Cï¿½u Claro;Dupla;Reta;Sim;0;0
2025-03-31;segunda-feira;18:05:00;RJ;116;NOVA IGUACU;Condutor deixou de manter distï¿½ncia do veï¿½culo da frente;Colisï¿½o traseira;Sem Vï¿½timas;Plena Noite;Cï¿½u Claro;Dupla;Reta;Sim;0;0
2025-03-31;segunda-feira;16:40:00;MS;163;CAMPO GRANDE;Acessar a via sem observar a presenï¿½a dos outros veï¿½culos;Colisï¿½o transversal;Com Vï¿½timas Feridas;Pleno dia;Cï¿½u Claro;Simples;Reta;Sim;0;0
2025-03-31;segunda-feira;15:25:00;RJ;101;SILVA JARDIM;Demais falhas mecï¿½nicas ou elï¿½tricas;Incï¿½ndio;Sem Vï¿½timas;Pleno dia;Cï¿½u Claro;Dupla;Reta;Nï¿½o;0;0
2025-03-31;segunda-feira;16:30:00;RJ;116;PIRAI;Ausï¿½ncia de reaï¿½ï¿½o do condutor;Tombamento;Com Vï¿½timas Feridas;Pleno dia;Nublado;Dupla;"Declive;Curva";Nï¿½o;0;0
2025-03-31;segunda-feira;17:15:00;BA;324;SALVADOR;Trafegar com motocicleta (ou similar) entre as faixas;Colisï¿½o lateral mesmo sentido;Com Vï¿½timas Feridas;Anoitecer;Cï¿½u Claro;Dupla;Reta;Sim;0;0
2025-03-31;segunda-feira;16:30:00;MG;381;SAO GONCALO DO SAPUCAI;Demais falhas mecï¿½nicas ou elï¿½tricas;Incï¿½ndio;Sem Vï¿½timas;Pleno dia;Nublado;Dupla;Reta;Nï¿½o;0;0
2025-03-31;segunda-feira;18:10:00;CE;20;CAUCAIA;Animais na Pista;Atropelamento de Animal;Sem Vï¿½timas;Pleno dia;Cï¿½u Claro;Simples;Reta;Nï¿½o;0;0
2025-03-31;segunda-feira;16:40:00;MG;40;FELIXLANDIA;Sinalizaï¿½ï¿½o mal posicionada;Colisï¿½o traseira;Sem Vï¿½timas;Pleno dia;Cï¿½u Claro;Simples;Curva;Nï¿½o;0;0
2025-03-31;segunda-feira;16:00:00;PR;373;GUAMIRANGA;Condutor deixou de manter distï¿½ncia do veï¿½culo da frente;Colisï¿½o traseira;Com Vï¿½timas Feridas;Pleno dia;Cï¿½u Claro;Simples;Reta;Sim;0;0
2025-03-31;segunda-feira;18:20:00;DF;70;BRASILIA;Ausï¿½ncia de reaï¿½ï¿½o do condutor;Colisï¿½o traseira;Sem Vï¿½timas;Anoitecer;Ignorado;Dupla;Rotatï¿½ria;Nï¿½o;0;0
2025-03-31;segunda-feira;19:00:00;GO;414;ANAPOLIS;Ingestï¿½o de ï¿½lcool pelo condutor;Tombamento;Com Vï¿½timas Feridas;Plena Noite;Cï¿½u Claro;Mï¿½ltipla;Interseï¿½ï¿½o de Vias;Sim;0;0
2025-03-31;segunda-feira;16:10:00;RO;319;PORTO VELHO;Acessar a via sem observar a presenï¿½a dos outros veï¿½culos;Colisï¿½o transversal;Com Vï¿½timas Feridas;Pleno dia;Cï¿½u Claro;Dupla;Reta;Sim;0;0
2025-02-11;terï¿½a-feira;19:30:00;RJ;465;SEROPEDICA;Transitar na contramï¿½o;Colisï¿½o transversal;Com Vï¿½timas Feridas;Plena Noite;Cï¿½u Claro;Simples;Reta;Sim;0;0
2025-02-15;sï¿½bado;19:13:00;PE;232;RECIFE;Manobra de mudanï¿½a de faixa;Colisï¿½o lateral mesmo sentido;Com Vï¿½timas Feridas;Pleno dia;Cï¿½u Claro;Mï¿½ltipla;Reta;Sim;0;0
2025-03-31;segunda-feira;18:55:00;MG;365;GURINHATA;Acostamento em desnï¿½vel;Capotamento;Com Vï¿½timas Feridas;Plena Noite;Cï¿½u Claro;Simples;Reta;Nï¿½o;0;0
2025-03-31;segunda-feira;19:48:00;PR;369;SANTA MARIANA;Desrespeitar a preferï¿½ncia no cruzamento;Colisï¿½o transversal;Com Vï¿½timas Feridas;Plena Noite;Cï¿½u Claro;Simples;"Reta;Interseï¿½ï¿½o de Vias";Sim;0;0
2025-03-31;segunda-feira;19:30:00;MG;40;BELO HORIZONTE;Pedestre andava na pista;Atropelamento de Pedestre;Com Vï¿½timas Feridas;Plena Noite;Chuva;Dupla;"Aclive;Reta";Sim;0;0
2025-03-31;segunda-feira;20:20:00;RN;101;NATAL;Entrada inopinada do pedestre;Atropelamento de Pedestre;Com Vï¿½timas Feridas;Plena Noite;Cï¿½u Claro;Dupla;Reta;Sim;0;0
2025-03-31;segunda-feira;19:15:00;MS;262;ANASTACIO;Carga excessiva e/ou mal acondicionada;Colisï¿½o com objeto;Sem Vï¿½timas;Plena Noite;Nublado;Simples;"Reta;Aclive";Nï¿½o;0;0
2025-03-31;segunda-feira;18:15:00;RJ;40;DUQUE DE CAXIAS;Trafegar com motocicleta (ou similar) entre as faixas;Colisï¿½o lateral mesmo sentido;Com Vï¿½timas Feridas;Plena Noite;Cï¿½u Claro;Dupla;Reta;Sim;0;0
2025-03-31;segunda-feira;17:45:00;RJ;116;DUQUE DE CAXIAS;Manobra de mudanï¿½a de faixa;Colisï¿½o lateral mesmo sentido;Com Vï¿½timas Feridas;Anoitecer;Cï¿½u Claro;Dupla;Reta;Sim;0;0
2025-03-31;segunda-feira;18:50:00;RS;116;NOVO HAMBURGO;Chuva;Saï¿½da de leito carroï¿½ï¿½vel;Com Vï¿½timas Feridas;Plena Noite;Chuva;Mï¿½ltipla;"Reta;Em Obras;Declive";Sim;0;0
2025-03-31;segunda-feira;20:00:00;RJ;101;SAO GONCALO;Pedestre - Ingestï¿½o de ï¿½lcool/ substï¿½ncias psicoativas;Atropelamento de Pedestre;Com Vï¿½timas Feridas;Plena Noite;Cï¿½u Claro;Dupla;Reta;Sim;0;0
2025-03-31;segunda-feira;20:20:00;PB;230;JOAO PESSOA;Manobra de mudanï¿½a de faixa;Colisï¿½o lateral mesmo sentido;Com Vï¿½timas Feridas;Plena Noite;Cï¿½u Claro;Dupla;Reta;Sim;0;0
2025-02-26;quarta-feira;21:50:00;SC;101;TUBARAO;Acessar a via sem observar a presenï¿½a dos outros veï¿½culos;Tombamento;Com Vï¿½timas Feridas;Plena Noite;Cï¿½u Claro;Mï¿½ltipla;Rotatï¿½ria;Sim;0;0
2025-03-31;segunda-feira;21:30:00;SP;381;MAIRIPORA;Reaï¿½ï¿½o tardia ou ineficiente do condutor;Colisï¿½o com objeto;Com Vï¿½timas Feridas;Plena Noite;Garoa/Chuvisco;Dupla;"Curva;Declive";Nï¿½o;0;0
2025-03-31;segunda-feira;22:30:00;ES;101;LINHARES;Condutor desrespeitou a iluminaï¿½ï¿½o vermelha do semï¿½foro;Colisï¿½o transversal;Com Vï¿½timas Feridas;Plena Noite;Cï¿½u Claro;Simples;Interseï¿½ï¿½o de Vias;Sim;0;0