data_inversa;dia_semana;horario;uf;br;municipio;causa_acidente;tipo_acidente;classificacao_acidente;fase_dia;condicao_metereologica;tipo_pista;tracado_via;uso_solo;mortos;acidente_fatal
2025-04-14;segunda-feira;17:45:00;CE;116;FORTALEZA;Condutor deixou de manter distï¿½ncia do veï¿½culo da frente;Colisï¿½o traseira;Com Vï¿½timas Feridas;Anoitecer;Cï¿½u Claro;Mï¿½ltipla;Reta;Sim;0;0
2025-04-14;segunda-feira;17:45:00;PE;408;SAO LOURENCO DA MATA;Manobra de mudanï¿½a de faixa;Colisï¿½o lateral mesmo sentido;Com Vï¿½timas Feridas;Plena Noite;Cï¿½u Claro;Dupla;"Reta;Interseï¿½ï¿½o de Vias";Nï¿½o;0;0
2025-04-14;segunda-feira;18:17:00;PB;230;JOAO PESSOA;Manobra de mudanï¿½a de faixa;Colisï¿½o lateral mesmo sentido;Com Vï¿½timas Feridas;Plena Noite;Cï¿½u Claro;Dupla;Reta;Sim;0;0
2025-04-14;segunda-feira;17:50:00;BA;110;RIBEIRA DO POMBAL;Ingestï¿½o de ï¿½lcool pelo condutor;Colisï¿½o traseira;Com Vï¿½timas Feridas;Plena Noite;Cï¿½u Claro;Simples;Reta;Sim;0;0
2025-04-14;segunda-feira;19:00:00;RS;116;CANOAS;Condutor deixou de manter distï¿½ncia do veï¿½culo da frente;Colisï¿½o traseira;Com Vï¿½timas Feridas;Plena Noite;Nublado;Mï¿½ltipla;Reta;Nï¿½o;0;0
2025-04-14;segunda-feira;11:00:00;PE;316;BELEM DE SAO FRANCISCO;Acessar a via sem observar a presenï¿½a dos outros veï¿½culos;Colisï¿½o transversal;Com Vï¿½timas Feridas;Pleno dia;Cï¿½u Claro;Simples;Reta;Nï¿½o;0;0
2025-04-14;segunda-feira;18:30:00;MS;163;SONORA;Animais na Pista;Atropelamento de Animal;Com Vï¿½timas Feridas;Plena Noite;Cï¿½u Claro;Simples;Reta;Nï¿½o;0;0
2025-04-14;segunda-feira;18:11:00;BA;101;ALAGOINHAS;Conversï¿½o proibida;Colisï¿½o transversal;Com Vï¿½timas Feridas;Plena Noite;Cï¿½u Claro;Simples;Reta;Sim;0;0
2025-04-14;segunda-feira;17:30:00;PR;369;CAMBE;Transitar no Acostamento;Colisï¿½o traseira;Com Vï¿½timas Feridas;Pleno dia;Cï¿½u Claro;Dupla;"Em Obras;Reta";Sim;0;0
2025-04-14;segunda-feira;19:00:00;SE;235;ARACAJU;Pedestre cruzava a pista fora da faixa;Atropelamento de Pedestre;Com Vï¿½timas Feridas;Plena Noite;Nublado;Mï¿½ltipla;Reta;Sim;0;0
2025-04-14;segunda-feira;19:30:00;PR;277;FOZ DO IGUACU;Ausï¿½ncia de reaï¿½ï¿½o do condutor;Colisï¿½o traseira;Com Vï¿½timas Feridas;Plena Noite;Cï¿½u Claro;Dupla;Reta;Sim;0;0
2025-04-14;segunda-feira;19:50:00;SC;282;FLORIANOPOLIS;Manobra de mudanï¿½a de faixa;Colisï¿½o lateral mesmo sentido;Com Vï¿½timas Feridas;Plena Noite;Cï¿½u Claro;Dupla;Reta;Sim;0;0
2025-04-14;segunda-feira;19:45:00;SP;116;GUARULHOS;Reaï¿½ï¿½o tardia ou ineficiente do condutor;Colisï¿½o traseira;Com Vï¿½timas Feridas;Plena Noite;Vento;Mï¿½ltipla;Reta;Sim;0;0
2025-04-14;segunda-feira;17:10:00;RJ;40;PETROPOLIS;Acumulo de ï¿½leo sobre o pavimento;Tombamento;Com Vï¿½timas Feridas;Plena Noite;Nublado;Dupla;"Aclive;Interseï¿½ï¿½o de Vias;Curva";Sim;0;0
2025-04-14;segunda-feira;20:00:00;SP;381;MAIRIPORA;Objeto estï¿½tico sobre o leito carroï¿½ï¿½vel;Queda de ocupante de veï¿½culo;Com Vï¿½timas Feridas;Plena Noite;Cï¿½u Claro;Mï¿½ltipla;Curva;Sim;0;0
2025-04-14;segunda-feira;19:00:00;RJ;101;ANGRA DOS REIS;Pedestre - Ingestï¿½o de ï¿½lcool/ substï¿½ncias psicoativas;Atropelamento de Pedestre;Com Vï¿½timas Feridas;Plena Noite;Cï¿½u Claro;Simples;Reta;Sim;0;0
2025-04-14;segunda-feira;19:45:00;MS;163;SONORA;Objeto estï¿½tico sobre o leito carroï¿½ï¿½vel;Saï¿½da de leito carroï¿½ï¿½vel;Com Vï¿½timas Feridas;Plena Noite;Cï¿½u Claro;Simples;Reta;Nï¿½o;0;0
2025-04-14;segunda-feira;18:35:00;PR;116;FAZENDA RIO GRANDE;Trafegar com motocicleta (ou similar) entre as faixas;Queda de ocupante de veï¿½culo;Com Vï¿½timas Feridas;Plena Noite;Nublado;Dupla;Reta;Sim;0;0
2025-04-14;segunda-feira;19:00:00;RO;364;ARIQUEMES;Pista esburacada;Queda de ocupante de veï¿½culo;Com Vï¿½timas Feridas;Plena Noite;Nublado;Simples;Reta;Sim;0;0
2025-04-14;segunda-feira;20:25:00;RS;158;SANTANA DO LIVRAMENTO;Reaï¿½ï¿½o tardia ou ineficiente do condutor;Saï¿½da de leito carroï¿½ï¿½vel;Com Vï¿½timas Feridas;Plena Noite;Cï¿½u Claro;Simples;"Rotatï¿½ria;Reta";Sim;0;0
2025-04-14;segunda-feira;21:55:00;PI;343;PARNAIBA;Acessar a via sem observar a presenï¿½a dos outros veï¿½culos;Colisï¿½o transversal;Com Vï¿½timas Feridas;Plena Noite;Cï¿½u Claro;Simples;Reta;Sim;0;0
2025-04-14;segunda-feira;20:00:00;PI;343;CAMPO MAIOR;Acessar a via sem observar a presenï¿½a dos outros veï¿½culos;Colisï¿½o transversal;Com Vï¿½timas Feridas;Plena Noite;Cï¿½u Claro;Simples;Reta;Sim;0;0
2025-04-14;segunda-feira;21:30:00;SC;101;TIJUCAS;Reaï¿½ï¿½o tardia ou ineficiente do condutor;Colisï¿½o traseira;Com Vï¿½timas Feridas;Plena Noite;Cï¿½u Claro;Dupla;Reta;Sim;0;0
2025-04-15;terï¿½a-feira;00:30:00;RJ;493;GUAPIMIRIM;Acessar a via sem observar a presenï¿½a dos outros veï¿½culos;Tombamento;Com Vï¿½timas Feridas;Plena Noite;Nublado;Simples;"Em Obras;Reta";Sim;0;0
2025-04-15;terï¿½a-feira;05:30:00;PI;343;TERESINA;Transitar na contramï¿½o;Colisï¿½o frontal;Com Vï¿½timas Fatais;Amanhecer;Ignorado;Simples;Reta;Nï¿½o;2;1
2025-04-14;segunda-feira;21:00:00;MG;40;CARANDAI;Chuva;Saï¿½da de leito carroï¿½ï¿½vel;Com Vï¿½timas Feridas;Plena Noite;Chuva;Simples;Reta;Nï¿½o;0;0
2025-04-15;terï¿½a-feira;05:15:00;GO;50;CATALAO;Animais na Pista;Atropelamento de Animal;Com Vï¿½timas Feridas;Pleno dia;Cï¿½u Claro;Dupla;Reta;Sim;0;0
2025-04-15;terï¿½a-feira;05:20:00;SP;116;GUARULHOS;Ausï¿½ncia de reaï¿½ï¿½o do condutor;Tombamento;Com Vï¿½timas Feridas;Pleno dia;Nublado;Mï¿½ltipla;Reta;Sim;0;0
2025-04-14;segunda-feira;19:55:00;PE;407;PETROLINA;Ausï¿½ncia de reaï¿½ï¿½o do condutor;Colisï¿½o traseira;Sem Vï¿½timas;Plena Noite;Cï¿½u Claro;Simples;Interseï¿½ï¿½o de Vias;Nï¿½o;0;0
2025-04-15;terï¿½a-feira;06:45:00;PB;101;CAAPORA;Acumulo de areia ou detritos sobre o pavimento;Tombamento;Com Vï¿½timas Feridas;Pleno dia;Cï¿½u Claro;Dupla;"Declive;Retorno Regulamentado";Nï¿½o;0;0
2025-04-15;terï¿½a-feira;06:45:00;SP;116;GUARULHOS;Manobra de mudanï¿½a de faixa;Colisï¿½o lateral mesmo sentido;Com Vï¿½timas Feridas;Pleno dia;Nublado;Mï¿½ltipla;"Reta;Em Obras";Sim;0;0
2025-04-15;terï¿½a-feira;06:47:00;PR;277;PARANAGUA;Acessar a via sem observar a presenï¿½a dos outros veï¿½culos;Colisï¿½o lateral mesmo sentido;Com Vï¿½timas Feridas;Amanhecer;Sol;Dupla;"Aclive;Viaduto";Sim;0;0
2025-04-15;terï¿½a-feira;07:15:00;RN;101;NATAL;Acessar a via sem observar a presenï¿½a dos outros veï¿½culos;Colisï¿½o transversal;Com Vï¿½timas Feridas;Pleno dia;Cï¿½u Claro;Simples;Curva;Nï¿½o;0;0
2025-04-15;terï¿½a-feira;07:45:00;ES;101;LINHARES;Acessar a via sem observar a presenï¿½a dos outros veï¿½culos;Colisï¿½o transversal;Com Vï¿½timas Feridas;Pleno dia;Cï¿½u Claro;Dupla;Reta;Sim;0;0
2025-04-11;sexta-feira;20:00:00;BA;110;JEREMOABO;Chuva;Saï¿½da de leito carroï¿½ï¿½vel;Com Vï¿½timas Feridas;Plena Noite;Chuva;Simples;Curva;Nï¿½o;0;0
2025-04-15;terï¿½a-feira;06:30:00;MG;262;MANHUACU;Desrespeitar a preferï¿½ncia no cruzamento;Colisï¿½o transversal;Com Vï¿½timas Feridas;Pleno dia;Cï¿½u Claro;Simples;Reta;Sim;0;0
2025-04-14;segunda-feira;19:50:00;GO;20;SIMOLANDIA;Ausï¿½ncia de reaï¿½ï¿½o do condutor;Saï¿½da de leito carroï¿½ï¿½vel;Sem Vï¿½timas;Plena Noite;Garoa/Chuvisco;Dupla;Reta;Sim;0;0
2025-04-15;terï¿½a-feira;07:40:00;MG;381;BETIM;Ausï¿½ncia de reaï¿½ï¿½o do condutor;Colisï¿½o traseira;Com Vï¿½timas Feridas;Pleno dia;Cï¿½u Claro;Dupla;Reta;Nï¿½o;0;0
2025-04-15;terï¿½a-feira;07:40:00;DF;40;BRASILIA;Trafegar com motocicleta (ou similar) entre as faixas;Colisï¿½o lateral mesmo sentido;Com Vï¿½timas Feridas;Pleno dia;Cï¿½u Claro;Dupla;Reta;Sim;0;0
2025-04-15;terï¿½a-feira;08:00:00;RJ;101;CAMPOS DOS GOYTACAZES;Animais na Pista;Atropelamento de Animal;Com Vï¿½timas Feridas;Pleno dia;Cï¿½u Claro;Simples;Curva;Sim;0;0
2025-04-15;terï¿½a-feira;07:48:00;RN;101;NATAL;Manobra de mudanï¿½a de faixa;Colisï¿½o lateral mesmo sentido;Com Vï¿½timas Feridas;Pleno dia;Cï¿½u Claro;Dupla;Reta;Sim;0;0
2025-04-15;terï¿½a-feira;08:10:00;RS;290;PORTO ALEGRE;Reaï¿½ï¿½o tardia ou ineficiente do condutor;Colisï¿½o com objeto;Com Vï¿½timas Feridas;Pleno dia;Cï¿½u Claro;Dupla;"Reta;Declive";Nï¿½o;0;0
2025-04-15;terï¿½a-feira;07:05:00;GO;60;ABADIA DE GOIAS;Reaï¿½ï¿½o tardia ou ineficiente do condutor;Saï¿½da de leito carroï¿½ï¿½vel;Com Vï¿½timas Feridas;Pleno dia;Nublado;Dupla;"Declive;Reta";Nï¿½o;0;0
2025-04-15;terï¿½a-feira;07:05:00;MS;463;DOURADOS;Acessar a via sem observar a presenï¿½a dos outros veï¿½culos;Colisï¿½o transversal;Com Vï¿½timas Feridas;Pleno dia;Cï¿½u Claro;Simples;Reta;Sim;0;0
2025-04-15;terï¿½a-feira;08:20:00;SC;101;SAO JOSE;Reaï¿½ï¿½o tardia ou ineficiente do condutor;Tombamento;Com Vï¿½timas Feridas;Pleno dia;Cï¿½u Claro;Simples;Curva;Sim;0;0
2025-03-26;quarta-feira;20:15:00;SC;101;BALNEARIO CAMBORIU;Acessar a via sem observar a presenï¿½a dos outros veï¿½culos;Colisï¿½o transversal;Com Vï¿½timas Feridas;Plena Noite;Ignorado;Dupla;Reta;Sim;0;0
2025-04-15;terï¿½a-feira;08:50:00;ES;101;CARIACICA;Conversï¿½o proibida;Colisï¿½o lateral mesmo sentido;Com Vï¿½timas Feridas;Pleno dia;Cï¿½u Claro;Dupla;Curva;Nï¿½o;0;0
2025-04-15;terï¿½a-feira;08:00:00;DF;20;BRASILIA;Manobra de mudanï¿½a de faixa;Colisï¿½o traseira;Com Vï¿½timas Feridas;Pleno dia;Chuva;Dupla;"Declive;Reta";Sim;0;0
2025-04-15;terï¿½a-feira;07:47:00;CE;304;ARACATI;Ausï¿½ncia de reaï¿½ï¿½o do condutor;Colisï¿½o transversal;Com Vï¿½timas Feridas;Pleno dia;Cï¿½u Claro;Simples;Curva;Sim;0;0
2025-04-15;terï¿½a-feira;09:40:00;RS;386;LAJEADO;Acumulo de areia ou detritos sobre o pavimento;Tombamento;Com Vï¿½timas Feridas;Pleno dia;Cï¿½u Claro;Dupla;"Viaduto;Interseï¿½ï¿½o de Vias;Ponte;Reta;Em Obras";Nï¿½o;0;0
2025-04-15;terï¿½a-feira;09:25:00;MG;116;MANHUACU;Transitar na contramï¿½o;Colisï¿½o lateral mesmo sentido;Com Vï¿½timas Feridas;Pleno dia;Cï¿½u Claro;Simples;Reta;Nï¿½o;0;0
2025-04-15;terï¿½a-feira;09:49:00;TO;153;PARAISO DO TOCANTINS;Demais falhas mecï¿½nicas ou elï¿½tricas;Incï¿½ndio;Sem Vï¿½timas;Pleno dia;Cï¿½u Claro;Simples;Reta;Nï¿½o;0;0
2025-04-15;terï¿½a-feira;09:20:00;RJ;116;NOVA IGUACU;Manobra de mudanï¿½a de faixa;Colisï¿½o lateral mesmo sentido;Com Vï¿½timas Feridas;Pleno dia;Cï¿½u Claro;Dupla;Reta;Sim;0;0
2025-04-15;terï¿½a-feira;10:20:00;BA;324;SIMOES FILHO;Manobra de mudanï¿½a de faixa;Colisï¿½o traseira;Com Vï¿½timas Feridas;Pleno dia;Cï¿½u Claro;Mï¿½ltipla;Reta;Nï¿½o;0;0
2025-04-15;terï¿½a-feira;06:50:00;RJ;116;DUQUE DE CAXIAS;Frear bruscamente;Engavetamento;Com Vï¿½timas Feridas;Pleno dia;Cï¿½u Claro;Dupla;Reta;Sim;0;0
2025-04-15;terï¿½a-feira;10:20:00;SP;116;ROSEIRA;Reaï¿½ï¿½o tardia ou ineficiente do condutor;Colisï¿½o traseira;Com Vï¿½timas Feridas;Pleno dia;Sol;Dupla;Reta;Nï¿½o;0;0
2025-04-15;terï¿½a-feira;00:00:00;PA;308;TRACUATEUA;Ausï¿½ncia de reaï¿½ï¿½o do condutor;Eventos atï¿½picos;Com Vï¿½timas Fatais;Plena Noite;Ignorado;Simples;"Reta;Aclive";Nï¿½o;1;1
2025-04-15;terï¿½a-feira;09:45:00;SE;101;ROSARIO DO CATETE;Acessar a via sem observar a presenï¿½a dos outros veï¿½culos;Colisï¿½o transversal;Sem Vï¿½timas;Pleno dia;Cï¿½u Claro;Simples;Interseï¿½ï¿½o de Vias;Nï¿½o;0;0
2025-04-15;terï¿½a-feira;10:35:00;GO;153;APARECIDA DE GOIANIA;Condutor deixou de manter distï¿½ncia do veï¿½culo da frente;Colisï¿½o traseira;Com Vï¿½timas Feridas;Pleno dia;Cï¿½u Claro;Mï¿½ltipla;Reta;Sim;0;0
2025-04-15;terï¿½a-feira;08:45:00;PB;230;SOBRADO;Reaï¿½ï¿½o tardia ou ineficiente do condutor;Queda de ocupante de veï¿½culo;Com Vï¿½timas Feridas;Pleno dia;Cï¿½u Claro;Dupla;Reta;Nï¿½o;0;0
2025-04-15;terï¿½a-feira;07:44:00;AC;364;RIO BRANCO;Retorno proibido;Colisï¿½o transversal;Com Vï¿½timas Feridas;Pleno dia;Cï¿½u Claro;Simples;Reta;Sim;0;0
2025-04-15;terï¿½a-feira;10:45:00;RJ;101;SAO GONCALO;Reaï¿½ï¿½o tardia ou ineficiente do condutor;Colisï¿½o com objeto;Com Vï¿½timas Feridas;Pleno dia;Nublado;Simples;Curva;Sim;0;0
2025-04-15;terï¿½a-feira;09:30:00;BA;324;SALVADOR;Ausï¿½ncia de reaï¿½ï¿½o do condutor;Colisï¿½o traseira;Com Vï¿½timas Feridas;Pleno dia;Cï¿½u Claro;Dupla;Reta;Sim;0;0
2025-04-15;terï¿½a-feira;10:30:00;SP;116;EMBU DAS ARTES;Trafegar com motocicleta (ou similar) entre as faixas;Colisï¿½o lateral mesmo sentido;Com Vï¿½timas Feridas;Pleno dia;Cï¿½u Claro;Dupla;Reta;Sim;0;0
2025-04-15;terï¿½a-feira;10:50:00;SC;101;PALHOCA;Acessar a via sem observar a presenï¿½a dos outros veï¿½culos;Colisï¿½o lateral mesmo sentido;Com Vï¿½timas Feridas;Pleno dia;Sol;Mï¿½ltipla;Reta;Sim;0;0
2025-04-11;sexta-feira;13:00:00;MG;262;CORREGO DANTA;Reaï¿½ï¿½o tardia ou ineficiente do condutor;Colisï¿½o transversal;Com Vï¿½timas Feridas;Pleno dia;Cï¿½u Claro;Simples;Interseï¿½ï¿½o de Vias;Nï¿½o;0;0
2025-04-15;terï¿½a-feira;11:00:00;SC;101;PORTO BELO;Demais falhas mecï¿½nicas ou elï¿½tricas;Incï¿½ndio;Sem Vï¿½timas;Pleno dia;Nublado;Dupla;Reta;Sim;0;0
2025-04-15;terï¿½a-feira;09:09:00;RO;364;JI-PARANA;Frear bruscamente;Colisï¿½o traseira;Sem Vï¿½timas;Pleno dia;Cï¿½u Claro;Dupla;Reta;Sim;0;0
2025-04-15;terï¿½a-feira;11:40:00;PR;0;GUAIRA;Reaï¿½ï¿½o tardia ou ineficiente do condutor;Colisï¿½o traseira;Sem Vï¿½timas;Pleno dia;Garoa/Chuvisco;Simples;"Reta;Aclive";Sim;0;0
2025-04-15;terï¿½a-feira;11:40:00;ES;101;LINHARES;Animais na Pista;Atropelamento de Animal;Com Vï¿½timas Feridas;Pleno dia;Cï¿½u Claro;Mï¿½ltipla;Reta;Sim;0;0
2025-04-15;terï¿½a-feira;12:40:00;BA;324;SAO SEBASTIAO DO PASSE;Demais falhas mecï¿½nicas ou elï¿½tricas;Incï¿½ndio;Sem Vï¿½timas;Pleno dia;Cï¿½u Claro;Dupla;Reta;Nï¿½o;0;0
2025-04-12;sï¿½bado;01:30:00;SC;282;XANXERE;Acessar a via sem observar a presenï¿½a dos outros veï¿½culos;Colisï¿½o transversal;Com Vï¿½timas Feridas;Plena Noite;Ignorado;Dupla;"Reta;Aclive";Nï¿½o;0;0
2025-02-26;quarta-feira;07:00:00;PR;116;CURITIBA;Manobra de mudanï¿½a de faixa;Colisï¿½o traseira;Com Vï¿½timas Feridas;Pleno dia;Cï¿½u Claro;Dupla;Reta;Sim;0;0
2025-04-15;terï¿½a-feira;12:30:00;PE;428;PETROLINA;Manobra de mudanï¿½a de faixa;Colisï¿½o lateral mesmo sentido;Com Vï¿½timas Feridas;Pleno dia;Sol;Dupla;"Retorno Regulamentado;Reta";Sim;0;0
2025-03-29;sï¿½bado;12:30:00;PR;376;CALIFORNIA;Ausï¿½ncia de reaï¿½ï¿½o do condutor;Colisï¿½o traseira;Com Vï¿½timas Feridas;Pleno dia;Cï¿½u Claro;Dupla;Reta;Nï¿½o;0;0
2025-04-15;terï¿½a-feira;13:35:00;PR;116;MANDIRITUBA;Reaï¿½ï¿½o tardia ou ineficiente do condutor;Colisï¿½o lateral mesmo sentido;Com Vï¿½timas Feridas;Pleno dia;Nublado;Dupla;"Rotatï¿½ria;Interseï¿½ï¿½o de Vias";Sim;0;0
2025-04-15;terï¿½a-feira;13:50:00;SC;101;ITAPEMA;Manobra de mudanï¿½a de faixa;Colisï¿½o lateral mesmo sentido;Com Vï¿½timas Feridas;Pleno dia;Nublado;Dupla;Reta;Sim;0;0
2025-04-15;terï¿½a-feira;13:15:00;AL;316;TANQUE DARCA;Manobra de mudanï¿½a de faixa;Colisï¿½o frontal;Com Vï¿½timas Feridas;Pleno dia;Cï¿½u Claro;Simples;Reta;Nï¿½o;0;0
2025-04-15;terï¿½a-feira;13:10:00;AL;101;RIO LARGO;Condutor Dormindo;Capotamento;Com Vï¿½timas Feridas;Pleno dia;Cï¿½u Claro;Dupla;Declive;Nï¿½o;0;0
2025-04-15;terï¿½a-feira;13:00:00;MG;267;MARIPA DE MINAS;Velocidade Incompatï¿½vel;Engavetamento;Com Vï¿½timas Feridas;Pleno dia;Cï¿½u Claro;Simples;"Reta;Em Obras";Nï¿½o;0;0
2025-04-15;terï¿½a-feira;14:00:00;RJ;101;RIO DE JANEIRO;Ausï¿½ncia de reaï¿½ï¿½o do condutor;Colisï¿½o traseira;Com Vï¿½timas Feridas;Pleno dia;Cï¿½u Claro;Mï¿½ltipla;Reta;Sim;0;0
2025-03-08;sï¿½bado;19:25:00;PE;424;CAETES;Acessar a via sem observar a presenï¿½a dos outros veï¿½culos;Colisï¿½o frontal;Com Vï¿½timas Feridas;Plena Noite;Cï¿½u Claro;Simples;"Reta;Interseï¿½ï¿½o de Vias";Nï¿½o;0;0
2025-04-15;terï¿½a-feira;14:00:00;PE;232;MORENO;Condutor deixou de manter distï¿½ncia do veï¿½culo da frente;Colisï¿½o traseira;Com Vï¿½timas Feridas;Pleno dia;Sol;Dupla;Aclive;Sim;0;0
2025-04-15;terï¿½a-feira;15:00:00;PR;376;MARINGA;Velocidade Incompatï¿½vel;Tombamento;Com Vï¿½timas Feridas;Pleno dia;Chuva;Mï¿½ltipla;Reta;Sim;0;0
2025-04-15;terï¿½a-feira;13:25:00;SC;282;XANXERE;Acessar a via sem observar a presenï¿½a dos outros veï¿½culos;Colisï¿½o transversal;Com Vï¿½timas Feridas;Pleno dia;Cï¿½u Claro;Simples;"Interseï¿½ï¿½o de Vias;Rotatï¿½ria";Sim;0;0
2025-04-15;terï¿½a-feira;14:10:00;BA;116;VITORIA DA CONQUISTA;Acessar a via sem observar a presenï¿½a dos outros veï¿½culos;Colisï¿½o transversal;Com Vï¿½timas Feridas;Pleno dia;Nublado;Dupla;Reta;Sim;0;0
2025-04-15;terï¿½a-feira;13:20:00;MS;163;SAO GABRIEL DO OESTE;Desrespeitar a preferï¿½ncia no cruzamento;Colisï¿½o transversal;Com Vï¿½timas Feridas;Pleno dia;Cï¿½u Claro;Simples;"Interseï¿½ï¿½o de Vias;Reta";Sim;0;0
2025-04-15;terï¿½a-feira;15:10:00;RJ;116;SAO JOAO DE MERITI;Manobra de mudanï¿½a de faixa;Colisï¿½o traseira;Com Vï¿½timas Feridas;Pleno dia;Nublado;Mï¿½ltipla;Reta;Sim;0;0
2025-04-15;terï¿½a-feira;15:20:00;RJ;116;SAO JOAO DE MERITI;Condutor deixou de manter distï¿½ncia do veï¿½culo da frente;Engavetamento;Com Vï¿½timas Feridas;Pleno dia;Cï¿½u Claro;Mï¿½ltipla;Reta;Sim;0;0
2025-04-15;terï¿½a-feira;15:10:00;AL;316;SATUBA;Acessar a via sem observar a presenï¿½a dos outros veï¿½culos;Colisï¿½o frontal;Com Vï¿½timas Feridas;Pleno dia;Cï¿½u Claro;Simples;Reta;Sim;0;0
2025-04-15;terï¿½a-feira;15:00:00;BA;367;EUNAPOLIS;Acessar a via sem observar a presenï¿½a dos outros veï¿½culos;Colisï¿½o lateral mesmo sentido;Com Vï¿½timas Feridas;Pleno dia;Cï¿½u Claro;Dupla;Reta;Sim;0;0
2025-04-15;terï¿½a-feira;16:05:00;PB;230;CAMPINA GRANDE;Frear bruscamente;Tombamento;Com Vï¿½timas Feridas;Pleno dia;Cï¿½u Claro;Dupla;"Reta;Declive";Sim;0;0
2025-04-15;terï¿½a-feira;16:30:00;TO;153;GURUPI;Demais falhas na via;Queda de ocupante de veï¿½culo;Com Vï¿½timas Feridas;Pleno dia;Garoa/Chuvisco;Simples;Reta;Nï¿½o;0;0
2025-04-15;terï¿½a-feira;16:10:00;PE;101;RECIFE;Reaï¿½ï¿½o tardia ou ineficiente do condutor;Colisï¿½o traseira;Com Vï¿½timas Feridas;Pleno dia;Cï¿½u Claro;Dupla;"Interseï¿½ï¿½o de Vias;Reta";Sim;0;0
2025-04-15;terï¿½a-feira;08:00:00;RJ;101;RIO DE JANEIRO;Manobra de mudanï¿½a de faixa;Colisï¿½o lateral mesmo sentido;Com Vï¿½timas Feridas;Pleno dia;Cï¿½u Claro;Dupla;Reta;Sim;0;0
2025-04-15;terï¿½a-feira;16:20:00;SE;235;AREIA BRANCA;Ausï¿½ncia de reaï¿½ï¿½o do condutor;Colisï¿½o traseira;Com Vï¿½timas Feridas;Pleno dia;Cï¿½u Claro;Simples;Reta;Nï¿½o;0;0
2025-04-15;terï¿½a-feira;16:30:00;BA;324;SIMOES FILHO;Ausï¿½ncia de reaï¿½ï¿½o do condutor;Engavetamento;Com Vï¿½timas Feridas;Pleno dia;Cï¿½u Claro;Dupla;Reta;Sim;0;0
2025-04-15;terï¿½a-feira;16:45:00;RS;448;CANOAS;Demais falhas mecï¿½nicas ou elï¿½tricas;Queda de ocupante de veï¿½culo;Com Vï¿½timas Feridas;Pleno dia;Cï¿½u Claro;Mï¿½ltipla;Curva;Nï¿½o;0;0
2025-04-15;terï¿½a-feira;16:40:00;PA;230;MARABA;Condutor deixou de manter distï¿½ncia do veï¿½culo da frente;Colisï¿½o traseira;Com Vï¿½timas Feridas;Pleno dia;Cï¿½u Claro;Dupla;Reta;Sim;0;0
2025-04-15;terï¿½a-feira;17:18:00;RN;101;SAO GONCALO DO AMARANTE;Condutor deixou de manter distï¿½ncia do veï¿½culo da frente;Colisï¿½o traseira;Com Vï¿½timas Feridas;Pleno dia;Cï¿½u Claro;Dupla;Reta;Sim;0;0
2025-04-15;terï¿½a-feira;17:00:00;PR;116;MANDIRITUBA;Acessar a via sem observar a presenï¿½a dos outros veï¿½culos;Queda de ocupante de veï¿½culo;Com Vï¿½timas Feridas;Pleno dia;Nublado;Simples;Reta;Sim;0;0
2025-04-15;terï¿½a-feira;17:20:00;PR;116;MANDIRITUBA;Acessar a via sem observar a presenï¿½a dos outros veï¿½culos;Colisï¿½o transversal;Com Vï¿½timas Feridas;Pleno dia;Cï¿½u Claro;Dupla;Reta;Nï¿½o;0;0
2025-04-15;terï¿½a-feira;17:08:00;RS;116;IVOTI;Acessar a via sem observar a presenï¿½a dos outros veï¿½culos;Colisï¿½o transversal;Com Vï¿½timas Feridas;Pleno dia;Cï¿½u Claro;Dupla;"Retorno Regulamentado;Reta";Sim;0;0
2025-04-14;segunda-feira;15:00:00;RS;116;CAMAQUA;Condutor Dormindo;Saï¿½da de leito carroï¿½ï¿½vel;Sem Vï¿½timas;Pleno dia;Cï¿½u Claro;Dupla;Reta;Nï¿½o;0;0
2025-04-15;terï¿½a-feira;17:40:00;RJ;101;RIO DE JANEIRO;Manobra de mudanï¿½a de faixa;Colisï¿½o traseira;Com Vï¿½timas Feridas;Anoitecer;Cï¿½u Claro;Simples;"Reta;Ponte";Sim;0;0
2025-04-15;terï¿½a-feira;18:00:00;PR;116;CURITIBA;Trafegar com motocicleta (ou similar) entre as faixas;Colisï¿½o traseira;Com Vï¿½timas Feridas;Plena Noite;Garoa/Chuvisco;Dupla;Reta;Nï¿½o;0;0
2025-04-15;terï¿½a-feira;18:15:00;SP;153;SAO JOSE DO RIO PRETO;Ausï¿½ncia de reaï¿½ï¿½o do condutor;Colisï¿½o traseira;Com Vï¿½timas Feridas;Plena Noite;Cï¿½u Claro;Dupla;"Declive;Reta";Sim;0;0
2025-04-15;terï¿½a-feira;17:00:00;SP;116;EMBU DAS ARTES;Reaï¿½ï¿½o tardia ou ineficiente do condutor;Saï¿½da de leito carroï¿½ï¿½vel;Com Vï¿½timas Feridas;Pleno dia;Cï¿½u Claro;Dupla;Reta;Sim;0;0
2025-04-15;terï¿½a-feira;18:50:00;SC;101;GOVERNADOR CELSO RAMOS;Pedestre andava na pista;Atropelamento de Pedestre;Com Vï¿½timas Feridas;Plena Noite;Nublado;Dupla;Reta;Sim;0;0