data_inversa;dia_semana;horario;uf;br;municipio;causa_acidente;tipo_acidente;classificacao_acidente;fase_dia;condicao_metereologica;tipo_pista;tracado_via;uso_solo;mortos;acidente_fatal
2025-05-01;quinta-feira;01:45:00;RS;285;CARAZINHO;Condutor Dormindo;Saï¿½da de leito carroï¿½ï¿½vel;Com Vï¿½timas Feridas;Plena Noite;Cï¿½u Claro;Simples;Ponte;Nï¿½o;0;0
2025-05-01;quinta-feira;04:00:00;PE;104;CARUARU;Reaï¿½ï¿½o tardia ou ineficiente do condutor;Colisï¿½o traseira;Com Vï¿½timas Feridas;Plena Noite;Cï¿½u Claro;Dupla;Reta;Sim;0;0
2025-05-01;quinta-feira;03:00:00;SP;116;EMBU DAS ARTES;Ausï¿½ncia de reaï¿½ï¿½o do condutor;Colisï¿½o com objeto;Com Vï¿½timas Feridas;Plena Noite;Cï¿½u Claro;Dupla;Reta;Sim;0;0
2025-05-01;quinta-feira;02:48:00;GO;50;CRISTALINA;Reaï¿½ï¿½o tardia ou ineficiente do condutor;Queda de ocupante de veï¿½culo;Com Vï¿½timas Feridas;Plena Noite;Nevoeiro/Neblina;Dupla;Reta;Sim;0;0
2025-05-01;quinta-feira;05:50:00;RS;116;PELOTAS;Condutor Dormindo;Colisï¿½o com objeto;Sem Vï¿½timas;Plena Noite;Nevoeiro/Neblina;Dupla;"Reta;Interseï¿½ï¿½o de Vias";Sim;0;0
2025-05-01;quinta-feira;05:20:00;RS;116;GUAIBA;Ingestï¿½o de ï¿½lcool pelo condutor;Saï¿½da de leito carroï¿½ï¿½vel;Sem Vï¿½timas;Plena Noite;Cï¿½u Claro;Dupla;Curva;Nï¿½o;0;0
2025-05-01;quinta-feira;05:30:00;PR;376;MARINGA;Ingestï¿½o de ï¿½lcool pelo condutor;Colisï¿½o com objeto;Sem Vï¿½timas;Plena Noite;Cï¿½u Claro;Dupla;Reta;Sim;0;0
2025-05-01;quinta-feira;06:20:00;SP;116;TAUBATE;Reaï¿½ï¿½o tardia ou ineficiente do condutor;Colisï¿½o traseira;Com Vï¿½timas Feridas;Amanhecer;Nublado;Dupla;Reta;Sim;0;0
2025-05-01;quinta-feira;05:30:00;SP;116;TAUBATE;Velocidade Incompatï¿½vel;Colisï¿½o transversal;Com Vï¿½timas Feridas;Plena Noite;Cï¿½u Claro;Dupla;Reta;Nï¿½o;0;0
2025-04-30;quarta-feira;21:10:00;BA;101;EUNAPOLIS;Velocidade Incompatï¿½vel;Colisï¿½o frontal;Com Vï¿½timas Feridas;Plena Noite;Chuva;Simples;Curva;Nï¿½o;0;0
2025-05-01;quinta-feira;05:55:00;MS;463;PONTA PORA;Demais falhas mecï¿½nicas ou elï¿½tricas;Incï¿½ndio;Sem Vï¿½timas;Amanhecer;Cï¿½u Claro;Simples;Reta;Nï¿½o;0;0
2025-05-01;quinta-feira;04:30:00;PE;408;TRACUNHAEM;Pedestre andava na pista;Atropelamento de Pedestre;Com Vï¿½timas Fatais;Plena Noite;Cï¿½u Claro;Simples;Aclive;Sim;1;1
2025-05-01;quinta-feira;06:40:00;ES;101;FUNDAO;Ultrapassagem Indevida;Colisï¿½o frontal;Com Vï¿½timas Feridas;Pleno dia;Cï¿½u Claro;Simples;Reta;Nï¿½o;0;0
2025-05-01;quinta-feira;06:25:00;SP;381;SAO PAULO;Reaï¿½ï¿½o tardia ou ineficiente do condutor;Capotamento;Com Vï¿½timas Feridas;Pleno dia;Cï¿½u Claro;Mï¿½ltipla;Reta;Sim;0;0
2025-04-30;quarta-feira;18:30:00;BA;324;RIACHAO DO JACUIPE;Ausï¿½ncia de reaï¿½ï¿½o do condutor;Saï¿½da de leito carroï¿½ï¿½vel;Com Vï¿½timas Feridas;Plena Noite;Cï¿½u Claro;Simples;Interseï¿½ï¿½o de Vias;Nï¿½o;0;0
2025-05-01;quinta-feira;04:30:00;MG;262;LUZ;Condutor Dormindo;Colisï¿½o com objeto;Sem Vï¿½timas;Plena Noite;Nublado;Simples;Reta;Nï¿½o;0;0
2025-05-01;quinta-feira;04:40:00;PB;412;SERRA BRANCA;Ausï¿½ncia de reaï¿½ï¿½o do condutor;Colisï¿½o traseira;Com Vï¿½timas Fatais;Amanhecer;Cï¿½u Claro;Simples;Reta;Nï¿½o;1;1
2025-04-30;quarta-feira;14:20:00;RJ;40;DUQUE DE CAXIAS;Reaï¿½ï¿½o tardia ou ineficiente do condutor;Colisï¿½o lateral mesmo sentido;Com Vï¿½timas Feridas;Pleno dia;Cï¿½u Claro;Mï¿½ltipla;Reta;Sim;0;0
2025-05-01;quinta-feira;07:50:00;PR;376;CURITIBA;Reaï¿½ï¿½o tardia ou ineficiente do condutor;Colisï¿½o com objeto;Sem Vï¿½timas;Pleno dia;Cï¿½u Claro;Dupla;Reta;Sim;0;0
2025-05-01;quinta-feira;06:25:00;RN;304;MOSSORO;Ingestï¿½o de ï¿½lcool pelo condutor;Colisï¿½o com objeto;Com Vï¿½timas Feridas;Pleno dia;Cï¿½u Claro;Simples;Interseï¿½ï¿½o de Vias;Nï¿½o;0;0
2025-05-01;quinta-feira;08:20:00;CE;116;PACAJUS;Acessar a via sem observar a presenï¿½a dos outros veï¿½culos;Colisï¿½o lateral mesmo sentido;Com Vï¿½timas Feridas;Amanhecer;Cï¿½u Claro;Mï¿½ltipla;Reta;Nï¿½o;0;0
2025-05-01;quinta-feira;07:15:00;RJ;40;TRES RIOS;Condutor Dormindo;Colisï¿½o com objeto;Com Vï¿½timas Feridas;Pleno dia;Cï¿½u Claro;Dupla;Reta;Nï¿½o;0;0
2025-04-03;quinta-feira;10:25:00;ES;101;SERRA;Condutor deixou de manter distï¿½ncia do veï¿½culo da frente;Colisï¿½o traseira;Com Vï¿½timas Feridas;Pleno dia;Cï¿½u Claro;Dupla;Reta;Sim;0;0
2025-05-01;quinta-feira;07:50:00;RJ;393;VOLTA REDONDA;Acessar a via sem observar a presenï¿½a dos outros veï¿½culos;Colisï¿½o traseira;Com Vï¿½timas Feridas;Pleno dia;Cï¿½u Claro;Simples;Reta;Sim;0;0
2025-05-01;quinta-feira;08:00:00;MG;40;JUIZ DE FORA;Ausï¿½ncia de reaï¿½ï¿½o do condutor;Tombamento;Com Vï¿½timas Feridas;Pleno dia;Nublado;Dupla;Curva;Nï¿½o;0;0
2025-05-01;quinta-feira;07:30:00;PE;232;BELO JARDIM;Transitar na contramï¿½o;Colisï¿½o frontal;Com Vï¿½timas Feridas;Pleno dia;Cï¿½u Claro;Simples;Reta;Sim;0;0
2025-03-26;quarta-feira;17:50:00;BA;101;SANTO ANTONIO DE JESUS;Ausï¿½ncia de reaï¿½ï¿½o do condutor;Colisï¿½o transversal;Sem Vï¿½timas;Anoitecer;Ignorado;Simples;Interseï¿½ï¿½o de Vias;Sim;0;0
2025-05-01;quinta-feira;08:40:00;PB;230;JOAO PESSOA;Velocidade Incompatï¿½vel;Colisï¿½o traseira;Com Vï¿½timas Feridas;Pleno dia;Cï¿½u Claro;Dupla;Reta;Sim;0;0
2025-04-09;quarta-feira;23:20:00;RN;405;JOSE DA PENHA;Falta de acostamento;Colisï¿½o traseira;Com Vï¿½timas Fatais;Plena Noite;Cï¿½u Claro;Simples;"Aclive;Reta";Sim;1;1
2025-05-01;quinta-feira;10:20:00;RS;116;NOVO HAMBURGO;Frear bruscamente;Tombamento;Com Vï¿½timas Feridas;Pleno dia;Cï¿½u Claro;Mï¿½ltipla;"Reta;Aclive";Nï¿½o;0;0
2025-04-19;sï¿½bado;18:00:00;RO;364;JI-PARANA;Acessar a via sem observar a presenï¿½a dos outros veï¿½culos;Colisï¿½o lateral mesmo sentido;Com Vï¿½timas Feridas;Pleno dia;Cï¿½u Claro;Dupla;Reta;Sim;0;0
2025-05-01;quinta-feira;09:00:00;RJ;101;SAO GONCALO;Demais falhas mecï¿½nicas ou elï¿½tricas;Tombamento;Com Vï¿½timas Feridas;Pleno dia;Cï¿½u Claro;Dupla;Reta;Sim;0;0
2025-05-01;quinta-feira;11:20:00;SP;381;ATIBAIA;Transitar no Acostamento;Colisï¿½o lateral mesmo sentido;Com Vï¿½timas Feridas;Pleno dia;Cï¿½u Claro;Dupla;Curva;Nï¿½o;0;0
2025-05-01;quinta-feira;11:15:00;SC;280;GUARAMIRIM;Desrespeitar a preferï¿½ncia no cruzamento;Colisï¿½o transversal;Com Vï¿½timas Feridas;Pleno dia;Cï¿½u Claro;Mï¿½ltipla;Rotatï¿½ria;Sim;0;0
2025-05-01;quinta-feira;11:10:00;SP;116;TAUBATE;Reaï¿½ï¿½o tardia ou ineficiente do condutor;Tombamento;Com Vï¿½timas Feridas;Pleno dia;Cï¿½u Claro;Dupla;Reta;Sim;0;0
2025-05-01;quinta-feira;11:10:00;RS;386;SARANDI;Acessar a via sem observar a presenï¿½a dos outros veï¿½culos;Colisï¿½o transversal;Com Vï¿½timas Feridas;Pleno dia;Cï¿½u Claro;Simples;Reta;Sim;0;0
2025-05-01;quinta-feira;12:01:00;RS;290;PORTO ALEGRE;Manobra de mudanï¿½a de faixa;Colisï¿½o transversal;Com Vï¿½timas Feridas;Pleno dia;Cï¿½u Claro;Mï¿½ltipla;Retorno Regulamentado;Nï¿½o;0;0
2025-05-01;quinta-feira;12:15:00;GO;60;ANAPOLIS;Velocidade Incompatï¿½vel;Saï¿½da de leito carroï¿½ï¿½vel;Com Vï¿½timas Feridas;Pleno dia;Cï¿½u Claro;Mï¿½ltipla;Reta;Sim;0;0
2025-05-01;quinta-feira;10:40:00;MG;354;CAXAMBU;Acessar a via sem observar a presenï¿½a dos outros veï¿½culos;Colisï¿½o transversal;Com Vï¿½timas Feridas;Pleno dia;Cï¿½u Claro;Simples;"Reta;Interseï¿½ï¿½o de Vias";Sim;0;0
2025-05-01;quinta-feira;10:45:00;PR;116;CURITIBA;Reaï¿½ï¿½o tardia ou ineficiente do condutor;Capotamento;Sem Vï¿½timas;Pleno dia;Sol;Dupla;Reta;Sim;0;0
2025-05-01;quinta-feira;10:30:00;RJ;116;BARRA MANSA;Reaï¿½ï¿½o tardia ou ineficiente do condutor;Colisï¿½o traseira;Com Vï¿½timas Feridas;Pleno dia;Sol;Dupla;Curva;Nï¿½o;0;0
2025-05-01;quinta-feira;12:15:00;PB;230;CAMPINA GRANDE;Acessar a via sem observar a presenï¿½a dos outros veï¿½culos;Colisï¿½o lateral mesmo sentido;Com Vï¿½timas Feridas;Pleno dia;Cï¿½u Claro;Simples;Reta;Sim;0;0
2025-05-01;quinta-feira;11:10:00;RS;287;UNISTALDA;Reaï¿½ï¿½o tardia ou ineficiente do condutor;Saï¿½da de leito carroï¿½ï¿½vel;Com Vï¿½timas Feridas;Pleno dia;Sol;Simples;"Reta;Declive";Nï¿½o;0;0
2025-05-01;quinta-feira;12:08:00;RS;386;SARANDI;Faixas de trï¿½nsito com largura insuficiente;Colisï¿½o com objeto;Sem Vï¿½timas;Pleno dia;Sol;Simples;Reta;Sim;0;0
2025-05-01;quinta-feira;13:15:00;PA;316;CASTANHAL;Acessar a via sem observar a presenï¿½a dos outros veï¿½culos;Colisï¿½o transversal;Com Vï¿½timas Feridas;Pleno dia;Cï¿½u Claro;Dupla;"Reta;Interseï¿½ï¿½o de Vias";Sim;0;0
2025-05-01;quinta-feira;13:35:00;SC;282;PALHOCA;Ultrapassagem Indevida;Colisï¿½o lateral mesmo sentido;Com Vï¿½timas Feridas;Pleno dia;Sol;Simples;Aclive;Nï¿½o;0;0
2025-05-01;quinta-feira;12:35:00;PE;101;CABO DE SANTO AGOSTINHO;Manobra de mudanï¿½a de faixa;Colisï¿½o lateral mesmo sentido;Sem Vï¿½timas;Pleno dia;Cï¿½u Claro;Dupla;"Curva;Aclive";Nï¿½o;0;0
2025-05-01;quinta-feira;11:05:00;MG;116;CATUJI;Reaï¿½ï¿½o tardia ou ineficiente do condutor;Colisï¿½o lateral sentido oposto;Com Vï¿½timas Feridas;Pleno dia;Chuva;Simples;Curva;Nï¿½o;0;0
2025-05-01;quinta-feira;07:00:00;RJ;101;SAO GONCALO;Reaï¿½ï¿½o tardia ou ineficiente do condutor;Colisï¿½o traseira;Com Vï¿½timas Feridas;Pleno dia;Cï¿½u Claro;Dupla;Reta;Sim;0;0
2025-03-30;domingo;13:13:00;MG;116;MEDINA;Acessar a via sem observar a presenï¿½a dos outros veï¿½culos;Colisï¿½o transversal;Sem Vï¿½timas;Pleno dia;Ignorado;Simples;Curva;Nï¿½o;0;0
2025-05-01;quinta-feira;12:55:00;RS;290;URUGUAIANA;Acessar a via sem observar a presenï¿½a dos outros veï¿½culos;Colisï¿½o transversal;Com Vï¿½timas Feridas;Pleno dia;Cï¿½u Claro;Simples;Reta;Sim;0;0
2025-05-01;quinta-feira;14:40:00;ES;262;VIANA;Condutor Dormindo;Colisï¿½o frontal;Com Vï¿½timas Feridas;Pleno dia;Cï¿½u Claro;Simples;"Reta;Declive";Nï¿½o;0;0
2025-05-01;quinta-feira;14:00:00;RJ;101;SAO GONCALO;Reaï¿½ï¿½o tardia ou ineficiente do condutor;Colisï¿½o lateral mesmo sentido;Com Vï¿½timas Feridas;Pleno dia;Cï¿½u Claro;Dupla;Reta;Sim;0;0
2025-05-01;quinta-feira;14:30:00;SC;470;GASPAR;Ingestï¿½o de ï¿½lcool pelo condutor;Colisï¿½o traseira;Com Vï¿½timas Feridas;Pleno dia;Cï¿½u Claro;Dupla;Reta;Nï¿½o;0;0
2025-05-01;quinta-feira;14:40:00;MG;40;NOVA LIMA;Reaï¿½ï¿½o tardia ou ineficiente do condutor;Colisï¿½o traseira;Com Vï¿½timas Fatais;Pleno dia;Cï¿½u Claro;Dupla;Reta;Nï¿½o;1;1
2025-05-01;quinta-feira;14:50:00;ES;101;VILA VELHA;Demais falhas mecï¿½nicas ou elï¿½tricas;Incï¿½ndio;Sem Vï¿½timas;Pleno dia;Cï¿½u Claro;Dupla;Reta;Nï¿½o;0;0
2025-05-01;quinta-feira;14:30:00;PE;101;AGUA PRETA;Transitar na contramï¿½o;Colisï¿½o lateral sentido oposto;Com Vï¿½timas Fatais;Pleno dia;Cï¿½u Claro;Dupla;Reta;Nï¿½o;1;1
2025-04-28;segunda-feira;08:00:00;MS;262;RIBAS DO RIO PARDO;Ausï¿½ncia de reaï¿½ï¿½o do condutor;Colisï¿½o traseira;Sem Vï¿½timas;Pleno dia;Nublado;Simples;"Reta;Ponte";Nï¿½o;0;0
2025-05-01;quinta-feira;13:00:00;SP;153;MARILIA;Ingestï¿½o de ï¿½lcool pelo condutor;Colisï¿½o lateral sentido oposto;Sem Vï¿½timas;Pleno dia;Cï¿½u Claro;Simples;Reta;Nï¿½o;0;0
2025-05-01;quinta-feira;15:45:00;RS;158;DILERMANDO DE AGUIAR;Transitar na contramï¿½o;Colisï¿½o lateral sentido oposto;Com Vï¿½timas Feridas;Pleno dia;Cï¿½u Claro;Simples;Reta;Nï¿½o;0;0
2025-05-01;quinta-feira;16:00:00;PA;230;MARABA;Ingestï¿½o de ï¿½lcool pelo condutor;Queda de ocupante de veï¿½culo;Com Vï¿½timas Feridas;Pleno dia;Cï¿½u Claro;Simples;Reta;Sim;0;0
2025-05-01;quinta-feira;16:30:00;RN;101;NATAL;Demais falhas mecï¿½nicas ou elï¿½tricas;Queda de ocupante de veï¿½culo;Com Vï¿½timas Feridas;Pleno dia;Cï¿½u Claro;Dupla;Reta;Sim;0;0
2025-05-01;quinta-feira;16:30:00;BA;101;MARAU;Condutor deixou de manter distï¿½ncia do veï¿½culo da frente;Colisï¿½o traseira;Sem Vï¿½timas;Pleno dia;Garoa/Chuvisco;Simples;Curva;Nï¿½o;0;0
2025-05-01;quinta-feira;16:15:00;PR;476;COLOMBO;Acessar a via sem observar a presenï¿½a dos outros veï¿½culos;Colisï¿½o transversal;Com Vï¿½timas Feridas;Pleno dia;Cï¿½u Claro;Simples;"Interseï¿½ï¿½o de Vias;Curva";Sim;0;0
2025-05-01;quinta-feira;17:15:00;DF;70;BRASILIA;Ingestï¿½o de ï¿½lcool pelo condutor;Colisï¿½o traseira;Sem Vï¿½timas;Pleno dia;Cï¿½u Claro;Dupla;Reta;Sim;0;0
2025-05-01;quinta-feira;10:30:00;RJ;101;SAO GONCALO;Reaï¿½ï¿½o tardia ou ineficiente do condutor;Colisï¿½o traseira;Com Vï¿½timas Feridas;Pleno dia;Cï¿½u Claro;Dupla;Reta;Sim;0;0
2025-05-01;quinta-feira;15:50:00;SC;101;JOINVILLE;Ausï¿½ncia de reaï¿½ï¿½o do condutor;Tombamento;Com Vï¿½timas Feridas;Pleno dia;Cï¿½u Claro;Dupla;Curva;Nï¿½o;0;0
2025-05-01;quinta-feira;18:40:00;PR;469;FOZ DO IGUACU;Ultrapassagem Indevida;Colisï¿½o frontal;Com Vï¿½timas Feridas;Plena Noite;Cï¿½u Claro;Simples;"Reta;Em Obras";Sim;0;0
2025-05-01;quinta-feira;18:20:00;PB;230;POMBAL;Acessar a via sem observar a presenï¿½a dos outros veï¿½culos;Colisï¿½o transversal;Com Vï¿½timas Feridas;Plena Noite;Cï¿½u Claro;Simples;Reta;Sim;0;0
2025-05-01;quinta-feira;18:35:00;PR;369;UBIRATA;Demais falhas mecï¿½nicas ou elï¿½tricas;Saï¿½da de leito carroï¿½ï¿½vel;Com Vï¿½timas Feridas;Plena Noite;Cï¿½u Claro;Simples;Curva;Nï¿½o;0;0
2025-05-01;quinta-feira;17:50:00;MG;364;FRUTAL;Ingestï¿½o de ï¿½lcool pelo condutor;Colisï¿½o traseira;Com Vï¿½timas Feridas;Pleno dia;Cï¿½u Claro;Simples;"Declive;Reta";Nï¿½o;0;0
2025-05-01;quinta-feira;17:50:00;BA;116;VITORIA DA CONQUISTA;Ingestï¿½o de ï¿½lcool pelo condutor;Atropelamento de Pedestre;Com Vï¿½timas Feridas;Plena Noite;Garoa/Chuvisco;Simples;"Reta;Aclive";Sim;0;0
2025-05-01;quinta-feira;18:35:00;DF;60;BRASILIA;Ausï¿½ncia de reaï¿½ï¿½o do condutor;Saï¿½da de leito carroï¿½ï¿½vel;Com Vï¿½timas Feridas;Plena Noite;Cï¿½u Claro;Dupla;"Reta;Aclive";Nï¿½o;0;0
2025-05-01;quinta-feira;17:00:00;MG;381;ITATIAIUCU;Acessar a via sem observar a presenï¿½a dos outros veï¿½culos;Colisï¿½o traseira;Sem Vï¿½timas;Pleno dia;Cï¿½u Claro;Dupla;Reta;Nï¿½o;0;0
2025-05-01;quinta-feira;18:20:00;PI;343;FLORIANO;Manobra de mudanï¿½a de faixa;Colisï¿½o transversal;Com Vï¿½timas Feridas;Plena Noite;Cï¿½u Claro;Dupla;Reta;Sim;0;0
2025-05-01;quinta-feira;19:19:00;PA;163;NOVO PROGRESSO;Acumulo de areia ou detritos sobre o pavimento;Queda de ocupante de veï¿½culo;Com Vï¿½timas Feridas;Pleno dia;Cï¿½u Claro;Simples;Reta;Sim;0;0
2025-05-01;quinta-feira;18:50:00;PR;376;MARIALVA;Ingestï¿½o de ï¿½lcool pelo condutor;Tombamento;Sem Vï¿½timas;Plena Noite;Cï¿½u Claro;Dupla;Reta;Nï¿½o;0;0
2025-05-01;quinta-feira;16:50:00;SC;282;SAO JOSE;Ausï¿½ncia de reaï¿½ï¿½o do condutor;Colisï¿½o com objeto;Com Vï¿½timas Fatais;Pleno dia;Cï¿½u Claro;Mï¿½ltipla;Reta;Sim;1;1
2025-05-01;quinta-feira;15:00:00;MA;10;ITINGA DO MARANHAO;Acessar a via sem observar a presenï¿½a dos outros veï¿½culos;Colisï¿½o transversal;Com Vï¿½timas Feridas;Pleno dia;Cï¿½u Claro;Simples;Interseï¿½ï¿½o de Vias;Sim;0;0
2025-05-01;quinta-feira;19:00:00;RJ;493;ITABORAI;Reaï¿½ï¿½o tardia ou ineficiente do condutor;Colisï¿½o lateral mesmo sentido;Com Vï¿½timas Feridas;Plena Noite;Cï¿½u Claro;Simples;Reta;Sim;0;0
2025-05-01;quinta-feira;12:00:00;RJ;101;ITABORAI;Acumulo de areia ou detritos sobre o pavimento;Queda de ocupante de veï¿½culo;Com Vï¿½timas Feridas;Pleno dia;Cï¿½u Claro;Dupla;Curva;Sim;0;0
2025-05-01;quinta-feira;18:20:00;SC;282;PONTE SERRADA;Ausï¿½ncia de reaï¿½ï¿½o do condutor;Saï¿½da de leito carroï¿½ï¿½vel;Com Vï¿½timas Fatais;Plena Noite;Cï¿½u Claro;Simples;Reta;Nï¿½o;1;1
2025-05-01;quinta-feira;18:10:00;RJ;40;DUQUE DE CAXIAS;Reaï¿½ï¿½o tardia ou ineficiente do condutor;Engavetamento;Com Vï¿½timas Feridas;Plena Noite;Cï¿½u Claro;Dupla;"Reta;Aclive";Sim;0;0
2025-05-01;quinta-feira;14:50:00;RJ;116;RIO DE JANEIRO;Reaï¿½ï¿½o tardia ou ineficiente do condutor;Colisï¿½o lateral mesmo sentido;Com Vï¿½timas Feridas;Pleno dia;Cï¿½u Claro;Mï¿½ltipla;Reta;Sim;0;0
2025-05-01;quinta-feira;18:00:00;BA;116;VITORIA DA CONQUISTA;Ingestï¿½o de ï¿½lcool pelo condutor;Colisï¿½o traseira;Com Vï¿½timas Feridas;Plena Noite;Garoa/Chuvisco;Simples;Reta;Nï¿½o;0;0
2025-05-01;quinta-feira;20:00:00;MG;459;CONGONHAL;Pedestre andava na pista;Atropelamento de Pedestre;Com Vï¿½timas Fatais;Plena Noite;Cï¿½u Claro;Simples;"Reta;Aclive";Nï¿½o;1;1
2025-05-01;quinta-feira;19:00:00;SC;101;ITAJAI;Ausï¿½ncia de reaï¿½ï¿½o do condutor;Tombamento;Com Vï¿½timas Feridas;Plena Noite;Cï¿½u Claro;Mï¿½ltipla;Reta;Sim;0;0
2025-05-01;quinta-feira;20:05:00;PR;277;SAO JOSE DOS PINHAIS;Reaï¿½ï¿½o tardia ou ineficiente do condutor;Capotamento;Com Vï¿½timas Feridas;Plena Noite;Nublado;Dupla;Reta;Sim;0;0
2025-05-01;quinta-feira;17:45:00;SC;280;MAFRA;Transitar na contramï¿½o;Colisï¿½o lateral sentido oposto;Com Vï¿½timas Fatais;Anoitecer;Cï¿½u Claro;Simples;Reta;Nï¿½o;1;1
2025-05-01;quinta-feira;20:00:00;PR;277;GUARAPUAVA;Reaï¿½ï¿½o tardia ou ineficiente do condutor;Saï¿½da de leito carroï¿½ï¿½vel;Com Vï¿½timas Feridas;Plena Noite;Nublado;Simples;Curva;Nï¿½o;0;0
2025-05-01;quinta-feira;20:07:00;AL;101;SAO MIGUEL DOS CAMPOS;Ausï¿½ncia de sinalizaï¿½ï¿½o;Saï¿½da de leito carroï¿½ï¿½vel;Com Vï¿½timas Feridas;Plena Noite;Cï¿½u Claro;Simples;"Curva;Declive";Sim;0;0
2025-05-01;quinta-feira;20:30:00;PR;373;GUAMIRANGA;Ausï¿½ncia de reaï¿½ï¿½o do condutor;Colisï¿½o traseira;Com Vï¿½timas Fatais;Plena Noite;Cï¿½u Claro;Simples;Reta;Nï¿½o;1;1
2025-05-01;quinta-feira;20:40:00;PE;423;JUPI;Ingestï¿½o de ï¿½lcool pelo condutor;Colisï¿½o traseira;Com Vï¿½timas Feridas;Plena Noite;Cï¿½u Claro;Simples;"Reta;Declive";Nï¿½o;0;0
2025-05-01;quinta-feira;20:50:00;RS;158;CRUZ ALTA;Ausï¿½ncia de reaï¿½ï¿½o do condutor;Colisï¿½o frontal;Com Vï¿½timas Fatais;Plena Noite;Cï¿½u Claro;Simples;Curva;Nï¿½o;1;1
2025-05-01;quinta-feira;19:55:00;SC;282;PONTE SERRADA;Ingestï¿½o de ï¿½lcool pelo condutor;Colisï¿½o traseira;Sem Vï¿½timas;Plena Noite;Cï¿½u Claro;Simples;"Reta;Aclive";Sim;0;0
2025-05-01;quinta-feira;20:25:00;SE;101;NOSSA SENHORA DO SOCORRO;Manobra de mudanï¿½a de faixa;Colisï¿½o transversal;Com Vï¿½timas Feridas;Plena Noite;Cï¿½u Claro;Dupla;Reta;Sim;0;0
2025-05-01;quinta-feira;19:10:00;MG;381;BETIM;Ingestï¿½o de ï¿½lcool pelo condutor;Tombamento;Com Vï¿½timas Feridas;Plena Noite;Ignorado;Dupla;Reta;Nï¿½o;0;0
2025-05-01;quinta-feira;18:10:00;PI;343;FLORIANO;Ingestï¿½o de ï¿½lcool pelo condutor;Colisï¿½o traseira;Sem Vï¿½timas;Plena Noite;Cï¿½u Claro;Dupla;Reta;Sim;0;0
2025-05-01;quinta-feira;21:20:00;TO;10;PALMAS;Reaï¿½ï¿½o tardia ou ineficiente do condutor;Colisï¿½o lateral mesmo sentido;Com Vï¿½timas Feridas;Plena Noite;Cï¿½u Claro;Dupla;"Declive;Reta";Nï¿½o;0;0
2025-05-01;quinta-feira;13:20:00;RO;364;PORTO VELHO;Acessar a via sem observar a presenï¿½a dos outros veï¿½culos;Colisï¿½o transversal;Com Vï¿½timas Feridas;Pleno dia;Cï¿½u Claro;Simples;Interseï¿½ï¿½o de Vias;Sim;0;0
2025-05-01;quinta-feira;19:00:00;PR;272;CAMPO MOURAO;Reaï¿½ï¿½o tardia ou ineficiente do condutor;Colisï¿½o lateral mesmo sentido;Com Vï¿½timas Feridas;Plena Noite;Nublado;Simples;Reta;Nï¿½o;0;0
2025-05-01;quinta-feira;08:15:00;MA;222;BURITICUPU;Acessar a via sem observar a presenï¿½a dos outros veï¿½culos;Colisï¿½o transversal;Com Vï¿½timas Feridas;Pleno dia;Cï¿½u Claro;Simples;"Reta;Declive";Sim;0;0
2025-05-01;quinta-feira;21:30:00;PR;476;LAPA;Ausï¿½ncia de reaï¿½ï¿½o do condutor;Eventos atï¿½picos;Sem Vï¿½timas;Plena Noite;Cï¿½u Claro;Simples;Reta;Nï¿½o;0;0
2025-05-01;quinta-feira;21:25:00;PR;277;SAO MIGUEL DO IGUACU;Ingestï¿½o de ï¿½lcool pelo condutor;Saï¿½da de leito carroï¿½ï¿½vel;Com Vï¿½timas Feridas;Plena Noite;Cï¿½u Claro;Dupla;Reta;Nï¿½o;0;0
2025-05-01;quinta-feira;21:30:00;ES;101;ICONHA;Velocidade Incompatï¿½vel;Queda de ocupante de veï¿½culo;Com Vï¿½timas Feridas;Plena Noite;Chuva;Dupla;Reta;Nï¿½o;0;0
2025-05-01;quinta-feira;22:00:00;RJ;101;MANGARATIBA;Acessar a via sem observar a presenï¿½a dos outros veï¿½culos;Colisï¿½o transversal;Sem Vï¿½timas;Plena Noite;Chuva;Dupla;"Reta;Retorno Regulamentado;Interseï¿½ï¿½o de Vias";Sim;0;0
2025-05-01;quinta-feira;22:20:00;SP;116;GUARULHOS;Condutor deixou de manter distï¿½ncia do veï¿½culo da frente;Colisï¿½o traseira;Com Vï¿½timas Feridas;Plena Noite;Cï¿½u Claro;Dupla;"Reta;Aclive";Sim;0;0
2025-05-01;quinta-feira;16:00:00;RO;435;CEREJEIRAS;Ausï¿½ncia de reaï¿½ï¿½o do condutor;Colisï¿½o com objeto;Sem Vï¿½timas;Plena Noite;Cï¿½u Claro;Dupla;Reta;Sim;0;0
2025-05-01;quinta-feira;23:15:00;SC;470;BLUMENAU;Ausï¿½ncia de reaï¿½ï¿½o do condutor;Tombamento;Com Vï¿½timas Feridas;Anoitecer;Cï¿½u Claro;Simples;"Reta;Em Obras";Sim;0;0
2025-05-01;quinta-feira;21:45:00;SC;280;ARAQUARI;Acessar a via sem observar a presenï¿½a dos outros veï¿½culos;Colisï¿½o transversal;Com Vï¿½timas Feridas;Plena Noite;Nublado;Simples;"Reta;Em Obras;Interseï¿½ï¿½o de Vias";Sim;0;0