data_inversa;dia_semana;horario;uf;br;municipio;causa_acidente;tipo_acidente;classificacao_acidente;fase_dia;condicao_metereologica;tipo_pista;tracado_via;uso_solo;mortos;acidente_fatal
2025-05-02;sexta-feira;18:45:00;RO;364;CACOAL;Transitar na contramï¿½o;Colisï¿½o frontal;Com Vï¿½timas Feridas;Plena Noite;Cï¿½u Claro;Simples;"Reta;Aclive";Nï¿½o;0;0
2025-05-02;sexta-feira;19:00:00;SC;470;TROMBUDO CENTRAL;Conversï¿½o proibida;Colisï¿½o lateral mesmo sentido;Com Vï¿½timas Feridas;Plena Noite;Nublado;Simples;Curva;Sim;0;0
2025-05-02;sexta-feira;19:30:00;SC;101;BALNEARIO PICARRAS;Acesso irregular;Colisï¿½o frontal;Com Vï¿½timas Feridas;Plena Noite;Cï¿½u Claro;Simples;Reta;Nï¿½o;0;0
2025-05-02;sexta-feira;20:15:00;SC;101;TUBARAO;Reaï¿½ï¿½o tardia ou ineficiente do condutor;Tombamento;Com Vï¿½timas Feridas;Plena Noite;Cï¿½u Claro;Mï¿½ltipla;Reta;Nï¿½o;0;0
2025-05-02;sexta-feira;18:10:00;MG;40;CURVELO;Reaï¿½ï¿½o tardia ou ineficiente do condutor;Capotamento;Sem Vï¿½timas;Plena Noite;Cï¿½u Claro;Simples;"Declive;Reta";Nï¿½o;0;0
2025-05-02;sexta-feira;19:55:00;RS;392;SANTA MARIA;Reaï¿½ï¿½o tardia ou ineficiente do condutor;Colisï¿½o transversal;Com Vï¿½timas Feridas;Plena Noite;Nublado;Simples;Interseï¿½ï¿½o de Vias;Nï¿½o;0;0
2025-05-02;sexta-feira;19:10:00;MG;251;GRAO MOGOL;Ausï¿½ncia de reaï¿½ï¿½o do condutor;Colisï¿½o com objeto;Com Vï¿½timas Feridas;Plena Noite;Cï¿½u Claro;Simples;Reta;Nï¿½o;0;0
2025-05-02;sexta-feira;20:15:00;SC;101;ITAJAI;Reaï¿½ï¿½o tardia ou ineficiente do condutor;Tombamento;Com Vï¿½timas Feridas;Plena Noite;Cï¿½u Claro;Dupla;Reta;Sim;0;0
2025-05-02;sexta-feira;20:15:00;BA;101;SANTO ANTONIO DE JESUS;Animais na Pista;Atropelamento de Animal;Com Vï¿½timas Feridas;Plena Noite;Nublado;Simples;Reta;Nï¿½o;0;0
2025-05-02;sexta-feira;20:20:00;RS;116;DOIS IRMAOS;Condutor usando celular;Colisï¿½o com objeto;Com Vï¿½timas Feridas;Plena Noite;Cï¿½u Claro;Simples;Reta;Sim;0;0
2025-05-02;sexta-feira;19:20:00;MT;163;SORRISO;Desrespeitar a preferï¿½ncia no cruzamento;Colisï¿½o lateral mesmo sentido;Com Vï¿½timas Feridas;Plena Noite;Cï¿½u Claro;Dupla;"Reta;Retorno Regulamentado";Sim;0;0
2025-05-02;sexta-feira;18:00:00;RS;448;SAPUCAIA DO SUL;Condutor deixou de manter distï¿½ncia do veï¿½culo da frente;Colisï¿½o traseira;Com Vï¿½timas Feridas;Plena Noite;Cï¿½u Claro;Dupla;Curva;Sim;0;0
2025-05-02;sexta-feira;19:20:00;MG;459;CALDAS;Pedestre - Ingestï¿½o de ï¿½lcool/ substï¿½ncias psicoativas;Atropelamento de Pedestre;Com Vï¿½timas Fatais;Plena Noite;Cï¿½u Claro;Simples;Reta;Nï¿½o;1;1
2025-05-02;sexta-feira;19:30:00;RJ;116;TERESOPOLIS;Conversï¿½o proibida;Colisï¿½o lateral mesmo sentido;Com Vï¿½timas Feridas;Plena Noite;Cï¿½u Claro;Simples;Reta;Sim;0;0
2025-05-02;sexta-feira;18:20:00;RO;364;ARIQUEMES;Pista esburacada;Tombamento;Com Vï¿½timas Feridas;Plena Noite;Chuva;Simples;Reta;Sim;0;0
2025-05-02;sexta-feira;17:20:00;MA;10;IMPERATRIZ;Acessar a via sem observar a presenï¿½a dos outros veï¿½culos;Colisï¿½o transversal;Com Vï¿½timas Fatais;Pleno dia;Cï¿½u Claro;Dupla;Reta;Sim;1;1
2025-05-02;sexta-feira;20:30:00;PE;408;SAO LOURENCO DA MATA;Avarias e/ou desgaste excessivo no pneu;Queda de ocupante de veï¿½culo;Com Vï¿½timas Feridas;Plena Noite;Cï¿½u Claro;Dupla;Curva;Nï¿½o;0;0
2025-05-02;sexta-feira;20:40:00;MG;265;PATROCINIO;Reaï¿½ï¿½o tardia ou ineficiente do condutor;Engavetamento;Sem Vï¿½timas;Plena Noite;Cï¿½u Claro;Simples;"Reta;Declive";Nï¿½o;0;0
2025-05-02;sexta-feira;20:00:00;PE;101;RECIFE;Demais falhas mecï¿½nicas ou elï¿½tricas;Incï¿½ndio;Sem Vï¿½timas;Plena Noite;Cï¿½u Claro;Dupla;Reta;Nï¿½o;0;0
2025-05-02;sexta-feira;21:50:00;PB;101;ALHANDRA;Ausï¿½ncia de reaï¿½ï¿½o do condutor;Saï¿½da de leito carroï¿½ï¿½vel;Sem Vï¿½timas;Plena Noite;Cï¿½u Claro;Dupla;Reta;Nï¿½o;0;0
2025-05-02;sexta-feira;21:10:00;SE;101;LARANJEIRAS;Ausï¿½ncia de reaï¿½ï¿½o do condutor;Saï¿½da de leito carroï¿½ï¿½vel;Com Vï¿½timas Feridas;Plena Noite;Garoa/Chuvisco;Dupla;Aclive;Nï¿½o;0;0
2025-05-02;sexta-feira;22:50:00;RS;116;DOIS IRMAOS;Reaï¿½ï¿½o tardia ou ineficiente do condutor;Colisï¿½o com objeto;Com Vï¿½timas Feridas;Plena Noite;Cï¿½u Claro;Simples;Curva;Nï¿½o;0;0
2025-05-02;sexta-feira;22:50:00;SC;101;JOINVILLE;Demais falhas mecï¿½nicas ou elï¿½tricas;Colisï¿½o com objeto;Com Vï¿½timas Feridas;Plena Noite;Cï¿½u Claro;Dupla;"Reta;Ponte";Nï¿½o;0;0
2025-05-02;sexta-feira;22:30:00;GO;153;APARECIDA DE GOIANIA;Manobra de mudanï¿½a de faixa;Colisï¿½o traseira;Com Vï¿½timas Feridas;Plena Noite;Cï¿½u Claro;Dupla;Reta;Sim;0;0
2025-05-02;sexta-feira;22:15:00;CE;116;BARRO;Desrespeitar a preferï¿½ncia no cruzamento;Colisï¿½o traseira;Sem Vï¿½timas;Plena Noite;Cï¿½u Claro;Simples;Reta;Nï¿½o;0;0
2025-05-02;sexta-feira;18:45:00;MS;60;BELA VISTA;Condutor deixou de manter distï¿½ncia do veï¿½culo da frente;Colisï¿½o traseira;Com Vï¿½timas Feridas;Plena Noite;Cï¿½u Claro;Simples;"Interseï¿½ï¿½o de Vias;Reta";Sim;0;0
2025-05-02;sexta-feira;18:20:00;MG;262;MANHUACU;Acessar a via sem observar a presenï¿½a dos outros veï¿½culos;Colisï¿½o transversal;Com Vï¿½timas Feridas;Plena Noite;Nublado;Simples;Rotatï¿½ria;Sim;0;0
2025-05-02;sexta-feira;23:30:00;SC;101;SAO JOSE;Demais falhas mecï¿½nicas ou elï¿½tricas;Queda de ocupante de veï¿½culo;Com Vï¿½timas Feridas;Plena Noite;Ignorado;Mï¿½ltipla;Reta;Sim;0;0
2025-05-03;sï¿½bado;00:10:00;SP;116;GUARULHOS;Ausï¿½ncia de reaï¿½ï¿½o do condutor;Colisï¿½o lateral mesmo sentido;Com Vï¿½timas Feridas;Plena Noite;Cï¿½u Claro;Mï¿½ltipla;Reta;Sim;0;0
2025-05-02;sexta-feira;23:20:00;RN;226;SERRA CAIADA;Animais na Pista;Atropelamento de Animal;Com Vï¿½timas Feridas;Plena Noite;Cï¿½u Claro;Dupla;Reta;Nï¿½o;0;0
2025-05-02;sexta-feira;19:50:00;RO;364;JI-PARANA;Reaï¿½ï¿½o tardia ou ineficiente do condutor;Colisï¿½o traseira;Com Vï¿½timas Feridas;Anoitecer;Cï¿½u Claro;Mï¿½ltipla;Reta;Sim;0;0
2025-05-02;sexta-feira;23:05:00;MT;70;BARRA DO GARCAS;Reaï¿½ï¿½o tardia ou ineficiente do condutor;Queda de ocupante de veï¿½culo;Com Vï¿½timas Feridas;Plena Noite;Cï¿½u Claro;Dupla;Rotatï¿½ria;Sim;0;0
2025-05-03;sï¿½bado;01:00:00;RN;427;CAICO;Reaï¿½ï¿½o tardia ou ineficiente do condutor;Colisï¿½o com objeto;Com Vï¿½timas Feridas;Plena Noite;Cï¿½u Claro;Simples;"Interseï¿½ï¿½o de Vias;Reta;Rotatï¿½ria";Nï¿½o;0;0
2025-05-03;sï¿½bado;01:00:00;PE;101;ESCADA;Reaï¿½ï¿½o tardia ou ineficiente do condutor;Colisï¿½o traseira;Com Vï¿½timas Feridas;Plena Noite;Cï¿½u Claro;Dupla;Reta;Sim;0;0
2025-05-03;sï¿½bado;02:00:00;RJ;116;SAO JOAO DE MERITI;Demais falhas mecï¿½nicas ou elï¿½tricas;Incï¿½ndio;Sem Vï¿½timas;Plena Noite;Cï¿½u Claro;Mï¿½ltipla;Reta;Nï¿½o;0;0
2025-05-03;sï¿½bado;01:55:00;PB;101;BAYEUX;Reaï¿½ï¿½o tardia ou ineficiente do condutor;Saï¿½da de leito carroï¿½ï¿½vel;Com Vï¿½timas Feridas;Plena Noite;Cï¿½u Claro;Mï¿½ltipla;"Interseï¿½ï¿½o de Vias;Curva";Sim;0;0
2025-05-02;sexta-feira;22:00:00;PR;476;LAPA;Velocidade Incompatï¿½vel;Saï¿½da de leito carroï¿½ï¿½vel;Sem Vï¿½timas;Plena Noite;Nublado;Simples;Curva;Nï¿½o;0;0
2025-05-03;sï¿½bado;04:30:00;MG;267;MARIPA DE MINAS;Transitar na contramï¿½o;Colisï¿½o frontal;Com Vï¿½timas Feridas;Plena Noite;Nublado;Simples;Curva;Sim;0;0
2025-05-03;sï¿½bado;04:00:00;GO;60;GOIANIA;Animais na Pista;Atropelamento de Animal;Com Vï¿½timas Feridas;Plena Noite;Ignorado;Dupla;"Reta;Declive";Nï¿½o;0;0
2025-05-03;sï¿½bado;05:15:00;MG;381;EXTREMA;Ausï¿½ncia de sinalizaï¿½ï¿½o;Queda de ocupante de veï¿½culo;Com Vï¿½timas Feridas;Plena Noite;Cï¿½u Claro;Simples;"Reta;Interseï¿½ï¿½o de Vias";Sim;0;0
2025-05-03;sï¿½bado;05:00:00;PE;232;SERRA TALHADA;Ultrapassagem Indevida;Colisï¿½o lateral mesmo sentido;Com Vï¿½timas Feridas;Amanhecer;Cï¿½u Claro;Simples;Reta;Sim;0;0
2025-05-02;sexta-feira;22:50:00;RJ;101;ITAGUAI;Pedestre andava na pista;Atropelamento de Pedestre;Com Vï¿½timas Fatais;Plena Noite;Cï¿½u Claro;Dupla;Reta;Sim;1;1
2025-05-03;sï¿½bado;04:30:00;PR;158;PATO BRANCO;Velocidade Incompatï¿½vel;Saï¿½da de leito carroï¿½ï¿½vel;Sem Vï¿½timas;Plena Noite;Chuva;Simples;Curva;Nï¿½o;0;0
2025-05-03;sï¿½bado;05:00:00;SC;282;LAGES;Reaï¿½ï¿½o tardia ou ineficiente do condutor;Colisï¿½o com objeto;Sem Vï¿½timas;Plena Noite;Cï¿½u Claro;Simples;Curva;Sim;0;0
2025-05-03;sï¿½bado;06:40:00;RN;304;MACAIBA;Reaï¿½ï¿½o tardia ou ineficiente do condutor;Colisï¿½o traseira;Com Vï¿½timas Feridas;Pleno dia;Sol;Dupla;Reta;Nï¿½o;0;0
2025-05-03;sï¿½bado;06:00:00;PR;158;PATO BRANCO;Velocidade Incompatï¿½vel;Colisï¿½o traseira;Sem Vï¿½timas;Amanhecer;Cï¿½u Claro;Simples;Curva;Sim;0;0
2025-05-03;sï¿½bado;00:13:00;PR;116;CAMPINA GRANDE DO SUL;Condutor Dormindo;Tombamento;Sem Vï¿½timas;Plena Noite;Nublado;Dupla;Reta;Sim;0;0
2025-05-03;sï¿½bado;06:15:00;RJ;101;SILVA JARDIM;Demais Fenï¿½menos da natureza;Colisï¿½o traseira;Com Vï¿½timas Feridas;Amanhecer;Sol;Dupla;Reta;Nï¿½o;0;0
2025-05-03;sï¿½bado;03:51:00;MT;364;JACIARA;Reaï¿½ï¿½o tardia ou ineficiente do condutor;Saï¿½da de leito carroï¿½ï¿½vel;Sem Vï¿½timas;Amanhecer;Cï¿½u Claro;Dupla;"Reta;Declive";Nï¿½o;0;0
2025-05-02;sexta-feira;23:30:00;PR;163;BARRACAO;Condutor deixou de manter distï¿½ncia do veï¿½culo da frente;Colisï¿½o traseira;Com Vï¿½timas Feridas;Plena Noite;Cï¿½u Claro;Simples;Declive;Sim;0;0
2025-05-03;sï¿½bado;03:30:00;GO;364;MINEIROS;Reaï¿½ï¿½o tardia ou ineficiente do condutor;Saï¿½da de leito carroï¿½ï¿½vel;Com Vï¿½timas Feridas;Plena Noite;Cï¿½u Claro;Simples;Interseï¿½ï¿½o de Vias;Nï¿½o;0;0
2025-05-03;sï¿½bado;07:10:00;SC;101;SAO JOSE;Ingestï¿½o de ï¿½lcool pelo condutor;Colisï¿½o com objeto;Sem Vï¿½timas;Pleno dia;Cï¿½u Claro;Dupla;Reta;Sim;0;0
2025-05-03;sï¿½bado;04:15:00;RJ;40;DUQUE DE CAXIAS;Condutor Dormindo;Tombamento;Com Vï¿½timas Feridas;Plena Noite;Cï¿½u Claro;Dupla;Reta;Sim;0;0
2025-05-03;sï¿½bado;07:30:00;MG;262;JUATUBA;Demais falhas mecï¿½nicas ou elï¿½tricas;Saï¿½da de leito carroï¿½ï¿½vel;Com Vï¿½timas Feridas;Pleno dia;Cï¿½u Claro;Dupla;Reta;Nï¿½o;0;0
2025-05-03;sï¿½bado;07:40:00;PB;230;CABEDELO;Reaï¿½ï¿½o tardia ou ineficiente do condutor;Tombamento;Com Vï¿½timas Feridas;Pleno dia;Cï¿½u Claro;Dupla;"Reta;Em Obras";Nï¿½o;0;0
2025-05-03;sï¿½bado;06:50:00;SP;381;SAO PAULO;Velocidade Incompatï¿½vel;Colisï¿½o com objeto;Com Vï¿½timas Feridas;Pleno dia;Cï¿½u Claro;Mï¿½ltipla;Curva;Sim;0;0
2025-05-03;sï¿½bado;08:30:00;PB;230;CAMPINA GRANDE;Reaï¿½ï¿½o tardia ou ineficiente do condutor;Colisï¿½o traseira;Com Vï¿½timas Feridas;Pleno dia;Sol;Dupla;"Reta;Em Obras";Sim;0;0
2025-05-03;sï¿½bado;09:00:00;PE;101;IGARASSU;Acumulo de ï¿½leo sobre o pavimento;Tombamento;Com Vï¿½timas Feridas;Pleno dia;Cï¿½u Claro;Mï¿½ltipla;Reta;Sim;0;0
2025-04-17;quinta-feira;18:20:00;ES;101;SAO MATEUS;Acessar a via sem observar a presenï¿½a dos outros veï¿½culos;Colisï¿½o transversal;Com Vï¿½timas Feridas;Plena Noite;Garoa/Chuvisco;Simples;Reta;Sim;0;0
2025-04-22;terï¿½a-feira;05:20:00;SC;116;MAFRA;Acessar a via sem observar a presenï¿½a dos outros veï¿½culos;Colisï¿½o transversal;Com Vï¿½timas Feridas;Pleno dia;Cï¿½u Claro;Simples;Reta;Sim;0;0
2025-04-30;quarta-feira;23:55:00;BA;101;IBIRAPITANGA;Pedestre andava na pista;Atropelamento de Pedestre;Com Vï¿½timas Feridas;Plena Noite;Nublado;Simples;Reta;Nï¿½o;0;0
2025-05-03;sï¿½bado;06:00:00;PI;407;JAICOS;Mal sï¿½bito do condutor;Colisï¿½o com objeto;Com Vï¿½timas Fatais;Pleno dia;Sol;Simples;Reta;Nï¿½o;1;1
2025-05-03;sï¿½bado;08:20:00;BA;101;ITABUNA;Acessar a via sem observar a presenï¿½a dos outros veï¿½culos;Colisï¿½o transversal;Com Vï¿½timas Feridas;Pleno dia;Sol;Simples;"Reta;Aclive";Sim;0;0
2025-05-03;sï¿½bado;09:28:00;PR;376;MARIALVA;Avarias e/ou desgaste excessivo no pneu;Queda de ocupante de veï¿½culo;Com Vï¿½timas Feridas;Pleno dia;Cï¿½u Claro;Dupla;Reta;Nï¿½o;0;0
2025-05-03;sï¿½bado;08:15:00;MT;364;JACIARA;Reaï¿½ï¿½o tardia ou ineficiente do condutor;Saï¿½da de leito carroï¿½ï¿½vel;Com Vï¿½timas Feridas;Pleno dia;Cï¿½u Claro;Dupla;Reta;Nï¿½o;0;0
2025-05-03;sï¿½bado;09:00:00;PE;104;CARUARU;Reaï¿½ï¿½o tardia ou ineficiente do condutor;Colisï¿½o traseira;Com Vï¿½timas Feridas;Pleno dia;Cï¿½u Claro;Dupla;Interseï¿½ï¿½o de Vias;Sim;0;0
2025-04-10;quinta-feira;18:00:00;GO;70;ARAGARCAS;Manobra de mudanï¿½a de faixa;Colisï¿½o com objeto;Com Vï¿½timas Feridas;Anoitecer;Cï¿½u Claro;Dupla;Reta;Sim;0;0
2025-05-03;sï¿½bado;09:00:00;MG;40;JUIZ DE FORA;Avarias e/ou desgaste excessivo no pneu;Capotamento;Com Vï¿½timas Feridas;Pleno dia;Cï¿½u Claro;Dupla;Reta;Nï¿½o;0;0
2025-05-02;sexta-feira;17:30:00;TO;153;WANDERLANDIA;Carga excessiva e/ou mal acondicionada;Derramamento de carga;Com Vï¿½timas Feridas;Pleno dia;Cï¿½u Claro;Simples;Reta;Nï¿½o;0;0
2025-05-03;sï¿½bado;10:10:00;PR;277;CEU AZUL;Reaï¿½ï¿½o tardia ou ineficiente do condutor;Saï¿½da de leito carroï¿½ï¿½vel;Com Vï¿½timas Feridas;Pleno dia;Cï¿½u Claro;Simples;Reta;Nï¿½o;0;0
2025-05-03;sï¿½bado;10:35:00;ES;101;SERRA;Velocidade Incompatï¿½vel;Saï¿½da de leito carroï¿½ï¿½vel;Com Vï¿½timas Feridas;Pleno dia;Cï¿½u Claro;Dupla;Curva;Nï¿½o;0;0
2025-05-03;sï¿½bado;08:00:00;MT;163;SORRISO;Velocidade Incompatï¿½vel;Saï¿½da de leito carroï¿½ï¿½vel;Com Vï¿½timas Feridas;Pleno dia;Cï¿½u Claro;Simples;"Retorno Regulamentado;Curva;Rotatï¿½ria";Sim;0;0
2025-05-03;sï¿½bado;10:30:00;SC;470;LAURENTINO;Conversï¿½o proibida;Colisï¿½o transversal;Com Vï¿½timas Feridas;Pleno dia;Cï¿½u Claro;Simples;Reta;Nï¿½o;0;0
2025-01-24;sexta-feira;07:50:00;PE;101;CABO DE SANTO AGOSTINHO;Acessar a via sem observar a presenï¿½a dos outros veï¿½culos;Colisï¿½o traseira;Sem Vï¿½timas;Amanhecer;Ignorado;Dupla;Reta;Nï¿½o;0;0
2025-05-03;sï¿½bado;09:15:00;PE;232;VITORIA DE SANTO ANTAO;Avarias e/ou desgaste excessivo no pneu;Tombamento;Com Vï¿½timas Feridas;Pleno dia;Cï¿½u Claro;Dupla;Reta;Nï¿½o;0;0
2025-05-03;sï¿½bado;10:00:00;MG;356;MURIAE;Condutor deixou de manter distï¿½ncia do veï¿½culo da frente;Colisï¿½o traseira;Com Vï¿½timas Feridas;Pleno dia;Sol;Simples;"Declive;Reta";Sim;0;0
2025-05-03;sï¿½bado;10:40:00;PI;316;TERESINA;Manobra de mudanï¿½a de faixa;Colisï¿½o lateral mesmo sentido;Com Vï¿½timas Feridas;Pleno dia;Cï¿½u Claro;Mï¿½ltipla;Reta;Sim;0;0
2025-05-03;sï¿½bado;11:15:00;PE;408;SAO LOURENCO DA MATA;Reaï¿½ï¿½o tardia ou ineficiente do condutor;Colisï¿½o com objeto;Com Vï¿½timas Feridas;Pleno dia;Cï¿½u Claro;Simples;Reta;Nï¿½o;0;0
2025-05-03;sï¿½bado;09:15:00;MG;116;GOVERNADOR VALADARES;Ultrapassagem Indevida;Colisï¿½o lateral mesmo sentido;Com Vï¿½timas Feridas;Pleno dia;Cï¿½u Claro;Simples;Reta;Sim;0;0
2025-05-03;sï¿½bado;11:50:00;CE;222;CAUCAIA;Animais na Pista;Colisï¿½o traseira;Com Vï¿½timas Feridas;Pleno dia;Nublado;Dupla;"Reta;Declive";Sim;0;0
2025-05-03;sï¿½bado;12:15:00;AL;101;SAO MIGUEL DOS CAMPOS;Acessar a via sem observar a presenï¿½a dos outros veï¿½culos;Colisï¿½o transversal;Sem Vï¿½timas;Pleno dia;Cï¿½u Claro;Simples;"Em Obras;Reta";Sim;0;0
2025-05-03;sï¿½bado;10:00:00;DF;70;BRASILIA;Suicï¿½dio (presumido);Atropelamento de Pedestre;Com Vï¿½timas Fatais;Pleno dia;Cï¿½u Claro;Dupla;Reta;Sim;1;1
2025-05-03;sï¿½bado;11:45:00;RJ;40;PETROPOLIS;Reaï¿½ï¿½o tardia ou ineficiente do condutor;Queda de ocupante de veï¿½culo;Com Vï¿½timas Feridas;Pleno dia;Cï¿½u Claro;Simples;"Declive;Reta";Nï¿½o;0;0
2025-05-03;sï¿½bado;13:00:00;MG;381;BETIM;Ausï¿½ncia de reaï¿½ï¿½o do condutor;Tombamento;Com Vï¿½timas Feridas;Pleno dia;Nublado;Dupla;Curva;Sim;0;0
2025-05-03;sï¿½bado;13:00:00;RJ;101;MANGARATIBA;Acessar a via sem observar a presenï¿½a dos outros veï¿½culos;Colisï¿½o transversal;Com Vï¿½timas Feridas;Pleno dia;Cï¿½u Claro;Simples;Reta;Nï¿½o;0;0
2025-05-03;sï¿½bado;12:59:00;PB;230;SANTA RITA;Pedestre cruzava a pista fora da faixa;Atropelamento de Pedestre;Com Vï¿½timas Fatais;Pleno dia;Cï¿½u Claro;Dupla;Curva;Nï¿½o;1;1
2025-05-03;sï¿½bado;13:25:00;PR;116;CAMPINA GRANDE DO SUL;Reaï¿½ï¿½o tardia ou ineficiente do condutor;Colisï¿½o com objeto;Com Vï¿½timas Feridas;Pleno dia;Cï¿½u Claro;Dupla;"Curva;Declive";Nï¿½o;0;0
2025-05-03;sï¿½bado;13:40:00;PR;376;CURITIBA;Demais falhas mecï¿½nicas ou elï¿½tricas;Tombamento;Com Vï¿½timas Feridas;Pleno dia;Cï¿½u Claro;Dupla;Reta;Sim;0;0
2025-05-03;sï¿½bado;13:30:00;PE;101;RECIFE;Acessar a via sem observar a presenï¿½a dos outros veï¿½culos;Colisï¿½o transversal;Com Vï¿½timas Feridas;Pleno dia;Cï¿½u Claro;Mï¿½ltipla;Reta;Sim;0;0
2025-05-03;sï¿½bado;14:00:00;PR;376;MARINGA;Reaï¿½ï¿½o tardia ou ineficiente do condutor;Engavetamento;Com Vï¿½timas Feridas;Pleno dia;Cï¿½u Claro;Dupla;Reta;Sim;0;0
2025-05-03;sï¿½bado;13:40:00;MG;381;BETIM;Reaï¿½ï¿½o tardia ou ineficiente do condutor;Colisï¿½o com objeto;Com Vï¿½timas Feridas;Pleno dia;Cï¿½u Claro;Mï¿½ltipla;Reta;Nï¿½o;0;0
2025-05-03;sï¿½bado;12:50:00;PA;230;MARABA;Acessar a via sem observar a presenï¿½a dos outros veï¿½culos;Colisï¿½o transversal;Com Vï¿½timas Feridas;Pleno dia;Cï¿½u Claro;Dupla;"Retorno Regulamentado;Aclive;Reta";Sim;0;0
2025-05-03;sï¿½bado;13:40:00;SC;101;ARARANGUA;Acessar a via sem observar a presenï¿½a dos outros veï¿½culos;Colisï¿½o lateral mesmo sentido;Com Vï¿½timas Feridas;Pleno dia;Cï¿½u Claro;Simples;Rotatï¿½ria;Sim;0;0
2025-05-03;sï¿½bado;13:50:00;MG;40;RIBEIRAO DAS NEVES;Acessar a via sem observar a presenï¿½a dos outros veï¿½culos;Colisï¿½o transversal;Com Vï¿½timas Feridas;Pleno dia;Cï¿½u Claro;Mï¿½ltipla;"Reta;Interseï¿½ï¿½o de Vias;Retorno Regulamentado";Sim;0;0
2025-05-03;sï¿½bado;13:50:00;PR;163;TOLEDO;Ingestï¿½o de ï¿½lcool pelo condutor;Colisï¿½o transversal;Com Vï¿½timas Feridas;Pleno dia;Cï¿½u Claro;Dupla;"Reta;Retorno Regulamentado;Aclive";Nï¿½o;0;0
2025-05-03;sï¿½bado;03:48:00;MT;163;TERRA NOVA DO NORTE;Ingestï¿½o de ï¿½lcool pelo condutor;Saï¿½da de leito carroï¿½ï¿½vel;Com Vï¿½timas Feridas;Amanhecer;Cï¿½u Claro;Simples;"Reta;Aclive";Nï¿½o;0;0
2025-05-03;sï¿½bado;13:44:00;RN;101;NATAL;Trafegar com motocicleta (ou similar) entre as faixas;Colisï¿½o lateral mesmo sentido;Com Vï¿½timas Feridas;Pleno dia;Cï¿½u Claro;Dupla;"Reta;Ponte;Em Obras";Sim;0;0
2025-05-03;sï¿½bado;10:00:00;SC;101;ARARANGUA;Ingestï¿½o de ï¿½lcool pelo condutor;Colisï¿½o transversal;Sem Vï¿½timas;Pleno dia;Cï¿½u Claro;Simples;Interseï¿½ï¿½o de Vias;Sim;0;0
2025-05-03;sï¿½bado;13:00:00;MG;116;GOVERNADOR VALADARES;Ingestï¿½o de ï¿½lcool pelo condutor;Saï¿½da de leito carroï¿½ï¿½vel;Com Vï¿½timas Feridas;Pleno dia;Sol;Simples;Reta;Nï¿½o;0;0
2025-04-10;quinta-feira;11:20:00;RJ;116;MAGE;Ausï¿½ncia de reaï¿½ï¿½o do condutor;Colisï¿½o traseira;Com Vï¿½timas Feridas;Pleno dia;Cï¿½u Claro;Dupla;Rotatï¿½ria;Sim;0;0
2025-05-03;sï¿½bado;14:46:00;MT;364;SANTO ANTONIO DO LEVERGER;Reaï¿½ï¿½o tardia ou ineficiente do condutor;Saï¿½da de leito carroï¿½ï¿½vel;Com Vï¿½timas Feridas;Pleno dia;Chuva;Dupla;"Curva;Aclive";Nï¿½o;0;0
2025-05-03;sï¿½bado;12:30:00;RJ;40;DUQUE DE CAXIAS;Avarias e/ou desgaste excessivo no pneu;Queda de ocupante de veï¿½culo;Com Vï¿½timas Feridas;Pleno dia;Sol;Mï¿½ltipla;Reta;Sim;0;0
2025-05-03;sï¿½bado;13:40:00;MT;364;SANTO ANTONIO DO LEVERGER;Mal sï¿½bito do condutor;Saï¿½da de leito carroï¿½ï¿½vel;Com Vï¿½timas Fatais;Pleno dia;Cï¿½u Claro;Dupla;Reta;Sim;1;1
2025-05-03;sï¿½bado;16:50:00;SC;101;ITAJAI;Condutor Dormindo;Colisï¿½o traseira;Com Vï¿½timas Feridas;Pleno dia;Cï¿½u Claro;Mï¿½ltipla;Reta;Sim;0;0
2025-05-03;sï¿½bado;16:30:00;RN;304;ITAJA;Demais falhas mecï¿½nicas ou elï¿½tricas;Incï¿½ndio;Sem Vï¿½timas;Pleno dia;Cï¿½u Claro;Simples;Ponte;Nï¿½o;0;0
2025-05-03;sï¿½bado;16:20:00;DF;20;BRASILIA;Manobra de mudanï¿½a de faixa;Colisï¿½o lateral mesmo sentido;Com Vï¿½timas Feridas;Pleno dia;Cï¿½u Claro;Dupla;"Reta;Em Obras";Sim;0;0
2025-05-03;sï¿½bado;16:20:00;MG;40;ITABIRITO;Velocidade Incompatï¿½vel;Tombamento;Com Vï¿½timas Feridas;Pleno dia;Nublado;Simples;"Reta;Interseï¿½ï¿½o de Vias";Nï¿½o;0;0
2025-05-03;sï¿½bado;16:00:00;PR;153;REBOUCAS;Ingestï¿½o de ï¿½lcool pelo condutor;Saï¿½da de leito carroï¿½ï¿½vel;Com Vï¿½timas Feridas;Pleno dia;Cï¿½u Claro;Simples;Reta;Nï¿½o;0;0
2025-05-03;sï¿½bado;17:30:00;PR;376;APUCARANA;Ausï¿½ncia de reaï¿½ï¿½o do condutor;Saï¿½da de leito carroï¿½ï¿½vel;Com Vï¿½timas Feridas;Pleno dia;Cï¿½u Claro;Dupla;"Interseï¿½ï¿½o de Vias;Curva";Sim;0;0
2025-05-03;sï¿½bado;16:40:00;PR;376;APUCARANA;Ausï¿½ncia de reaï¿½ï¿½o do condutor;Queda de ocupante de veï¿½culo;Com Vï¿½timas Feridas;Pleno dia;Cï¿½u Claro;Simples;Curva;Nï¿½o;0;0
2025-05-03;sï¿½bado;18:00:00;SP;116;GUARULHOS;Trafegar com motocicleta (ou similar) entre as faixas;Colisï¿½o lateral mesmo sentido;Com Vï¿½timas Feridas;Plena Noite;Cï¿½u Claro;Mï¿½ltipla;Reta;Nï¿½o;0;0