data_inversa;dia_semana;horario;uf;br;municipio;causa_acidente;tipo_acidente;classificacao_acidente;fase_dia;condicao_metereologica;tipo_pista;tracado_via;uso_solo;mortos;acidente_fatal
2025-05-07;quarta-feira;16:15:00;MG;354;CAXAMBU;Acessar a via sem observar a presenï¿½a dos outros veï¿½culos;Colisï¿½o transversal;Com Vï¿½timas Fatais;Pleno dia;Cï¿½u Claro;Simples;Reta;Sim;1;1
2025-05-07;quarta-feira;23:30:00;BA;101;CRUZ DAS ALMAS;Retorno proibido;Colisï¿½o transversal;Com Vï¿½timas Feridas;Plena Noite;Nublado;Simples;Aclive;Nï¿½o;0;0
2025-05-07;quarta-feira;21:15:00;RO;421;ARIQUEMES;Animais na Pista;Atropelamento de Animal;Com Vï¿½timas Feridas;Plena Noite;Nublado;Simples;Reta;Nï¿½o;0;0
2025-05-07;quarta-feira;23:01:00;PE;232;GRAVATA;Acessar a via sem observar a presenï¿½a dos outros veï¿½culos;Colisï¿½o traseira;Com Vï¿½timas Feridas;Plena Noite;Cï¿½u Claro;Dupla;Reta;Sim;0;0
2025-05-07;quarta-feira;15:30:00;SC;282;RANCHO QUEIMADO;Frear bruscamente;Saï¿½da de leito carroï¿½ï¿½vel;Sem Vï¿½timas;Pleno dia;Nublado;Simples;Curva;Nï¿½o;0;0
2025-05-08;quinta-feira;02:20:00;SP;116;GUARATINGUETA;Ausï¿½ncia de reaï¿½ï¿½o do condutor;Colisï¿½o traseira;Com Vï¿½timas Feridas;Plena Noite;Cï¿½u Claro;Dupla;Reta;Nï¿½o;0;0
2025-05-07;quarta-feira;12:00:00;RJ;101;SAO GONCALO;Avarias e/ou desgaste excessivo no pneu;Queda de ocupante de veï¿½culo;Com Vï¿½timas Feridas;Pleno dia;Sol;Dupla;Reta;Sim;0;0
2025-05-07;quarta-feira;19:00:00;BA;324;FEIRA DE SANTANA;Pista esburacada;Queda de ocupante de veï¿½culo;Com Vï¿½timas Feridas;Plena Noite;Nublado;Dupla;Aclive;Sim;0;0
2025-05-08;quinta-feira;06:05:00;SP;153;SAO JOSE DO RIO PRETO;Reaï¿½ï¿½o tardia ou ineficiente do condutor;Colisï¿½o traseira;Com Vï¿½timas Feridas;Amanhecer;Cï¿½u Claro;Dupla;"Reta;Declive";Sim;0;0
2025-05-08;quinta-feira;05:30:00;MS;267;PORTO MURTINHO;Demais falhas mecï¿½nicas ou elï¿½tricas;Incï¿½ndio;Sem Vï¿½timas;Amanhecer;Cï¿½u Claro;Simples;Reta;Nï¿½o;0;0
2025-05-08;quinta-feira;05:00:00;SC;101;ARAQUARI;Reaï¿½ï¿½o tardia ou ineficiente do condutor;Tombamento;Com Vï¿½timas Feridas;Plena Noite;Cï¿½u Claro;Simples;"Declive;Interseï¿½ï¿½o de Vias;Viaduto;Curva";Nï¿½o;0;0
2025-05-08;quinta-feira;05:30:00;BA;116;VITORIA DA CONQUISTA;Condutor deixou de manter distï¿½ncia do veï¿½culo da frente;Colisï¿½o lateral mesmo sentido;Com Vï¿½timas Feridas;Amanhecer;Cï¿½u Claro;Simples;Reta;Nï¿½o;0;0
2025-05-07;quarta-feira;20:00:00;RJ;101;TANGUA;Conversï¿½o proibida;Colisï¿½o frontal;Com Vï¿½timas Feridas;Plena Noite;Cï¿½u Claro;Simples;Reta;Sim;0;0
2025-05-08;quinta-feira;06:12:00;SC;282;CAMPOS NOVOS;Condutor Dormindo;Saï¿½da de leito carroï¿½ï¿½vel;Sem Vï¿½timas;Amanhecer;Nublado;Simples;Reta;Nï¿½o;0;0
2025-05-07;quarta-feira;18:18:00;SC;470;INDAIAL;Condutor usando celular;Colisï¿½o com objeto;Com Vï¿½timas Feridas;Plena Noite;Nublado;Simples;Reta;Sim;0;0
2025-05-08;quinta-feira;06:55:00;RS;386;ESTRELA;Reaï¿½ï¿½o tardia ou ineficiente do condutor;Colisï¿½o com objeto;Com Vï¿½timas Feridas;Pleno dia;Nublado;Dupla;"Em Obras;Desvio Temporï¿½rio";Nï¿½o;0;0
2025-05-08;quinta-feira;07:45:00;MG;381;CONTAGEM;Ausï¿½ncia de reaï¿½ï¿½o do condutor;Colisï¿½o traseira;Com Vï¿½timas Fatais;Pleno dia;Cï¿½u Claro;Dupla;Reta;Nï¿½o;1;1
2025-05-08;quinta-feira;07:02:00;RN;101;SAO GONCALO DO AMARANTE;Manobra de mudanï¿½a de faixa;Colisï¿½o lateral mesmo sentido;Com Vï¿½timas Feridas;Pleno dia;Cï¿½u Claro;Dupla;"Reta;Retorno Regulamentado";Sim;0;0
2025-05-08;quinta-feira;07:40:00;RJ;101;PARATY;Acessar a via sem observar a presenï¿½a dos outros veï¿½culos;Colisï¿½o transversal;Com Vï¿½timas Feridas;Pleno dia;Cï¿½u Claro;Simples;Reta;Nï¿½o;0;0
2025-05-08;quinta-feira;07:00:00;BA;324;SALVADOR;Trafegar com motocicleta (ou similar) entre as faixas;Colisï¿½o lateral mesmo sentido;Com Vï¿½timas Feridas;Pleno dia;Nublado;Mï¿½ltipla;Reta;Sim;0;0
2025-05-08;quinta-feira;07:40:00;PB;230;JOAO PESSOA;Transitar no Acostamento;Tombamento;Com Vï¿½timas Feridas;Pleno dia;Chuva;Dupla;Reta;Sim;0;0
2025-05-08;quinta-feira;07:40:00;RJ;101;RIO BONITO;Reaï¿½ï¿½o tardia ou ineficiente do condutor;Saï¿½da de leito carroï¿½ï¿½vel;Com Vï¿½timas Feridas;Pleno dia;Cï¿½u Claro;Dupla;Reta;Nï¿½o;0;0
2025-05-08;quinta-feira;07:50:00;GO;153;ANAPOLIS;Manobra de mudanï¿½a de faixa;Colisï¿½o lateral mesmo sentido;Com Vï¿½timas Feridas;Pleno dia;Cï¿½u Claro;Dupla;"Reta;Aclive";Sim;0;0
2025-05-08;quinta-feira;07:40:00;RJ;101;SAO GONCALO;Ausï¿½ncia de reaï¿½ï¿½o do condutor;Colisï¿½o traseira;Com Vï¿½timas Feridas;Pleno dia;Cï¿½u Claro;Dupla;Reta;Nï¿½o;0;0
2025-05-08;quinta-feira;08:25:00;SC;101;SAO JOSE;Trafegar com motocicleta (ou similar) entre as faixas;Queda de ocupante de veï¿½culo;Com Vï¿½timas Feridas;Pleno dia;Cï¿½u Claro;Mï¿½ltipla;Reta;Sim;0;0
2025-05-08;quinta-feira;08:32:00;TO;153;DUERE;Reaï¿½ï¿½o tardia ou ineficiente do condutor;Saï¿½da de leito carroï¿½ï¿½vel;Com Vï¿½timas Feridas;Pleno dia;Cï¿½u Claro;Simples;Reta;Nï¿½o;0;0
2025-05-08;quinta-feira;08:00:00;PR;369;LONDRINA;Ausï¿½ncia de reaï¿½ï¿½o do condutor;Colisï¿½o traseira;Com Vï¿½timas Feridas;Pleno dia;Cï¿½u Claro;Dupla;Reta;Sim;0;0
2025-05-08;quinta-feira;08:00:00;PE;101;RECIFE;Trafegar com motocicleta (ou similar) entre as faixas;Colisï¿½o lateral mesmo sentido;Com Vï¿½timas Feridas;Pleno dia;Sol;Dupla;"Reta;Aclive";Nï¿½o;0;0
2025-05-08;quinta-feira;07:50:00;MG;40;SANTOS DUMONT;Velocidade Incompatï¿½vel;Colisï¿½o transversal;Com Vï¿½timas Feridas;Pleno dia;Cï¿½u Claro;Simples;Curva;Nï¿½o;0;0
2025-05-05;segunda-feira;00:30:00;RJ;101;SAO GONCALO;Reaï¿½ï¿½o tardia ou ineficiente do condutor;Queda de ocupante de veï¿½culo;Com Vï¿½timas Feridas;Plena Noite;Cï¿½u Claro;Dupla;Curva;Nï¿½o;0;0
2025-05-08;quinta-feira;07:30:00;BA;101;MUCURI;Acesso irregular;Colisï¿½o transversal;Com Vï¿½timas Feridas;Pleno dia;Chuva;Simples;Reta;Sim;0;0
2025-05-08;quinta-feira;07:45:00;PE;232;JABOATAO DOS GUARARAPES;Trafegar com motocicleta (ou similar) entre as faixas;Colisï¿½o lateral mesmo sentido;Com Vï¿½timas Feridas;Pleno dia;Cï¿½u Claro;Dupla;Reta;Sim;0;0
2025-05-08;quinta-feira;08:50:00;SC;470;BLUMENAU;Trafegar com motocicleta (ou similar) entre as faixas;Colisï¿½o transversal;Com Vï¿½timas Feridas;Pleno dia;Cï¿½u Claro;Simples;Em Obras;Sim;0;0
2025-04-26;sï¿½bado;23:00:00;MS;463;DOURADOS;Manobra de mudanï¿½a de faixa;Colisï¿½o lateral mesmo sentido;Com Vï¿½timas Feridas;Plena Noite;Chuva;Dupla;"Aclive;Reta";Sim;0;0
2025-05-08;quinta-feira;09:30:00;SC;101;FLORIANOPOLIS;Mal sï¿½bito do condutor;Engavetamento;Com Vï¿½timas Feridas;Pleno dia;Nublado;Dupla;Reta;Sim;0;0
2025-05-08;quinta-feira;06:30:00;MG;381;BETIM;Ultrapassagem Indevida;Colisï¿½o lateral mesmo sentido;Com Vï¿½timas Feridas;Pleno dia;Cï¿½u Claro;Simples;Reta;Sim;0;0
2025-03-22;sï¿½bado;16:10:00;GO;414;ABADIANIA;Manobra de mudanï¿½a de faixa;Colisï¿½o frontal;Com Vï¿½timas Feridas;Pleno dia;Cï¿½u Claro;Simples;Reta;Nï¿½o;0;0
2025-05-08;quinta-feira;09:15:00;MS;163;JARAGUARI;Acessar a via sem observar a presenï¿½a dos outros veï¿½culos;Tombamento;Com Vï¿½timas Feridas;Pleno dia;Sol;Simples;"Reta;Aclive";Nï¿½o;0;0
2025-05-08;quinta-feira;09:50:00;RS;285;SANTO ANTONIO DAS MISSOES;Demais falhas mecï¿½nicas ou elï¿½tricas;Tombamento;Sem Vï¿½timas;Pleno dia;Nublado;Simples;Reta;Nï¿½o;0;0
2025-05-08;quinta-feira;08:46:00;RJ;101;NITEROI;Reaï¿½ï¿½o tardia ou ineficiente do condutor;Colisï¿½o com objeto;Com Vï¿½timas Feridas;Pleno dia;Cï¿½u Claro;Dupla;Reta;Nï¿½o;0;0
2025-05-08;quinta-feira;10:30:00;GO;414;VILA PROPICIO;Ingestï¿½o de ï¿½lcool pelo condutor;Tombamento;Com Vï¿½timas Feridas;Pleno dia;Sol;Simples;Reta;Nï¿½o;0;0
2025-05-08;quinta-feira;09:20:00;RJ;101;RIO DE JANEIRO;Avarias e/ou desgaste excessivo no pneu;Tombamento;Com Vï¿½timas Feridas;Pleno dia;Cï¿½u Claro;Simples;Reta;Nï¿½o;0;0
2025-05-08;quinta-feira;11:10:00;SC;101;BIGUACU;Ausï¿½ncia de reaï¿½ï¿½o do condutor;Colisï¿½o traseira;Com Vï¿½timas Feridas;Pleno dia;Cï¿½u Claro;Mï¿½ltipla;"Reta;Interseï¿½ï¿½o de Vias";Sim;0;0
2025-05-08;quinta-feira;11:05:00;RJ;116;SAO JOAO DE MERITI;Ausï¿½ncia de reaï¿½ï¿½o do condutor;Saï¿½da de leito carroï¿½ï¿½vel;Com Vï¿½timas Feridas;Pleno dia;Sol;Mï¿½ltipla;"Ponte;Aclive";Sim;0;0
2025-05-08;quinta-feira;11:00:00;PB;230;JOAO PESSOA;Trafegar com motocicleta (ou similar) entre as faixas;Colisï¿½o lateral mesmo sentido;Com Vï¿½timas Feridas;Pleno dia;Cï¿½u Claro;Dupla;Reta;Nï¿½o;0;0
2025-04-30;quarta-feira;21:30:00;MS;163;CAMPO GRANDE;Ausï¿½ncia de reaï¿½ï¿½o do condutor;Saï¿½da de leito carroï¿½ï¿½vel;Com Vï¿½timas Feridas;Plena Noite;Cï¿½u Claro;Simples;Curva;Nï¿½o;0;0
2025-05-08;quinta-feira;11:10:00;PE;104;CARUARU;Ausï¿½ncia de reaï¿½ï¿½o do condutor;Colisï¿½o traseira;Sem Vï¿½timas;Pleno dia;Cï¿½u Claro;Dupla;Reta;Sim;0;0
2025-05-08;quinta-feira;09:00:00;AP;156;OIAPOQUE;Reaï¿½ï¿½o tardia ou ineficiente do condutor;Colisï¿½o traseira;Sem Vï¿½timas;Pleno dia;Nublado;Simples;"Ponte;Reta;Declive";Nï¿½o;0;0
2025-05-08;quinta-feira;12:20:00;SC;101;SAO JOSE;Acessar a via sem observar a presenï¿½a dos outros veï¿½culos;Colisï¿½o transversal;Com Vï¿½timas Feridas;Pleno dia;Cï¿½u Claro;Mï¿½ltipla;Reta;Sim;0;0
2025-05-08;quinta-feira;12:30:00;RS;116;NOVO HAMBURGO;Mal sï¿½bito do condutor;Saï¿½da de leito carroï¿½ï¿½vel;Com Vï¿½timas Feridas;Pleno dia;Cï¿½u Claro;Mï¿½ltipla;Reta;Sim;0;0
2025-05-08;quinta-feira;12:30:00;ES;101;FUNDAO;Mal sï¿½bito do condutor;Colisï¿½o traseira;Com Vï¿½timas Feridas;Pleno dia;Chuva;Simples;Reta;Nï¿½o;0;0
2025-05-08;quinta-feira;11:40:00;PE;104;CARUARU;Acessar a via sem observar a presenï¿½a dos outros veï¿½culos;Colisï¿½o lateral mesmo sentido;Com Vï¿½timas Feridas;Pleno dia;Sol;Dupla;Curva;Sim;0;0
2025-05-08;quinta-feira;09:30:00;RO;364;VILHENA;Acessar a via sem observar a presenï¿½a dos outros veï¿½culos;Colisï¿½o transversal;Com Vï¿½timas Feridas;Pleno dia;Nublado;Dupla;Reta;Sim;0;0
2025-05-08;quinta-feira;12:17:00;PI;343;TERESINA;Ausï¿½ncia de reaï¿½ï¿½o do condutor;Colisï¿½o transversal;Com Vï¿½timas Feridas;Pleno dia;Cï¿½u Claro;Dupla;Reta;Sim;0;0
2025-03-15;sï¿½bado;08:00:00;SC;470;BLUMENAU;Acessar a via sem observar a presenï¿½a dos outros veï¿½culos;Colisï¿½o transversal;Com Vï¿½timas Feridas;Pleno dia;Cï¿½u Claro;Simples;Interseï¿½ï¿½o de Vias;Nï¿½o;0;0
2025-05-01;quinta-feira;17:45:00;SC;0;BLUMENAU;Demais Fenï¿½menos da natureza;Eventos atï¿½picos;Sem Vï¿½timas;Anoitecer;Cï¿½u Claro;Dupla;Reta;Sim;0;0
2025-05-08;quinta-feira;13:20:00;RS;386;SEBERI;Ultrapassagem Indevida;Tombamento;Com Vï¿½timas Feridas;Pleno dia;Sol;Simples;Reta;Nï¿½o;0;0
2025-05-08;quinta-feira;12:40:00;RO;319;PORTO VELHO;Condutor desrespeitou a iluminaï¿½ï¿½o vermelha do semï¿½foro;Colisï¿½o transversal;Sem Vï¿½timas;Pleno dia;Cï¿½u Claro;Dupla;Reta;Sim;0;0
2025-05-08;quinta-feira;13:15:00;MS;163;ITAQUIRAI;Acessar a via sem observar a presenï¿½a dos outros veï¿½culos;Colisï¿½o transversal;Com Vï¿½timas Feridas;Pleno dia;Cï¿½u Claro;Dupla;"Reta;Interseï¿½ï¿½o de Vias";Sim;0;0
2025-05-08;quinta-feira;14:10:00;MG;262;UBERABA;Reaï¿½ï¿½o tardia ou ineficiente do condutor;Saï¿½da de leito carroï¿½ï¿½vel;Com Vï¿½timas Feridas;Pleno dia;Cï¿½u Claro;Dupla;Reta;Nï¿½o;0;0
2025-03-23;domingo;20:00:00;PE;428;PETROLINA;Ultrapassagem Indevida;Colisï¿½o lateral mesmo sentido;Com Vï¿½timas Feridas;Plena Noite;Cï¿½u Claro;Simples;Reta;Nï¿½o;0;0
2025-04-26;sï¿½bado;23:00:00;RJ;40;DUQUE DE CAXIAS;Ausï¿½ncia de reaï¿½ï¿½o do condutor;Colisï¿½o traseira;Com Vï¿½timas Feridas;Plena Noite;Cï¿½u Claro;Mï¿½ltipla;Reta;Sim;0;0
2025-04-20;domingo;19:30:00;SP;116;BARRA DO TURVO;Reaï¿½ï¿½o tardia ou ineficiente do condutor;Colisï¿½o com objeto;Com Vï¿½timas Feridas;Plena Noite;Garoa/Chuvisco;Simples;Curva;Nï¿½o;0;0
2025-05-08;quinta-feira;12:40:00;MA;10;IMPERATRIZ;Transitar no Acostamento;Colisï¿½o transversal;Com Vï¿½timas Feridas;Pleno dia;Cï¿½u Claro;Simples;Reta;Sim;0;0
2025-05-08;quinta-feira;12:00:00;RJ;40;DUQUE DE CAXIAS;Reaï¿½ï¿½o tardia ou ineficiente do condutor;Saï¿½da de leito carroï¿½ï¿½vel;Com Vï¿½timas Feridas;Pleno dia;Cï¿½u Claro;Mï¿½ltipla;Reta;Sim;0;0
2025-05-08;quinta-feira;13:55:00;PE;101;RECIFE;Manobra de mudanï¿½a de faixa;Colisï¿½o lateral mesmo sentido;Com Vï¿½timas Feridas;Pleno dia;Cï¿½u Claro;Dupla;"Interseï¿½ï¿½o de Vias;Reta";Nï¿½o;0;0
2025-05-08;quinta-feira;13:40:00;SP;116;REGISTRO;Desrespeitar a preferï¿½ncia no cruzamento;Colisï¿½o transversal;Com Vï¿½timas Feridas;Pleno dia;Cï¿½u Claro;Simples;"Viaduto;Reta;Interseï¿½ï¿½o de Vias";Sim;0;0
2025-05-08;quinta-feira;14:15:00;GO;153;ANAPOLIS;Acumulo de areia ou detritos sobre o pavimento;Tombamento;Com Vï¿½timas Feridas;Pleno dia;Cï¿½u Claro;Dupla;"Em Obras;Desvio Temporï¿½rio";Sim;0;0
2025-05-08;quinta-feira;15:10:00;MG;381;ESTIVA;Velocidade Incompatï¿½vel;Saï¿½da de leito carroï¿½ï¿½vel;Com Vï¿½timas Feridas;Pleno dia;Cï¿½u Claro;Dupla;Curva;Nï¿½o;0;0
2025-05-08;quinta-feira;15:05:00;CE;222;CAUCAIA;Acessar a via sem observar a presenï¿½a dos outros veï¿½culos;Colisï¿½o transversal;Sem Vï¿½timas;Pleno dia;Sol;Simples;Interseï¿½ï¿½o de Vias;Nï¿½o;0;0
2025-05-08;quinta-feira;15:30:00;PE;101;RECIFE;Velocidade Incompatï¿½vel;Colisï¿½o traseira;Com Vï¿½timas Feridas;Pleno dia;Cï¿½u Claro;Dupla;Interseï¿½ï¿½o de Vias;Sim;0;0
2025-05-08;quinta-feira;15:30:00;RN;101;SAO GONCALO DO AMARANTE;Manobra de mudanï¿½a de faixa;Colisï¿½o lateral mesmo sentido;Com Vï¿½timas Feridas;Pleno dia;Cï¿½u Claro;Simples;Reta;Nï¿½o;0;0
2025-05-08;quinta-feira;15:30:00;RS;293;CAPAO DO LEAO;Acessar a via sem observar a presenï¿½a dos outros veï¿½culos;Colisï¿½o transversal;Com Vï¿½timas Feridas;Pleno dia;Nublado;Simples;Interseï¿½ï¿½o de Vias;Sim;0;0
2025-05-08;quinta-feira;15:30:00;PE;428;PETROLINA;Condutor Dormindo;Colisï¿½o traseira;Com Vï¿½timas Feridas;Pleno dia;Cï¿½u Claro;Simples;Reta;Nï¿½o;0;0
2025-05-08;quinta-feira;15:20:00;PR;376;CURITIBA;Acessar a via sem observar a presenï¿½a dos outros veï¿½culos;Atropelamento de Pedestre;Com Vï¿½timas Feridas;Pleno dia;Cï¿½u Claro;Dupla;Reta;Nï¿½o;0;0
2025-05-08;quinta-feira;14:40:00;RS;116;CRISTAL;Reaï¿½ï¿½o tardia ou ineficiente do condutor;Saï¿½da de leito carroï¿½ï¿½vel;Com Vï¿½timas Fatais;Pleno dia;Chuva;Dupla;"Curva;Declive";Nï¿½o;1;1
2025-05-08;quinta-feira;15:35:00;RN;405;APODI;Condutor Dormindo;Colisï¿½o frontal;Com Vï¿½timas Fatais;Pleno dia;Cï¿½u Claro;Simples;Reta;Nï¿½o;1;1
2025-05-08;quinta-feira;16:35:00;PE;424;GARANHUNS;Reaï¿½ï¿½o tardia ou ineficiente do condutor;Colisï¿½o traseira;Com Vï¿½timas Feridas;Pleno dia;Cï¿½u Claro;Simples;Reta;Nï¿½o;0;0
2025-05-08;quinta-feira;16:00:00;ES;101;CARIACICA;Desrespeitar a preferï¿½ncia no cruzamento;Colisï¿½o transversal;Com Vï¿½timas Feridas;Pleno dia;Nublado;Mï¿½ltipla;"Interseï¿½ï¿½o de Vias;Reta";Sim;0;0
2025-05-08;quinta-feira;15:20:00;MT;70;VARZEA GRANDE;Ausï¿½ncia de reaï¿½ï¿½o do condutor;Queda de ocupante de veï¿½culo;Com Vï¿½timas Feridas;Pleno dia;Sol;Simples;Reta;Sim;0;0
2025-05-08;quinta-feira;16:15:00;PB;230;JOAO PESSOA;Manobra de mudanï¿½a de faixa;Colisï¿½o traseira;Com Vï¿½timas Feridas;Pleno dia;Cï¿½u Claro;Dupla;Reta;Sim;0;0
2025-05-08;quinta-feira;06:40:00;ES;101;SAO MATEUS;Mal sï¿½bito do condutor;Queda de ocupante de veï¿½culo;Com Vï¿½timas Feridas;Pleno dia;Chuva;Simples;Reta;Sim;0;0
2025-05-08;quinta-feira;16:50:00;MG;116;MURIAE;Demais falhas mecï¿½nicas ou elï¿½tricas;Incï¿½ndio;Sem Vï¿½timas;Anoitecer;Cï¿½u Claro;Simples;"Reta;Aclive";Nï¿½o;0;0
2025-05-08;quinta-feira;16:00:00;MG;381;CONTAGEM;Manobra de mudanï¿½a de faixa;Colisï¿½o lateral mesmo sentido;Com Vï¿½timas Feridas;Pleno dia;Cï¿½u Claro;Dupla;Reta;Nï¿½o;0;0
2025-05-08;quinta-feira;16:30:00;PR;369;CAMBE;Condutor deixou de manter distï¿½ncia do veï¿½culo da frente;Colisï¿½o traseira;Com Vï¿½timas Feridas;Pleno dia;Sol;Dupla;Reta;Sim;0;0
2025-05-08;quinta-feira;16:40:00;SC;280;GUARAMIRIM;Acessar a via sem observar a presenï¿½a dos outros veï¿½culos;Colisï¿½o lateral mesmo sentido;Com Vï¿½timas Feridas;Pleno dia;Cï¿½u Claro;Dupla;Reta;Sim;0;0
2025-05-08;quinta-feira;17:25:00;CE;116;FORTALEZA;Trafegar com motocicleta (ou similar) entre as faixas;Tombamento;Com Vï¿½timas Feridas;Pleno dia;Cï¿½u Claro;Mï¿½ltipla;Reta;Sim;0;0
2025-04-30;quarta-feira;11:45:00;RJ;493;ITABORAI;Acesso irregular;Colisï¿½o lateral sentido oposto;Com Vï¿½timas Feridas;Pleno dia;Cï¿½u Claro;Simples;"Curva;Declive";Sim;0;0
2025-05-08;quinta-feira;15:57:00;PE;101;RECIFE;Ausï¿½ncia de reaï¿½ï¿½o do condutor;Colisï¿½o traseira;Com Vï¿½timas Fatais;Pleno dia;Sol;Dupla;Reta;Sim;1;1
2025-05-08;quinta-feira;17:30:00;CE;116;FORTALEZA;Condutor deixou de manter distï¿½ncia do veï¿½culo da frente;Colisï¿½o traseira;Com Vï¿½timas Feridas;Plena Noite;Cï¿½u Claro;Mï¿½ltipla;Reta;Sim;0;0
2025-04-18;sexta-feira;12:30:00;PR;277;CASCAVEL;Velocidade Incompatï¿½vel;Colisï¿½o frontal;Com Vï¿½timas Feridas;Pleno dia;Cï¿½u Claro;Simples;Reta;Sim;0;0
2025-05-08;quinta-feira;17:20:00;SC;101;ITAJAI;Ausï¿½ncia de reaï¿½ï¿½o do condutor;Colisï¿½o traseira;Sem Vï¿½timas;Anoitecer;Cï¿½u Claro;Dupla;Reta;Nï¿½o;0;0
2025-05-08;quinta-feira;18:10:00;PR;476;CURITIBA;Pedestre cruzava a pista fora da faixa;Atropelamento de Pedestre;Com Vï¿½timas Feridas;Plena Noite;Cï¿½u Claro;Dupla;Reta;Nï¿½o;0;0
2025-05-08;quinta-feira;18:30:00;MG;381;BETIM;Trafegar com motocicleta (ou similar) entre as faixas;Colisï¿½o lateral mesmo sentido;Com Vï¿½timas Feridas;Pleno dia;Cï¿½u Claro;Dupla;Reta;Sim;0;0
2025-05-08;quinta-feira;17:20:00;SC;470;GASPAR;Ultrapassagem Indevida;Colisï¿½o transversal;Com Vï¿½timas Feridas;Pleno dia;Cï¿½u Claro;Simples;Reta;Sim;0;0
2025-05-08;quinta-feira;18:00:00;RS;285;VACARIA;Acesso irregular;Colisï¿½o transversal;Com Vï¿½timas Feridas;Plena Noite;Cï¿½u Claro;Simples;"Reta;Interseï¿½ï¿½o de Vias";Sim;0;0
2025-05-08;quinta-feira;18:15:00;PR;116;CURITIBA;Reaï¿½ï¿½o tardia ou ineficiente do condutor;Colisï¿½o traseira;Sem Vï¿½timas;Anoitecer;Cï¿½u Claro;Dupla;Reta;Nï¿½o;0;0
2025-05-08;quinta-feira;18:30:00;RS;116;DOIS IRMAOS;Ingestï¿½o de ï¿½lcool pelo condutor;Colisï¿½o frontal;Com Vï¿½timas Feridas;Plena Noite;Nublado;Simples;Curva;Sim;0;0
2025-05-08;quinta-feira;18:50:00;SC;101;ITAPEMA;Ausï¿½ncia de reaï¿½ï¿½o do condutor;Tombamento;Com Vï¿½timas Feridas;Anoitecer;Cï¿½u Claro;Simples;Reta;Sim;0;0
2025-04-22;terï¿½a-feira;10:30:00;BA;324;FEIRA DE SANTANA;Acumulo de ï¿½gua sobre o pavimento;Colisï¿½o traseira;Com Vï¿½timas Feridas;Pleno dia;Chuva;Dupla;Reta;Nï¿½o;0;0
2025-05-08;quinta-feira;13:30:00;SP;116;PINDAMONHANGABA;Demais falhas mecï¿½nicas ou elï¿½tricas;Tombamento;Com Vï¿½timas Feridas;Pleno dia;Cï¿½u Claro;Dupla;Reta;Nï¿½o;0;0
2025-05-08;quinta-feira;18:40:00;MS;267;MARACAJU;Animais na Pista;Atropelamento de Animal;Com Vï¿½timas Feridas;Plena Noite;Cï¿½u Claro;Simples;Reta;Nï¿½o;0;0
2025-04-04;sexta-feira;01:40:00;SC;101;BALNEARIO CAMBORIU;Reaï¿½ï¿½o tardia ou ineficiente do condutor;Colisï¿½o com objeto;Com Vï¿½timas Feridas;Plena Noite;Nublado;Dupla;Reta;Sim;0;0
2025-05-08;quinta-feira;17:46:00;SC;101;BARRA VELHA;Ausï¿½ncia de reaï¿½ï¿½o do condutor;Tombamento;Com Vï¿½timas Feridas;Plena Noite;Nublado;Dupla;Reta;Sim;0;0
2025-05-08;quinta-feira;18:10:00;BA;101;ESPLANADA;Demais falhas mecï¿½nicas ou elï¿½tricas;Saï¿½da de leito carroï¿½ï¿½vel;Sem Vï¿½timas;Plena Noite;Cï¿½u Claro;Dupla;"Curva;Declive";Nï¿½o;0;0
2025-05-08;quinta-feira;17:20:00;PI;316;PICOS;Acessar a via sem observar a presenï¿½a dos outros veï¿½culos;Colisï¿½o frontal;Com Vï¿½timas Feridas;Anoitecer;Cï¿½u Claro;Dupla;Reta;Nï¿½o;0;0
2025-05-08;quinta-feira;19:00:00;MG;354;ITAMONTE;Ingestï¿½o de ï¿½lcool pelo condutor;Tombamento;Com Vï¿½timas Feridas;Plena Noite;Cï¿½u Claro;Simples;"Curva;Declive";Nï¿½o;0;0
2025-05-08;quinta-feira;19:50:00;RS;293;PELOTAS;Animais na Pista;Atropelamento de Animal;Com Vï¿½timas Feridas;Plena Noite;Chuva;Dupla;Viaduto;Sim;0;0
2025-05-03;sï¿½bado;23:20:00;PR;476;TUNAS DO PARANA;Ingestï¿½o de ï¿½lcool pelo condutor;Colisï¿½o lateral sentido oposto;Sem Vï¿½timas;Plena Noite;Nublado;Simples;"Aclive;Reta";Nï¿½o;0;0
2025-05-08;quinta-feira;19:00:00;SC;101;BALNEARIO CAMBORIU;Reaï¿½ï¿½o tardia ou ineficiente do condutor;Colisï¿½o traseira;Com Vï¿½timas Feridas;Plena Noite;Cï¿½u Claro;Mï¿½ltipla;Reta;Nï¿½o;0;0
2025-05-08;quinta-feira;19:00:00;RJ;493;MAGE;Reaï¿½ï¿½o tardia ou ineficiente do condutor;Colisï¿½o transversal;Com Vï¿½timas Feridas;Plena Noite;Cï¿½u Claro;Simples;Reta;Sim;0;0
2025-03-21;sexta-feira;23:50:00;SP;381;SAO PAULO;Ausï¿½ncia de reaï¿½ï¿½o do condutor;Colisï¿½o traseira;Com Vï¿½timas Feridas;Plena Noite;Cï¿½u Claro;Dupla;"Aclive;Reta";Nï¿½o;0;0