data_inversa;dia_semana;horario;uf;br;municipio;causa_acidente;tipo_acidente;classificacao_acidente;fase_dia;condicao_metereologica;tipo_pista;tracado_via;uso_solo;mortos;acidente_fatal
2025-05-13;terï¿½a-feira;08:00:00;RS;290;PORTO ALEGRE;Manobra de mudanï¿½a de faixa;Colisï¿½o lateral mesmo sentido;Com Vï¿½timas Feridas;Pleno dia;Cï¿½u Claro;Mï¿½ltipla;Reta;Nï¿½o;0;0
2025-04-28;segunda-feira;07:30:00;PE;407;PETROLINA;Condutor deixou de manter distï¿½ncia do veï¿½culo da frente;Colisï¿½o traseira;Sem Vï¿½timas;Pleno dia;Cï¿½u Claro;Mï¿½ltipla;"Retorno Regulamentado;Reta";Sim;0;0
2025-05-13;terï¿½a-feira;08:30:00;MG;40;NOVA LIMA;Manobra de mudanï¿½a de faixa;Colisï¿½o lateral mesmo sentido;Com Vï¿½timas Feridas;Pleno dia;Nublado;Dupla;"Reta;Viaduto";Sim;0;0
2025-05-13;terï¿½a-feira;07:20:00;PI;343;FLORIANO;Reaï¿½ï¿½o tardia ou ineficiente do condutor;Colisï¿½o transversal;Com Vï¿½timas Feridas;Pleno dia;Sol;Dupla;Declive;Sim;0;0
2025-05-13;terï¿½a-feira;09:20:00;ES;101;SERRA;Acessar a via sem observar a presenï¿½a dos outros veï¿½culos;Colisï¿½o lateral mesmo sentido;Com Vï¿½timas Feridas;Pleno dia;Cï¿½u Claro;Dupla;Reta;Sim;0;0
2025-05-13;terï¿½a-feira;04:40:00;CE;402;TURURU;Ausï¿½ncia de reaï¿½ï¿½o do condutor;Colisï¿½o traseira;Sem Vï¿½timas;Amanhecer;Ignorado;Simples;Reta;Sim;0;0
2025-03-27;quinta-feira;07:00:00;MG;50;ARAGUARI;Ausï¿½ncia de reaï¿½ï¿½o do condutor;Colisï¿½o traseira;Com Vï¿½timas Fatais;Pleno dia;Cï¿½u Claro;Dupla;"Aclive;Curva";Nï¿½o;1;1
2025-05-13;terï¿½a-feira;09:00:00;ES;393;CACHOEIRO DE ITAPEMIRIM;Acesso irregular;Colisï¿½o lateral sentido oposto;Com Vï¿½timas Feridas;Pleno dia;Sol;Simples;Reta;Nï¿½o;0;0
2025-05-13;terï¿½a-feira;07:30:00;SC;280;SAO BENTO DO SUL;Pista Escorregadia;Queda de ocupante de veï¿½culo;Com Vï¿½timas Feridas;Pleno dia;Garoa/Chuvisco;Simples;"Aclive;Reta";Nï¿½o;0;0
2025-04-22;terï¿½a-feira;13:20:00;RJ;116;RIO DE JANEIRO;Reaï¿½ï¿½o tardia ou ineficiente do condutor;Colisï¿½o traseira;Com Vï¿½timas Feridas;Pleno dia;Nublado;Mï¿½ltipla;Reta;Nï¿½o;0;0
2025-05-13;terï¿½a-feira;08:50:00;MG;40;SANTOS DUMONT;Reaï¿½ï¿½o tardia ou ineficiente do condutor;Colisï¿½o traseira;Com Vï¿½timas Feridas;Pleno dia;Nublado;Simples;"Aclive;Curva";Sim;0;0
2025-04-02;quarta-feira;21:30:00;MA;10;RIBAMAR FIQUENE;Transitar na contramï¿½o;Colisï¿½o frontal;Com Vï¿½timas Fatais;Pleno dia;Cï¿½u Claro;Simples;Reta;Nï¿½o;1;1
2025-05-13;terï¿½a-feira;10:40:00;SC;101;PASSO DE TORRES;Condutor deixou de manter distï¿½ncia do veï¿½culo da frente;Colisï¿½o com objeto;Com Vï¿½timas Feridas;Pleno dia;Cï¿½u Claro;Dupla;Curva;Nï¿½o;0;0
2025-05-13;terï¿½a-feira;10:11:00;PB;230;CAMPINA GRANDE;Demais falhas mecï¿½nicas ou elï¿½tricas;Incï¿½ndio;Sem Vï¿½timas;Pleno dia;Cï¿½u Claro;Dupla;Reta;Nï¿½o;0;0
2025-05-13;terï¿½a-feira;08:55:00;MS;163;RIO BRILHANTE;Ultrapassagem Indevida;Colisï¿½o com objeto;Sem Vï¿½timas;Pleno dia;Cï¿½u Claro;Simples;Reta;Nï¿½o;0;0
2025-05-13;terï¿½a-feira;09:05:00;SP;116;CAJATI;Reaï¿½ï¿½o tardia ou ineficiente do condutor;Colisï¿½o lateral mesmo sentido;Com Vï¿½timas Feridas;Pleno dia;Garoa/Chuvisco;Dupla;Reta;Sim;0;0
2025-05-13;terï¿½a-feira;11:00:00;PB;101;JOAO PESSOA;Ausï¿½ncia de reaï¿½ï¿½o do condutor;Queda de ocupante de veï¿½culo;Com Vï¿½timas Feridas;Pleno dia;Cï¿½u Claro;Dupla;Reta;Nï¿½o;0;0
2025-05-13;terï¿½a-feira;11:40:00;ES;101;LINHARES;Ausï¿½ncia de reaï¿½ï¿½o do condutor;Colisï¿½o traseira;Com Vï¿½timas Feridas;Pleno dia;Cï¿½u Claro;Simples;Reta;Nï¿½o;0;0
2025-05-13;terï¿½a-feira;11:00:00;SP;116;SAO JOSE DOS CAMPOS;Ausï¿½ncia de reaï¿½ï¿½o do condutor;Queda de ocupante de veï¿½culo;Com Vï¿½timas Feridas;Pleno dia;Nublado;Dupla;Reta;Sim;0;0
2025-05-03;sï¿½bado;12:00:00;SC;101;SANTA ROSA DO SUL;Ultrapassagem Indevida;Colisï¿½o lateral mesmo sentido;Com Vï¿½timas Feridas;Pleno dia;Cï¿½u Claro;Mï¿½ltipla;"Reta;Declive";Nï¿½o;0;0
2025-05-13;terï¿½a-feira;11:11:00;PE;101;RECIFE;Acessar a via sem observar a presenï¿½a dos outros veï¿½culos;Colisï¿½o lateral mesmo sentido;Sem Vï¿½timas;Pleno dia;Cï¿½u Claro;Mï¿½ltipla;Reta;Nï¿½o;0;0
2025-05-13;terï¿½a-feira;10:00:00;PE;408;CARPINA;Demais falhas mecï¿½nicas ou elï¿½tricas;Incï¿½ndio;Sem Vï¿½timas;Pleno dia;Sol;Simples;Reta;Sim;0;0
2025-05-13;terï¿½a-feira;11:30:00;ES;101;JOAO NEIVA;Retorno proibido;Colisï¿½o transversal;Com Vï¿½timas Fatais;Pleno dia;Nublado;Simples;Reta;Nï¿½o;1;1
2025-05-13;terï¿½a-feira;11:20:00;SP;381;GUARULHOS;Manobra de mudanï¿½a de faixa;Colisï¿½o lateral mesmo sentido;Sem Vï¿½timas;Pleno dia;Cï¿½u Claro;Dupla;Reta;Sim;0;0
2025-05-13;terï¿½a-feira;08:32:00;MT;163;SORRISO;Ultrapassagem Indevida;Saï¿½da de leito carroï¿½ï¿½vel;Com Vï¿½timas Feridas;Pleno dia;Cï¿½u Claro;Simples;Reta;Nï¿½o;0;0
2025-05-13;terï¿½a-feira;11:50:00;RS;285;VACARIA;Condutor desrespeitou a iluminaï¿½ï¿½o vermelha do semï¿½foro;Colisï¿½o transversal;Com Vï¿½timas Feridas;Pleno dia;Cï¿½u Claro;Simples;Rotatï¿½ria;Nï¿½o;0;0
2025-05-13;terï¿½a-feira;12:40:00;PR;116;ANTONINA;Reaï¿½ï¿½o tardia ou ineficiente do condutor;Colisï¿½o com objeto;Com Vï¿½timas Feridas;Pleno dia;Garoa/Chuvisco;Dupla;Curva;Nï¿½o;0;0
2025-05-13;terï¿½a-feira;11:25:00;RO;319;PORTO VELHO;Desrespeitar a preferï¿½ncia no cruzamento;Colisï¿½o transversal;Com Vï¿½timas Feridas;Pleno dia;Cï¿½u Claro;Mï¿½ltipla;"Reta;Interseï¿½ï¿½o de Vias";Sim;0;0
2025-05-13;terï¿½a-feira;09:40:00;SP;116;CAJATI;Ausï¿½ncia de reaï¿½ï¿½o do condutor;Saï¿½da de leito carroï¿½ï¿½vel;Com Vï¿½timas Feridas;Pleno dia;Chuva;Simples;"Curva;Declive";Nï¿½o;0;0
2025-03-25;terï¿½a-feira;19:30:00;RN;304;MACAIBA;Manobra de mudanï¿½a de faixa;Colisï¿½o traseira;Com Vï¿½timas Feridas;Plena Noite;Cï¿½u Claro;Dupla;Reta;Nï¿½o;0;0
2025-05-05;segunda-feira;08:30:00;PE;428;SANTA MARIA DA BOA VISTA;Manobra de mudanï¿½a de faixa;Colisï¿½o traseira;Com Vï¿½timas Feridas;Pleno dia;Nublado;Simples;Reta;Nï¿½o;0;0
2025-05-13;terï¿½a-feira;13:10:00;SC;470;GASPAR;Acessar a via sem observar a presenï¿½a dos outros veï¿½culos;Colisï¿½o transversal;Com Vï¿½timas Feridas;Pleno dia;Chuva;Simples;Reta;Sim;0;0
2025-05-09;sexta-feira;20:10:00;RJ;116;TERESOPOLIS;Reaï¿½ï¿½o tardia ou ineficiente do condutor;Tombamento;Com Vï¿½timas Feridas;Plena Noite;Cï¿½u Claro;Simples;Reta;Sim;0;0
2025-05-13;terï¿½a-feira;14:00:00;ES;101;SERRA;Manobra de mudanï¿½a de faixa;Saï¿½da de leito carroï¿½ï¿½vel;Com Vï¿½timas Feridas;Pleno dia;Sol;Mï¿½ltipla;Reta;Sim;0;0
2025-05-13;terï¿½a-feira;12:22:00;MG;40;CONTAGEM;Reaï¿½ï¿½o tardia ou ineficiente do condutor;Saï¿½da de leito carroï¿½ï¿½vel;Com Vï¿½timas Feridas;Pleno dia;Nublado;Dupla;Curva;Sim;0;0
2025-05-13;terï¿½a-feira;13:37:00;PI;343;PARNAIBA;Desrespeitar a preferï¿½ncia no cruzamento;Colisï¿½o transversal;Com Vï¿½timas Feridas;Pleno dia;Cï¿½u Claro;Dupla;"Reta;Interseï¿½ï¿½o de Vias";Sim;0;0
2025-05-13;terï¿½a-feira;13:45:00;PI;343;PARNAIBA;Ingestï¿½o de ï¿½lcool pelo condutor;Colisï¿½o com objeto;Sem Vï¿½timas;Pleno dia;Cï¿½u Claro;Dupla;Reta;Sim;0;0
2025-05-13;terï¿½a-feira;14:13:00;RN;226;FLORANIA;Ingestï¿½o de ï¿½lcool pelo condutor;Colisï¿½o com objeto;Com Vï¿½timas Feridas;Pleno dia;Cï¿½u Claro;Simples;Reta;Nï¿½o;0;0
2025-05-13;terï¿½a-feira;13:00:00;RO;319;PORTO VELHO;Condutor deixou de manter distï¿½ncia do veï¿½culo da frente;Colisï¿½o traseira;Sem Vï¿½timas;Pleno dia;Cï¿½u Claro;Dupla;Reta;Sim;0;0
2025-05-13;terï¿½a-feira;13:39:00;RN;101;NATAL;Ultrapassagem Indevida;Colisï¿½o lateral mesmo sentido;Com Vï¿½timas Feridas;Pleno dia;Sol;Dupla;"Reta;Ponte;Em Obras";Sim;0;0
2025-05-13;terï¿½a-feira;14:25:00;PB;230;CAMPINA GRANDE;Condutor deixou de manter distï¿½ncia do veï¿½culo da frente;Colisï¿½o traseira;Com Vï¿½timas Feridas;Pleno dia;Nublado;Simples;"Reta;Declive";Nï¿½o;0;0
2025-05-13;terï¿½a-feira;12:20:00;PE;408;PAUDALHO;Condutor Dormindo;Saï¿½da de leito carroï¿½ï¿½vel;Com Vï¿½timas Feridas;Pleno dia;Cï¿½u Claro;Dupla;Reta;Nï¿½o;0;0
2025-05-13;terï¿½a-feira;14:45:00;BA;101;CAMACAN;Reaï¿½ï¿½o tardia ou ineficiente do condutor;Colisï¿½o frontal;Com Vï¿½timas Feridas;Pleno dia;Chuva;Simples;Reta;Sim;0;0
2025-05-13;terï¿½a-feira;12:48:00;SP;116;JACUPIRANGA;Condutor desrespeitou a iluminaï¿½ï¿½o vermelha do semï¿½foro;Colisï¿½o transversal;Com Vï¿½timas Feridas;Pleno dia;Garoa/Chuvisco;Dupla;Interseï¿½ï¿½o de Vias;Nï¿½o;0;0
2025-05-01;quinta-feira;23:50:00;RN;101;SAO GONCALO DO AMARANTE;Acessar a via sem observar a presenï¿½a dos outros veï¿½culos;Colisï¿½o transversal;Com Vï¿½timas Feridas;Plena Noite;Cï¿½u Claro;Simples;"Reta;Ponte;Em Obras";Sim;0;0
2025-05-13;terï¿½a-feira;15:50:00;SP;116;CAJATI;Ausï¿½ncia de reaï¿½ï¿½o do condutor;Queda de ocupante de veï¿½culo;Com Vï¿½timas Feridas;Pleno dia;Chuva;Simples;Curva;Nï¿½o;0;0
2025-05-06;terï¿½a-feira;07:15:00;MS;376;IVINHEMA;Manobra de mudanï¿½a de faixa;Colisï¿½o frontal;Com Vï¿½timas Fatais;Pleno dia;Cï¿½u Claro;Simples;Reta;Nï¿½o;1;1
2025-05-13;terï¿½a-feira;15:30:00;PR;376;MARINGA;Pedestre cruzava a pista fora da faixa;Atropelamento de Pedestre;Com Vï¿½timas Fatais;Pleno dia;Sol;Dupla;"Reta;Aclive";Nï¿½o;1;1
2025-03-07;sexta-feira;00:30:00;RJ;101;ITAGUAI;Condutor deixou de manter distï¿½ncia do veï¿½culo da frente;Colisï¿½o traseira;Com Vï¿½timas Feridas;Plena Noite;Cï¿½u Claro;Dupla;Reta;Sim;0;0
2025-05-13;terï¿½a-feira;16:40:00;SC;101;TUBARAO;Demais falhas mecï¿½nicas ou elï¿½tricas;Tombamento;Com Vï¿½timas Feridas;Pleno dia;Nublado;Dupla;Reta;Sim;0;0
2025-05-13;terï¿½a-feira;15:10:00;SC;101;ARAQUARI;Reaï¿½ï¿½o tardia ou ineficiente do condutor;Colisï¿½o com objeto;Com Vï¿½timas Feridas;Pleno dia;Chuva;Dupla;Curva;Nï¿½o;0;0
2025-05-13;terï¿½a-feira;17:15:00;CE;116;FORTALEZA;Condutor deixou de manter distï¿½ncia do veï¿½culo da frente;Colisï¿½o lateral mesmo sentido;Com Vï¿½timas Feridas;Pleno dia;Cï¿½u Claro;Mï¿½ltipla;Reta;Nï¿½o;0;0
2025-05-13;terï¿½a-feira;17:30:00;SC;101;BIGUACU;Ausï¿½ncia de reaï¿½ï¿½o do condutor;Colisï¿½o com objeto;Com Vï¿½timas Feridas;Pleno dia;Chuva;Dupla;Curva;Sim;0;0
2025-05-13;terï¿½a-feira;17:50:00;PR;116;CURITIBA;Trafegar com motocicleta (ou similar) entre as faixas;Colisï¿½o traseira;Com Vï¿½timas Feridas;Plena Noite;Nublado;Dupla;Reta;Sim;0;0
2025-05-13;terï¿½a-feira;17:35:00;SC;101;PORTO BELO;Trafegar com motocicleta (ou similar) entre as faixas;Colisï¿½o lateral mesmo sentido;Com Vï¿½timas Feridas;Anoitecer;Chuva;Dupla;Reta;Sim;0;0
2025-05-13;terï¿½a-feira;17:40:00;RS;158;ITAARA;Acessar a via sem observar a presenï¿½a dos outros veï¿½culos;Colisï¿½o transversal;Com Vï¿½timas Feridas;Anoitecer;Cï¿½u Claro;Simples;Reta;Sim;0;0
2025-05-13;terï¿½a-feira;17:05:00;PE;428;PETROLINA;Reaï¿½ï¿½o tardia ou ineficiente do condutor;Colisï¿½o traseira;Sem Vï¿½timas;Anoitecer;Cï¿½u Claro;Dupla;Reta;Sim;0;0
2025-05-13;terï¿½a-feira;17:46:00;DF;20;BRASILIA;Trafegar com motocicleta (ou similar) entre as faixas;Colisï¿½o traseira;Com Vï¿½timas Feridas;Plena Noite;Cï¿½u Claro;Mï¿½ltipla;Reta;Sim;0;0
2025-05-09;sexta-feira;22:15:00;RJ;493;ITABORAI;Ausï¿½ncia de reaï¿½ï¿½o do condutor;Queda de ocupante de veï¿½culo;Com Vï¿½timas Feridas;Plena Noite;Cï¿½u Claro;Simples;Reta;Sim;0;0
2025-05-13;terï¿½a-feira;13:30:00;MT;70;GENERAL CARNEIRO;Ausï¿½ncia de reaï¿½ï¿½o do condutor;Saï¿½da de leito carroï¿½ï¿½vel;Com Vï¿½timas Feridas;Pleno dia;Cï¿½u Claro;Simples;Curva;Nï¿½o;0;0
2025-05-13;terï¿½a-feira;17:50:00;AL;104;UNIAO DOS PALMARES;Animais na Pista;Atropelamento de Animal;Sem Vï¿½timas;Anoitecer;Cï¿½u Claro;Simples;Reta;Nï¿½o;0;0
2025-05-13;terï¿½a-feira;18:30:00;SP;153;BADY BASSITT;Ausï¿½ncia de reaï¿½ï¿½o do condutor;Colisï¿½o lateral mesmo sentido;Com Vï¿½timas Feridas;Anoitecer;Cï¿½u Claro;Dupla;Declive;Sim;0;0
2025-05-13;terï¿½a-feira;18:46:00;RJ;116;SAO JOAO DE MERITI;Condutor deixou de manter distï¿½ncia do veï¿½culo da frente;Colisï¿½o traseira;Com Vï¿½timas Feridas;Pleno dia;Cï¿½u Claro;Mï¿½ltipla;Reta;Sim;0;0
2025-05-13;terï¿½a-feira;18:10:00;RJ;101;CAMPOS DOS GOYTACAZES;Acessar a via sem observar a presenï¿½a dos outros veï¿½culos;Colisï¿½o transversal;Com Vï¿½timas Feridas;Plena Noite;Cï¿½u Claro;Simples;Reta;Nï¿½o;0;0
2025-05-13;terï¿½a-feira;17:40:00;PB;104;ESPERANCA;Reaï¿½ï¿½o tardia ou ineficiente do condutor;Atropelamento de Pedestre;Com Vï¿½timas Feridas;Anoitecer;Vento;Simples;Reta;Sim;0;0
2025-05-13;terï¿½a-feira;16:30:00;BA;101;URUCUCA;Condutor deixou de manter distï¿½ncia do veï¿½culo da frente;Colisï¿½o traseira;Com Vï¿½timas Fatais;Pleno dia;Chuva;Simples;Reta;Nï¿½o;1;1
2025-05-13;terï¿½a-feira;18:35:00;PR;116;FAZENDA RIO GRANDE;Reaï¿½ï¿½o tardia ou ineficiente do condutor;Colisï¿½o traseira;Sem Vï¿½timas;Plena Noite;Nublado;Dupla;Reta;Sim;0;0
2025-05-13;terï¿½a-feira;19:00:00;BA;101;NOVA VICOSA;Ingestï¿½o de ï¿½lcool pelo condutor;Colisï¿½o frontal;Com Vï¿½timas Feridas;Plena Noite;Cï¿½u Claro;Simples;Reta;Nï¿½o;0;0
2025-05-13;terï¿½a-feira;18:50:00;PR;277;PARANAGUA;Ultrapassagem Indevida;Colisï¿½o transversal;Com Vï¿½timas Feridas;Plena Noite;Nublado;Simples;Reta;Sim;0;0
2025-05-13;terï¿½a-feira;18:30:00;GO;153;GOIANIA;Trafegar com motocicleta (ou similar) entre as faixas;Colisï¿½o lateral mesmo sentido;Com Vï¿½timas Feridas;Plena Noite;Cï¿½u Claro;Mï¿½ltipla;Reta;Sim;0;0
2025-05-13;terï¿½a-feira;19:35:00;SC;280;ARAQUARI;Conversï¿½o proibida;Colisï¿½o transversal;Com Vï¿½timas Feridas;Plena Noite;Chuva;Simples;Reta;Nï¿½o;0;0
2025-03-30;domingo;17:10:00;ES;101;LINHARES;Animais na Pista;Atropelamento de Animal;Com Vï¿½timas Feridas;Anoitecer;Cï¿½u Claro;Simples;Reta;Nï¿½o;0;0
2025-04-21;segunda-feira;14:30:00;AL;101;SAO MIGUEL DOS CAMPOS;Ausï¿½ncia de reaï¿½ï¿½o do condutor;Saï¿½da de leito carroï¿½ï¿½vel;Sem Vï¿½timas;Pleno dia;Cï¿½u Claro;Dupla;Curva;Nï¿½o;0;0
2025-05-13;terï¿½a-feira;19:25:00;SP;116;ITAPECERICA DA SERRA;Condutor deixou de manter distï¿½ncia do veï¿½culo da frente;Colisï¿½o lateral mesmo sentido;Com Vï¿½timas Feridas;Plena Noite;Cï¿½u Claro;Dupla;Reta;Sim;0;0
2025-05-13;terï¿½a-feira;17:37:00;MS;463;PONTA PORA;Condutor deixou de manter distï¿½ncia do veï¿½culo da frente;Colisï¿½o traseira;Com Vï¿½timas Feridas;Anoitecer;Cï¿½u Claro;Dupla;Reta;Sim;0;0
2025-05-13;terï¿½a-feira;19:40:00;ES;101;SERRA;Acessar a via sem observar a presenï¿½a dos outros veï¿½culos;Colisï¿½o transversal;Com Vï¿½timas Feridas;Pleno dia;Nublado;Dupla;Reta;Sim;0;0
2025-05-13;terï¿½a-feira;16:30:00;AM;174;MANAUS;Demais falhas mecï¿½nicas ou elï¿½tricas;Queda de ocupante de veï¿½culo;Com Vï¿½timas Feridas;Pleno dia;Nublado;Simples;Reta;Nï¿½o;0;0
2025-05-13;terï¿½a-feira;19:40:00;SC;101;BALNEARIO CAMBORIU;Reaï¿½ï¿½o tardia ou ineficiente do condutor;Colisï¿½o traseira;Com Vï¿½timas Feridas;Plena Noite;Chuva;Dupla;"Interseï¿½ï¿½o de Vias;Reta";Sim;0;0
2025-05-13;terï¿½a-feira;18:45:00;MG;381;BELA VISTA DE MINAS;Pista Escorregadia;Queda de ocupante de veï¿½culo;Com Vï¿½timas Feridas;Plena Noite;Chuva;Simples;Curva;Nï¿½o;0;0
2025-05-13;terï¿½a-feira;19:40:00;MG;381;JOAO MONLEVADE;Ausï¿½ncia de reaï¿½ï¿½o do condutor;Colisï¿½o traseira;Sem Vï¿½timas;Plena Noite;Nublado;Simples;Rotatï¿½ria;Nï¿½o;0;0
2025-05-13;terï¿½a-feira;19:00:00;SC;282;SAO JOSE;Chuva;Queda de ocupante de veï¿½culo;Com Vï¿½timas Feridas;Plena Noite;Chuva;Dupla;Curva;Sim;0;0
2025-05-13;terï¿½a-feira;18:18:00;MS;262;CORUMBA;Ausï¿½ncia de reaï¿½ï¿½o do condutor;Atropelamento de Pedestre;Com Vï¿½timas Feridas;Anoitecer;Cï¿½u Claro;Simples;Reta;Sim;0;0
2025-05-13;terï¿½a-feira;17:30:00;SC;163;SAO JOSE DO CEDRO;Acessar a via sem observar a presenï¿½a dos outros veï¿½culos;Colisï¿½o frontal;Com Vï¿½timas Feridas;Anoitecer;Cï¿½u Claro;Simples;Interseï¿½ï¿½o de Vias;Sim;0;0
2025-05-13;terï¿½a-feira;18:20:00;RS;386;MONTENEGRO;Acessar a via sem observar a presenï¿½a dos outros veï¿½culos;Colisï¿½o traseira;Com Vï¿½timas Feridas;Plena Noite;Cï¿½u Claro;Dupla;Reta;Nï¿½o;0;0
2025-05-13;terï¿½a-feira;20:11:00;MG;381;ESTIVA;Ausï¿½ncia de reaï¿½ï¿½o do condutor;Saï¿½da de leito carroï¿½ï¿½vel;Com Vï¿½timas Feridas;Plena Noite;Cï¿½u Claro;Dupla;Curva;Nï¿½o;0;0
2025-05-13;terï¿½a-feira;18:55:00;MT;163;SORRISO;Desrespeitar a preferï¿½ncia no cruzamento;Colisï¿½o transversal;Com Vï¿½timas Feridas;Plena Noite;Cï¿½u Claro;Simples;Retorno Regulamentado;Nï¿½o;0;0
2025-05-13;terï¿½a-feira;18:44:00;DF;251;BRASILIA;Condutor deixou de manter distï¿½ncia do veï¿½culo da frente;Colisï¿½o traseira;Com Vï¿½timas Feridas;Plena Noite;Ignorado;Simples;Reta;Nï¿½o;0;0
2025-05-13;terï¿½a-feira;17:00:00;AC;364;RIO BRANCO;Ausï¿½ncia de reaï¿½ï¿½o do condutor;Queda de ocupante de veï¿½culo;Com Vï¿½timas Feridas;Pleno dia;Cï¿½u Claro;Dupla;Reta;Sim;0;0
2025-05-13;terï¿½a-feira;20:10:00;PR;116;CURITIBA;Manobra de mudanï¿½a de faixa;Colisï¿½o lateral mesmo sentido;Com Vï¿½timas Feridas;Plena Noite;Nublado;Dupla;Curva;Sim;0;0
2025-05-13;terï¿½a-feira;20:50:00;CE;222;FORTALEZA;Entrada inopinada do pedestre;Atropelamento de Pedestre;Com Vï¿½timas Feridas;Plena Noite;Cï¿½u Claro;Mï¿½ltipla;Reta;Sim;0;0
2025-05-13;terï¿½a-feira;16:50:00;BA;349;CORRENTINA;Reaï¿½ï¿½o tardia ou ineficiente do condutor;Capotamento;Com Vï¿½timas Feridas;Pleno dia;Cï¿½u Claro;Simples;Reta;Nï¿½o;0;0
2025-05-13;terï¿½a-feira;20:30:00;PR;476;COLOMBO;Condutor desrespeitou a iluminaï¿½ï¿½o vermelha do semï¿½foro;Colisï¿½o transversal;Com Vï¿½timas Feridas;Plena Noite;Nublado;Dupla;Reta;Sim;0;0
2025-05-13;terï¿½a-feira;20:20:00;SC;101;PALHOCA;Trafegar com motocicleta (ou similar) entre as faixas;Queda de ocupante de veï¿½culo;Com Vï¿½timas Feridas;Plena Noite;Chuva;Mï¿½ltipla;Reta;Sim;0;0
2025-05-13;terï¿½a-feira;16:50:00;SC;163;SAO MIGUEL DO OESTE;Manobra de mudanï¿½a de faixa;Colisï¿½o lateral mesmo sentido;Com Vï¿½timas Feridas;Pleno dia;Cï¿½u Claro;Dupla;Reta;Sim;0;0
2025-05-13;terï¿½a-feira;21:30:00;PR;277;FOZ DO IGUACU;Acessar a via sem observar a presenï¿½a dos outros veï¿½culos;Colisï¿½o transversal;Com Vï¿½timas Feridas;Plena Noite;Cï¿½u Claro;Dupla;"Reta;Retorno Regulamentado";Sim;0;0
2025-05-13;terï¿½a-feira;20:45:00;CE;222;FORTALEZA;Entrada inopinada do pedestre;Tombamento;Com Vï¿½timas Feridas;Plena Noite;Cï¿½u Claro;Mï¿½ltipla;Reta;Sim;0;0
2025-05-13;terï¿½a-feira;18:50:00;PB;230;INGA;Acessar a via sem observar a presenï¿½a dos outros veï¿½culos;Colisï¿½o transversal;Com Vï¿½timas Feridas;Plena Noite;Cï¿½u Claro;Dupla;"Retorno Regulamentado;Aclive;Reta";Nï¿½o;0;0
2025-05-13;terï¿½a-feira;18:30:00;PI;230;OEIRAS;Ausï¿½ncia de reaï¿½ï¿½o do condutor;Colisï¿½o transversal;Com Vï¿½timas Feridas;Plena Noite;Cï¿½u Claro;Dupla;"Reta;Retorno Regulamentado";Sim;0;0
2025-05-13;terï¿½a-feira;21:40:00;SC;101;CAMBORIU;Reaï¿½ï¿½o tardia ou ineficiente do condutor;Tombamento;Com Vï¿½timas Feridas;Plena Noite;Nublado;Mï¿½ltipla;Reta;Sim;0;0
2025-05-13;terï¿½a-feira;20:30:00;PI;316;TERESINA;Ausï¿½ncia de reaï¿½ï¿½o do condutor;Eventos atï¿½picos;Com Vï¿½timas Feridas;Plena Noite;Cï¿½u Claro;Mï¿½ltipla;Reta;Sim;0;0
2025-05-13;terï¿½a-feira;22:10:00;MG;50;UBERABA;Velocidade Incompatï¿½vel;Saï¿½da de leito carroï¿½ï¿½vel;Com Vï¿½timas Feridas;Plena Noite;Nublado;Dupla;Curva;Sim;0;0
2025-05-13;terï¿½a-feira;23:35:00;CE;222;FORTALEZA;Acessar a via sem observar a presenï¿½a dos outros veï¿½culos;Colisï¿½o transversal;Com Vï¿½timas Feridas;Plena Noite;Cï¿½u Claro;Mï¿½ltipla;Reta;Sim;0;0
2025-05-13;terï¿½a-feira;18:10:00;BA;407;JUAZEIRO;Demais falhas na via;Queda de ocupante de veï¿½culo;Com Vï¿½timas Feridas;Anoitecer;Nublado;Simples;Reta;Sim;0;0
2025-05-14;quarta-feira;00:30:00;RS;153;CACHOEIRA DO SUL;Iluminaï¿½ï¿½o deficiente;Tombamento;Com Vï¿½timas Feridas;Plena Noite;Cï¿½u Claro;Simples;"Reta;Declive";Nï¿½o;0;0
2025-05-14;quarta-feira;02:13:00;TO;153;GUARAI;Ausï¿½ncia de reaï¿½ï¿½o do condutor;Colisï¿½o com objeto;Com Vï¿½timas Feridas;Plena Noite;Cï¿½u Claro;Dupla;Reta;Nï¿½o;0;0
2025-05-14;quarta-feira;03:40:00;PA;316;BENEVIDES;Ausï¿½ncia de reaï¿½ï¿½o do condutor;Colisï¿½o traseira;Com Vï¿½timas Feridas;Plena Noite;Cï¿½u Claro;Dupla;Reta;Nï¿½o;0;0
2025-05-14;quarta-feira;03:35:00;PB;405;UIRAUNA;Ausï¿½ncia de reaï¿½ï¿½o do condutor;Colisï¿½o com objeto;Sem Vï¿½timas;Plena Noite;Cï¿½u Claro;Simples;"Reta;Interseï¿½ï¿½o de Vias";Nï¿½o;0;0
2025-05-14;quarta-feira;05:20:00;SC;101;PENHA;Entrada inopinada do pedestre;Atropelamento de Pedestre;Com Vï¿½timas Feridas;Plena Noite;Nublado;Dupla;"Reta;Viaduto";Nï¿½o;0;0
2025-05-14;quarta-feira;05:51:00;RN;304;MOSSORO;Ausï¿½ncia de reaï¿½ï¿½o do condutor;Colisï¿½o lateral mesmo sentido;Com Vï¿½timas Feridas;Pleno dia;Cï¿½u Claro;Simples;Reta;Nï¿½o;0;0
2025-05-14;quarta-feira;06:00:00;MG;50;UBERLANDIA;Ausï¿½ncia de reaï¿½ï¿½o do condutor;Saï¿½da de leito carroï¿½ï¿½vel;Com Vï¿½timas Feridas;Pleno dia;Cï¿½u Claro;Dupla;Reta;Nï¿½o;0;0