data_inversa;dia_semana;horario;uf;br;municipio;causa_acidente;tipo_acidente;classificacao_acidente;fase_dia;condicao_metereologica;tipo_pista;tracado_via;uso_solo;mortos;acidente_fatal
2025-05-30;sexta-feira;09:00:00;RJ;116;DUQUE DE CAXIAS;Reaï¿½ï¿½o tardia ou ineficiente do condutor;Colisï¿½o lateral mesmo sentido;Com Vï¿½timas Feridas;Pleno dia;Cï¿½u Claro;Dupla;Reta;Sim;0;0
2025-04-08;terï¿½a-feira;06:00:00;MG;40;ESMERALDAS;Pedestre andava na pista;Atropelamento de Pedestre;Com Vï¿½timas Feridas;Amanhecer;Cï¿½u Claro;Dupla;Curva;Nï¿½o;0;0
2025-05-30;sexta-feira;09:55:00;MG;116;TEOFILO OTONI;Ausï¿½ncia de reaï¿½ï¿½o do condutor;Colisï¿½o lateral mesmo sentido;Com Vï¿½timas Feridas;Pleno dia;Nublado;Dupla;Reta;Sim;0;0
2025-05-18;domingo;03:00:00;RJ;393;VOLTA REDONDA;Ausï¿½ncia de reaï¿½ï¿½o do condutor;Colisï¿½o com objeto;Com Vï¿½timas Fatais;Plena Noite;Cï¿½u Claro;Simples;"Aclive;Curva";Sim;1;1
2025-05-30;sexta-feira;10:40:00;RS;290;PORTO ALEGRE;Demais falhas mecï¿½nicas ou elï¿½tricas;Incï¿½ndio;Sem Vï¿½timas;Pleno dia;Cï¿½u Claro;Dupla;Reta;Sim;0;0
2025-05-20;terï¿½a-feira;18:20:00;SP;153;NOVA GRANADA;Objeto estï¿½tico sobre o leito carroï¿½ï¿½vel;Colisï¿½o com objeto;Com Vï¿½timas Feridas;Plena Noite;Cï¿½u Claro;Simples;Reta;Nï¿½o;0;0
2025-05-30;sexta-feira;10:30:00;AP;210;PORTO GRANDE;Acessar a via sem observar a presenï¿½a dos outros veï¿½culos;Colisï¿½o transversal;Com Vï¿½timas Feridas;Pleno dia;Cï¿½u Claro;Simples;Reta;Sim;0;0
2025-05-30;sexta-feira;09:00:00;RO;425;NOVA MAMORE;Acessar a via sem observar a presenï¿½a dos outros veï¿½culos;Colisï¿½o transversal;Com Vï¿½timas Feridas;Pleno dia;Cï¿½u Claro;Simples;"Reta;Interseï¿½ï¿½o de Vias";Nï¿½o;0;0
2025-03-01;sï¿½bado;08:40:00;PA;316;SANTA IZABEL DO PARA;Transitar no Acostamento;Colisï¿½o traseira;Com Vï¿½timas Feridas;Pleno dia;Garoa/Chuvisco;Dupla;Reta;Nï¿½o;0;0
2025-05-30;sexta-feira;08:50:00;RJ;40;DUQUE DE CAXIAS;Reaï¿½ï¿½o tardia ou ineficiente do condutor;Colisï¿½o traseira;Com Vï¿½timas Feridas;Pleno dia;Cï¿½u Claro;Mï¿½ltipla;"Reta;Aclive";Sim;0;0
2025-05-30;sexta-feira;10:40:00;RO;364;JI-PARANA;Condutor deixou de manter distï¿½ncia do veï¿½culo da frente;Colisï¿½o traseira;Com Vï¿½timas Feridas;Pleno dia;Sol;Simples;Reta;Nï¿½o;0;0
2025-05-30;sexta-feira;10:30:00;RJ;40;DUQUE DE CAXIAS;Ausï¿½ncia de reaï¿½ï¿½o do condutor;Colisï¿½o transversal;Com Vï¿½timas Feridas;Pleno dia;Nublado;Dupla;"Reta;Interseï¿½ï¿½o de Vias";Sim;0;0
2025-05-30;sexta-feira;11:00:00;MT;70;BARRA DO GARCAS;Ausï¿½ncia de reaï¿½ï¿½o do condutor;Colisï¿½o traseira;Com Vï¿½timas Feridas;Pleno dia;Cï¿½u Claro;Simples;Reta;Sim;0;0
2025-05-13;terï¿½a-feira;03:00:00;AM;319;CANUTAMA;Ausï¿½ncia de reaï¿½ï¿½o do condutor;Capotamento;Com Vï¿½timas Fatais;Plena Noite;Cï¿½u Claro;Simples;Reta;Nï¿½o;2;1
2025-05-30;sexta-feira;12:20:00;MG;459;SENADOR JOSE BENTO;Reaï¿½ï¿½o tardia ou ineficiente do condutor;Saï¿½da de leito carroï¿½ï¿½vel;Com Vï¿½timas Feridas;Pleno dia;Cï¿½u Claro;Simples;"Curva;Declive";Nï¿½o;0;0
2025-05-30;sexta-feira;05:30:00;MT;163;NOVA MUTUM;Ausï¿½ncia de reaï¿½ï¿½o do condutor;Capotamento;Com Vï¿½timas Feridas;Amanhecer;Cï¿½u Claro;Mï¿½ltipla;"Reta;Em Obras;Desvio Temporï¿½rio";Nï¿½o;0;0
2025-05-30;sexta-feira;11:00:00;MG;381;POUSO ALEGRE;Velocidade Incompatï¿½vel;Saï¿½da de leito carroï¿½ï¿½vel;Com Vï¿½timas Feridas;Pleno dia;Sol;Dupla;"Em Obras;Reta";Nï¿½o;0;0
2025-05-21;quarta-feira;20:43:00;PE;101;PAULISTA;Acessar a via sem observar a presenï¿½a dos outros veï¿½culos;Colisï¿½o traseira;Sem Vï¿½timas;Plena Noite;Cï¿½u Claro;Dupla;Reta;Sim;0;0
2025-05-17;sï¿½bado;07:35:00;MS;463;DOURADOS;Ausï¿½ncia de reaï¿½ï¿½o do condutor;Colisï¿½o lateral mesmo sentido;Com Vï¿½timas Feridas;Pleno dia;Cï¿½u Claro;Simples;Reta;Nï¿½o;0;0
2025-05-30;sexta-feira;12:50:00;RN;304;PARNAMIRIM;Condutor deixou de manter distï¿½ncia do veï¿½culo da frente;Colisï¿½o traseira;Com Vï¿½timas Feridas;Pleno dia;Cï¿½u Claro;Dupla;"Interseï¿½ï¿½o de Vias;Reta";Nï¿½o;0;0
2025-05-30;sexta-feira;12:50:00;SC;280;RIO NEGRINHO;Acessar a via sem observar a presenï¿½a dos outros veï¿½culos;Colisï¿½o lateral mesmo sentido;Com Vï¿½timas Feridas;Pleno dia;Cï¿½u Claro;Simples;"Interseï¿½ï¿½o de Vias;Reta";Sim;0;0
2025-05-30;sexta-feira;12:05:00;PR;277;CASCAVEL;Desrespeitar a preferï¿½ncia no cruzamento;Colisï¿½o transversal;Com Vï¿½timas Feridas;Pleno dia;Cï¿½u Claro;Simples;"Reta;Declive";Nï¿½o;0;0
2025-05-10;sï¿½bado;22:44:00;MG;116;ITAOBIM;Demais falhas na via;Queda de ocupante de veï¿½culo;Com Vï¿½timas Feridas;Pleno dia;Cï¿½u Claro;Simples;Declive;Nï¿½o;0;0
2025-05-18;domingo;19:17:00;PA;163;TRAIRAO;Reaï¿½ï¿½o tardia ou ineficiente do condutor;Tombamento;Com Vï¿½timas Feridas;Plena Noite;Cï¿½u Claro;Simples;Reta;Sim;0;0
2025-05-30;sexta-feira;08:00:00;RJ;116;GUAPIMIRIM;Pista Escorregadia;Colisï¿½o frontal;Com Vï¿½timas Feridas;Pleno dia;Nevoeiro/Neblina;Simples;Curva;Nï¿½o;0;0
2025-05-30;sexta-feira;13:10:00;RN;304;ACU;Ausï¿½ncia de reaï¿½ï¿½o do condutor;Colisï¿½o transversal;Com Vï¿½timas Feridas;Pleno dia;Sol;Simples;Reta;Sim;0;0
2025-05-30;sexta-feira;11:10:00;RO;364;JI-PARANA;Reaï¿½ï¿½o tardia ou ineficiente do condutor;Engavetamento;Com Vï¿½timas Feridas;Pleno dia;Sol;Simples;Reta;Nï¿½o;0;0
2025-05-22;quinta-feira;13:30:00;SP;153;SAO JOSE DO RIO PRETO;Manobra de mudanï¿½a de faixa;Colisï¿½o lateral mesmo sentido;Com Vï¿½timas Feridas;Pleno dia;Cï¿½u Claro;Dupla;Reta;Nï¿½o;0;0
2025-05-30;sexta-feira;11:30:00;RJ;116;SAPUCAIA;Demais falhas mecï¿½nicas ou elï¿½tricas;Incï¿½ndio;Sem Vï¿½timas;Pleno dia;Nublado;Simples;Reta;Nï¿½o;0;0
2025-05-30;sexta-feira;14:28:00;MG;116;TEOFILO OTONI;ï¿½rea urbana sem a presenï¿½a de local apropriado para a travessia de pedestres;Atropelamento de Pedestre;Com Vï¿½timas Feridas;Pleno dia;Nublado;Dupla;Reta;Sim;0;0
2025-05-30;sexta-feira;14:00:00;PR;369;LONDRINA;Reaï¿½ï¿½o tardia ou ineficiente do condutor;Colisï¿½o traseira;Com Vï¿½timas Feridas;Pleno dia;Cï¿½u Claro;Dupla;"Reta;Declive";Sim;0;0
2025-04-04;sexta-feira;04:30:00;RJ;101;MACAE;Ausï¿½ncia de reaï¿½ï¿½o do condutor;Capotamento;Com Vï¿½timas Feridas;Plena Noite;Chuva;Dupla;Reta;Nï¿½o;0;0
2025-05-30;sexta-feira;12:30:00;RJ;465;SEROPEDICA;Ultrapassagem Indevida;Colisï¿½o frontal;Com Vï¿½timas Feridas;Pleno dia;Nublado;Simples;Reta;Nï¿½o;0;0
2025-05-30;sexta-feira;12:30:00;MT;70;CACERES;Ausï¿½ncia de reaï¿½ï¿½o do condutor;Colisï¿½o traseira;Sem Vï¿½timas;Pleno dia;Cï¿½u Claro;Simples;"Declive;Reta";Sim;0;0
2025-05-30;sexta-feira;14:40:00;RS;116;CAXIAS DO SUL;Pedestre cruzava a pista fora da faixa;Atropelamento de Pedestre;Com Vï¿½timas Feridas;Pleno dia;Cï¿½u Claro;Dupla;Reta;Sim;0;0
2025-05-30;sexta-feira;14:30:00;SC;101;SAO JOSE;Reaï¿½ï¿½o tardia ou ineficiente do condutor;Colisï¿½o traseira;Sem Vï¿½timas;Pleno dia;Cï¿½u Claro;Mï¿½ltipla;Reta;Sim;0;0
2025-05-18;domingo;10:30:00;BA;116;VITORIA DA CONQUISTA;Acostamento em desnï¿½vel;Queda de ocupante de veï¿½culo;Com Vï¿½timas Feridas;Pleno dia;Ignorado;Simples;Reta;Nï¿½o;0;0
2025-05-30;sexta-feira;14:40:00;ES;101;SERRA;Retorno proibido;Colisï¿½o transversal;Com Vï¿½timas Feridas;Pleno dia;Nublado;Dupla;Reta;Nï¿½o;0;0
2025-05-30;sexta-feira;15:00:00;BA;324;FEIRA DE SANTANA;Velocidade Incompatï¿½vel;Saï¿½da de leito carroï¿½ï¿½vel;Com Vï¿½timas Feridas;Pleno dia;Chuva;Dupla;Interseï¿½ï¿½o de Vias;Nï¿½o;0;0
2025-05-30;sexta-feira;05:50:00;RS;386;POUSO NOVO;Reaï¿½ï¿½o tardia ou ineficiente do condutor;Saï¿½da de leito carroï¿½ï¿½vel;Com Vï¿½timas Feridas;Plena Noite;Nevoeiro/Neblina;Simples;"Curva;Declive";Nï¿½o;0;0
2025-05-30;sexta-feira;14:30:00;BA;101;CARAVELAS;Ingestï¿½o de ï¿½lcool pelo condutor;Queda de ocupante de veï¿½culo;Com Vï¿½timas Feridas;Pleno dia;Cï¿½u Claro;Simples;Reta;Nï¿½o;0;0
2025-05-30;sexta-feira;15:15:00;PR;277;MORRETES;Ausï¿½ncia de reaï¿½ï¿½o do condutor;Saï¿½da de leito carroï¿½ï¿½vel;Sem Vï¿½timas;Pleno dia;Sol;Dupla;Reta;Nï¿½o;0;0
2025-05-30;sexta-feira;15:45:00;PB;230;JOAO PESSOA;Trafegar com motocicleta (ou similar) entre as faixas;Colisï¿½o traseira;Com Vï¿½timas Feridas;Pleno dia;Nublado;Dupla;"Curva;Aclive";Sim;0;0
2025-05-30;sexta-feira;16:15:00;PB;104;QUEIMADAS;Velocidade Incompatï¿½vel;Saï¿½da de leito carroï¿½ï¿½vel;Com Vï¿½timas Feridas;Pleno dia;Cï¿½u Claro;Simples;"Reta;Declive";Nï¿½o;0;0
2025-05-30;sexta-feira;15:50:00;MG;153;CENTRALINA;Manobra de mudanï¿½a de faixa;Saï¿½da de leito carroï¿½ï¿½vel;Sem Vï¿½timas;Pleno dia;Cï¿½u Claro;Dupla;Reta;Nï¿½o;0;0
2025-05-30;sexta-feira;16:30:00;RS;285;ENTRE-IJUIS;Acessar a via sem observar a presenï¿½a dos outros veï¿½culos;Colisï¿½o transversal;Com Vï¿½timas Feridas;Pleno dia;Cï¿½u Claro;Simples;"Reta;Retorno Regulamentado;Interseï¿½ï¿½o de Vias";Sim;0;0
2025-05-30;sexta-feira;16:45:00;GO;60;ANAPOLIS;Avarias e/ou desgaste excessivo no pneu;Tombamento;Com Vï¿½timas Feridas;Pleno dia;Cï¿½u Claro;Dupla;Reta;Nï¿½o;0;0
2025-05-30;sexta-feira;16:00:00;MG;381;PERDOES;Velocidade Incompatï¿½vel;Saï¿½da de leito carroï¿½ï¿½vel;Sem Vï¿½timas;Pleno dia;Cï¿½u Claro;Dupla;"Reta;Declive";Nï¿½o;0;0
2025-05-30;sexta-feira;16:45:00;AL;316;PILAR;Animais na Pista;Atropelamento de Animal;Com Vï¿½timas Feridas;Pleno dia;Cï¿½u Claro;Simples;Reta;Sim;0;0
2025-05-30;sexta-feira;16:30:00;ES;101;SERRA;Acessar a via sem observar a presenï¿½a dos outros veï¿½culos;Colisï¿½o transversal;Com Vï¿½timas Feridas;Pleno dia;Cï¿½u Claro;Mï¿½ltipla;Reta;Sim;0;0
2025-05-30;sexta-feira;16:50:00;RJ;101;CAMPOS DOS GOYTACAZES;Acessar a via sem observar a presenï¿½a dos outros veï¿½culos;Colisï¿½o lateral mesmo sentido;Com Vï¿½timas Feridas;Pleno dia;Nublado;Simples;"Reta;Interseï¿½ï¿½o de Vias";Sim;0;0
2025-05-30;sexta-feira;16:50:00;SC;101;ITAPEMA;Reaï¿½ï¿½o tardia ou ineficiente do condutor;Colisï¿½o traseira;Com Vï¿½timas Feridas;Pleno dia;Cï¿½u Claro;Dupla;Reta;Sim;0;0
2025-05-30;sexta-feira;16:50:00;RJ;101;RIO DE JANEIRO;Demais falhas mecï¿½nicas ou elï¿½tricas;Queda de ocupante de veï¿½culo;Com Vï¿½timas Feridas;Pleno dia;Cï¿½u Claro;Dupla;Reta;Nï¿½o;0;0
2025-01-06;segunda-feira;13:10:00;RJ;493;ITAGUAI;Problema com o freio;Colisï¿½o traseira;Com Vï¿½timas Feridas;Pleno dia;Cï¿½u Claro;Dupla;Reta;Nï¿½o;0;0
2025-05-30;sexta-feira;16:30:00;DF;60;BRASILIA;Animais na Pista;Atropelamento de Animal;Sem Vï¿½timas;Pleno dia;Cï¿½u Claro;Dupla;"Reta;Aclive";Nï¿½o;0;0
2025-05-30;sexta-feira;17:43:00;PE;428;PETROLINA;Estacionar ou parar em local proibido;Colisï¿½o traseira;Com Vï¿½timas Feridas;Plena Noite;Cï¿½u Claro;Dupla;"Reta;Retorno Regulamentado";Sim;0;0
2025-05-30;sexta-feira;18:00:00;SC;101;ITAJAI;Trafegar com motocicleta (ou similar) entre as faixas;Colisï¿½o traseira;Com Vï¿½timas Feridas;Plena Noite;Nublado;Mï¿½ltipla;"Reta;Viaduto;Declive";Sim;0;0
2025-05-30;sexta-feira;12:20:00;PE;116;BELEM DE SAO FRANCISCO;Ausï¿½ncia de reaï¿½ï¿½o do condutor;Queda de ocupante de veï¿½culo;Com Vï¿½timas Feridas;Pleno dia;Cï¿½u Claro;Simples;"Reta;Aclive";Nï¿½o;0;0
2025-05-30;sexta-feira;18:00:00;RJ;116;BARRA MANSA;Ausï¿½ncia de reaï¿½ï¿½o do condutor;Tombamento;Com Vï¿½timas Feridas;Anoitecer;Nublado;Dupla;"Curva;Aclive";Nï¿½o;0;0
2025-05-30;sexta-feira;17:40:00;PB;101;JOAO PESSOA;Avarias e/ou desgaste excessivo no pneu;Tombamento;Com Vï¿½timas Feridas;Anoitecer;Garoa/Chuvisco;Dupla;Reta;Nï¿½o;0;0
2025-05-30;sexta-feira;16:50:00;BA;324;CONCEICAO DO JACUIPE;Condutor deixou de manter distï¿½ncia do veï¿½culo da frente;Colisï¿½o traseira;Com Vï¿½timas Feridas;Pleno dia;Nublado;Dupla;Reta;Nï¿½o;0;0
2025-05-30;sexta-feira;17:25:00;TO;153;ARAGUAINA;Acessar a via sem observar a presenï¿½a dos outros veï¿½culos;Colisï¿½o transversal;Com Vï¿½timas Feridas;Anoitecer;Cï¿½u Claro;Dupla;"Retorno Regulamentado;Rotatï¿½ria";Sim;0;0
2025-05-30;sexta-feira;17:40:00;SC;101;IMBITUBA;Reaï¿½ï¿½o tardia ou ineficiente do condutor;Queda de ocupante de veï¿½culo;Com Vï¿½timas Feridas;Anoitecer;Cï¿½u Claro;Dupla;Reta;Nï¿½o;0;0
2025-05-30;sexta-feira;16:35:00;MG;40;NOVA LIMA;Reaï¿½ï¿½o tardia ou ineficiente do condutor;Engavetamento;Sem Vï¿½timas;Pleno dia;Cï¿½u Claro;Dupla;Reta;Nï¿½o;0;0
2025-05-30;sexta-feira;17:45:00;ES;259;COLATINA;Reaï¿½ï¿½o tardia ou ineficiente do condutor;Colisï¿½o lateral mesmo sentido;Com Vï¿½timas Feridas;Anoitecer;Nublado;Simples;Curva;Nï¿½o;0;0
2025-05-30;sexta-feira;18:30:00;ES;101;LINHARES;Acessar a via sem observar a presenï¿½a dos outros veï¿½culos;Colisï¿½o transversal;Com Vï¿½timas Feridas;Plena Noite;Cï¿½u Claro;Simples;Interseï¿½ï¿½o de Vias;Nï¿½o;0;0
2025-05-30;sexta-feira;18:25:00;SC;470;BLUMENAU;Acessar a via sem observar a presenï¿½a dos outros veï¿½culos;Colisï¿½o transversal;Com Vï¿½timas Feridas;Plena Noite;Cï¿½u Claro;Simples;"Reta;Em Obras";Nï¿½o;0;0
2025-05-30;sexta-feira;18:30:00;SP;381;ATIBAIA;Transtornos Mentais (exceto suicidio);Colisï¿½o lateral mesmo sentido;Com Vï¿½timas Feridas;Plena Noite;Cï¿½u Claro;Dupla;"Declive;Reta";Sim;0;0
2025-05-30;sexta-feira;16:20:00;MG;262;NOVA SERRANA;Avarias e/ou desgaste excessivo no pneu;Queda de ocupante de veï¿½culo;Com Vï¿½timas Feridas;Pleno dia;Sol;Dupla;"Aclive;Reta";Sim;0;0
2025-05-30;sexta-feira;17:30:00;MS;158;APARECIDA DO TABOADO;Transitar no Acostamento;Atropelamento de Pedestre;Com Vï¿½timas Fatais;Anoitecer;Cï¿½u Claro;Simples;Reta;Nï¿½o;1;1
2025-05-30;sexta-feira;19:00:00;SC;101;ITAJAI;Reaï¿½ï¿½o tardia ou ineficiente do condutor;Colisï¿½o traseira;Com Vï¿½timas Feridas;Plena Noite;Cï¿½u Claro;Dupla;Reta;Sim;0;0
2025-05-30;sexta-feira;17:30:00;RS;293;PELOTAS;Condutor deixou de manter distï¿½ncia do veï¿½culo da frente;Colisï¿½o traseira;Com Vï¿½timas Feridas;Anoitecer;Cï¿½u Claro;Simples;Reta;Sim;0;0
2025-05-30;sexta-feira;19:33:00;SP;116;GUARULHOS;Trafegar com motocicleta (ou similar) entre as faixas;Colisï¿½o lateral mesmo sentido;Com Vï¿½timas Feridas;Plena Noite;Nublado;Mï¿½ltipla;"Reta;Em Obras";Sim;0;0
2025-05-30;sexta-feira;18:50:00;PR;369;LONDRINA;Trafegar com motocicleta (ou similar) entre as faixas;Colisï¿½o lateral mesmo sentido;Com Vï¿½timas Feridas;Plena Noite;Cï¿½u Claro;Dupla;Reta;Sim;0;0
2025-05-30;sexta-feira;19:30:00;ES;101;SAO MATEUS;Acessar a via sem observar a presenï¿½a dos outros veï¿½culos;Colisï¿½o transversal;Com Vï¿½timas Feridas;Plena Noite;Nublado;Simples;"Interseï¿½ï¿½o de Vias;Reta";Sim;0;0
2025-05-30;sexta-feira;19:25:00;SC;280;ARAQUARI;Acessar a via sem observar a presenï¿½a dos outros veï¿½culos;Colisï¿½o transversal;Com Vï¿½timas Feridas;Plena Noite;Cï¿½u Claro;Simples;Interseï¿½ï¿½o de Vias;Sim;0;0
2025-05-30;sexta-feira;19:55:00;SP;116;GUARULHOS;Sinalizaï¿½ï¿½o mal posicionada;Queda de ocupante de veï¿½culo;Com Vï¿½timas Feridas;Plena Noite;Nublado;Dupla;Reta;Sim;0;0
2025-05-30;sexta-feira;18:34:00;RS;290;ALEGRETE;Transitar na contramï¿½o;Colisï¿½o lateral mesmo sentido;Com Vï¿½timas Feridas;Plena Noite;Nublado;Simples;Curva;Nï¿½o;0;0
2025-05-30;sexta-feira;19:00:00;PR;369;CAMBARA;Problema com o freio;Tombamento;Com Vï¿½timas Feridas;Plena Noite;Nublado;Simples;"Interseï¿½ï¿½o de Vias;Reta";Nï¿½o;0;0
2025-05-30;sexta-feira;18:00:00;RJ;101;PARATY;Pedestre cruzava a pista fora da faixa;Atropelamento de Pedestre;Com Vï¿½timas Feridas;Plena Noite;Cï¿½u Claro;Simples;Reta;Nï¿½o;0;0
2025-05-30;sexta-feira;19:45:00;PB;230;GURINHEM;Ausï¿½ncia de reaï¿½ï¿½o do condutor;Colisï¿½o traseira;Com Vï¿½timas Feridas;Plena Noite;Nublado;Dupla;Declive;Sim;0;0
2025-05-30;sexta-feira;20:15:00;SP;381;MAIRIPORA;Ausï¿½ncia de reaï¿½ï¿½o do condutor;Colisï¿½o traseira;Com Vï¿½timas Feridas;Plena Noite;Cï¿½u Claro;Simples;Reta;Sim;0;0
2025-05-30;sexta-feira;19:00:00;ES;262;IBATIBA;Transitar na contramï¿½o;Colisï¿½o frontal;Com Vï¿½timas Feridas;Plena Noite;Nublado;Simples;"Reta;Aclive";Sim;0;0
2025-05-30;sexta-feira;18:50:00;PE;232;SAIRE;Ingestï¿½o de ï¿½lcool pelo condutor;Colisï¿½o traseira;Com Vï¿½timas Feridas;Plena Noite;Garoa/Chuvisco;Dupla;Reta;Nï¿½o;0;0
2025-05-30;sexta-feira;20:50:00;MG;381;IGARAPE;Ausï¿½ncia de reaï¿½ï¿½o do condutor;Colisï¿½o traseira;Com Vï¿½timas Feridas;Plena Noite;Cï¿½u Claro;Dupla;"Aclive;Curva";Nï¿½o;0;0
2025-05-30;sexta-feira;14:35:00;MG;251;RUBELITA;Acessar a via sem observar a presenï¿½a dos outros veï¿½culos;Colisï¿½o transversal;Com Vï¿½timas Feridas;Pleno dia;Cï¿½u Claro;Simples;Curva;Nï¿½o;0;0
2025-05-30;sexta-feira;20:40:00;RJ;356;CARDOSO MOREIRA;Acessar a via sem observar a presenï¿½a dos outros veï¿½culos;Colisï¿½o transversal;Com Vï¿½timas Feridas;Plena Noite;Nublado;Simples;Reta;Nï¿½o;0;0
2025-05-30;sexta-feira;18:00:00;MG;251;SALINAS;Acessar a via sem observar a presenï¿½a dos outros veï¿½culos;Colisï¿½o transversal;Com Vï¿½timas Feridas;Plena Noite;Cï¿½u Claro;Simples;Rotatï¿½ria;Nï¿½o;0;0
2025-05-30;sexta-feira;18:50:00;RS;471;SANTA CRUZ DO SUL;Ausï¿½ncia de reaï¿½ï¿½o do condutor;Colisï¿½o transversal;Com Vï¿½timas Feridas;Plena Noite;Cï¿½u Claro;Simples;Rotatï¿½ria;Nï¿½o;0;0
2025-05-30;sexta-feira;18:20:00;PR;376;APUCARANA;Acessar a via sem observar a presenï¿½a dos outros veï¿½culos;Colisï¿½o transversal;Com Vï¿½timas Feridas;Plena Noite;Cï¿½u Claro;Dupla;"Reta;Retorno Regulamentado";Sim;0;0
2025-05-30;sexta-feira;20:40:00;SC;470;BLUMENAU;Conversï¿½o proibida;Colisï¿½o frontal;Com Vï¿½timas Feridas;Plena Noite;Cï¿½u Claro;Simples;"Reta;Aclive";Nï¿½o;0;0
2025-05-30;sexta-feira;18:00:00;AL;101;CAMPO ALEGRE;Acessar a via sem observar a presenï¿½a dos outros veï¿½culos;Colisï¿½o transversal;Com Vï¿½timas Feridas;Plena Noite;Garoa/Chuvisco;Dupla;"Interseï¿½ï¿½o de Vias;Reta";Nï¿½o;0;0
2025-05-30;sexta-feira;18:55:00;RR;174;BOA VISTA;Iluminaï¿½ï¿½o deficiente;Colisï¿½o traseira;Com Vï¿½timas Feridas;Plena Noite;Nublado;Simples;Reta;Nï¿½o;0;0
2025-05-30;sexta-feira;19:20:00;MT;163;SORRISO;Ingestï¿½o de ï¿½lcool pelo condutor;Colisï¿½o traseira;Com Vï¿½timas Feridas;Plena Noite;Cï¿½u Claro;Dupla;"Reta;Retorno Regulamentado";Nï¿½o;0;0
2025-05-18;domingo;20:20:00;SC;116;PAPANDUVA;Acessar a via sem observar a presenï¿½a dos outros veï¿½culos;Colisï¿½o transversal;Com Vï¿½timas Feridas;Plena Noite;Garoa/Chuvisco;Simples;"Reta;Aclive";Nï¿½o;0;0
2025-05-30;sexta-feira;16:30:00;PR;376;IMBAU;Ausï¿½ncia de reaï¿½ï¿½o do condutor;Queda de ocupante de veï¿½culo;Com Vï¿½timas Feridas;Pleno dia;Cï¿½u Claro;Dupla;"Reta;Aclive";Nï¿½o;0;0
2025-05-30;sexta-feira;19:45:00;MG;262;NOVA SERRANA;Acessar a via sem observar a presenï¿½a dos outros veï¿½culos;Colisï¿½o lateral mesmo sentido;Sem Vï¿½timas;Plena Noite;Cï¿½u Claro;Simples;Reta;Sim;0;0
2025-05-30;sexta-feira;19:55:00;RS;470;BARAO;Reaï¿½ï¿½o tardia ou ineficiente do condutor;Tombamento;Com Vï¿½timas Feridas;Plena Noite;Cï¿½u Claro;Simples;Curva;Nï¿½o;0;0
2025-05-30;sexta-feira;21:30:00;PR;369;LONDRINA;Condutor desrespeitou a iluminaï¿½ï¿½o vermelha do semï¿½foro;Colisï¿½o transversal;Com Vï¿½timas Feridas;Plena Noite;Cï¿½u Claro;Dupla;Reta;Nï¿½o;0;0
2025-05-30;sexta-feira;19:30:00;DF;251;BRASILIA;Conversï¿½o proibida;Colisï¿½o transversal;Com Vï¿½timas Feridas;Plena Noite;Cï¿½u Claro;Simples;"Aclive;Reta";Nï¿½o;0;0
2025-05-30;sexta-feira;21:45:00;MG;40;CONSELHEIRO LAFAIETE;Ausï¿½ncia de reaï¿½ï¿½o do condutor;Colisï¿½o traseira;Com Vï¿½timas Feridas;Plena Noite;Nevoeiro/Neblina;Simples;"Curva;Aclive";Sim;0;0
2025-05-30;sexta-feira;18:35:00;MA;135;SAO DOMINGOS DO MARANHAO;Ultrapassagem Indevida;Colisï¿½o frontal;Com Vï¿½timas Fatais;Plena Noite;Cï¿½u Claro;Simples;Reta;Sim;1;1
2025-05-30;sexta-feira;21:40:00;SC;280;SAO BENTO DO SUL;Demais falhas mecï¿½nicas ou elï¿½tricas;Incï¿½ndio;Sem Vï¿½timas;Plena Noite;Cï¿½u Claro;Simples;"Aclive;Reta";Nï¿½o;0;0
2025-05-30;sexta-feira;22:00:00;MG;262;NOVA SERRANA;Ingestï¿½o de ï¿½lcool pelo condutor;Tombamento;Com Vï¿½timas Feridas;Plena Noite;Nublado;Dupla;"Aclive;Reta";Sim;0;0
2025-05-30;sexta-feira;21:07:00;PE;232;SANHARO;Transitar no Acostamento;Atropelamento de Pedestre;Com Vï¿½timas Fatais;Plena Noite;Nublado;Simples;Reta;Nï¿½o;1;1
2025-05-30;sexta-feira;18:20:00;BA;407;JUAZEIRO;Animais na Pista;Atropelamento de Animal;Com Vï¿½timas Feridas;Plena Noite;Cï¿½u Claro;Simples;Reta;Nï¿½o;0;0
2025-05-30;sexta-feira;21:00:00;RO;364;JI-PARANA;Reaï¿½ï¿½o tardia ou ineficiente do condutor;Colisï¿½o traseira;Sem Vï¿½timas;Plena Noite;Ignorado;Simples;Reta;Nï¿½o;0;0
2025-05-30;sexta-feira;22:20:00;PB;101;BAYEUX;Pista Escorregadia;Saï¿½da de leito carroï¿½ï¿½vel;Sem Vï¿½timas;Plena Noite;Chuva;Dupla;Curva;Sim;0;0
2025-05-30;sexta-feira;22:00:00;MG;354;SERITINGA;Reaï¿½ï¿½o tardia ou ineficiente do condutor;Colisï¿½o lateral sentido oposto;Com Vï¿½timas Feridas;Plena Noite;Cï¿½u Claro;Simples;Curva;Nï¿½o;0;0