data_inversa;dia_semana;horario;uf;br;municipio;causa_acidente;tipo_acidente;classificacao_acidente;fase_dia;condicao_metereologica;tipo_pista;tracado_via;uso_solo;mortos;acidente_fatal
2025-05-30;sexta-feira;22:30:00;MG;381;BETIM;Ausï¿½ncia de reaï¿½ï¿½o do condutor;Tombamento;Com Vï¿½timas Feridas;Plena Noite;Cï¿½u Claro;Mï¿½ltipla;"Reta;Aclive";Sim;0;0
2025-05-30;sexta-feira;21:27:00;PR;277;CAMPO LARGO;Velocidade Incompatï¿½vel;Colisï¿½o traseira;Com Vï¿½timas Feridas;Plena Noite;Cï¿½u Claro;Dupla;Reta;Nï¿½o;0;0
2025-05-30;sexta-feira;23:20:00;PI;316;PICOS;Ingestï¿½o de ï¿½lcool pelo condutor;Colisï¿½o lateral mesmo sentido;Sem Vï¿½timas;Plena Noite;Cï¿½u Claro;Mï¿½ltipla;Reta;Sim;0;0
2025-05-31;sï¿½bado;00:00:00;SP;116;GUARULHOS;Ausï¿½ncia de reaï¿½ï¿½o do condutor;Colisï¿½o traseira;Com Vï¿½timas Feridas;Plena Noite;Cï¿½u Claro;Mï¿½ltipla;"Reta;Declive";Sim;0;0
2025-05-30;sexta-feira;23:20:00;PI;343;TERESINA;Condutor desrespeitou a iluminaï¿½ï¿½o vermelha do semï¿½foro;Colisï¿½o transversal;Sem Vï¿½timas;Plena Noite;Cï¿½u Claro;Dupla;"Interseï¿½ï¿½o de Vias;Em Obras;Reta";Sim;0;0
2025-05-30;sexta-feira;23:40:00;BA;324;AMELIA RODRIGUES;Ingestï¿½o de ï¿½lcool pelo condutor;Queda de ocupante de veï¿½culo;Com Vï¿½timas Feridas;Plena Noite;Cï¿½u Claro;Simples;Reta;Nï¿½o;0;0
2025-05-30;sexta-feira;23:50:00;RS;116;SAO LEOPOLDO;Reaï¿½ï¿½o tardia ou ineficiente do condutor;Colisï¿½o com objeto;Com Vï¿½timas Feridas;Plena Noite;Cï¿½u Claro;Dupla;Reta;Sim;0;0
2025-05-30;sexta-feira;23:00:00;PE;408;PAUDALHO;Ingestï¿½o de substï¿½ncias psicoativas pelo condutor;Saï¿½da de leito carroï¿½ï¿½vel;Sem Vï¿½timas;Plena Noite;Chuva;Dupla;"Aclive;Curva";Nï¿½o;0;0
2025-05-31;sï¿½bado;00:00:00;MG;381;CAMPANHA;Demais falhas mecï¿½nicas ou elï¿½tricas;Incï¿½ndio;Sem Vï¿½timas;Plena Noite;Ignorado;Dupla;Reta;Nï¿½o;0;0
2025-05-30;sexta-feira;20:20:00;CE;20;TAUA;Pedestre andava na pista;Atropelamento de Pedestre;Com Vï¿½timas Fatais;Plena Noite;Cï¿½u Claro;Simples;Reta;Sim;1;1
2025-05-31;sï¿½bado;00:30:00;DF;20;BRASILIA;Ingestï¿½o de ï¿½lcool pelo condutor;Saï¿½da de leito carroï¿½ï¿½vel;Com Vï¿½timas Feridas;Plena Noite;Cï¿½u Claro;Dupla;Reta;Nï¿½o;0;0
2025-05-31;sï¿½bado;01:10:00;AL;101;SAO SEBASTIAO;Ausï¿½ncia de reaï¿½ï¿½o do condutor;Queda de ocupante de veï¿½culo;Com Vï¿½timas Fatais;Plena Noite;Chuva;Simples;Reta;Nï¿½o;1;1
2025-05-31;sï¿½bado;01:27:00;PE;232;JABOATAO DOS GUARARAPES;Entrada inopinada do pedestre;Atropelamento de Pedestre;Com Vï¿½timas Feridas;Plena Noite;Cï¿½u Claro;Dupla;Reta;Nï¿½o;0;0
2025-05-31;sï¿½bado;00:45:00;SC;101;ITAPEMA;Ausï¿½ncia de reaï¿½ï¿½o do condutor;Colisï¿½o com objeto;Com Vï¿½timas Fatais;Plena Noite;Cï¿½u Claro;Mï¿½ltipla;Reta;Sim;1;1
2025-05-31;sï¿½bado;02:45:00;SC;280;SAO FRANCISCO DO SUL;Velocidade Incompatï¿½vel;Capotamento;Com Vï¿½timas Feridas;Plena Noite;Nublado;Simples;Reta;Nï¿½o;0;0
2025-05-31;sï¿½bado;01:34:00;SC;101;BIGUACU;Ausï¿½ncia de reaï¿½ï¿½o do condutor;Colisï¿½o traseira;Com Vï¿½timas Fatais;Plena Noite;Nublado;Mï¿½ltipla;Reta;Sim;1;1
2025-05-31;sï¿½bado;02:30:00;RJ;116;TERESOPOLIS;Velocidade Incompatï¿½vel;Colisï¿½o com objeto;Com Vï¿½timas Feridas;Plena Noite;Cï¿½u Claro;Simples;Curva;Sim;0;0
2025-05-31;sï¿½bado;01:15:00;MT;364;ROSARIO OESTE;Avarias e/ou desgaste excessivo no pneu;Saï¿½da de leito carroï¿½ï¿½vel;Sem Vï¿½timas;Plena Noite;Cï¿½u Claro;Dupla;Reta;Nï¿½o;0;0
2025-05-31;sï¿½bado;01:00:00;MG;40;CURVELO;Condutor Dormindo;Saï¿½da de leito carroï¿½ï¿½vel;Sem Vï¿½timas;Plena Noite;Cï¿½u Claro;Simples;Reta;Nï¿½o;0;0
2025-05-31;sï¿½bado;01:40:00;MG;153;FRONTEIRA;Ausï¿½ncia de reaï¿½ï¿½o do condutor;Saï¿½da de leito carroï¿½ï¿½vel;Sem Vï¿½timas;Plena Noite;Cï¿½u Claro;Simples;Reta;Nï¿½o;0;0
2025-05-31;sï¿½bado;04:00:00;SC;280;GUARAMIRIM;Velocidade Incompatï¿½vel;Capotamento;Com Vï¿½timas Feridas;Amanhecer;Cï¿½u Claro;Simples;"Curva;Desvio Temporï¿½rio";Sim;0;0
2025-05-31;sï¿½bado;04:00:00;GO;70;AGUAS LINDAS DE GOIAS;Ausï¿½ncia de reaï¿½ï¿½o do condutor;Saï¿½da de leito carroï¿½ï¿½vel;Com Vï¿½timas Fatais;Plena Noite;Cï¿½u Claro;Dupla;Reta;Sim;1;1
2025-05-31;sï¿½bado;00:30:00;ES;101;ARACRUZ;Condutor Dormindo;Queda de ocupante de veï¿½culo;Com Vï¿½timas Feridas;Plena Noite;Cï¿½u Claro;Simples;"Aclive;Reta";Nï¿½o;0;0
2025-05-31;sï¿½bado;05:06:00;SP;116;ITAPECERICA DA SERRA;Reaï¿½ï¿½o tardia ou ineficiente do condutor;Tombamento;Com Vï¿½timas Feridas;Plena Noite;Cï¿½u Claro;Dupla;Curva;Sim;0;0
2025-05-31;sï¿½bado;03:15:00;SC;480;CHAPECO;Desrespeitar a preferï¿½ncia no cruzamento;Colisï¿½o transversal;Com Vï¿½timas Feridas;Plena Noite;Cï¿½u Claro;Simples;"Retorno Regulamentado;Reta;Declive";Nï¿½o;0;0
2025-05-31;sï¿½bado;06:04:00;RN;101;SAO JOSE DE MIPIBU;Demais falhas mecï¿½nicas ou elï¿½tricas;Tombamento;Com Vï¿½timas Feridas;Pleno dia;Garoa/Chuvisco;Dupla;Reta;Sim;0;0
2025-05-31;sï¿½bado;05:20:00;PR;116;SAO JOSE DOS PINHAIS;Ingestï¿½o de ï¿½lcool pelo condutor;Saï¿½da de leito carroï¿½ï¿½vel;Sem Vï¿½timas;Amanhecer;Cï¿½u Claro;Dupla;Reta;Sim;0;0
2025-05-31;sï¿½bado;05:00:00;RS;392;SANTA MARIA;Ingestï¿½o de ï¿½lcool pelo condutor;Colisï¿½o lateral mesmo sentido;Com Vï¿½timas Feridas;Plena Noite;Nevoeiro/Neblina;Simples;Reta;Nï¿½o;0;0
2025-05-31;sï¿½bado;03:40:00;MG;262;MANHUACU;Reaï¿½ï¿½o tardia ou ineficiente do condutor;Colisï¿½o frontal;Com Vï¿½timas Fatais;Plena Noite;Nublado;Simples;Curva;Nï¿½o;2;1
2025-05-30;sexta-feira;23:40:00;BA;324;FEIRA DE SANTANA;Reaï¿½ï¿½o tardia ou ineficiente do condutor;Saï¿½da de leito carroï¿½ï¿½vel;Sem Vï¿½timas;Plena Noite;Garoa/Chuvisco;Simples;Reta;Sim;0;0
2025-05-31;sï¿½bado;05:55:00;MG;40;PARACATU;Condutor Dormindo;Saï¿½da de leito carroï¿½ï¿½vel;Com Vï¿½timas Feridas;Pleno dia;Cï¿½u Claro;Simples;Interseï¿½ï¿½o de Vias;Sim;0;0
2025-05-31;sï¿½bado;06:00:00;PI;343;TERESINA;Transitar na contramï¿½o;Colisï¿½o com objeto;Sem Vï¿½timas;Amanhecer;Cï¿½u Claro;Dupla;"Reta;Retorno Regulamentado";Sim;0;0
2025-05-31;sï¿½bado;05:00:00;GO;153;MORRINHOS;Condutor Dormindo;Capotamento;Com Vï¿½timas Feridas;Amanhecer;Cï¿½u Claro;Dupla;Reta;Nï¿½o;0;0
2025-05-31;sï¿½bado;06:42:00;ES;101;GUARAPARI;Velocidade Incompatï¿½vel;Saï¿½da de leito carroï¿½ï¿½vel;Sem Vï¿½timas;Pleno dia;Chuva;Dupla;"Curva;Aclive";Nï¿½o;0;0
2025-05-31;sï¿½bado;01:00:00;SP;101;UBATUBA;Ultrapassagem Indevida;Colisï¿½o lateral mesmo sentido;Com Vï¿½timas Feridas;Plena Noite;Cï¿½u Claro;Simples;Reta;Sim;0;0
2025-05-31;sï¿½bado;04:30:00;RN;405;RAFAEL FERNANDES;Ausï¿½ncia de reaï¿½ï¿½o do condutor;Colisï¿½o traseira;Com Vï¿½timas Fatais;Amanhecer;Cï¿½u Claro;Simples;Reta;Nï¿½o;1;1
2025-05-31;sï¿½bado;07:15:00;PE;101;JABOATAO DOS GUARARAPES;Acessar a via sem observar a presenï¿½a dos outros veï¿½culos;Colisï¿½o lateral mesmo sentido;Com Vï¿½timas Feridas;Pleno dia;Nublado;Dupla;Reta;Sim;0;0
2025-05-31;sï¿½bado;06:40:00;SP;153;OURINHOS;Afundamento ou ondulaï¿½ï¿½o no pavimento;Tombamento;Com Vï¿½timas Feridas;Amanhecer;Nevoeiro/Neblina;Dupla;Reta;Nï¿½o;0;0
2025-05-31;sï¿½bado;00:20:00;PR;373;PONTA GROSSA;Ausï¿½ncia de reaï¿½ï¿½o do condutor;Colisï¿½o com objeto;Sem Vï¿½timas;Plena Noite;Ignorado;Dupla;Curva;Nï¿½o;0;0
2025-05-31;sï¿½bado;06:45:00;RJ;356;CAMPOS DOS GOYTACAZES;Ausï¿½ncia de reaï¿½ï¿½o do condutor;Saï¿½da de leito carroï¿½ï¿½vel;Com Vï¿½timas Fatais;Pleno dia;Cï¿½u Claro;Mï¿½ltipla;Interseï¿½ï¿½o de Vias;Sim;1;1
2025-05-30;sexta-feira;18:20:00;PA;163;ITAITUBA;Ausï¿½ncia de reaï¿½ï¿½o do condutor;Saï¿½da de leito carroï¿½ï¿½vel;Sem Vï¿½timas;Anoitecer;Cï¿½u Claro;Simples;"Reta;Declive";Nï¿½o;0;0
2025-05-31;sï¿½bado;06:11:00;PR;153;REBOUCAS;Transitar na contramï¿½o;Colisï¿½o frontal;Com Vï¿½timas Feridas;Amanhecer;Garoa/Chuvisco;Simples;Reta;Sim;0;0
2025-05-31;sï¿½bado;05:50:00;MG;365;ITUIUTABA;Ingestï¿½o de ï¿½lcool pelo condutor;Colisï¿½o com objeto;Sem Vï¿½timas;Amanhecer;Cï¿½u Claro;Simples;Reta;Sim;0;0
2025-05-31;sï¿½bado;07:04:00;RJ;40;AREAL;Velocidade Incompatï¿½vel;Capotamento;Sem Vï¿½timas;Pleno dia;Nublado;Dupla;Curva;Sim;0;0
2025-05-31;sï¿½bado;07:45:00;GO;153;MORRINHOS;Velocidade Incompatï¿½vel;Capotamento;Com Vï¿½timas Feridas;Pleno dia;Cï¿½u Claro;Dupla;Reta;Nï¿½o;0;0
2025-05-31;sï¿½bado;07:20:00;GO;50;CATALAO;Velocidade Incompatï¿½vel;Colisï¿½o com objeto;Com Vï¿½timas Feridas;Pleno dia;Cï¿½u Claro;Dupla;"Aclive;Curva";Nï¿½o;0;0
2025-05-31;sï¿½bado;08:00:00;PR;277;CASCAVEL;Condutor deixou de manter distï¿½ncia do veï¿½culo da frente;Colisï¿½o traseira;Com Vï¿½timas Feridas;Pleno dia;Cï¿½u Claro;Simples;"Reta;Aclive";Sim;0;0
2025-05-31;sï¿½bado;08:05:00;SP;116;ITAPECERICA DA SERRA;Reaï¿½ï¿½o tardia ou ineficiente do condutor;Colisï¿½o lateral mesmo sentido;Com Vï¿½timas Feridas;Pleno dia;Nublado;Dupla;Reta;Sim;0;0
2025-05-31;sï¿½bado;06:35:00;RJ;101;PARATY;Condutor Dormindo;Queda de ocupante de veï¿½culo;Com Vï¿½timas Feridas;Amanhecer;Cï¿½u Claro;Simples;Reta;Nï¿½o;0;0
2025-05-15;quinta-feira;18:00:00;DF;20;BRASILIA;Ausï¿½ncia de reaï¿½ï¿½o do condutor;Colisï¿½o traseira;Com Vï¿½timas Feridas;Anoitecer;Cï¿½u Claro;Dupla;Reta;Sim;0;0
2025-05-31;sï¿½bado;04:30:00;PE;232;SANHARO;Acessar a via sem observar a presenï¿½a dos outros veï¿½culos;Colisï¿½o transversal;Com Vï¿½timas Fatais;Plena Noite;Cï¿½u Claro;Simples;Reta;Nï¿½o;1;1
2025-05-31;sï¿½bado;08:47:00;ES;101;SERRA;Acesso irregular;Atropelamento de Pedestre;Com Vï¿½timas Fatais;Pleno dia;Cï¿½u Claro;Dupla;Reta;Sim;1;1
2025-05-31;sï¿½bado;09:15:00;RJ;101;NITEROI;Pista Escorregadia;Queda de ocupante de veï¿½culo;Com Vï¿½timas Feridas;Pleno dia;Cï¿½u Claro;Mï¿½ltipla;Curva;Nï¿½o;0;0
2025-05-31;sï¿½bado;05:20:00;SC;282;MARAVILHA;Condutor Dormindo;Saï¿½da de leito carroï¿½ï¿½vel;Com Vï¿½timas Feridas;Plena Noite;Nevoeiro/Neblina;Simples;Curva;Nï¿½o;0;0
2025-05-31;sï¿½bado;08:35:00;SP;116;TAUBATE;Condutor deixou de manter distï¿½ncia do veï¿½culo da frente;Colisï¿½o traseira;Com Vï¿½timas Feridas;Pleno dia;Cï¿½u Claro;Dupla;Reta;Sim;0;0
2025-05-31;sï¿½bado;08:45:00;BA;242;BARREIRAS;Acessar a via sem observar a presenï¿½a dos outros veï¿½culos;Saï¿½da de leito carroï¿½ï¿½vel;Com Vï¿½timas Fatais;Pleno dia;Cï¿½u Claro;Simples;Reta;Nï¿½o;3;1
2025-05-31;sï¿½bado;06:30:00;GO;364;MINEIROS;Velocidade Incompatï¿½vel;Saï¿½da de leito carroï¿½ï¿½vel;Com Vï¿½timas Feridas;Amanhecer;Nevoeiro/Neblina;Simples;"Reta;Ponte;Declive";Nï¿½o;0;0
2025-05-31;sï¿½bado;07:25:00;RS;290;ALEGRETE;Acessar a via sem observar a presenï¿½a dos outros veï¿½culos;Colisï¿½o lateral mesmo sentido;Com Vï¿½timas Feridas;Pleno dia;Cï¿½u Claro;Simples;"Reta;Rotatï¿½ria";Sim;0;0
2025-05-31;sï¿½bado;08:10:00;MG;381;NOVA UNIAO;Acessar a via sem observar a presenï¿½a dos outros veï¿½culos;Colisï¿½o transversal;Com Vï¿½timas Feridas;Pleno dia;Sol;Dupla;Reta;Nï¿½o;0;0
2025-05-31;sï¿½bado;09:00:00;SC;282;PINHALZINHO;Pista Escorregadia;Tombamento;Com Vï¿½timas Feridas;Pleno dia;Cï¿½u Claro;Simples;"Interseï¿½ï¿½o de Vias;Rotatï¿½ria";Sim;0;0
2025-05-31;sï¿½bado;09:40:00;GO;60;ANAPOLIS;Reaï¿½ï¿½o tardia ou ineficiente do condutor;Colisï¿½o traseira;Com Vï¿½timas Feridas;Pleno dia;Cï¿½u Claro;Dupla;Reta;Nï¿½o;0;0
2025-05-31;sï¿½bado;09:50:00;SC;101;JAGUARUNA;Demais falhas mecï¿½nicas ou elï¿½tricas;Tombamento;Com Vï¿½timas Feridas;Pleno dia;Cï¿½u Claro;Dupla;Reta;Sim;0;0
2025-05-31;sï¿½bado;08:10:00;SC;101;BIGUACU;Demais falhas mecï¿½nicas ou elï¿½tricas;Tombamento;Com Vï¿½timas Feridas;Pleno dia;Sol;Dupla;Reta;Nï¿½o;0;0
2025-05-31;sï¿½bado;09:40:00;RS;290;CACAPAVA DO SUL;Conversï¿½o proibida;Colisï¿½o transversal;Com Vï¿½timas Feridas;Pleno dia;Cï¿½u Claro;Simples;"Reta;Declive";Nï¿½o;0;0
2025-05-31;sï¿½bado;09:00:00;PI;343;TERESINA;Acessar a via sem observar a presenï¿½a dos outros veï¿½culos;Colisï¿½o transversal;Com Vï¿½timas Feridas;Pleno dia;Cï¿½u Claro;Dupla;Reta;Nï¿½o;0;0
2025-05-31;sï¿½bado;10:12:00;TO;153;GURUPI;Acessar a via sem observar a presenï¿½a dos outros veï¿½culos;Colisï¿½o transversal;Com Vï¿½timas Feridas;Pleno dia;Cï¿½u Claro;Simples;"Reta;Interseï¿½ï¿½o de Vias";Sim;0;0
2025-05-31;sï¿½bado;10:10:00;GO;40;VALPARAISO DE GOIAS;Manobra de mudanï¿½a de faixa;Colisï¿½o traseira;Com Vï¿½timas Feridas;Pleno dia;Cï¿½u Claro;Dupla;Reta;Sim;0;0
2025-05-31;sï¿½bado;06:10:00;ES;101;SERRA;Manobra de mudanï¿½a de faixa;Colisï¿½o com objeto;Sem Vï¿½timas;Pleno dia;Cï¿½u Claro;Simples;Reta;Nï¿½o;0;0
2025-05-31;sï¿½bado;09:00:00;BA;116;JEQUIE;Reaï¿½ï¿½o tardia ou ineficiente do condutor;Colisï¿½o lateral mesmo sentido;Com Vï¿½timas Feridas;Pleno dia;Sol;Simples;Retorno Regulamentado;Sim;0;0
2025-05-31;sï¿½bado;11:10:00;CE;116;FORTALEZA;Ausï¿½ncia de reaï¿½ï¿½o do condutor;Queda de ocupante de veï¿½culo;Com Vï¿½timas Feridas;Pleno dia;Nublado;Mï¿½ltipla;Reta;Sim;0;0
2025-05-31;sï¿½bado;10:20:00;BA;101;ITABUNA;Velocidade Incompatï¿½vel;Colisï¿½o transversal;Com Vï¿½timas Feridas;Pleno dia;Cï¿½u Claro;Simples;Reta;Nï¿½o;0;0
2025-05-31;sï¿½bado;10:10:00;MG;40;CARANDAI;Conversï¿½o proibida;Colisï¿½o transversal;Com Vï¿½timas Feridas;Pleno dia;Cï¿½u Claro;Simples;"Reta;Aclive";Nï¿½o;0;0
2025-05-31;sï¿½bado;11:15:00;SC;282;FLORIANOPOLIS;Reaï¿½ï¿½o tardia ou ineficiente do condutor;Colisï¿½o traseira;Com Vï¿½timas Feridas;Pleno dia;Cï¿½u Claro;Mï¿½ltipla;"Reta;Aclive";Nï¿½o;0;0
2025-05-31;sï¿½bado;09:20:00;PA;230;MARABA;Avarias e/ou desgaste excessivo no pneu;Capotamento;Com Vï¿½timas Feridas;Pleno dia;Cï¿½u Claro;Simples;Reta;Nï¿½o;0;0
2025-05-31;sï¿½bado;12:00:00;RJ;116;SAO JOAO DE MERITI;Manobra de mudanï¿½a de faixa;Queda de ocupante de veï¿½culo;Com Vï¿½timas Feridas;Pleno dia;Cï¿½u Claro;Dupla;Reta;Sim;0;0
2025-05-31;sï¿½bado;09:50:00;RJ;101;SAO GONCALO;Mal sï¿½bito do condutor;Colisï¿½o traseira;Com Vï¿½timas Feridas;Pleno dia;Cï¿½u Claro;Dupla;Reta;Sim;0;0
2025-05-31;sï¿½bado;10:00:00;PR;163;BARRACAO;Acessar a via sem observar a presenï¿½a dos outros veï¿½culos;Colisï¿½o lateral mesmo sentido;Com Vï¿½timas Feridas;Pleno dia;Cï¿½u Claro;Simples;Reta;Sim;0;0
2025-05-31;sï¿½bado;12:00:00;SP;116;JUQUITIBA;Acesso irregular;Colisï¿½o com objeto;Sem Vï¿½timas;Pleno dia;Cï¿½u Claro;Dupla;Reta;Sim;0;0
2025-05-31;sï¿½bado;12:25:00;MG;40;CONTAGEM;Trafegar com motocicleta (ou similar) entre as faixas;Colisï¿½o traseira;Com Vï¿½timas Feridas;Pleno dia;Cï¿½u Claro;Dupla;Reta;Sim;0;0
2025-05-31;sï¿½bado;13:00:00;PR;116;SAO JOSE DOS PINHAIS;Ausï¿½ncia de reaï¿½ï¿½o do condutor;Tombamento;Com Vï¿½timas Feridas;Pleno dia;Cï¿½u Claro;Dupla;Reta;Nï¿½o;0;0
2025-05-31;sï¿½bado;12:13:00;PE;428;CABROBO;Ausï¿½ncia de reaï¿½ï¿½o do condutor;Colisï¿½o lateral sentido oposto;Com Vï¿½timas Feridas;Pleno dia;Cï¿½u Claro;Simples;"Reta;Aclive";Sim;0;0
2025-05-31;sï¿½bado;12:50:00;MG;381;BETIM;Demais falhas mecï¿½nicas ou elï¿½tricas;Colisï¿½o lateral mesmo sentido;Com Vï¿½timas Feridas;Pleno dia;Cï¿½u Claro;Mï¿½ltipla;"Reta;Declive";Sim;0;0
2025-05-31;sï¿½bado;12:55:00;ES;101;CARIACICA;Velocidade Incompatï¿½vel;Saï¿½da de leito carroï¿½ï¿½vel;Com Vï¿½timas Feridas;Pleno dia;Nublado;Simples;"Reta;Declive";Nï¿½o;0;0
2025-05-31;sï¿½bado;08:00:00;PA;308;BRAGANCA;Ausï¿½ncia de reaï¿½ï¿½o do condutor;Colisï¿½o traseira;Com Vï¿½timas Feridas;Pleno dia;Cï¿½u Claro;Simples;Reta;Sim;0;0
2025-05-31;sï¿½bado;11:30:00;RS;285;LAGOA VERMELHA;Desrespeitar a preferï¿½ncia no cruzamento;Colisï¿½o transversal;Com Vï¿½timas Feridas;Pleno dia;Cï¿½u Claro;Simples;"Interseï¿½ï¿½o de Vias;Rotatï¿½ria";Nï¿½o;0;0
2025-05-31;sï¿½bado;12:25:00;RO;364;ARIQUEMES;Manobra de mudanï¿½a de faixa;Colisï¿½o transversal;Com Vï¿½timas Feridas;Pleno dia;Cï¿½u Claro;Simples;Rotatï¿½ria;Sim;0;0
2025-05-31;sï¿½bado;13:30:00;MG;381;CONTAGEM;Ausï¿½ncia de reaï¿½ï¿½o do condutor;Tombamento;Com Vï¿½timas Feridas;Pleno dia;Cï¿½u Claro;Dupla;Reta;Sim;0;0
2025-05-31;sï¿½bado;13:40:00;RJ;116;SAO JOAO DE MERITI;Ausï¿½ncia de reaï¿½ï¿½o do condutor;Queda de ocupante de veï¿½culo;Com Vï¿½timas Feridas;Pleno dia;Cï¿½u Claro;Dupla;Reta;Sim;0;0
2025-05-31;sï¿½bado;11:00:00;SC;101;ITAJAI;Condutor deixou de manter distï¿½ncia do veï¿½culo da frente;Colisï¿½o traseira;Com Vï¿½timas Feridas;Pleno dia;Cï¿½u Claro;Dupla;Reta;Nï¿½o;0;0
2025-05-31;sï¿½bado;07:50:00;RJ;101;SAO GONCALO;Reaï¿½ï¿½o tardia ou ineficiente do condutor;Colisï¿½o traseira;Com Vï¿½timas Feridas;Pleno dia;Cï¿½u Claro;Dupla;Reta;Sim;0;0
2025-05-31;sï¿½bado;08:08:00;PI;135;ALVORADA DO GURGUEIA;Transitar na contramï¿½o;Colisï¿½o frontal;Com Vï¿½timas Fatais;Pleno dia;Cï¿½u Claro;Simples;"Aclive;Reta";Nï¿½o;2;1
2025-05-31;sï¿½bado;02:00:00;MA;402;BACABEIRA;Reaï¿½ï¿½o tardia ou ineficiente do condutor;Saï¿½da de leito carroï¿½ï¿½vel;Com Vï¿½timas Fatais;Plena Noite;Cï¿½u Claro;Simples;"Reta;Ponte";Nï¿½o;1;1
2025-05-31;sï¿½bado;11:10:00;MG;116;INHAPIM;Ultrapassagem Indevida;Colisï¿½o frontal;Com Vï¿½timas Feridas;Pleno dia;Cï¿½u Claro;Simples;Curva;Nï¿½o;0;0
2025-03-28;sexta-feira;19:47:00;SP;116;GUARULHOS;Reaï¿½ï¿½o tardia ou ineficiente do condutor;Colisï¿½o traseira;Com Vï¿½timas Feridas;Plena Noite;Cï¿½u Claro;Mï¿½ltipla;"Em Obras;Reta";Sim;0;0
2025-05-31;sï¿½bado;13:10:00;GO;153;ANAPOLIS;Mal sï¿½bito do condutor;Colisï¿½o com objeto;Com Vï¿½timas Feridas;Pleno dia;Sol;Dupla;"Reta;Aclive";Sim;0;0
2025-05-31;sï¿½bado;08:00:00;PE;116;CABROBO;Ingestï¿½o de ï¿½lcool pelo condutor;Saï¿½da de leito carroï¿½ï¿½vel;Sem Vï¿½timas;Pleno dia;Nublado;Simples;Reta;Nï¿½o;0;0
2025-05-31;sï¿½bado;13:30:00;MT;163;RONDONOPOLIS;Ausï¿½ncia de reaï¿½ï¿½o do condutor;Colisï¿½o traseira;Com Vï¿½timas Feridas;Pleno dia;Cï¿½u Claro;Dupla;Reta;Sim;0;0
2025-05-31;sï¿½bado;14:40:00;SP;381;MAIRIPORA;Reaï¿½ï¿½o tardia ou ineficiente do condutor;Queda de ocupante de veï¿½culo;Com Vï¿½timas Feridas;Pleno dia;Cï¿½u Claro;Dupla;"Reta;Declive";Nï¿½o;0;0
2025-05-31;sï¿½bado;13:30:00;AL;104;RIO LARGO;Ausï¿½ncia de reaï¿½ï¿½o do condutor;Colisï¿½o traseira;Com Vï¿½timas Fatais;Pleno dia;Cï¿½u Claro;Dupla;Reta;Sim;1;1
2025-05-31;sï¿½bado;15:21:00;PB;230;JOAO PESSOA;Demais falhas mecï¿½nicas ou elï¿½tricas;Tombamento;Com Vï¿½timas Feridas;Pleno dia;Cï¿½u Claro;Dupla;Reta;Sim;0;0
2025-05-31;sï¿½bado;15:30:00;ES;101;GUARAPARI;Avarias e/ou desgaste excessivo no pneu;Queda de ocupante de veï¿½culo;Com Vï¿½timas Feridas;Pleno dia;Nublado;Dupla;Reta;Nï¿½o;0;0
2025-05-31;sï¿½bado;14:00:00;PB;230;PATOS;Ausï¿½ncia de reaï¿½ï¿½o do condutor;Saï¿½da de leito carroï¿½ï¿½vel;Com Vï¿½timas Feridas;Pleno dia;Cï¿½u Claro;Simples;Reta;Nï¿½o;0;0
2025-05-31;sï¿½bado;14:30:00;BA;101;ITABELA;Ingestï¿½o de ï¿½lcool pelo condutor;Saï¿½da de leito carroï¿½ï¿½vel;Com Vï¿½timas Feridas;Pleno dia;Nublado;Simples;Reta;Nï¿½o;0;0
2025-05-31;sï¿½bado;16:00:00;SC;101;ARAQUARI;Reaï¿½ï¿½o tardia ou ineficiente do condutor;Colisï¿½o lateral mesmo sentido;Com Vï¿½timas Feridas;Pleno dia;Cï¿½u Claro;Dupla;Viaduto;Nï¿½o;0;0
2025-05-31;sï¿½bado;16:35:00;SP;116;GUARULHOS;Manobra de mudanï¿½a de faixa;Colisï¿½o lateral mesmo sentido;Com Vï¿½timas Feridas;Pleno dia;Cï¿½u Claro;Mï¿½ltipla;Reta;Sim;0;0
2025-05-31;sï¿½bado;17:00:00;DF;40;BRASILIA;Trafegar com motocicleta (ou similar) entre as faixas;Colisï¿½o lateral mesmo sentido;Com Vï¿½timas Feridas;Pleno dia;Cï¿½u Claro;Dupla;Reta;Sim;0;0
2025-05-31;sï¿½bado;15:50:00;SC;280;GUARAMIRIM;Falta de elemento de contenï¿½ï¿½o que evite a saï¿½da do leito carroï¿½ï¿½vel;Saï¿½da de leito carroï¿½ï¿½vel;Com Vï¿½timas Feridas;Pleno dia;Cï¿½u Claro;Dupla;"Reta;Em Obras";Nï¿½o;0;0
2025-05-31;sï¿½bado;16:00:00;MG;381;SAO GONCALO DO SAPUCAI;Condutor deixou de manter distï¿½ncia do veï¿½culo da frente;Colisï¿½o traseira;Com Vï¿½timas Feridas;Pleno dia;Sol;Dupla;Reta;Nï¿½o;0;0
2025-05-31;sï¿½bado;16:30:00;PE;101;IGARASSU;Manobra de mudanï¿½a de faixa;Saï¿½da de leito carroï¿½ï¿½vel;Com Vï¿½timas Feridas;Pleno dia;Cï¿½u Claro;Mï¿½ltipla;"Reta;Aclive";Sim;0;0
2025-05-31;sï¿½bado;14:30:00;RJ;40;DUQUE DE CAXIAS;Manobra de mudanï¿½a de faixa;Colisï¿½o traseira;Com Vï¿½timas Feridas;Pleno dia;Cï¿½u Claro;Dupla;Reta;Sim;0;0
2025-05-31;sï¿½bado;17:10:00;DF;70;BRASILIA;Ingestï¿½o de ï¿½lcool pelo condutor;Colisï¿½o traseira;Sem Vï¿½timas;Pleno dia;Cï¿½u Claro;Dupla;Rotatï¿½ria;Sim;0;0
2025-05-31;sï¿½bado;16:10:00;GO;70;AGUAS LINDAS DE GOIAS;Acessar a via sem observar a presenï¿½a dos outros veï¿½culos;Colisï¿½o transversal;Com Vï¿½timas Fatais;Pleno dia;Cï¿½u Claro;Dupla;"Reta;Retorno Regulamentado";Sim;1;1
2025-05-31;sï¿½bado;16:40:00;BA;324;FEIRA DE SANTANA;Ausï¿½ncia de reaï¿½ï¿½o do condutor;Colisï¿½o traseira;Com Vï¿½timas Feridas;Pleno dia;Cï¿½u Claro;Simples;Reta;Sim;0;0