data_inversa;dia_semana;horario;uf;br;municipio;causa_acidente;tipo_acidente;classificacao_acidente;fase_dia;condicao_metereologica;tipo_pista;tracado_via;uso_solo;mortos;acidente_fatal
2025-06-07;sï¿½bado;08:00:00;RS;290;CACHOEIRA DO SUL;Demais falhas mecï¿½nicas ou elï¿½tricas;Incï¿½ndio;Sem Vï¿½timas;Pleno dia;Cï¿½u Claro;Simples;Reta;Nï¿½o;0;0
2025-06-07;sï¿½bado;08:40:00;RS;448;CANOAS;Condutor deixou de manter distï¿½ncia do veï¿½culo da frente;Engavetamento;Com Vï¿½timas Feridas;Pleno dia;Nevoeiro/Neblina;Mï¿½ltipla;Reta;Nï¿½o;0;0
2025-06-07;sï¿½bado;08:50:00;RS;386;LAJEADO;Ausï¿½ncia de reaï¿½ï¿½o do condutor;Colisï¿½o com objeto;Com Vï¿½timas Feridas;Pleno dia;Cï¿½u Claro;Dupla;Reta;Sim;0;0
2025-06-07;sï¿½bado;07:30:00;PA;10;IPIXUNA DO PARA;Reaï¿½ï¿½o tardia ou ineficiente do condutor;Colisï¿½o com objeto;Com Vï¿½timas Feridas;Pleno dia;Cï¿½u Claro;Simples;Reta;Nï¿½o;0;0
2025-06-07;sï¿½bado;07:30:00;DF;70;BRASILIA;Manobra de mudanï¿½a de faixa;Colisï¿½o lateral mesmo sentido;Com Vï¿½timas Feridas;Pleno dia;Cï¿½u Claro;Dupla;Reta;Nï¿½o;0;0
2025-06-07;sï¿½bado;06:30:00;RJ;101;ANGRA DOS REIS;Condutor Dormindo;Colisï¿½o frontal;Com Vï¿½timas Feridas;Pleno dia;Cï¿½u Claro;Simples;Curva;Sim;0;0
2025-06-07;sï¿½bado;07:55:00;SC;470;RIO DO SUL;Acessar a via sem observar a presenï¿½a dos outros veï¿½culos;Colisï¿½o lateral mesmo sentido;Com Vï¿½timas Feridas;Pleno dia;Nublado;Simples;"Interseï¿½ï¿½o de Vias;Declive;Em Obras";Sim;0;0
2025-06-07;sï¿½bado;09:00:00;SC;101;BIGUACU;Demais falhas mecï¿½nicas ou elï¿½tricas;Incï¿½ndio;Sem Vï¿½timas;Pleno dia;Nublado;Mï¿½ltipla;Reta;Sim;0;0
2025-06-06;sexta-feira;16:00:00;BA;101;GANDU;Acessar a via sem observar a presenï¿½a dos outros veï¿½culos;Colisï¿½o frontal;Com Vï¿½timas Feridas;Pleno dia;Cï¿½u Claro;Simples;Reta;Sim;0;0
2025-06-07;sï¿½bado;08:45:00;MS;163;NAVIRAI;Reaï¿½ï¿½o tardia ou ineficiente do condutor;Saï¿½da de leito carroï¿½ï¿½vel;Com Vï¿½timas Feridas;Pleno dia;Nevoeiro/Neblina;Simples;Rotatï¿½ria;Nï¿½o;0;0
2025-06-07;sï¿½bado;08:40:00;PR;376;MARINGA;Velocidade Incompatï¿½vel;Saï¿½da de leito carroï¿½ï¿½vel;Com Vï¿½timas Feridas;Pleno dia;Cï¿½u Claro;Dupla;Reta;Sim;0;0
2025-06-07;sï¿½bado;10:00:00;RN;101;PARNAMIRIM;Manobra de mudanï¿½a de faixa;Colisï¿½o lateral mesmo sentido;Com Vï¿½timas Feridas;Pleno dia;Sol;Dupla;"Aclive;Viaduto;Curva";Sim;0;0
2025-06-07;sï¿½bado;07:00:00;SC;101;ITAJAI;Ausï¿½ncia de reaï¿½ï¿½o do condutor;Saï¿½da de leito carroï¿½ï¿½vel;Sem Vï¿½timas;Amanhecer;Nublado;Dupla;Reta;Nï¿½o;0;0
2025-06-07;sï¿½bado;09:00:00;MA;316;CAXIAS;Ultrapassagem Indevida;Colisï¿½o frontal;Com Vï¿½timas Feridas;Pleno dia;Cï¿½u Claro;Simples;Reta;Nï¿½o;0;0
2025-06-07;sï¿½bado;09:15:00;SC;101;ITAJAI;Objeto estï¿½tico sobre o leito carroï¿½ï¿½vel;Colisï¿½o com objeto;Com Vï¿½timas Feridas;Pleno dia;Nublado;Dupla;Reta;Sim;0;0
2025-06-07;sï¿½bado;10:00:00;PE;407;PETROLINA;Ausï¿½ncia de reaï¿½ï¿½o do condutor;Colisï¿½o traseira;Sem Vï¿½timas;Pleno dia;Cï¿½u Claro;Simples;"Reta;Aclive";Sim;0;0
2025-06-07;sï¿½bado;09:35:00;MG;116;LEOPOLDINA;Velocidade Incompatï¿½vel;Colisï¿½o com objeto;Com Vï¿½timas Feridas;Pleno dia;Chuva;Simples;Curva;Nï¿½o;0;0
2025-06-07;sï¿½bado;10:00:00;ES;262;MARECHAL FLORIANO;Ausï¿½ncia de reaï¿½ï¿½o do condutor;Engavetamento;Com Vï¿½timas Feridas;Pleno dia;Nublado;Simples;Reta;Nï¿½o;0;0
2025-06-07;sï¿½bado;08:30:00;ES;101;SERRA;Reaï¿½ï¿½o tardia ou ineficiente do condutor;Tombamento;Sem Vï¿½timas;Pleno dia;Cï¿½u Claro;Dupla;Reta;Nï¿½o;0;0
2025-06-07;sï¿½bado;01:30:00;RO;174;VILHENA;Ausï¿½ncia de reaï¿½ï¿½o do condutor;Tombamento;Com Vï¿½timas Feridas;Plena Noite;Cï¿½u Claro;Simples;Reta;Sim;0;0
2025-06-07;sï¿½bado;10:45:00;SE;235;NOSSA SENHORA DO SOCORRO;Fumaï¿½a;Incï¿½ndio;Sem Vï¿½timas;Pleno dia;Cï¿½u Claro;Dupla;Reta;Sim;0;0
2025-06-07;sï¿½bado;09:30:00;PR;163;TOLEDO;Ausï¿½ncia de reaï¿½ï¿½o do condutor;Saï¿½da de leito carroï¿½ï¿½vel;Com Vï¿½timas Feridas;Pleno dia;Nublado;Dupla;"Curva;Rotatï¿½ria";Nï¿½o;0;0
2025-06-07;sï¿½bado;09:30:00;MT;163;SORRISO;Ausï¿½ncia de reaï¿½ï¿½o do condutor;Colisï¿½o traseira;Com Vï¿½timas Feridas;Pleno dia;Cï¿½u Claro;Dupla;Reta;Sim;0;0
2025-06-07;sï¿½bado;08:30:00;PE;232;GRAVATA;Acesso irregular;Colisï¿½o transversal;Com Vï¿½timas Feridas;Pleno dia;Cï¿½u Claro;Dupla;Reta;Nï¿½o;0;0
2025-06-07;sï¿½bado;10:40:00;MT;364;RONDONOPOLIS;Acessar a via sem observar a presenï¿½a dos outros veï¿½culos;Colisï¿½o traseira;Sem Vï¿½timas;Pleno dia;Cï¿½u Claro;Dupla;Reta;Sim;0;0
2025-06-07;sï¿½bado;10:40:00;MG;40;JUIZ DE FORA;Demais falhas mecï¿½nicas ou elï¿½tricas;Saï¿½da de leito carroï¿½ï¿½vel;Com Vï¿½timas Feridas;Pleno dia;Nublado;Dupla;Reta;Nï¿½o;0;0
2025-06-07;sï¿½bado;07:20:00;MG;262;BOM DESPACHO;Velocidade Incompatï¿½vel;Saï¿½da de leito carroï¿½ï¿½vel;Com Vï¿½timas Feridas;Pleno dia;Sol;Simples;Reta;Nï¿½o;0;0
2025-06-07;sï¿½bado;09:30:00;CE;116;MILAGRES;Demais falhas na via;Tombamento;Com Vï¿½timas Feridas;Pleno dia;Cï¿½u Claro;Simples;"Reta;Interseï¿½ï¿½o de Vias";Nï¿½o;0;0
2025-06-07;sï¿½bado;09:30:00;BA;235;JUAZEIRO;Mal sï¿½bito do condutor;Saï¿½da de leito carroï¿½ï¿½vel;Com Vï¿½timas Feridas;Pleno dia;Cï¿½u Claro;Simples;Reta;Nï¿½o;0;0
2025-06-07;sï¿½bado;12:00:00;MG;40;CONSELHEIRO LAFAIETE;Reaï¿½ï¿½o tardia ou ineficiente do condutor;Tombamento;Com Vï¿½timas Feridas;Pleno dia;Cï¿½u Claro;Simples;Reta;Nï¿½o;0;0
2025-06-07;sï¿½bado;08:40:00;PI;0;CAMPO MAIOR;Ingestï¿½o de ï¿½lcool pelo condutor;Colisï¿½o lateral mesmo sentido;Sem Vï¿½timas;Pleno dia;Cï¿½u Claro;Simples;"Reta;Interseï¿½ï¿½o de Vias";Sim;0;0
2025-06-07;sï¿½bado;09:00:00;MT;158;AGUA BOA;Ausï¿½ncia de reaï¿½ï¿½o do condutor;Saï¿½da de leito carroï¿½ï¿½vel;Com Vï¿½timas Feridas;Pleno dia;Cï¿½u Claro;Simples;Reta;Nï¿½o;0;0
2025-06-07;sï¿½bado;10:40:00;PA;10;AURORA DO PARA;Ingestï¿½o de ï¿½lcool pelo condutor;Saï¿½da de leito carroï¿½ï¿½vel;Com Vï¿½timas Feridas;Pleno dia;Sol;Simples;Reta;Nï¿½o;0;0
2025-06-07;sï¿½bado;13:10:00;BA;324;SALVADOR;Avarias e/ou desgaste excessivo no pneu;Tombamento;Com Vï¿½timas Feridas;Pleno dia;Cï¿½u Claro;Dupla;Reta;Sim;0;0
2025-06-07;sï¿½bado;11:40:00;RR;174;BOA VISTA;Demais falhas mecï¿½nicas ou elï¿½tricas;Incï¿½ndio;Sem Vï¿½timas;Pleno dia;Cï¿½u Claro;Simples;Reta;Nï¿½o;0;0
2025-06-07;sï¿½bado;12:33:00;GO;414;ANAPOLIS;Acessar a via sem observar a presenï¿½a dos outros veï¿½culos;Colisï¿½o transversal;Com Vï¿½timas Feridas;Pleno dia;Cï¿½u Claro;Simples;"Reta;Declive;Interseï¿½ï¿½o de Vias";Sim;0;0
2025-06-07;sï¿½bado;11:40:00;MG;356;MURIAE;Ingestï¿½o de ï¿½lcool pelo condutor;Colisï¿½o frontal;Com Vï¿½timas Feridas;Pleno dia;Cï¿½u Claro;Simples;"Reta;Ponte";Sim;0;0
2025-06-07;sï¿½bado;14:00:00;SC;101;BARRA VELHA;Manobra de mudanï¿½a de faixa;Colisï¿½o lateral mesmo sentido;Com Vï¿½timas Feridas;Pleno dia;Nublado;Dupla;Reta;Sim;0;0
2025-06-07;sï¿½bado;13:45:00;SC;101;PALHOCA;Ingestï¿½o de ï¿½lcool pelo condutor;Colisï¿½o transversal;Com Vï¿½timas Feridas;Pleno dia;Cï¿½u Claro;Dupla;Interseï¿½ï¿½o de Vias;Sim;0;0
2025-06-07;sï¿½bado;13:20:00;PI;316;TERESINA;Acessar a via sem observar a presenï¿½a dos outros veï¿½culos;Colisï¿½o lateral mesmo sentido;Sem Vï¿½timas;Pleno dia;Cï¿½u Claro;Dupla;Declive;Sim;0;0
2025-06-07;sï¿½bado;12:30:00;PR;369;ROLANDIA;Acessar a via sem observar a presenï¿½a dos outros veï¿½culos;Colisï¿½o transversal;Com Vï¿½timas Feridas;Pleno dia;Cï¿½u Claro;Simples;Interseï¿½ï¿½o de Vias;Sim;0;0
2025-06-07;sï¿½bado;12:30:00;ES;262;DOMINGOS MARTINS;Acessar a via sem observar a presenï¿½a dos outros veï¿½culos;Colisï¿½o transversal;Com Vï¿½timas Feridas;Pleno dia;Cï¿½u Claro;Simples;Reta;Nï¿½o;0;0
2025-06-07;sï¿½bado;15:00:00;MG;381;BETIM;Ausï¿½ncia de reaï¿½ï¿½o do condutor;Tombamento;Com Vï¿½timas Feridas;Pleno dia;Cï¿½u Claro;Mï¿½ltipla;Reta;Nï¿½o;0;0
2025-06-07;sï¿½bado;14:40:00;SC;282;FLORIANOPOLIS;Trafegar com motocicleta (ou similar) entre as faixas;Colisï¿½o lateral mesmo sentido;Com Vï¿½timas Feridas;Pleno dia;Nublado;Mï¿½ltipla;Reta;Sim;0;0
2025-06-07;sï¿½bado;15:00:00;PI;343;CAMPO MAIOR;Ingestï¿½o de ï¿½lcool pelo condutor;Colisï¿½o traseira;Com Vï¿½timas Feridas;Pleno dia;Cï¿½u Claro;Simples;Reta;Sim;0;0
2025-06-06;sexta-feira;16:50:00;PB;230;POMBAL;Ingestï¿½o de ï¿½lcool pelo condutor;Tombamento;Com Vï¿½timas Feridas;Plena Noite;Cï¿½u Claro;Simples;Reta;Sim;0;0
2025-06-07;sï¿½bado;14:40:00;BA;324;SALVADOR;Ultrapassagem Indevida;Atropelamento de Pedestre;Com Vï¿½timas Feridas;Pleno dia;Cï¿½u Claro;Dupla;Reta;Sim;0;0
2025-05-12;segunda-feira;19:00:00;BA;324;SIMOES FILHO;Condutor deixou de manter distï¿½ncia do veï¿½culo da frente;Colisï¿½o traseira;Com Vï¿½timas Feridas;Plena Noite;Nublado;Mï¿½ltipla;Reta;Nï¿½o;0;0
2025-06-07;sï¿½bado;10:30:00;RO;364;PRESIDENTE MEDICI;Mal sï¿½bito do condutor;Colisï¿½o transversal;Com Vï¿½timas Feridas;Pleno dia;Sol;Simples;Curva;Nï¿½o;0;0
2025-06-07;sï¿½bado;15:30:00;ES;101;SAO MATEUS;Acessar a via sem observar a presenï¿½a dos outros veï¿½culos;Colisï¿½o transversal;Com Vï¿½timas Feridas;Pleno dia;Cï¿½u Claro;Simples;Reta;Sim;0;0
2025-06-07;sï¿½bado;08:30:00;RJ;40;PETROPOLIS;Ausï¿½ncia de reaï¿½ï¿½o do condutor;Colisï¿½o com objeto;Com Vï¿½timas Feridas;Pleno dia;Nublado;Dupla;"Curva;Declive";Sim;0;0
2025-06-07;sï¿½bado;10:50:00;MG;116;FERVEDOURO;Conversï¿½o proibida;Colisï¿½o lateral sentido oposto;Com Vï¿½timas Feridas;Pleno dia;Nublado;Simples;Curva;Nï¿½o;0;0
2025-06-07;sï¿½bado;11:50:00;MT;174;COMODORO;Manobra de mudanï¿½a de faixa;Capotamento;Com Vï¿½timas Feridas;Pleno dia;Cï¿½u Claro;Simples;Reta;Nï¿½o;0;0
2025-06-07;sï¿½bado;14:30:00;MG;381;SANTO ANTONIO DO AMPARO;Demais falhas mecï¿½nicas ou elï¿½tricas;Capotamento;Com Vï¿½timas Feridas;Pleno dia;Cï¿½u Claro;Dupla;Reta;Nï¿½o;0;0
2025-06-07;sï¿½bado;13:03:00;MT;364;JACIARA;Reaï¿½ï¿½o tardia ou ineficiente do condutor;Queda de ocupante de veï¿½culo;Com Vï¿½timas Feridas;Pleno dia;Cï¿½u Claro;Dupla;Reta;Sim;0;0
2025-06-07;sï¿½bado;16:00:00;BA;101;ITABELA;Reaï¿½ï¿½o tardia ou ineficiente do condutor;Colisï¿½o com objeto;Com Vï¿½timas Fatais;Pleno dia;Cï¿½u Claro;Simples;"Reta;Declive";Nï¿½o;1;1
2025-06-07;sï¿½bado;16:30:00;ES;101;CARIACICA;Avarias e/ou desgaste excessivo no pneu;Queda de ocupante de veï¿½culo;Com Vï¿½timas Feridas;Pleno dia;Nublado;Dupla;Reta;Nï¿½o;0;0
2025-06-07;sï¿½bado;15:00:00;MG;116;TEOFILO OTONI;Ausï¿½ncia de reaï¿½ï¿½o do condutor;Tombamento;Com Vï¿½timas Feridas;Pleno dia;Cï¿½u Claro;Simples;Curva;Nï¿½o;0;0
2025-06-07;sï¿½bado;16:50:00;RS;290;GRAVATAI;Demais falhas mecï¿½nicas ou elï¿½tricas;Incï¿½ndio;Sem Vï¿½timas;Pleno dia;Nublado;Dupla;Reta;Nï¿½o;0;0
2025-06-07;sï¿½bado;16:20:00;PI;343;TERESINA;Ausï¿½ncia de reaï¿½ï¿½o do condutor;Capotamento;Sem Vï¿½timas;Pleno dia;Cï¿½u Claro;Dupla;Reta;Sim;0;0
2025-06-07;sï¿½bado;16:02:00;RO;319;PORTO VELHO;Acessar a via sem observar a presenï¿½a dos outros veï¿½culos;Colisï¿½o transversal;Com Vï¿½timas Feridas;Pleno dia;Cï¿½u Claro;Dupla;"Interseï¿½ï¿½o de Vias;Reta";Sim;0;0
2025-06-07;sï¿½bado;16:40:00;SC;470;BLUMENAU;Reaï¿½ï¿½o tardia ou ineficiente do condutor;Colisï¿½o traseira;Com Vï¿½timas Feridas;Anoitecer;Nublado;Simples;"Em Obras;Desvio Temporï¿½rio;Viaduto;Reta";Nï¿½o;0;0
2025-06-07;sï¿½bado;16:20:00;MS;163;MUNDO NOVO;Avarias e/ou desgaste excessivo no pneu;Colisï¿½o com objeto;Com Vï¿½timas Feridas;Pleno dia;Nublado;Simples;"Declive;Reta";Nï¿½o;0;0
2025-06-07;sï¿½bado;17:25:00;RS;285;SAO LUIZ GONZAGA;Manobra de mudanï¿½a de faixa;Saï¿½da de leito carroï¿½ï¿½vel;Com Vï¿½timas Feridas;Pleno dia;Nublado;Simples;Reta;Sim;0;0
2025-06-07;sï¿½bado;17:00:00;PE;101;RECIFE;Ausï¿½ncia de reaï¿½ï¿½o do condutor;Colisï¿½o traseira;Sem Vï¿½timas;Anoitecer;Cï¿½u Claro;Dupla;Reta;Nï¿½o;0;0
2025-04-13;domingo;18:10:00;MG;116;MANHUACU;Ausï¿½ncia de reaï¿½ï¿½o do condutor;Colisï¿½o traseira;Com Vï¿½timas Feridas;Plena Noite;Cï¿½u Claro;Simples;"Reta;Aclive";Nï¿½o;0;0
2025-03-10;segunda-feira;07:50:00;RJ;101;SILVA JARDIM;Ausï¿½ncia de reaï¿½ï¿½o do condutor;Colisï¿½o com objeto;Com Vï¿½timas Feridas;Pleno dia;Cï¿½u Claro;Dupla;Reta;Nï¿½o;0;0
2025-06-07;sï¿½bado;16:30:00;BA;242;ITABERABA;Conversï¿½o proibida;Colisï¿½o transversal;Com Vï¿½timas Feridas;Pleno dia;Nublado;Simples;"Reta;Aclive";Nï¿½o;0;0
2025-06-07;sï¿½bado;17:30:00;TO;10;PALMAS;Retorno proibido;Colisï¿½o traseira;Com Vï¿½timas Feridas;Pleno dia;Cï¿½u Claro;Dupla;Reta;Sim;0;0
2025-06-07;sï¿½bado;17:30:00;ES;101;SERRA;Avarias e/ou desgaste excessivo no pneu;Tombamento;Com Vï¿½timas Feridas;Anoitecer;Cï¿½u Claro;Dupla;Curva;Nï¿½o;0;0
2025-06-07;sï¿½bado;07:50:00;MG;262;IGARATINGA;Velocidade Incompatï¿½vel;Saï¿½da de leito carroï¿½ï¿½vel;Sem Vï¿½timas;Pleno dia;Cï¿½u Claro;Dupla;Reta;Nï¿½o;0;0
2025-06-07;sï¿½bado;18:00:00;SC;282;XANXERE;Ingestï¿½o de ï¿½lcool pelo condutor;Colisï¿½o lateral sentido oposto;Com Vï¿½timas Feridas;Plena Noite;Chuva;Simples;Interseï¿½ï¿½o de Vias;Nï¿½o;0;0
2025-06-07;sï¿½bado;18:10:00;RS;470;BENTO GONCALVES;Frear bruscamente;Colisï¿½o traseira;Com Vï¿½timas Feridas;Plena Noite;Nublado;Simples;"Reta;Declive";Sim;0;0
2025-06-07;sï¿½bado;14:00:00;MT;163;DIAMANTINO;Condutor deixou de manter distï¿½ncia do veï¿½culo da frente;Colisï¿½o traseira;Sem Vï¿½timas;Pleno dia;Cï¿½u Claro;Simples;Reta;Nï¿½o;0;0
2025-06-07;sï¿½bado;18:30:00;RS;290;PORTO ALEGRE;Condutor deixou de manter distï¿½ncia do veï¿½culo da frente;Colisï¿½o traseira;Com Vï¿½timas Feridas;Plena Noite;Cï¿½u Claro;Mï¿½ltipla;"Retorno Regulamentado;Reta";Sim;0;0
2025-06-07;sï¿½bado;18:00:00;PE;101;IGARASSU;Entrada inopinada do pedestre;Atropelamento de Pedestre;Com Vï¿½timas Feridas;Plena Noite;Cï¿½u Claro;Dupla;Reta;Sim;0;0
2025-06-07;sï¿½bado;19:00:00;SP;116;GUARULHOS;Manobra de mudanï¿½a de faixa;Colisï¿½o lateral mesmo sentido;Com Vï¿½timas Feridas;Plena Noite;Chuva;Mï¿½ltipla;Reta;Sim;0;0
2025-06-07;sï¿½bado;16:40:00;PR;376;APUCARANA;Ingestï¿½o de ï¿½lcool pelo condutor;Saï¿½da de leito carroï¿½ï¿½vel;Com Vï¿½timas Feridas;Pleno dia;Nublado;Dupla;Curva;Nï¿½o;0;0
2025-06-07;sï¿½bado;18:40:00;RJ;116;SAO JOAO DE MERITI;Manobra de mudanï¿½a de faixa;Colisï¿½o traseira;Com Vï¿½timas Feridas;Plena Noite;Cï¿½u Claro;Mï¿½ltipla;Reta;Sim;0;0
2025-06-07;sï¿½bado;18:30:00;PR;277;SAO JOSE DOS PINHAIS;Reaï¿½ï¿½o tardia ou ineficiente do condutor;Colisï¿½o lateral mesmo sentido;Sem Vï¿½timas;Plena Noite;Chuva;Dupla;Reta;Sim;0;0
2025-06-07;sï¿½bado;18:40:00;PR;158;PATO BRANCO;Ausï¿½ncia de reaï¿½ï¿½o do condutor;Colisï¿½o traseira;Com Vï¿½timas Feridas;Plena Noite;Garoa/Chuvisco;Simples;"Reta;Declive";Nï¿½o;0;0
2025-06-07;sï¿½bado;18:45:00;SC;101;ARAQUARI;Acessar a via sem observar a presenï¿½a dos outros veï¿½culos;Colisï¿½o transversal;Com Vï¿½timas Feridas;Plena Noite;Chuva;Dupla;Reta;Nï¿½o;0;0
2025-06-07;sï¿½bado;18:51:00;SC;101;SAO JOSE;Pedestre andava na pista;Atropelamento de Pedestre;Com Vï¿½timas Feridas;Plena Noite;Nublado;Mï¿½ltipla;Reta;Sim;0;0
2025-06-07;sï¿½bado;16:50:00;MT;364;JACIARA;Reaï¿½ï¿½o tardia ou ineficiente do condutor;Saï¿½da de leito carroï¿½ï¿½vel;Com Vï¿½timas Feridas;Pleno dia;Cï¿½u Claro;Dupla;"Declive;Reta";Sim;0;0
2025-06-07;sï¿½bado;19:25:00;SC;101;SAO JOSE;Acessar a via sem observar a presenï¿½a dos outros veï¿½culos;Colisï¿½o transversal;Com Vï¿½timas Feridas;Plena Noite;Nublado;Mï¿½ltipla;Reta;Nï¿½o;0;0
2025-06-07;sï¿½bado;16:00:00;PR;369;ARAPONGAS;Desrespeitar a preferï¿½ncia no cruzamento;Colisï¿½o transversal;Com Vï¿½timas Feridas;Pleno dia;Cï¿½u Claro;Simples;Rotatï¿½ria;Sim;0;0
2025-06-07;sï¿½bado;18:40:00;SC;282;LAGES;Transitar na contramï¿½o;Colisï¿½o lateral sentido oposto;Com Vï¿½timas Feridas;Plena Noite;Nublado;Simples;Reta;Nï¿½o;0;0
2025-06-07;sï¿½bado;18:30:00;AL;104;UNIAO DOS PALMARES;Condutor deixou de manter distï¿½ncia do veï¿½culo da frente;Colisï¿½o traseira;Com Vï¿½timas Feridas;Plena Noite;Cï¿½u Claro;Simples;Reta;Nï¿½o;0;0
2025-06-07;sï¿½bado;19:25:00;SC;470;RIO DO SUL;Reaï¿½ï¿½o tardia ou ineficiente do condutor;Colisï¿½o traseira;Com Vï¿½timas Feridas;Plena Noite;Garoa/Chuvisco;Simples;Reta;Sim;0;0
2025-06-07;sï¿½bado;19:55:00;PR;369;IBIPORA;Pedestre - Ingestï¿½o de ï¿½lcool/ substï¿½ncias psicoativas;Atropelamento de Pedestre;Com Vï¿½timas Feridas;Plena Noite;Cï¿½u Claro;Simples;Reta;Sim;0;0
2025-06-07;sï¿½bado;19:20:00;RJ;465;NOVA IGUACU;Condutor deixou de manter distï¿½ncia do veï¿½culo da frente;Engavetamento;Sem Vï¿½timas;Plena Noite;Cï¿½u Claro;Simples;Reta;Sim;0;0
2025-06-07;sï¿½bado;19:50:00;SP;116;ITAPECERICA DA SERRA;Ausï¿½ncia de reaï¿½ï¿½o do condutor;Colisï¿½o lateral mesmo sentido;Com Vï¿½timas Feridas;Plena Noite;Cï¿½u Claro;Dupla;Reta;Sim;0;0
2025-06-07;sï¿½bado;19:40:00;CE;116;FORTALEZA;Demais falhas mecï¿½nicas ou elï¿½tricas;Colisï¿½o com objeto;Com Vï¿½timas Feridas;Plena Noite;Cï¿½u Claro;Mï¿½ltipla;Reta;Sim;0;0
2025-06-07;sï¿½bado;20:00:00;DF;70;BRASILIA;Reaï¿½ï¿½o tardia ou ineficiente do condutor;Queda de ocupante de veï¿½culo;Com Vï¿½timas Feridas;Plena Noite;Cï¿½u Claro;Dupla;Reta;Sim;0;0
2025-06-07;sï¿½bado;14:20:00;BA;235;JUAZEIRO;Acessar a via sem observar a presenï¿½a dos outros veï¿½culos;Colisï¿½o transversal;Com Vï¿½timas Feridas;Pleno dia;Sol;Dupla;Reta;Sim;0;0
2025-06-07;sï¿½bado;19:10:00;SP;116;CACHOEIRA PAULISTA;Transitar no Acostamento;Colisï¿½o traseira;Com Vï¿½timas Feridas;Plena Noite;Nublado;Dupla;"Declive;Reta";Nï¿½o;0;0
2025-06-07;sï¿½bado;18:10:00;RR;432;CANTA;Ingestï¿½o de ï¿½lcool pelo condutor;Tombamento;Com Vï¿½timas Feridas;Anoitecer;Cï¿½u Claro;Simples;"Declive;Reta";Nï¿½o;0;0
2025-06-07;sï¿½bado;15:05:00;MS;158;APARECIDA DO TABOADO;Retorno proibido;Colisï¿½o frontal;Com Vï¿½timas Feridas;Pleno dia;Cï¿½u Claro;Simples;Reta;Nï¿½o;0;0
2025-06-07;sï¿½bado;20:35:00;BA;101;EUNAPOLIS;Reaï¿½ï¿½o tardia ou ineficiente do condutor;Saï¿½da de leito carroï¿½ï¿½vel;Com Vï¿½timas Feridas;Plena Noite;Cï¿½u Claro;Simples;"Curva;Declive";Nï¿½o;0;0
2025-06-07;sï¿½bado;20:30:00;SC;280;ARAQUARI;Acessar a via sem observar a presenï¿½a dos outros veï¿½culos;Colisï¿½o transversal;Com Vï¿½timas Feridas;Plena Noite;Chuva;Simples;Reta;Sim;0;0
2025-06-07;sï¿½bado;16:00:00;RO;174;VILHENA;Ultrapassagem Indevida;Queda de ocupante de veï¿½culo;Com Vï¿½timas Feridas;Pleno dia;Cï¿½u Claro;Simples;Reta;Sim;0;0
2025-06-07;sï¿½bado;20:45:00;BA;324;SALVADOR;Demais falhas mecï¿½nicas ou elï¿½tricas;Tombamento;Com Vï¿½timas Feridas;Plena Noite;Cï¿½u Claro;Dupla;Reta;Nï¿½o;0;0
2025-06-07;sï¿½bado;21:00:00;PE;424;GARANHUNS;Animais na Pista;Atropelamento de Animal;Com Vï¿½timas Feridas;Plena Noite;Cï¿½u Claro;Simples;Reta;Nï¿½o;0;0
2025-06-07;sï¿½bado;20:15:00;SC;116;PONTE ALTA;Reaï¿½ï¿½o tardia ou ineficiente do condutor;Saï¿½da de leito carroï¿½ï¿½vel;Com Vï¿½timas Feridas;Plena Noite;Chuva;Simples;"Declive;Curva";Nï¿½o;0;0
2025-06-07;sï¿½bado;20:18:00;SC;116;PONTE ALTA;Reaï¿½ï¿½o tardia ou ineficiente do condutor;Colisï¿½o traseira;Com Vï¿½timas Feridas;Plena Noite;Chuva;Simples;"Declive;Curva";Nï¿½o;0;0
2025-06-07;sï¿½bado;20:00:00;PA;230;SAO JOAO DO ARAGUAIA;Velocidade Incompatï¿½vel;Colisï¿½o frontal;Com Vï¿½timas Fatais;Plena Noite;Ignorado;Simples;Reta;Nï¿½o;2;1
2025-06-07;sï¿½bado;21:00:00;PE;101;JABOATAO DOS GUARARAPES;Entrada inopinada do pedestre;Atropelamento de Pedestre;Com Vï¿½timas Feridas;Plena Noite;Garoa/Chuvisco;Dupla;Reta;Sim;0;0
2025-06-07;sï¿½bado;19:00:00;PA;230;SAO JOAO DO ARAGUAIA;Manobra de mudanï¿½a de faixa;Colisï¿½o lateral sentido oposto;Com Vï¿½timas Feridas;Plena Noite;Cï¿½u Claro;Simples;Reta;Nï¿½o;0;0
2025-06-07;sï¿½bado;20:45:00;RN;304;MOSSORO;Ingestï¿½o de ï¿½lcool pelo condutor;Colisï¿½o com objeto;Com Vï¿½timas Feridas;Plena Noite;Cï¿½u Claro;Dupla;Reta;Sim;0;0
2025-06-07;sï¿½bado;19:05:00;SC;470;GASPAR;Ingestï¿½o de substï¿½ncias psicoativas pelo condutor;Capotamento;Com Vï¿½timas Feridas;Plena Noite;Nublado;Dupla;Curva;Nï¿½o;0;0
2025-06-07;sï¿½bado;20:30:00;RN;101;PARNAMIRIM;Trafegar com motocicleta (ou similar) entre as faixas;Colisï¿½o lateral mesmo sentido;Com Vï¿½timas Feridas;Plena Noite;Cï¿½u Claro;Dupla;Curva;Sim;0;0
2025-06-07;sï¿½bado;20:30:00;RS;290;ROSARIO DO SUL;Ausï¿½ncia de reaï¿½ï¿½o do condutor;Saï¿½da de leito carroï¿½ï¿½vel;Sem Vï¿½timas;Plena Noite;Cï¿½u Claro;Simples;Reta;Nï¿½o;0;0
2025-06-07;sï¿½bado;20:30:00;PB;230;RIACHAO DO BACAMARTE;Acessar a via sem observar a presenï¿½a dos outros veï¿½culos;Colisï¿½o transversal;Com Vï¿½timas Feridas;Plena Noite;Cï¿½u Claro;Dupla;"Reta;Aclive";Nï¿½o;0;0