data_inversa;dia_semana;horario;uf;br;municipio;causa_acidente;tipo_acidente;classificacao_acidente;fase_dia;condicao_metereologica;tipo_pista;tracado_via;uso_solo;mortos;acidente_fatal
2025-05-17;sï¿½bado;08:50:00;RJ;40;DUQUE DE CAXIAS;Manobra de mudanï¿½a de faixa;Tombamento;Com Vï¿½timas Feridas;Pleno dia;Cï¿½u Claro;Dupla;Reta;Sim;0;0
2025-06-08;domingo;13:40:00;SP;116;TAUBATE;Reaï¿½ï¿½o tardia ou ineficiente do condutor;Colisï¿½o traseira;Com Vï¿½timas Feridas;Pleno dia;Garoa/Chuvisco;Dupla;Reta;Nï¿½o;0;0
2025-06-08;domingo;14:20:00;RJ;116;RIO DE JANEIRO;Ausï¿½ncia de reaï¿½ï¿½o do condutor;Queda de ocupante de veï¿½culo;Com Vï¿½timas Feridas;Pleno dia;Nublado;Dupla;Reta;Sim;0;0
2025-06-08;domingo;13:46:00;PE;428;OROCO;Reaï¿½ï¿½o tardia ou ineficiente do condutor;Capotamento;Com Vï¿½timas Feridas;Pleno dia;Cï¿½u Claro;Simples;Reta;Nï¿½o;0;0
2025-06-08;domingo;08:00:00;GO;60;SANTO ANTONIO DO DESCOBERTO;Ausï¿½ncia de reaï¿½ï¿½o do condutor;Tombamento;Com Vï¿½timas Feridas;Pleno dia;Cï¿½u Claro;Dupla;Reta;Nï¿½o;0;0
2025-06-08;domingo;14:42:00;PE;101;ITAPISSUMA;Demais falhas mecï¿½nicas ou elï¿½tricas;Colisï¿½o lateral mesmo sentido;Sem Vï¿½timas;Pleno dia;Cï¿½u Claro;Dupla;Reta;Sim;0;0
2025-06-08;domingo;14:25:00;MG;459;CALDAS;Chuva;Saï¿½da de leito carroï¿½ï¿½vel;Sem Vï¿½timas;Pleno dia;Chuva;Simples;Curva;Nï¿½o;0;0
2025-06-08;domingo;14:25:00;MG;381;POUSO ALEGRE;Reaï¿½ï¿½o tardia ou ineficiente do condutor;Colisï¿½o traseira;Com Vï¿½timas Feridas;Pleno dia;Chuva;Mï¿½ltipla;Reta;Nï¿½o;0;0
2025-06-08;domingo;14:40:00;SC;116;CORREIA PINTO;Desrespeitar a preferï¿½ncia no cruzamento;Colisï¿½o transversal;Com Vï¿½timas Feridas;Pleno dia;Cï¿½u Claro;Simples;Interseï¿½ï¿½o de Vias;Sim;0;0
2025-06-08;domingo;15:40:00;ES;101;ANCHIETA;Condutor deixou de manter distï¿½ncia do veï¿½culo da frente;Colisï¿½o traseira;Com Vï¿½timas Feridas;Pleno dia;Cï¿½u Claro;Simples;Reta;Nï¿½o;0;0
2025-06-08;domingo;13:15:00;MG;381;GOVERNADOR VALADARES;Acesso irregular;Colisï¿½o transversal;Com Vï¿½timas Feridas;Pleno dia;Cï¿½u Claro;Simples;Interseï¿½ï¿½o de Vias;Nï¿½o;0;0
2025-06-08;domingo;15:30:00;GO;60;INDIARA;Demais falhas mecï¿½nicas ou elï¿½tricas;Tombamento;Com Vï¿½timas Feridas;Pleno dia;Cï¿½u Claro;Dupla;"Reta;Aclive";Nï¿½o;0;0
2025-06-08;domingo;15:30:00;BA;324;SAO SEBASTIAO DO PASSE;Ausï¿½ncia de reaï¿½ï¿½o do condutor;Colisï¿½o com objeto;Com Vï¿½timas Feridas;Pleno dia;Cï¿½u Claro;Dupla;Reta;Nï¿½o;0;0
2025-06-08;domingo;10:30:00;PA;230;ALTAMIRA;Ausï¿½ncia de reaï¿½ï¿½o do condutor;Colisï¿½o com objeto;Com Vï¿½timas Feridas;Pleno dia;Sol;Dupla;Reta;Sim;0;0
2025-06-08;domingo;14:50:00;SC;282;ERVAL VELHO;Ingestï¿½o de ï¿½lcool pelo condutor;Colisï¿½o traseira;Com Vï¿½timas Feridas;Pleno dia;Nublado;Simples;"Reta;Aclive";Nï¿½o;0;0
2025-06-08;domingo;15:45:00;MG;50;UBERLANDIA;Ausï¿½ncia de reaï¿½ï¿½o do condutor;Queda de ocupante de veï¿½culo;Com Vï¿½timas Feridas;Pleno dia;Cï¿½u Claro;Mï¿½ltipla;"Reta;Aclive";Sim;0;0
2025-06-08;domingo;15:00:00;SC;280;SAO BENTO DO SUL;Reaï¿½ï¿½o tardia ou ineficiente do condutor;Saï¿½da de leito carroï¿½ï¿½vel;Com Vï¿½timas Feridas;Pleno dia;Cï¿½u Claro;Simples;Reta;Nï¿½o;0;0
2025-06-08;domingo;15:25:00;RJ;40;DUQUE DE CAXIAS;Demais falhas mecï¿½nicas ou elï¿½tricas;Queda de ocupante de veï¿½culo;Com Vï¿½timas Feridas;Pleno dia;Nublado;Dupla;Reta;Sim;0;0
2025-06-08;domingo;16:25:00;RN;226;NATAL;Condutor deixou de manter distï¿½ncia do veï¿½culo da frente;Colisï¿½o lateral mesmo sentido;Com Vï¿½timas Feridas;Pleno dia;Cï¿½u Claro;Simples;Reta;Nï¿½o;0;0
2025-06-08;domingo;15:00:00;SC;101;ARAQUARI;Avarias e/ou desgaste excessivo no pneu;Colisï¿½o com objeto;Com Vï¿½timas Feridas;Pleno dia;Cï¿½u Claro;Dupla;Reta;Sim;0;0
2025-06-08;domingo;17:10:00;MG;381;TRES CORACOES;Velocidade Incompatï¿½vel;Saï¿½da de leito carroï¿½ï¿½vel;Com Vï¿½timas Feridas;Plena Noite;Chuva;Dupla;Curva;Nï¿½o;0;0
2025-06-08;domingo;16:50:00;MG;262;BETIM;Ausï¿½ncia de reaï¿½ï¿½o do condutor;Tombamento;Com Vï¿½timas Feridas;Anoitecer;Cï¿½u Claro;Dupla;"Curva;Declive";Nï¿½o;0;0
2025-06-08;domingo;17:15:00;ES;101;ARACRUZ;Ingestï¿½o de ï¿½lcool pelo condutor;Colisï¿½o transversal;Com Vï¿½timas Feridas;Anoitecer;Cï¿½u Claro;Simples;Interseï¿½ï¿½o de Vias;Sim;0;0
2025-06-08;domingo;16:50:00;RS;471;SANTA VITORIA DO PALMAR;Ausï¿½ncia de reaï¿½ï¿½o do condutor;Saï¿½da de leito carroï¿½ï¿½vel;Com Vï¿½timas Fatais;Pleno dia;Cï¿½u Claro;Simples;Reta;Nï¿½o;1;1
2025-06-08;domingo;17:15:00;SP;116;GUARULHOS;Reaï¿½ï¿½o tardia ou ineficiente do condutor;Colisï¿½o traseira;Com Vï¿½timas Feridas;Anoitecer;Cï¿½u Claro;Dupla;Reta;Nï¿½o;0;0
2025-06-08;domingo;17:30:00;PR;116;MANDIRITUBA;Velocidade Incompatï¿½vel;Colisï¿½o traseira;Sem Vï¿½timas;Pleno dia;Nublado;Dupla;Reta;Sim;0;0
2025-06-05;quinta-feira;18:00:00;BA;101;SAO JOSE DA VITORIA;Reaï¿½ï¿½o tardia ou ineficiente do condutor;Colisï¿½o com objeto;Com Vï¿½timas Feridas;Plena Noite;Nublado;Simples;Curva;Nï¿½o;0;0
2025-06-08;domingo;17:00:00;MG;354;POUSO ALTO;Velocidade Incompatï¿½vel;Saï¿½da de leito carroï¿½ï¿½vel;Com Vï¿½timas Feridas;Anoitecer;Chuva;Simples;"Reta;Declive";Nï¿½o;0;0
2025-06-08;domingo;17:20:00;MT;70;PONTAL DO ARAGUAIA;Ausï¿½ncia de reaï¿½ï¿½o do condutor;Colisï¿½o traseira;Com Vï¿½timas Feridas;Anoitecer;Cï¿½u Claro;Simples;Ponte;Nï¿½o;0;0
2025-06-08;domingo;18:50:00;PR;369;IBIPORA;Ausï¿½ncia de reaï¿½ï¿½o do condutor;Colisï¿½o transversal;Com Vï¿½timas Feridas;Plena Noite;Chuva;Simples;Rotatï¿½ria;Sim;0;0
2025-06-08;domingo;18:45:00;SP;153;JOSE BONIFACIO;Ingestï¿½o de ï¿½lcool pelo condutor;Colisï¿½o frontal;Com Vï¿½timas Feridas;Plena Noite;Chuva;Simples;Reta;Nï¿½o;0;0
2025-06-08;domingo;18:00:00;PB;104;ESPERANCA;Deixar de acionar o farol da motocicleta (ou similar);Colisï¿½o transversal;Com Vï¿½timas Feridas;Plena Noite;Nublado;Mï¿½ltipla;Reta;Sim;0;0
2025-06-08;domingo;17:45:00;MG;262;MANHUACU;Transitar na contramï¿½o;Colisï¿½o frontal;Com Vï¿½timas Feridas;Plena Noite;Cï¿½u Claro;Simples;Reta;Sim;0;0
2025-06-08;domingo;18:45:00;GO;60;GUAPO;Velocidade Incompatï¿½vel;Colisï¿½o traseira;Sem Vï¿½timas;Plena Noite;Cï¿½u Claro;Dupla;Declive;Sim;0;0
2025-06-08;domingo;18:45:00;SC;282;PALHOCA;Reaï¿½ï¿½o tardia ou ineficiente do condutor;Engavetamento;Sem Vï¿½timas;Plena Noite;Nublado;Simples;"Reta;Aclive";Sim;0;0
2025-06-08;domingo;18:00:00;PE;232;BEZERROS;Ultrapassagem Indevida;Colisï¿½o frontal;Com Vï¿½timas Feridas;Plena Noite;Nublado;Simples;Reta;Sim;0;0
2025-06-08;domingo;18:00:00;SC;101;ITAJAI;Reaï¿½ï¿½o tardia ou ineficiente do condutor;Tombamento;Com Vï¿½timas Feridas;Plena Noite;Cï¿½u Claro;Mï¿½ltipla;Curva;Sim;0;0
2025-06-08;domingo;19:10:00;RS;116;SAO LEOPOLDO;Reaï¿½ï¿½o tardia ou ineficiente do condutor;Colisï¿½o traseira;Com Vï¿½timas Feridas;Plena Noite;Nublado;Mï¿½ltipla;"Reta;Ponte";Sim;0;0
2025-06-08;domingo;13:00:00;AC;364;SENA MADUREIRA;Pista esburacada;Saï¿½da de leito carroï¿½ï¿½vel;Com Vï¿½timas Feridas;Pleno dia;Garoa/Chuvisco;Simples;"Reta;Declive";Nï¿½o;0;0
2025-06-08;domingo;19:10:00;SE;235;ITABAIANA;Transitar na contramï¿½o;Colisï¿½o frontal;Com Vï¿½timas Feridas;Plena Noite;Garoa/Chuvisco;Simples;Curva;Nï¿½o;0;0
2025-06-08;domingo;18:40:00;ES;262;VENDA NOVA DO IMIGRANTE;Suicï¿½dio (presumido);Atropelamento de Pedestre;Com Vï¿½timas Feridas;Plena Noite;Cï¿½u Claro;Simples;Reta;Sim;0;0
2025-06-08;domingo;19:20:00;SC;101;ITAJAI;Ingestï¿½o de ï¿½lcool pelo condutor;Colisï¿½o com objeto;Com Vï¿½timas Feridas;Plena Noite;Nublado;Mï¿½ltipla;Reta;Sim;0;0
2025-06-08;domingo;18:45:00;RS;290;ELDORADO DO SUL;Manobra de mudanï¿½a de faixa;Colisï¿½o frontal;Com Vï¿½timas Feridas;Plena Noite;Cï¿½u Claro;Simples;Reta;Nï¿½o;0;0
2025-06-08;domingo;19:20:00;RJ;393;TRES RIOS;Acessar a via sem observar a presenï¿½a dos outros veï¿½culos;Colisï¿½o transversal;Sem Vï¿½timas;Plena Noite;Chuva;Simples;Reta;Nï¿½o;0;0
2025-06-08;domingo;18:20:00;MS;262;TERENOS;Ausï¿½ncia de reaï¿½ï¿½o do condutor;Colisï¿½o lateral sentido oposto;Sem Vï¿½timas;Pleno dia;Garoa/Chuvisco;Simples;Reta;Nï¿½o;0;0
2025-06-08;domingo;15:20:00;RJ;116;ITATIAIA;Acumulo de ï¿½gua sobre o pavimento;Colisï¿½o com objeto;Com Vï¿½timas Feridas;Pleno dia;Chuva;Simples;Curva;Sim;0;0
2025-06-08;domingo;19:09:00;RN;226;MACAIBA;Ausï¿½ncia de reaï¿½ï¿½o do condutor;Colisï¿½o traseira;Com Vï¿½timas Feridas;Plena Noite;Cï¿½u Claro;Simples;Reta;Nï¿½o;0;0
2025-06-08;domingo;19:05:00;RJ;101;RIO BONITO;Condutor deixou de manter distï¿½ncia do veï¿½culo da frente;Colisï¿½o traseira;Com Vï¿½timas Feridas;Plena Noite;Nublado;Dupla;Reta;Sim;0;0
2025-06-08;domingo;16:50:00;SC;116;MONTE CASTELO;Condutor deixou de manter distï¿½ncia do veï¿½culo da frente;Colisï¿½o traseira;Com Vï¿½timas Feridas;Pleno dia;Nublado;Simples;Reta;Nï¿½o;0;0
2025-06-08;domingo;20:10:00;RJ;116;BELFORD ROXO;Reaï¿½ï¿½o tardia ou ineficiente do condutor;Colisï¿½o traseira;Com Vï¿½timas Feridas;Plena Noite;Cï¿½u Claro;Mï¿½ltipla;Reta;Sim;0;0
2025-06-08;domingo;19:20:00;PR;376;MARINGA;Acessar a via sem observar a presenï¿½a dos outros veï¿½culos;Colisï¿½o transversal;Com Vï¿½timas Feridas;Plena Noite;Nublado;Mï¿½ltipla;Reta;Nï¿½o;0;0
2025-06-08;domingo;19:55:00;PE;101;ABREU E LIMA;Entrada inopinada do pedestre;Atropelamento de Pedestre;Com Vï¿½timas Feridas;Plena Noite;Cï¿½u Claro;Mï¿½ltipla;Reta;Sim;0;0
2025-06-08;domingo;20:10:00;MG;40;CAETANOPOLIS;Ausï¿½ncia de reaï¿½ï¿½o do condutor;Colisï¿½o traseira;Com Vï¿½timas Feridas;Plena Noite;Ignorado;Dupla;"Reta;Aclive";Nï¿½o;0;0
2025-06-03;terï¿½a-feira;18:10:00;BA;116;VITORIA DA CONQUISTA;Transitar no Acostamento;Colisï¿½o frontal;Com Vï¿½timas Feridas;Plena Noite;Cï¿½u Claro;Simples;Reta;Sim;0;0
2025-06-08;domingo;17:30:00;RJ;356;ITAPERUNA;Transitar no Acostamento;Atropelamento de Pedestre;Com Vï¿½timas Feridas;Anoitecer;Cï¿½u Claro;Simples;Declive;Sim;0;0
2025-06-08;domingo;19:50:00;SP;153;JOSE BONIFACIO;Chuva;Tombamento;Com Vï¿½timas Feridas;Plena Noite;Chuva;Simples;Reta;Nï¿½o;0;0
2025-06-08;domingo;16:40:00;MG;262;NOVA SERRANA;Manobra de mudanï¿½a de faixa;Saï¿½da de leito carroï¿½ï¿½vel;Com Vï¿½timas Feridas;Anoitecer;Cï¿½u Claro;Dupla;Reta;Sim;0;0
2025-06-08;domingo;20:15:00;SP;116;GUARULHOS;Ausï¿½ncia de reaï¿½ï¿½o do condutor;Colisï¿½o traseira;Com Vï¿½timas Feridas;Plena Noite;Garoa/Chuvisco;Mï¿½ltipla;Reta;Sim;0;0
2025-06-08;domingo;19:30:00;MG;50;ARAGUARI;Manobra de mudanï¿½a de faixa;Colisï¿½o transversal;Com Vï¿½timas Feridas;Plena Noite;Cï¿½u Claro;Dupla;Retorno Regulamentado;Nï¿½o;0;0
2025-06-08;domingo;17:40:00;SC;101;ITAPEMA;Reaï¿½ï¿½o tardia ou ineficiente do condutor;Saï¿½da de leito carroï¿½ï¿½vel;Sem Vï¿½timas;Anoitecer;Nublado;Dupla;Curva;Sim;0;0
2025-06-08;domingo;17:00:00;MS;267;MARACAJU;Reaï¿½ï¿½o tardia ou ineficiente do condutor;Saï¿½da de leito carroï¿½ï¿½vel;Com Vï¿½timas Feridas;Anoitecer;Cï¿½u Claro;Simples;Reta;Nï¿½o;0;0
2025-06-08;domingo;18:00:00;PE;423;GARANHUNS;Ultrapassagem Indevida;Colisï¿½o frontal;Com Vï¿½timas Fatais;Plena Noite;Chuva;Simples;Reta;Sim;1;1
2025-06-08;domingo;19:30:00;PR;116;CURITIBA;Ausï¿½ncia de reaï¿½ï¿½o do condutor;Colisï¿½o traseira;Sem Vï¿½timas;Plena Noite;Chuva;Dupla;Reta;Nï¿½o;0;0
2025-06-08;domingo;20:50:00;SP;116;PARIQUERA-ACU;Pedestre andava na pista;Atropelamento de Pedestre;Com Vï¿½timas Fatais;Plena Noite;Chuva;Dupla;Reta;Nï¿½o;1;1
2025-06-08;domingo;19:20:00;PR;277;MEDIANEIRA;Condutor deixou de manter distï¿½ncia do veï¿½culo da frente;Colisï¿½o traseira;Com Vï¿½timas Fatais;Plena Noite;Cï¿½u Claro;Dupla;"Declive;Reta";Sim;2;1
2025-06-08;domingo;20:50:00;CE;116;FORTALEZA;Pedestre andava na pista;Atropelamento de Pedestre;Com Vï¿½timas Fatais;Plena Noite;Cï¿½u Claro;Dupla;Reta;Sim;1;1
2025-06-08;domingo;21:10:00;SP;381;MAIRIPORA;Pista Escorregadia;Colisï¿½o com objeto;Com Vï¿½timas Feridas;Plena Noite;Garoa/Chuvisco;Dupla;"Declive;Curva";Nï¿½o;0;0
2025-06-08;domingo;19:50:00;PR;277;CANDOI;Acessar a via sem observar a presenï¿½a dos outros veï¿½culos;Colisï¿½o transversal;Com Vï¿½timas Feridas;Plena Noite;Cï¿½u Claro;Simples;"Reta;Interseï¿½ï¿½o de Vias;Retorno Regulamentado";Nï¿½o;0;0
2025-06-08;domingo;21:00:00;RJ;40;DUQUE DE CAXIAS;Chuva;Saï¿½da de leito carroï¿½ï¿½vel;Com Vï¿½timas Feridas;Plena Noite;Chuva;Simples;"Declive;Curva";Nï¿½o;0;0
2025-06-08;domingo;20:50:00;CE;222;FORTALEZA;Condutor deixou de manter distï¿½ncia do veï¿½culo da frente;Colisï¿½o lateral mesmo sentido;Com Vï¿½timas Feridas;Plena Noite;Cï¿½u Claro;Mï¿½ltipla;Reta;Sim;0;0
2025-06-08;domingo;18:55:00;MS;163;SAO GABRIEL DO OESTE;Ausï¿½ncia de reaï¿½ï¿½o do condutor;Engavetamento;Sem Vï¿½timas;Plena Noite;Chuva;Mï¿½ltipla;Reta;Nï¿½o;0;0
2025-06-08;domingo;20:30:00;GO;60;GOIANIA;Participar de racha;Saï¿½da de leito carroï¿½ï¿½vel;Com Vï¿½timas Feridas;Plena Noite;Cï¿½u Claro;Mï¿½ltipla;Reta;Nï¿½o;0;0
2025-06-08;domingo;20:50:00;SP;381;ATIBAIA;Ausï¿½ncia de reaï¿½ï¿½o do condutor;Colisï¿½o traseira;Com Vï¿½timas Feridas;Plena Noite;Garoa/Chuvisco;Dupla;Declive;Nï¿½o;0;0
2025-06-08;domingo;20:30:00;GO;40;CRISTALINA;Manobra de mudanï¿½a de faixa;Colisï¿½o lateral sentido oposto;Com Vï¿½timas Feridas;Plena Noite;Cï¿½u Claro;Simples;Reta;Nï¿½o;0;0
2025-06-08;domingo;18:45:00;PR;277;SAO JOSE DOS PINHAIS;Chuva;Tombamento;Com Vï¿½timas Feridas;Plena Noite;Chuva;Dupla;Reta;Nï¿½o;0;0
2025-06-08;domingo;17:50:00;MT;364;ALTO GARCAS;Velocidade Incompatï¿½vel;Colisï¿½o traseira;Com Vï¿½timas Feridas;Plena Noite;Cï¿½u Claro;Simples;Reta;Nï¿½o;0;0
2025-06-08;domingo;21:55:00;SP;381;MAIRIPORA;Condutor usando celular;Colisï¿½o traseira;Sem Vï¿½timas;Plena Noite;Chuva;Dupla;Reta;Nï¿½o;0;0
2025-06-08;domingo;21:55:00;PE;232;SALGUEIRO;Ingestï¿½o de ï¿½lcool pelo condutor;Tombamento;Com Vï¿½timas Feridas;Plena Noite;Cï¿½u Claro;Simples;Reta;Nï¿½o;0;0
2025-06-08;domingo;19:50:00;PE;408;NAZARE DA MATA;Animais na Pista;Atropelamento de Animal;Com Vï¿½timas Fatais;Plena Noite;Cï¿½u Claro;Simples;Reta;Nï¿½o;1;1
2025-06-08;domingo;21:50:00;BA;116;ANTONIO CARDOSO;Pedestre - Ingestï¿½o de ï¿½lcool/ substï¿½ncias psicoativas;Atropelamento de Pedestre;Com Vï¿½timas Fatais;Plena Noite;Cï¿½u Claro;Dupla;Reta;Nï¿½o;1;1
2025-06-08;domingo;21:55:00;RJ;116;SAO JOAO DE MERITI;Demais falhas mecï¿½nicas ou elï¿½tricas;Queda de ocupante de veï¿½culo;Com Vï¿½timas Feridas;Plena Noite;Nublado;Dupla;Reta;Nï¿½o;0;0
2025-06-08;domingo;21:28:00;MS;163;DOURADOS;Ausï¿½ncia de reaï¿½ï¿½o do condutor;Saï¿½da de leito carroï¿½ï¿½vel;Com Vï¿½timas Feridas;Plena Noite;Cï¿½u Claro;Dupla;Reta;Nï¿½o;0;0
2025-06-08;domingo;21:00:00;RS;116;GUAIBA;Transitar na contramï¿½o;Colisï¿½o frontal;Com Vï¿½timas Fatais;Plena Noite;Cï¿½u Claro;Simples;Reta;Nï¿½o;1;1
2025-06-08;domingo;22:00:00;PR;376;MARINGA;Manobra de mudanï¿½a de faixa;Colisï¿½o lateral mesmo sentido;Com Vï¿½timas Feridas;Plena Noite;Cï¿½u Claro;Dupla;"Reta;Aclive;Interseï¿½ï¿½o de Vias";Sim;0;0
2025-06-08;domingo;21:50:00;SP;116;JACAREI;Reaï¿½ï¿½o tardia ou ineficiente do condutor;Tombamento;Com Vï¿½timas Fatais;Plena Noite;Garoa/Chuvisco;Dupla;Reta;Sim;1;1
2025-06-08;domingo;22:14:00;RS;116;PORTO ALEGRE;Condutor deixou de manter distï¿½ncia do veï¿½culo da frente;Colisï¿½o traseira;Com Vï¿½timas Feridas;Plena Noite;Cï¿½u Claro;Dupla;Curva;Sim;0;0
2025-06-08;domingo;21:10:00;MT;163;SORRISO;Reaï¿½ï¿½o tardia ou ineficiente do condutor;Tombamento;Com Vï¿½timas Fatais;Plena Noite;Cï¿½u Claro;Simples;Reta;Nï¿½o;1;1
2025-06-08;domingo;21:30:00;RJ;101;ANGRA DOS REIS;Reaï¿½ï¿½o tardia ou ineficiente do condutor;Colisï¿½o com objeto;Sem Vï¿½timas;Plena Noite;Cï¿½u Claro;Simples;Reta;Sim;0;0
2025-06-08;domingo;19:40:00;PE;104;PANELAS;Demais falhas mecï¿½nicas ou elï¿½tricas;Incï¿½ndio;Sem Vï¿½timas;Plena Noite;Nublado;Simples;Aclive;Nï¿½o;0;0
2025-06-08;domingo;23:00:00;PR;376;GUARATUBA;Ausï¿½ncia de reaï¿½ï¿½o do condutor;Colisï¿½o com objeto;Com Vï¿½timas Feridas;Plena Noite;Chuva;Simples;"Declive;Curva";Nï¿½o;0;0
2025-06-08;domingo;22:00:00;RJ;40;DUQUE DE CAXIAS;Ultrapassagem Indevida;Colisï¿½o traseira;Com Vï¿½timas Feridas;Plena Noite;Ignorado;Simples;Curva;Sim;0;0
2025-06-08;domingo;22:15:00;GO;60;SANTO ANTONIO DO DESCOBERTO;Condutor Dormindo;Saï¿½da de leito carroï¿½ï¿½vel;Com Vï¿½timas Feridas;Plena Noite;Cï¿½u Claro;Dupla;Declive;Nï¿½o;0;0
2025-06-08;domingo;21:00:00;RO;364;JI-PARANA;Ingestï¿½o de ï¿½lcool pelo condutor;Saï¿½da de leito carroï¿½ï¿½vel;Com Vï¿½timas Feridas;Plena Noite;Cï¿½u Claro;Simples;Declive;Nï¿½o;0;0
2025-06-08;domingo;17:30:00;RO;435;CEREJEIRAS;Manobra de mudanï¿½a de faixa;Colisï¿½o lateral sentido oposto;Com Vï¿½timas Feridas;Plena Noite;Cï¿½u Claro;Simples;Reta;Nï¿½o;0;0
2025-06-08;domingo;22:20:00;SC;101;PAULO LOPES;Acessar a via sem observar a presenï¿½a dos outros veï¿½culos;Colisï¿½o transversal;Com Vï¿½timas Feridas;Plena Noite;Nublado;Mï¿½ltipla;"Reta;Interseï¿½ï¿½o de Vias";Nï¿½o;0;0
2025-06-08;domingo;21:00:00;BA;420;ITAQUARA;Ingestï¿½o de ï¿½lcool pelo condutor;Colisï¿½o frontal;Com Vï¿½timas Fatais;Plena Noite;Cï¿½u Claro;Simples;Aclive;Nï¿½o;2;1
2025-06-08;domingo;23:20:00;BA;110;RIBEIRA DO POMBAL;Ingestï¿½o de ï¿½lcool pelo condutor;Tombamento;Com Vï¿½timas Feridas;Plena Noite;Cï¿½u Claro;Simples;"Declive;Reta";Nï¿½o;0;0
2025-06-08;domingo;19:45:00;PI;230;SAO FRANCISCO DO PIAUI;Ausï¿½ncia de reaï¿½ï¿½o do condutor;Saï¿½da de leito carroï¿½ï¿½vel;Com Vï¿½timas Feridas;Plena Noite;Cï¿½u Claro;Simples;Reta;Nï¿½o;0;0
2025-06-08;domingo;22:45:00;MS;60;SIDROLANDIA;Ausï¿½ncia de reaï¿½ï¿½o do condutor;Saï¿½da de leito carroï¿½ï¿½vel;Com Vï¿½timas Feridas;Plena Noite;Cï¿½u Claro;Simples;Reta;Nï¿½o;0;0
2025-06-09;segunda-feira;01:00:00;PB;230;CAMPINA GRANDE;Ingestï¿½o de ï¿½lcool pelo condutor;Tombamento;Com Vï¿½timas Feridas;Plena Noite;Nublado;Simples;"Declive;Reta";Nï¿½o;0;0
2025-06-09;segunda-feira;01:20:00;PR;369;LONDRINA;Velocidade Incompatï¿½vel;Saï¿½da de leito carroï¿½ï¿½vel;Sem Vï¿½timas;Plena Noite;Nublado;Dupla;Reta;Sim;0;0
2025-06-09;segunda-feira;00:15:00;PE;232;ARCOVERDE;Animais na Pista;Colisï¿½o frontal;Sem Vï¿½timas;Plena Noite;Cï¿½u Claro;Simples;"Reta;Declive";Nï¿½o;0;0
2025-06-09;segunda-feira;01:00:00;MS;163;DOURADOS;Condutor Dormindo;Saï¿½da de leito carroï¿½ï¿½vel;Sem Vï¿½timas;Plena Noite;Cï¿½u Claro;Simples;Reta;Sim;0;0
2025-06-09;segunda-feira;01:00:00;RJ;393;VASSOURAS;Ingestï¿½o de ï¿½lcool pelo condutor;Tombamento;Com Vï¿½timas Feridas;Plena Noite;Nublado;Simples;Reta;Sim;0;0
2025-06-08;domingo;22:50:00;RJ;101;ITABORAI;Ingestï¿½o de ï¿½lcool pelo condutor;Colisï¿½o lateral mesmo sentido;Sem Vï¿½timas;Pleno dia;Chuva;Dupla;Reta;Nï¿½o;0;0
2025-06-09;segunda-feira;02:55:00;RJ;116;DUQUE DE CAXIAS;Reaï¿½ï¿½o tardia ou ineficiente do condutor;Colisï¿½o com objeto;Com Vï¿½timas Feridas;Plena Noite;Garoa/Chuvisco;Dupla;Reta;Sim;0;0
2025-06-09;segunda-feira;03:35:00;RS;158;SANTA MARIA;Reaï¿½ï¿½o tardia ou ineficiente do condutor;Colisï¿½o traseira;Com Vï¿½timas Feridas;Plena Noite;Cï¿½u Claro;Dupla;"Curva;Declive";Sim;0;0
2025-06-09;segunda-feira;03:45:00;PE;232;POMBOS;Animais na Pista;Atropelamento de Animal;Com Vï¿½timas Fatais;Plena Noite;Cï¿½u Claro;Dupla;Reta;Sim;1;1
2025-06-09;segunda-feira;03:56:00;PE;232;POMBOS;Ausï¿½ncia de reaï¿½ï¿½o do condutor;Atropelamento de Pedestre;Com Vï¿½timas Feridas;Plena Noite;Cï¿½u Claro;Dupla;Reta;Nï¿½o;0;0
2025-06-09;segunda-feira;03:00:00;MG;365;BURITIZEIRO;Reaï¿½ï¿½o tardia ou ineficiente do condutor;Colisï¿½o frontal;Com Vï¿½timas Fatais;Plena Noite;Cï¿½u Claro;Simples;Reta;Nï¿½o;1;1
2025-06-09;segunda-feira;04:30:00;PR;376;MAUA DA SERRA;Velocidade Incompatï¿½vel;Colisï¿½o com objeto;Com Vï¿½timas Feridas;Plena Noite;Cï¿½u Claro;Dupla;Curva;Nï¿½o;0;0
2025-06-09;segunda-feira;04:00:00;RN;304;MOSSORO;Ingestï¿½o de ï¿½lcool pelo condutor;Colisï¿½o com objeto;Sem Vï¿½timas;Plena Noite;Cï¿½u Claro;Dupla;Curva;Sim;0;0
2025-06-09;segunda-feira;04:57:00;MG;365;UBERLANDIA;Animais na Pista;Saï¿½da de leito carroï¿½ï¿½vel;Sem Vï¿½timas;Plena Noite;Cï¿½u Claro;Dupla;Aclive;Nï¿½o;0;0
2025-06-09;segunda-feira;05:40:00;RJ;101;NITEROI;Pista Escorregadia;Queda de ocupante de veï¿½culo;Com Vï¿½timas Feridas;Amanhecer;Chuva;Mï¿½ltipla;Reta;Sim;0;0
2025-06-09;segunda-feira;05:10:00;RJ;116;DUQUE DE CAXIAS;Acumulo de ï¿½gua sobre o pavimento;Colisï¿½o lateral mesmo sentido;Com Vï¿½timas Feridas;Amanhecer;Chuva;Dupla;Reta;Nï¿½o;0;0
2025-06-09;segunda-feira;06:00:00;DF;20;BRASILIA;Demais falhas na via;Tombamento;Com Vï¿½timas Feridas;Amanhecer;Cï¿½u Claro;Dupla;"Em Obras;Reta";Sim;0;0