data_inversa;dia_semana;horario;uf;br;municipio;causa_acidente;tipo_acidente;classificacao_acidente;fase_dia;condicao_metereologica;tipo_pista;tracado_via;uso_solo;mortos;acidente_fatal
2025-06-15;domingo;09:35:00;MG;40;PARAOPEBA;Pedestre - Ingestï¿½o de ï¿½lcool/ substï¿½ncias psicoativas;Queda de ocupante de veï¿½culo;Com Vï¿½timas Feridas;Pleno dia;Cï¿½u Claro;Dupla;"Reta;Aclive";Nï¿½o;0;0
2025-06-15;domingo;09:00:00;MT;163;SINOP;Reaï¿½ï¿½o tardia ou ineficiente do condutor;Queda de ocupante de veï¿½culo;Com Vï¿½timas Feridas;Pleno dia;Cï¿½u Claro;Simples;Reta;Sim;0;0
2025-06-15;domingo;08:35:00;BA;101;SAO JOSE DA VITORIA;Velocidade Incompatï¿½vel;Saï¿½da de leito carroï¿½ï¿½vel;Com Vï¿½timas Fatais;Pleno dia;Cï¿½u Claro;Simples;Curva;Nï¿½o;1;1
2025-06-15;domingo;11:30:00;SP;116;JUQUITIBA;Ausï¿½ncia de reaï¿½ï¿½o do condutor;Capotamento;Com Vï¿½timas Feridas;Pleno dia;Nublado;Dupla;Reta;Nï¿½o;0;0
2025-06-15;domingo;11:40:00;SP;381;BRAGANCA PAULISTA;Velocidade Incompatï¿½vel;Colisï¿½o traseira;Com Vï¿½timas Feridas;Pleno dia;Cï¿½u Claro;Dupla;"Reta;Aclive";Nï¿½o;0;0
2025-06-15;domingo;10:40:00;PR;376;SAO JOSE DOS PINHAIS;Ausï¿½ncia de sinalizaï¿½ï¿½o;Colisï¿½o frontal;Com Vï¿½timas Feridas;Pleno dia;Cï¿½u Claro;Dupla;Reta;Nï¿½o;0;0
2025-06-15;domingo;11:03:00;MS;163;NOVA ALVORADA DO SUL;Ausï¿½ncia de reaï¿½ï¿½o do condutor;Saï¿½da de leito carroï¿½ï¿½vel;Sem Vï¿½timas;Pleno dia;Cï¿½u Claro;Simples;Reta;Nï¿½o;0;0
2025-06-15;domingo;11:40:00;ES;101;JOAO NEIVA;Velocidade Incompatï¿½vel;Colisï¿½o com objeto;Com Vï¿½timas Feridas;Pleno dia;Chuva;Dupla;Curva;Nï¿½o;0;0
2025-06-15;domingo;08:40:00;SC;280;SAO BENTO DO SUL;Pista Escorregadia;Saï¿½da de leito carroï¿½ï¿½vel;Com Vï¿½timas Feridas;Pleno dia;Garoa/Chuvisco;Simples;"Declive;Curva";Nï¿½o;0;0
2025-06-15;domingo;12:25:00;ES;101;SERRA;Conversï¿½o proibida;Colisï¿½o traseira;Com Vï¿½timas Feridas;Pleno dia;Nublado;Mï¿½ltipla;Reta;Nï¿½o;0;0
2025-06-15;domingo;12:00:00;PE;428;PETROLINA;Animais na Pista;Atropelamento de Animal;Com Vï¿½timas Feridas;Pleno dia;Cï¿½u Claro;Dupla;Reta;Nï¿½o;0;0
2025-06-15;domingo;08:00:00;PI;135;CRISTINO CASTRO;Ultrapassagem Indevida;Colisï¿½o lateral mesmo sentido;Com Vï¿½timas Fatais;Amanhecer;Nublado;Simples;"Aclive;Reta";Nï¿½o;1;1
2025-06-15;domingo;11:30:00;BA;235;JUAZEIRO;Avarias e/ou desgaste excessivo no pneu;Saï¿½da de leito carroï¿½ï¿½vel;Com Vï¿½timas Feridas;Pleno dia;Cï¿½u Claro;Simples;Reta;Nï¿½o;0;0
2025-06-15;domingo;12:00:00;MG;381;BETIM;Velocidade Incompatï¿½vel;Colisï¿½o traseira;Com Vï¿½timas Feridas;Pleno dia;Cï¿½u Claro;Mï¿½ltipla;"Declive;Reta";Sim;0;0
2025-06-15;domingo;11:25:00;MT;364;JACIARA;Reaï¿½ï¿½o tardia ou ineficiente do condutor;Queda de ocupante de veï¿½culo;Com Vï¿½timas Feridas;Pleno dia;Cï¿½u Claro;Dupla;Reta;Sim;0;0
2025-06-15;domingo;12:56:00;DF;70;BRASILIA;Avarias e/ou desgaste excessivo no pneu;Tombamento;Com Vï¿½timas Feridas;Pleno dia;Cï¿½u Claro;Dupla;Reta;Nï¿½o;0;0
2025-06-15;domingo;12:00:00;RN;304;MACAIBA;Reaï¿½ï¿½o tardia ou ineficiente do condutor;Colisï¿½o traseira;Com Vï¿½timas Feridas;Pleno dia;Sol;Dupla;Reta;Nï¿½o;0;0
2025-06-15;domingo;13:01:00;MG;40;JUIZ DE FORA;Acessar a via sem observar a presenï¿½a dos outros veï¿½culos;Colisï¿½o traseira;Com Vï¿½timas Feridas;Pleno dia;Nublado;Dupla;Retorno Regulamentado;Nï¿½o;0;0
2025-06-15;domingo;12:50:00;MG;381;GOVERNADOR VALADARES;Avarias e/ou desgaste excessivo no pneu;Tombamento;Com Vï¿½timas Feridas;Pleno dia;Nublado;Simples;Reta;Nï¿½o;0;0
2025-06-08;domingo;05:20:00;PR;116;SAO JOSE DOS PINHAIS;Condutor deixou de manter distï¿½ncia do veï¿½culo da frente;Colisï¿½o traseira;Com Vï¿½timas Feridas;Amanhecer;Nublado;Dupla;Reta;Sim;0;0
2025-06-15;domingo;13:29:00;RN;226;MACAIBA;Demais falhas mecï¿½nicas ou elï¿½tricas;Incï¿½ndio;Sem Vï¿½timas;Pleno dia;Cï¿½u Claro;Simples;Curva;Nï¿½o;0;0
2025-06-15;domingo;11:20:00;MT;174;PONTES E LACERDA;Ingestï¿½o de ï¿½lcool pelo condutor;Queda de ocupante de veï¿½culo;Com Vï¿½timas Feridas;Pleno dia;Cï¿½u Claro;Simples;Reta;Sim;0;0
2025-06-15;domingo;14:15:00;ES;101;SERRA;Condutor deixou de manter distï¿½ncia do veï¿½culo da frente;Colisï¿½o traseira;Com Vï¿½timas Feridas;Pleno dia;Cï¿½u Claro;Simples;"Reta;Aclive";Nï¿½o;0;0
2025-06-15;domingo;11:20:00;RJ;116;RIO DE JANEIRO;Manobra de mudanï¿½a de faixa;Colisï¿½o lateral mesmo sentido;Com Vï¿½timas Feridas;Pleno dia;Cï¿½u Claro;Mï¿½ltipla;Reta;Sim;0;0
2025-06-15;domingo;13:30:00;PR;376;MARINGA;Reaï¿½ï¿½o tardia ou ineficiente do condutor;Colisï¿½o com objeto;Com Vï¿½timas Feridas;Pleno dia;Nublado;Dupla;Reta;Sim;0;0
2025-06-15;domingo;11:10:00;ES;262;DOMINGOS MARTINS;Reaï¿½ï¿½o tardia ou ineficiente do condutor;Queda de ocupante de veï¿½culo;Com Vï¿½timas Feridas;Pleno dia;Cï¿½u Claro;Simples;"Declive;Curva";Nï¿½o;0;0
2025-06-11;quarta-feira;13:00:00;PB;230;JOAO PESSOA;Reaï¿½ï¿½o tardia ou ineficiente do condutor;Colisï¿½o traseira;Com Vï¿½timas Feridas;Pleno dia;Cï¿½u Claro;Dupla;"Aclive;Curva";Sim;0;0
2025-05-03;sï¿½bado;21:40:00;AP;210;MACAPA;Ausï¿½ncia de reaï¿½ï¿½o do condutor;Colisï¿½o transversal;Com Vï¿½timas Feridas;Plena Noite;Cï¿½u Claro;Mï¿½ltipla;Reta;Sim;0;0
2025-06-15;domingo;08:30:00;MT;158;CANARANA;Condutor Dormindo;Saï¿½da de leito carroï¿½ï¿½vel;Com Vï¿½timas Fatais;Pleno dia;Cï¿½u Claro;Simples;Reta;Nï¿½o;1;1
2025-06-15;domingo;15:00:00;ES;101;VIANA;Ausï¿½ncia de reaï¿½ï¿½o do condutor;Colisï¿½o transversal;Com Vï¿½timas Fatais;Pleno dia;Cï¿½u Claro;Dupla;Reta;Nï¿½o;1;1
2025-06-15;domingo;14:20:00;MG;381;OLIVEIRA;Velocidade Incompatï¿½vel;Saï¿½da de leito carroï¿½ï¿½vel;Com Vï¿½timas Feridas;Pleno dia;Cï¿½u Claro;Dupla;Curva;Nï¿½o;0;0
2025-06-15;domingo;15:25:00;CE;402;TURURU;Ingestï¿½o de ï¿½lcool pelo condutor;Colisï¿½o traseira;Com Vï¿½timas Feridas;Pleno dia;Cï¿½u Claro;Simples;Reta;Nï¿½o;0;0
2025-06-15;domingo;14:40:00;RS;290;ARROIO DOS RATOS;Reaï¿½ï¿½o tardia ou ineficiente do condutor;Saï¿½da de leito carroï¿½ï¿½vel;Com Vï¿½timas Feridas;Pleno dia;Nublado;Simples;Reta;Nï¿½o;0;0
2025-06-15;domingo;15:40:00;CE;116;FORTALEZA;Ingestï¿½o de ï¿½lcool pelo condutor;Colisï¿½o traseira;Sem Vï¿½timas;Pleno dia;Cï¿½u Claro;Dupla;Reta;Sim;0;0
2025-06-15;domingo;12:45:00;SC;280;CORUPA;Ausï¿½ncia de reaï¿½ï¿½o do condutor;Colisï¿½o com objeto;Com Vï¿½timas Feridas;Pleno dia;Cï¿½u Claro;Simples;"Aclive;Reta";Nï¿½o;0;0
2025-06-15;domingo;16:00:00;PR;116;CURITIBA;Manobra de mudanï¿½a de faixa;Colisï¿½o lateral mesmo sentido;Com Vï¿½timas Feridas;Pleno dia;Cï¿½u Claro;Dupla;Reta;Sim;0;0
2025-06-15;domingo;16:15:00;DF;70;BRASILIA;Acesso irregular;Colisï¿½o transversal;Com Vï¿½timas Feridas;Pleno dia;Cï¿½u Claro;Dupla;Rotatï¿½ria;Sim;0;0
2025-06-15;domingo;16:14:00;RN;101;NATAL;Ausï¿½ncia de reaï¿½ï¿½o do condutor;Colisï¿½o traseira;Com Vï¿½timas Feridas;Pleno dia;Cï¿½u Claro;Dupla;"Reta;Rotatï¿½ria";Sim;0;0
2025-06-15;domingo;16:00:00;GO;60;ANAPOLIS;Ingestï¿½o de ï¿½lcool pelo condutor;Queda de ocupante de veï¿½culo;Com Vï¿½timas Feridas;Pleno dia;Cï¿½u Claro;Dupla;Reta;Sim;0;0
2025-06-15;domingo;16:20:00;SP;116;CACAPAVA;Avarias e/ou desgaste excessivo no pneu;Tombamento;Com Vï¿½timas Feridas;Pleno dia;Cï¿½u Claro;Dupla;Reta;Nï¿½o;0;0
2025-06-15;domingo;16:30:00;RJ;40;DUQUE DE CAXIAS;Curva acentuada;Saï¿½da de leito carroï¿½ï¿½vel;Com Vï¿½timas Feridas;Pleno dia;Cï¿½u Claro;Dupla;Curva;Sim;0;0
2025-06-15;domingo;17:30:00;CE;20;CAUCAIA;Acessar a via sem observar a presenï¿½a dos outros veï¿½culos;Atropelamento de Pedestre;Com Vï¿½timas Feridas;Anoitecer;Sol;Simples;Reta;Nï¿½o;0;0
2025-06-15;domingo;17:55:00;RJ;116;TERESOPOLIS;Reaï¿½ï¿½o tardia ou ineficiente do condutor;Atropelamento de Pedestre;Com Vï¿½timas Feridas;Anoitecer;Nublado;Simples;"Reta;Declive";Sim;0;0
2025-06-15;domingo;17:20:00;SC;101;PAULO LOPES;Demais falhas mecï¿½nicas ou elï¿½tricas;Tombamento;Com Vï¿½timas Feridas;Plena Noite;Cï¿½u Claro;Dupla;Reta;Nï¿½o;0;0
2025-06-15;domingo;18:00:00;RJ;116;RIO DE JANEIRO;Ausï¿½ncia de reaï¿½ï¿½o do condutor;Colisï¿½o com objeto;Com Vï¿½timas Feridas;Plena Noite;Cï¿½u Claro;Dupla;Reta;Sim;0;0
2025-06-15;domingo;18:10:00;RS;471;SANTA VITORIA DO PALMAR;Reaï¿½ï¿½o tardia ou ineficiente do condutor;Saï¿½da de leito carroï¿½ï¿½vel;Com Vï¿½timas Feridas;Anoitecer;Nublado;Simples;Reta;Nï¿½o;0;0
2025-06-15;domingo;16:55:00;MT;70;CACERES;Ingestï¿½o de ï¿½lcool pelo condutor;Queda de ocupante de veï¿½culo;Com Vï¿½timas Feridas;Anoitecer;Cï¿½u Claro;Simples;Rotatï¿½ria;Nï¿½o;0;0
2025-06-15;domingo;17:30:00;MG;381;ITATIAIUCU;Velocidade Incompatï¿½vel;Saï¿½da de leito carroï¿½ï¿½vel;Sem Vï¿½timas;Anoitecer;Cï¿½u Claro;Dupla;"Curva;Declive";Nï¿½o;0;0
2025-06-15;domingo;14:30:00;MG;262;ARAUJOS;Mal sï¿½bito do condutor;Saï¿½da de leito carroï¿½ï¿½vel;Com Vï¿½timas Feridas;Pleno dia;Sol;Simples;"Reta;Aclive";Nï¿½o;0;0
2025-06-15;domingo;11:50:00;GO;80;AMARALINA;Reaï¿½ï¿½o tardia ou ineficiente do condutor;Capotamento;Com Vï¿½timas Fatais;Pleno dia;Cï¿½u Claro;Simples;"Em Obras;Reta";Nï¿½o;1;1
2025-06-15;domingo;17:00:00;MG;40;TRES MARIAS;Ultrapassagem Indevida;Colisï¿½o lateral mesmo sentido;Com Vï¿½timas Feridas;Anoitecer;Cï¿½u Claro;Simples;"Declive;Reta";Nï¿½o;0;0
2025-06-15;domingo;18:30:00;MG;381;BETIM;Demais falhas mecï¿½nicas ou elï¿½tricas;Tombamento;Com Vï¿½timas Feridas;Plena Noite;Cï¿½u Claro;Mï¿½ltipla;"Reta;Aclive";Sim;0;0
2025-06-15;domingo;19:10:00;SP;116;SANTA ISABEL;Demais falhas mecï¿½nicas ou elï¿½tricas;Incï¿½ndio;Sem Vï¿½timas;Plena Noite;Cï¿½u Claro;Mï¿½ltipla;Reta;Nï¿½o;0;0
2025-03-20;quinta-feira;15:39:00;SP;116;SANTA ISABEL;Reaï¿½ï¿½o tardia ou ineficiente do condutor;Colisï¿½o traseira;Com Vï¿½timas Feridas;Pleno dia;Ignorado;Dupla;Curva;Nï¿½o;0;0
2025-06-15;domingo;19:15:00;MG;262;IGARATINGA;Ingestï¿½o de ï¿½lcool pelo condutor;Colisï¿½o lateral mesmo sentido;Com Vï¿½timas Fatais;Plena Noite;Vento;Dupla;Reta;Nï¿½o;1;1
2025-06-15;domingo;17:45:00;MT;70;PONTAL DO ARAGUAIA;Condutor deixou de manter distï¿½ncia do veï¿½culo da frente;Colisï¿½o traseira;Com Vï¿½timas Feridas;Plena Noite;Cï¿½u Claro;Simples;"Ponte;Reta";Sim;0;0
2025-06-15;domingo;17:55:00;MA;135;SAO LUIS;Acessar a via sem observar a presenï¿½a dos outros veï¿½culos;Colisï¿½o transversal;Com Vï¿½timas Feridas;Anoitecer;Nublado;Dupla;"Retorno Regulamentado;Reta";Sim;0;0
2025-06-15;domingo;18:10:00;RJ;116;DUQUE DE CAXIAS;Ingestï¿½o de ï¿½lcool pelo condutor;Colisï¿½o traseira;Sem Vï¿½timas;Plena Noite;Cï¿½u Claro;Dupla;Reta;Sim;0;0
2025-06-15;domingo;18:30:00;DF;20;BRASILIA;Velocidade Incompatï¿½vel;Saï¿½da de leito carroï¿½ï¿½vel;Com Vï¿½timas Fatais;Plena Noite;Cï¿½u Claro;Dupla;Reta;Nï¿½o;1;1
2025-06-15;domingo;19:30:00;SP;153;BADY BASSITT;Condutor deixou de manter distï¿½ncia do veï¿½culo da frente;Colisï¿½o traseira;Sem Vï¿½timas;Plena Noite;Cï¿½u Claro;Simples;"Rotatï¿½ria;Interseï¿½ï¿½o de Vias";Nï¿½o;0;0
2025-06-15;domingo;16:30:00;MT;364;ALTO ARAGUAIA;Ausï¿½ncia de reaï¿½ï¿½o do condutor;Colisï¿½o traseira;Sem Vï¿½timas;Pleno dia;Cï¿½u Claro;Simples;Aclive;Nï¿½o;0;0
2025-06-15;domingo;19:45:00;RJ;116;NOVA IGUACU;Reaï¿½ï¿½o tardia ou ineficiente do condutor;Colisï¿½o traseira;Com Vï¿½timas Feridas;Plena Noite;Cï¿½u Claro;Dupla;Reta;Sim;0;0
2025-06-15;domingo;20:00:00;MG;381;NOVA ERA;Velocidade Incompatï¿½vel;Colisï¿½o frontal;Com Vï¿½timas Feridas;Plena Noite;Cï¿½u Claro;Simples;Curva;Nï¿½o;0;0
2025-06-15;domingo;19:30:00;MG;365;UBERLANDIA;Problema na suspensï¿½o;Saï¿½da de leito carroï¿½ï¿½vel;Com Vï¿½timas Feridas;Anoitecer;Cï¿½u Claro;Dupla;Declive;Sim;0;0
2025-06-15;domingo;18:00:00;PR;277;PALMEIRA;Ausï¿½ncia de reaï¿½ï¿½o do condutor;Saï¿½da de leito carroï¿½ï¿½vel;Com Vï¿½timas Feridas;Plena Noite;Nublado;Simples;Reta;Nï¿½o;0;0
2025-06-15;domingo;20:35:00;PB;230;JOAO PESSOA;Ausï¿½ncia de reaï¿½ï¿½o do condutor;Tombamento;Com Vï¿½timas Feridas;Pleno dia;Garoa/Chuvisco;Dupla;"Reta;Interseï¿½ï¿½o de Vias";Sim;0;0
2025-06-15;domingo;19:00:00;MT;163;MATUPA;Reaï¿½ï¿½o tardia ou ineficiente do condutor;Colisï¿½o traseira;Com Vï¿½timas Feridas;Plena Noite;Cï¿½u Claro;Simples;Reta;Nï¿½o;0;0
2025-06-15;domingo;20:15:00;PB;230;SANTA LUZIA;Ingestï¿½o de ï¿½lcool pelo condutor;Colisï¿½o transversal;Com Vï¿½timas Feridas;Plena Noite;Cï¿½u Claro;Simples;Reta;Sim;0;0
2025-06-15;domingo;20:00:00;RN;110;MOSSORO;Manobra de mudanï¿½a de faixa;Colisï¿½o frontal;Com Vï¿½timas Feridas;Plena Noite;Cï¿½u Claro;Simples;Declive;Nï¿½o;0;0
2025-06-15;domingo;20:10:00;GO;153;ANAPOLIS;Reaï¿½ï¿½o tardia ou ineficiente do condutor;Saï¿½da de leito carroï¿½ï¿½vel;Com Vï¿½timas Feridas;Plena Noite;Cï¿½u Claro;Dupla;"Curva;Aclive;Desvio Temporï¿½rio;Em Obras";Nï¿½o;0;0
2025-06-15;domingo;17:50:00;MG;365;PATOS DE MINAS;Afundamento ou ondulaï¿½ï¿½o no pavimento;Colisï¿½o com objeto;Com Vï¿½timas Feridas;Anoitecer;Cï¿½u Claro;Simples;"Reta;Aclive";Nï¿½o;0;0
2025-06-15;domingo;20:00:00;PR;476;LAPA;Ausï¿½ncia de reaï¿½ï¿½o do condutor;Colisï¿½o frontal;Com Vï¿½timas Fatais;Plena Noite;Cï¿½u Claro;Simples;Reta;Nï¿½o;1;1
2025-06-15;domingo;18:40:00;MS;158;PARANAIBA;Ingestï¿½o de ï¿½lcool pelo condutor;Saï¿½da de leito carroï¿½ï¿½vel;Sem Vï¿½timas;Plena Noite;Chuva;Dupla;Reta;Sim;0;0
2025-06-15;domingo;20:50:00;RJ;40;PETROPOLIS;Reaï¿½ï¿½o tardia ou ineficiente do condutor;Saï¿½da de leito carroï¿½ï¿½vel;Com Vï¿½timas Feridas;Plena Noite;Cï¿½u Claro;Dupla;Reta;Nï¿½o;0;0
2025-06-15;domingo;20:28:00;RS;290;PANTANO GRANDE;Reaï¿½ï¿½o tardia ou ineficiente do condutor;Colisï¿½o frontal;Com Vï¿½timas Feridas;Plena Noite;Nublado;Dupla;Reta;Sim;0;0
2025-06-15;domingo;20:30:00;MG;381;BELA VISTA DE MINAS;Demais falhas mecï¿½nicas ou elï¿½tricas;Incï¿½ndio;Sem Vï¿½timas;Plena Noite;Cï¿½u Claro;Simples;"Declive;Reta";Nï¿½o;0;0
2025-06-15;domingo;21:30:00;RJ;116;NOVA IGUACU;Ausï¿½ncia de reaï¿½ï¿½o do condutor;Colisï¿½o lateral mesmo sentido;Com Vï¿½timas Feridas;Plena Noite;Cï¿½u Claro;Dupla;Reta;Sim;0;0
2025-06-15;domingo;14:30:00;RO;319;PORTO VELHO;Reaï¿½ï¿½o tardia ou ineficiente do condutor;Queda de ocupante de veï¿½culo;Com Vï¿½timas Feridas;Pleno dia;Chuva;Dupla;"Curva;Rotatï¿½ria";Sim;0;0
2025-06-15;domingo;21:00:00;RN;101;NATAL;Ingestï¿½o de ï¿½lcool pelo condutor;Colisï¿½o traseira;Sem Vï¿½timas;Plena Noite;Cï¿½u Claro;Dupla;Curva;Sim;0;0
2025-04-01;terï¿½a-feira;19:10:00;MG;365;PATOS DE MINAS;Reaï¿½ï¿½o tardia ou ineficiente do condutor;Colisï¿½o lateral sentido oposto;Com Vï¿½timas Feridas;Anoitecer;Ignorado;Dupla;Interseï¿½ï¿½o de Vias;Sim;0;0
2025-06-15;domingo;19:00:00;PR;277;CASCAVEL;Desrespeitar a preferï¿½ncia no cruzamento;Colisï¿½o transversal;Com Vï¿½timas Feridas;Plena Noite;Cï¿½u Claro;Mï¿½ltipla;"Reta;Interseï¿½ï¿½o de Vias";Sim;0;0
2025-06-15;domingo;22:00:00;MG;50;UBERABA;Condutor Dormindo;Saï¿½da de leito carroï¿½ï¿½vel;Com Vï¿½timas Feridas;Plena Noite;Cï¿½u Claro;Dupla;Reta;Nï¿½o;0;0
2025-06-15;domingo;21:05:00;MA;316;CAXIAS;Manobra de mudanï¿½a de faixa;Colisï¿½o frontal;Com Vï¿½timas Fatais;Plena Noite;Cï¿½u Claro;Simples;Reta;Sim;1;1
2025-06-15;domingo;21:35:00;BA;101;EUNAPOLIS;Condutor deixou de manter distï¿½ncia do veï¿½culo da frente;Colisï¿½o traseira;Sem Vï¿½timas;Plena Noite;Nublado;Dupla;Reta;Sim;0;0
2025-06-15;domingo;18:30:00;AM;230;CANUTAMA;Pista Escorregadia;Colisï¿½o lateral sentido oposto;Sem Vï¿½timas;Plena Noite;Chuva;Simples;Reta;Nï¿½o;0;0
2025-06-15;domingo;22:30:00;MG;262;LUZ;Pista esburacada;Saï¿½da de leito carroï¿½ï¿½vel;Sem Vï¿½timas;Plena Noite;Cï¿½u Claro;Simples;Reta;Nï¿½o;0;0
2025-06-15;domingo;10:05:00;MT;163;GUARANTA DO NORTE;Velocidade Incompatï¿½vel;Saï¿½da de leito carroï¿½ï¿½vel;Com Vï¿½timas Feridas;Pleno dia;Cï¿½u Claro;Simples;Reta;Nï¿½o;0;0
2025-06-15;domingo;17:00:00;SC;282;SAUDADES;Transitar na contramï¿½o;Colisï¿½o frontal;Com Vï¿½timas Fatais;Pleno dia;Nublado;Simples;Curva;Nï¿½o;1;1
2025-06-15;domingo;20:00:00;RJ;101;CAMPOS DOS GOYTACAZES;Ausï¿½ncia de reaï¿½ï¿½o do condutor;Colisï¿½o transversal;Com Vï¿½timas Feridas;Plena Noite;Nublado;Simples;"Reta;Interseï¿½ï¿½o de Vias";Sim;0;0
2025-06-15;domingo;22:25:00;RJ;101;RIO DE JANEIRO;Reaï¿½ï¿½o tardia ou ineficiente do condutor;Capotamento;Com Vï¿½timas Feridas;Plena Noite;Cï¿½u Claro;Dupla;"Ponte;Reta";Nï¿½o;0;0
2025-06-15;domingo;19:00:00;MG;116;DOM CAVATI;Ausï¿½ncia de reaï¿½ï¿½o do condutor;Tombamento;Com Vï¿½timas Feridas;Plena Noite;Cï¿½u Claro;Simples;Ponte;Nï¿½o;0;0
2025-06-15;domingo;17:14:00;GO;153;RIALMA;Ingestï¿½o de ï¿½lcool pelo condutor;Colisï¿½o com objeto;Com Vï¿½timas Feridas;Pleno dia;Cï¿½u Claro;Simples;Reta;Nï¿½o;0;0
2025-06-15;domingo;22:00:00;PA;316;CASTANHAL;Ausï¿½ncia de reaï¿½ï¿½o do condutor;Colisï¿½o traseira;Sem Vï¿½timas;Plena Noite;Cï¿½u Claro;Dupla;Reta;Sim;0;0
2025-06-15;domingo;20:40:00;RS;285;SALDANHA MARINHO;Transitar na contramï¿½o;Colisï¿½o frontal;Com Vï¿½timas Feridas;Plena Noite;Nevoeiro/Neblina;Simples;Reta;Nï¿½o;0;0
2025-06-15;domingo;23:09:00;PE;232;SAIRE;Condutor Dormindo;Colisï¿½o traseira;Com Vï¿½timas Feridas;Plena Noite;Nublado;Dupla;"Reta;Declive";Nï¿½o;0;0
2025-06-16;segunda-feira;00:00:00;ES;101;SERRA;Demais falhas mecï¿½nicas ou elï¿½tricas;Tombamento;Com Vï¿½timas Feridas;Plena Noite;Nublado;Mï¿½ltipla;Reta;Sim;0;0
2025-06-15;domingo;16:50:00;RO;364;PRESIDENTE MEDICI;Ausï¿½ncia de reaï¿½ï¿½o do condutor;Saï¿½da de leito carroï¿½ï¿½vel;Com Vï¿½timas Feridas;Pleno dia;Chuva;Simples;"Declive;Reta";Nï¿½o;0;0
2025-06-15;domingo;22:30:00;RJ;465;QUEIMADOS;Ausï¿½ncia de reaï¿½ï¿½o do condutor;Colisï¿½o transversal;Com Vï¿½timas Feridas;Plena Noite;Cï¿½u Claro;Simples;Reta;Sim;0;0
2025-06-15;domingo;23:43:00;RJ;116;GUAPIMIRIM;Ausï¿½ncia de reaï¿½ï¿½o do condutor;Colisï¿½o traseira;Com Vï¿½timas Feridas;Plena Noite;Cï¿½u Claro;Dupla;Reta;Sim;0;0
2025-06-15;domingo;23:57:00;PB;230;SANTA RITA;Transitar na contramï¿½o;Colisï¿½o frontal;Com Vï¿½timas Fatais;Plena Noite;Cï¿½u Claro;Dupla;Reta;Nï¿½o;1;1
2025-06-15;domingo;23:57:00;PB;230;SANTA RITA;Objeto estï¿½tico sobre o leito carroï¿½ï¿½vel;Saï¿½da de leito carroï¿½ï¿½vel;Com Vï¿½timas Feridas;Plena Noite;Cï¿½u Claro;Dupla;Reta;Nï¿½o;0;0
2025-06-16;segunda-feira;01:00:00;MG;262;UBERABA;Ausï¿½ncia de reaï¿½ï¿½o do condutor;Saï¿½da de leito carroï¿½ï¿½vel;Com Vï¿½timas Feridas;Plena Noite;Cï¿½u Claro;Dupla;"Reta;Aclive";Nï¿½o;0;0
2025-06-16;segunda-feira;00:21:00;RO;364;PORTO VELHO;Trafegar com motocicleta (ou similar) entre as faixas;Queda de ocupante de veï¿½culo;Com Vï¿½timas Feridas;Plena Noite;Cï¿½u Claro;Dupla;Reta;Sim;0;0
2025-06-15;domingo;15:40:00;BA;324;CANDEIAS;Demais falhas mecï¿½nicas ou elï¿½tricas;Incï¿½ndio;Sem Vï¿½timas;Pleno dia;Sol;Dupla;Curva;Nï¿½o;0;0
2025-06-16;segunda-feira;01:30:00;PR;376;MANDAGUARI;Condutor Dormindo;Saï¿½da de leito carroï¿½ï¿½vel;Com Vï¿½timas Feridas;Plena Noite;Chuva;Dupla;Curva;Sim;0;0
2025-06-16;segunda-feira;00:12:00;MT;163;SORRISO;Demais falhas mecï¿½nicas ou elï¿½tricas;Saï¿½da de leito carroï¿½ï¿½vel;Sem Vï¿½timas;Plena Noite;Cï¿½u Claro;Simples;Reta;Nï¿½o;0;0
2025-06-16;segunda-feira;00:45:00;AL;316;ATALAIA;Chuva;Queda de ocupante de veï¿½culo;Sem Vï¿½timas;Plena Noite;Chuva;Simples;"Declive;Curva";Sim;0;0
2025-06-16;segunda-feira;02:15:00;PE;101;RECIFE;Acessar a via sem observar a presenï¿½a dos outros veï¿½culos;Colisï¿½o transversal;Com Vï¿½timas Feridas;Plena Noite;Cï¿½u Claro;Mï¿½ltipla;Reta;Sim;0;0
2025-06-16;segunda-feira;02:35:00;GO;40;LUZIANIA;Condutor Dormindo;Saï¿½da de leito carroï¿½ï¿½vel;Com Vï¿½timas Fatais;Plena Noite;Cï¿½u Claro;Dupla;Reta;Sim;1;1
2025-06-16;segunda-feira;03:15:00;RN;406;CEARA-MIRIM;Condutor Dormindo;Colisï¿½o transversal;Com Vï¿½timas Feridas;Plena Noite;Cï¿½u Claro;Simples;Reta;Nï¿½o;0;0
2025-06-16;segunda-feira;03:20:00;SC;101;BIGUACU;Transitar na contramï¿½o;Colisï¿½o frontal;Com Vï¿½timas Feridas;Plena Noite;Ignorado;Dupla;Reta;Sim;0;0
2025-06-16;segunda-feira;04:35:00;PR;369;ROLANDIA;Reaï¿½ï¿½o tardia ou ineficiente do condutor;Saï¿½da de leito carroï¿½ï¿½vel;Com Vï¿½timas Feridas;Plena Noite;Nublado;Dupla;"Viaduto;Curva";Nï¿½o;0;0
2025-06-16;segunda-feira;05:00:00;MG;381;BETIM;Ausï¿½ncia de reaï¿½ï¿½o do condutor;Tombamento;Com Vï¿½timas Feridas;Plena Noite;Cï¿½u Claro;Mï¿½ltipla;Reta;Sim;0;0
2025-06-16;segunda-feira;05:24:00;PB;230;JOAO PESSOA;Acessar a via sem observar a presenï¿½a dos outros veï¿½culos;Colisï¿½o transversal;Com Vï¿½timas Feridas;Pleno dia;Sol;Dupla;Reta;Sim;0;0
2025-06-16;segunda-feira;02:30:00;CE;222;IRAUCUBA;Estacionar ou parar em local proibido;Colisï¿½o traseira;Com Vï¿½timas Feridas;Pleno dia;Cï¿½u Claro;Simples;Reta;Nï¿½o;0;0