data_inversa;dia_semana;horario;uf;br;municipio;causa_acidente;tipo_acidente;classificacao_acidente;fase_dia;condicao_metereologica;tipo_pista;tracado_via;uso_solo;mortos;acidente_fatal
2025-06-27;sexta-feira;19:40:00;PR;376;MARINGA;Condutor deixou de manter distï¿½ncia do veï¿½culo da frente;Colisï¿½o traseira;Com Vï¿½timas Feridas;Plena Noite;Cï¿½u Claro;Dupla;Reta;Nï¿½o;0;0
2025-06-27;sexta-feira;19:50:00;ES;101;IBIRACU;Transitar na contramï¿½o;Colisï¿½o frontal;Com Vï¿½timas Feridas;Plena Noite;Cï¿½u Claro;Simples;Reta;Sim;0;0
2025-06-27;sexta-feira;18:50:00;RS;392;SAO SEPE;Transitar na contramï¿½o;Colisï¿½o lateral sentido oposto;Com Vï¿½timas Feridas;Plena Noite;Nublado;Simples;Reta;Nï¿½o;0;0
2025-06-27;sexta-feira;19:30:00;BA;101;SANTO ANTONIO DE JESUS;Frear bruscamente;Tombamento;Com Vï¿½timas Feridas;Plena Noite;Cï¿½u Claro;Mï¿½ltipla;Reta;Sim;0;0
2025-06-27;sexta-feira;18:10:00;PB;230;CAJAZEIRAS;Transitar na contramï¿½o;Colisï¿½o transversal;Com Vï¿½timas Feridas;Anoitecer;Cï¿½u Claro;Simples;Curva;Sim;0;0
2025-06-27;sexta-feira;19:00:00;RS;386;SOLEDADE;Acessar a via sem observar a presenï¿½a dos outros veï¿½culos;Colisï¿½o transversal;Com Vï¿½timas Feridas;Plena Noite;Nublado;Simples;"Reta;Em Obras";Sim;0;0
2025-06-27;sexta-feira;17:40:00;SC;470;INDAIAL;Trafegar com motocicleta (ou similar) entre as faixas;Colisï¿½o lateral sentido oposto;Com Vï¿½timas Feridas;Anoitecer;Nublado;Simples;"Reta;Em Obras";Sim;0;0
2025-02-07;sexta-feira;19:52:00;GO;70;AGUAS LINDAS DE GOIAS;Pedestre cruzava a pista fora da faixa;Atropelamento de Pedestre;Com Vï¿½timas Feridas;Plena Noite;Cï¿½u Claro;Dupla;Reta;Sim;0;0
2025-06-27;sexta-feira;19:30:00;CE;222;TIANGUA;Manobra de mudanï¿½a de faixa;Colisï¿½o lateral mesmo sentido;Com Vï¿½timas Feridas;Plena Noite;Cï¿½u Claro;Simples;"Reta;Interseï¿½ï¿½o de Vias;Viaduto";Sim;0;0
2025-06-27;sexta-feira;19:40:00;ES;101;ANCHIETA;Entrada inopinada do pedestre;Atropelamento de Pedestre;Com Vï¿½timas Fatais;Plena Noite;Cï¿½u Claro;Dupla;Reta;Nï¿½o;1;1
2025-06-27;sexta-feira;19:30:00;PI;316;DEMERVAL LOBAO;Animais na Pista;Atropelamento de Animal;Com Vï¿½timas Feridas;Plena Noite;Cï¿½u Claro;Dupla;Reta;Nï¿½o;0;0
2025-06-27;sexta-feira;20:00:00;SC;470;INDAIAL;Entrada inopinada do pedestre;Atropelamento de Pedestre;Com Vï¿½timas Feridas;Plena Noite;Ignorado;Simples;"Reta;Em Obras";Sim;0;0
2025-06-27;sexta-feira;21:00:00;SE;235;ITABAIANA;Pedestre - Ingestï¿½o de ï¿½lcool/ substï¿½ncias psicoativas;Atropelamento de Pedestre;Com Vï¿½timas Feridas;Plena Noite;Nublado;Simples;Reta;Sim;0;0
2025-06-27;sexta-feira;19:00:00;PA;163;SANTAREM;Transitar na contramï¿½o;Colisï¿½o frontal;Com Vï¿½timas Feridas;Plena Noite;Cï¿½u Claro;Simples;Reta;Nï¿½o;0;0
2025-06-27;sexta-feira;19:55:00;MA;222;ITINGA DO MARANHAO;Reaï¿½ï¿½o tardia ou ineficiente do condutor;Colisï¿½o traseira;Com Vï¿½timas Feridas;Plena Noite;Cï¿½u Claro;Simples;Aclive;Nï¿½o;0;0
2025-06-27;sexta-feira;21:00:00;RN;405;PAU DOS FERROS;Ausï¿½ncia de reaï¿½ï¿½o do condutor;Saï¿½da de leito carroï¿½ï¿½vel;Com Vï¿½timas Fatais;Plena Noite;Cï¿½u Claro;Simples;Curva;Nï¿½o;1;1
2025-06-27;sexta-feira;21:30:00;RJ;101;ITABORAI;Manobra de mudanï¿½a de faixa;Colisï¿½o lateral mesmo sentido;Com Vï¿½timas Feridas;Plena Noite;Cï¿½u Claro;Dupla;Reta;Sim;0;0
2025-06-27;sexta-feira;19:35:00;RJ;101;RIO BONITO;Reaï¿½ï¿½o tardia ou ineficiente do condutor;Colisï¿½o traseira;Com Vï¿½timas Feridas;Plena Noite;Cï¿½u Claro;Dupla;Curva;Sim;0;0
2025-06-27;sexta-feira;18:15:00;RJ;40;TRES RIOS;Demais falhas mecï¿½nicas ou elï¿½tricas;Incï¿½ndio;Sem Vï¿½timas;Plena Noite;Cï¿½u Claro;Simples;"Aclive;Curva";Nï¿½o;0;0
2025-06-12;quinta-feira;04:45:00;RJ;116;DUQUE DE CAXIAS;Animais na Pista;Tombamento;Com Vï¿½timas Feridas;Amanhecer;Chuva;Dupla;Reta;Sim;0;0
2025-06-27;sexta-feira;21:00:00;SC;101;ARARANGUA;Ausï¿½ncia de reaï¿½ï¿½o do condutor;Colisï¿½o lateral mesmo sentido;Com Vï¿½timas Feridas;Plena Noite;Nublado;Simples;Rotatï¿½ria;Sim;0;0
2025-06-27;sexta-feira;22:10:00;GO;452;RIO VERDE;Reaï¿½ï¿½o tardia ou ineficiente do condutor;Colisï¿½o com objeto;Sem Vï¿½timas;Plena Noite;Cï¿½u Claro;Dupla;Reta;Sim;0;0
2025-06-27;sexta-feira;21:20:00;MS;60;SIDROLANDIA;Acessar a via sem observar a presenï¿½a dos outros veï¿½culos;Colisï¿½o transversal;Com Vï¿½timas Feridas;Plena Noite;Cï¿½u Claro;Simples;Reta;Nï¿½o;0;0
2025-06-27;sexta-feira;22:00:00;PE;101;RECIFE;Ausï¿½ncia de reaï¿½ï¿½o do condutor;Atropelamento de Pedestre;Com Vï¿½timas Feridas;Plena Noite;Cï¿½u Claro;Dupla;Reta;Nï¿½o;0;0
2025-06-27;sexta-feira;21:55:00;RS;101;TERRA DE AREIA;Ausï¿½ncia de reaï¿½ï¿½o do condutor;Colisï¿½o com objeto;Com Vï¿½timas Feridas;Plena Noite;Cï¿½u Claro;Dupla;Reta;Sim;0;0
2025-06-27;sexta-feira;22:00:00;SC;101;TIJUCAS;Ausï¿½ncia de reaï¿½ï¿½o do condutor;Capotamento;Sem Vï¿½timas;Plena Noite;Cï¿½u Claro;Dupla;Declive;Sim;0;0
2025-06-27;sexta-feira;22:00:00;CE;116;FORTALEZA;Manobra de mudanï¿½a de faixa;Colisï¿½o lateral mesmo sentido;Com Vï¿½timas Feridas;Plena Noite;Cï¿½u Claro;Dupla;Reta;Sim;0;0
2025-06-27;sexta-feira;18:24:00;MG;365;PATOS DE MINAS;Ultrapassagem Indevida;Colisï¿½o lateral sentido oposto;Com Vï¿½timas Feridas;Anoitecer;Cï¿½u Claro;Simples;"Reta;Aclive";Nï¿½o;0;0
2025-06-27;sexta-feira;21:30:00;RJ;101;ITAGUAI;Velocidade Incompatï¿½vel;Colisï¿½o traseira;Com Vï¿½timas Feridas;Plena Noite;Cï¿½u Claro;Dupla;Reta;Sim;0;0
2025-06-27;sexta-feira;20:30:00;MS;419;NIOAQUE;Reaï¿½ï¿½o tardia ou ineficiente do condutor;Saï¿½da de leito carroï¿½ï¿½vel;Com Vï¿½timas Feridas;Plena Noite;Cï¿½u Claro;Simples;Reta;Nï¿½o;0;0
2025-06-27;sexta-feira;22:40:00;PR;116;SAO JOSE DOS PINHAIS;Manobra de mudanï¿½a de faixa;Colisï¿½o lateral mesmo sentido;Com Vï¿½timas Feridas;Plena Noite;Nublado;Dupla;"Retorno Regulamentado;Interseï¿½ï¿½o de Vias;Viaduto;Reta";Nï¿½o;0;0
2025-06-27;sexta-feira;19:14:00;RN;226;CAMPO REDONDO;Animais na Pista;Atropelamento de Animal;Com Vï¿½timas Feridas;Plena Noite;Cï¿½u Claro;Simples;"Aclive;Curva";Nï¿½o;0;0
2025-06-27;sexta-feira;22:10:00;RJ;101;ANGRA DOS REIS;Conversï¿½o proibida;Colisï¿½o transversal;Com Vï¿½timas Feridas;Plena Noite;Cï¿½u Claro;Simples;Curva;Sim;0;0
2025-06-27;sexta-feira;19:18:00;AC;317;BRASILEIA;Transitar na contramï¿½o;Colisï¿½o lateral sentido oposto;Com Vï¿½timas Feridas;Plena Noite;Cï¿½u Claro;Simples;Reta;Nï¿½o;0;0
2025-06-27;sexta-feira;21:00:00;SC;280;IRINEOPOLIS;Transitar na contramï¿½o;Colisï¿½o frontal;Com Vï¿½timas Feridas;Plena Noite;Nublado;Simples;Reta;Sim;0;0
2025-06-27;sexta-feira;23:20:00;SE;101;NOSSA SENHORA DO SOCORRO;Ingestï¿½o de ï¿½lcool pelo condutor;Colisï¿½o com objeto;Sem Vï¿½timas;Plena Noite;Garoa/Chuvisco;Mï¿½ltipla;Reta;Nï¿½o;0;0
2025-06-27;sexta-feira;21:50:00;MA;10;IMPERATRIZ;Acessar a via sem observar a presenï¿½a dos outros veï¿½culos;Colisï¿½o lateral mesmo sentido;Sem Vï¿½timas;Plena Noite;Cï¿½u Claro;Simples;Reta;Sim;0;0
2025-06-27;sexta-feira;23:09:00;CE;116;FORTALEZA;Manobra de mudanï¿½a de faixa;Colisï¿½o lateral mesmo sentido;Com Vï¿½timas Feridas;Plena Noite;Cï¿½u Claro;Dupla;Viaduto;Sim;0;0
2025-06-27;sexta-feira;23:05:00;PE;232;JABOATAO DOS GUARARAPES;Acessar a via sem observar a presenï¿½a dos outros veï¿½culos;Colisï¿½o lateral mesmo sentido;Com Vï¿½timas Feridas;Plena Noite;Chuva;Dupla;Reta;Nï¿½o;0;0
2025-06-27;sexta-feira;23:25:00;MG;40;NOVA LIMA;Reaï¿½ï¿½o tardia ou ineficiente do condutor;Colisï¿½o lateral mesmo sentido;Sem Vï¿½timas;Plena Noite;Cï¿½u Claro;Dupla;"Curva;Em Obras";Nï¿½o;0;0
2025-06-27;sexta-feira;23:30:00;CE;116;FORTALEZA;Manobra de mudanï¿½a de faixa;Colisï¿½o frontal;Com Vï¿½timas Feridas;Plena Noite;Cï¿½u Claro;Simples;"Declive;Viaduto;Curva";Sim;0;0
2025-06-28;sï¿½bado;00:00:00;SP;116;MIRACATU;Ausï¿½ncia de reaï¿½ï¿½o do condutor;Capotamento;Com Vï¿½timas Feridas;Plena Noite;Garoa/Chuvisco;Dupla;Reta;Nï¿½o;0;0
2025-06-27;sexta-feira;21:30:00;MA;10;IMPERATRIZ;Condutor deixou de manter distï¿½ncia do veï¿½culo da frente;Engavetamento;Sem Vï¿½timas;Plena Noite;Cï¿½u Claro;Simples;Reta;Sim;0;0
2025-06-27;sexta-feira;22:40:00;RJ;116;MAGE;Animais na Pista;Atropelamento de Animal;Com Vï¿½timas Feridas;Plena Noite;Cï¿½u Claro;Dupla;Reta;Sim;0;0
2025-06-27;sexta-feira;22:30:00;MS;158;PARANAIBA;Ingestï¿½o de ï¿½lcool pelo condutor;Saï¿½da de leito carroï¿½ï¿½vel;Sem Vï¿½timas;Anoitecer;Cï¿½u Claro;Dupla;Reta;Nï¿½o;0;0
2025-06-27;sexta-feira;23:40:00;PE;101;RECIFE;Acessar a via sem observar a presenï¿½a dos outros veï¿½culos;Colisï¿½o lateral mesmo sentido;Sem Vï¿½timas;Plena Noite;Cï¿½u Claro;Mï¿½ltipla;Reta;Sim;0;0
2025-05-18;domingo;10:00:00;MG;40;RIBEIRAO DAS NEVES;Velocidade Incompatï¿½vel;Colisï¿½o traseira;Com Vï¿½timas Feridas;Pleno dia;Cï¿½u Claro;Dupla;Curva;Sim;0;0
2025-06-28;sï¿½bado;01:00:00;SC;101;PALHOCA;Ausï¿½ncia de reaï¿½ï¿½o do condutor;Colisï¿½o com objeto;Sem Vï¿½timas;Plena Noite;Nublado;Mï¿½ltipla;Reta;Nï¿½o;0;0
2025-06-28;sï¿½bado;00:50:00;SC;282;RANCHO QUEIMADO;Velocidade Incompatï¿½vel;Saï¿½da de leito carroï¿½ï¿½vel;Com Vï¿½timas Feridas;Plena Noite;Nublado;Simples;Curva;Nï¿½o;0;0
2025-06-28;sï¿½bado;01:00:00;PR;158;PATO BRANCO;Ingestï¿½o de ï¿½lcool pelo condutor;Colisï¿½o frontal;Sem Vï¿½timas;Plena Noite;Nublado;Simples;Reta;Sim;0;0
2025-06-28;sï¿½bado;01:30:00;PA;316;SANTA IZABEL DO PARA;Demais falhas mecï¿½nicas ou elï¿½tricas;Colisï¿½o traseira;Sem Vï¿½timas;Plena Noite;Cï¿½u Claro;Dupla;Reta;Sim;0;0
2025-06-28;sï¿½bado;01:15:00;MT;163;SINOP;Ingestï¿½o de ï¿½lcool pelo condutor;Queda de ocupante de veï¿½culo;Sem Vï¿½timas;Plena Noite;Nublado;Simples;"Reta;Desvio Temporï¿½rio;Em Obras";Sim;0;0
2025-06-28;sï¿½bado;01:00:00;MT;163;SINOP;Ausï¿½ncia de reaï¿½ï¿½o do condutor;Queda de ocupante de veï¿½culo;Com Vï¿½timas Feridas;Pleno dia;Cï¿½u Claro;Simples;"Em Obras;Reta";Nï¿½o;0;0
2025-06-28;sï¿½bado;03:00:00;GO;60;GOIANIA;Condutor deixou de manter distï¿½ncia do veï¿½culo da frente;Colisï¿½o traseira;Com Vï¿½timas Feridas;Plena Noite;Cï¿½u Claro;Mï¿½ltipla;Reta;Nï¿½o;0;0
2025-06-27;sexta-feira;11:30:00;RO;364;JI-PARANA;Manobra de mudanï¿½a de faixa;Colisï¿½o transversal;Sem Vï¿½timas;Pleno dia;Cï¿½u Claro;Dupla;Reta;Sim;0;0
2025-06-28;sï¿½bado;03:30:00;PI;343;CAMPO MAIOR;Condutor Dormindo;Colisï¿½o com objeto;Com Vï¿½timas Feridas;Plena Noite;Cï¿½u Claro;Mï¿½ltipla;Reta;Nï¿½o;0;0
2025-06-28;sï¿½bado;03:50:00;RS;386;SARANDI;Condutor usando celular;Saï¿½da de leito carroï¿½ï¿½vel;Sem Vï¿½timas;Plena Noite;Chuva;Simples;Reta;Nï¿½o;0;0
2025-06-28;sï¿½bado;02:00:00;PB;230;JUAZEIRINHO;Reaï¿½ï¿½o tardia ou ineficiente do condutor;Saï¿½da de leito carroï¿½ï¿½vel;Com Vï¿½timas Feridas;Plena Noite;Nublado;Simples;"Declive;Reta";Nï¿½o;0;0
2025-06-28;sï¿½bado;01:50:00;SC;470;SAO CRISTOVAO DO SUL;Transitar na contramï¿½o;Colisï¿½o lateral sentido oposto;Com Vï¿½timas Feridas;Plena Noite;Garoa/Chuvisco;Simples;Reta;Nï¿½o;0;0
2025-06-28;sï¿½bado;04:00:00;RJ;101;ITABORAI;Ausï¿½ncia de reaï¿½ï¿½o do condutor;Colisï¿½o com objeto;Com Vï¿½timas Feridas;Plena Noite;Cï¿½u Claro;Dupla;Curva;Sim;0;0
2025-06-28;sï¿½bado;04:55:00;SP;153;ICEM;Entrada inopinada do pedestre;Atropelamento de Pedestre;Com Vï¿½timas Feridas;Amanhecer;Cï¿½u Claro;Simples;"Declive;Rotatï¿½ria";Nï¿½o;0;0
2025-06-28;sï¿½bado;05:30:00;RJ;116;NOVA IGUACU;Ausï¿½ncia de reaï¿½ï¿½o do condutor;Colisï¿½o com objeto;Com Vï¿½timas Feridas;Amanhecer;Cï¿½u Claro;Dupla;Reta;Nï¿½o;0;0
2025-06-28;sï¿½bado;05:00:00;SC;158;CUNHA PORA;Ingestï¿½o de ï¿½lcool pelo condutor;Colisï¿½o traseira;Com Vï¿½timas Feridas;Plena Noite;Cï¿½u Claro;Simples;Rotatï¿½ria;Nï¿½o;0;0
2025-06-28;sï¿½bado;05:45:00;BA;101;EUNAPOLIS;Transitar na contramï¿½o;Colisï¿½o frontal;Com Vï¿½timas Fatais;Amanhecer;Cï¿½u Claro;Simples;Reta;Sim;1;1
2025-06-28;sï¿½bado;05:15:00;PR;277;CAMPO LARGO;Reaï¿½ï¿½o tardia ou ineficiente do condutor;Saï¿½da de leito carroï¿½ï¿½vel;Sem Vï¿½timas;Plena Noite;Garoa/Chuvisco;Dupla;Reta;Nï¿½o;0;0
2025-06-28;sï¿½bado;06:15:00;PR;277;FOZ DO IGUACU;Condutor deixou de manter distï¿½ncia do veï¿½culo da frente;Colisï¿½o traseira;Sem Vï¿½timas;Amanhecer;Garoa/Chuvisco;Dupla;"Declive;Reta";Sim;0;0
2025-06-28;sï¿½bado;05:13:00;MT;163;SINOP;Ausï¿½ncia de reaï¿½ï¿½o do condutor;Saï¿½da de leito carroï¿½ï¿½vel;Sem Vï¿½timas;Amanhecer;Cï¿½u Claro;Simples;Curva;Sim;0;0
2025-06-28;sï¿½bado;06:20:00;MG;381;POUSO ALEGRE;Reaï¿½ï¿½o tardia ou ineficiente do condutor;Colisï¿½o traseira;Com Vï¿½timas Feridas;Pleno dia;Cï¿½u Claro;Dupla;"Declive;Reta";Sim;0;0
2025-06-28;sï¿½bado;05:15:00;MT;163;SINOP;Retorno proibido;Colisï¿½o lateral mesmo sentido;Com Vï¿½timas Feridas;Amanhecer;Nublado;Simples;Reta;Sim;0;0
2025-06-28;sï¿½bado;05:30:00;RJ;116;MAGE;Ausï¿½ncia de reaï¿½ï¿½o do condutor;Atropelamento de Animal;Com Vï¿½timas Feridas;Amanhecer;Cï¿½u Claro;Dupla;Reta;Nï¿½o;0;0
2025-06-28;sï¿½bado;06:00:00;ES;101;SERRA;Manobra de mudanï¿½a de faixa;Colisï¿½o lateral mesmo sentido;Com Vï¿½timas Feridas;Pleno dia;Sol;Mï¿½ltipla;Reta;Sim;0;0
2025-06-28;sï¿½bado;06:35:00;SC;101;ITAPEMA;Chuva;Colisï¿½o com objeto;Com Vï¿½timas Feridas;Amanhecer;Chuva;Mï¿½ltipla;Reta;Sim;0;0
2025-06-28;sï¿½bado;06:20:00;RS;285;CARAZINHO;Transitar na contramï¿½o;Colisï¿½o frontal;Com Vï¿½timas Feridas;Amanhecer;Garoa/Chuvisco;Simples;Curva;Nï¿½o;0;0
2025-06-28;sï¿½bado;07:20:00;PR;376;GUARATUBA;Ausï¿½ncia de reaï¿½ï¿½o do condutor;Saï¿½da de leito carroï¿½ï¿½vel;Com Vï¿½timas Feridas;Pleno dia;Garoa/Chuvisco;Dupla;Curva;Nï¿½o;0;0
2025-06-28;sï¿½bado;07:50:00;BA;324;SALVADOR;Avarias e/ou desgaste excessivo no pneu;Queda de ocupante de veï¿½culo;Com Vï¿½timas Feridas;Pleno dia;Chuva;Dupla;Reta;Sim;0;0
2025-06-28;sï¿½bado;07:00:00;GO;414;COCALZINHO DE GOIAS;Condutor Dormindo;Saï¿½da de leito carroï¿½ï¿½vel;Com Vï¿½timas Feridas;Pleno dia;Cï¿½u Claro;Simples;"Reta;Aclive";Nï¿½o;0;0
2025-06-28;sï¿½bado;05:50:00;AL;423;AGUA BRANCA;Demais falhas mecï¿½nicas ou elï¿½tricas;Incï¿½ndio;Sem Vï¿½timas;Amanhecer;Nublado;Simples;"Reta;Ponte";Nï¿½o;0;0
2025-06-28;sï¿½bado;08:00:00;GO;153;RIALMA;Condutor deixou de manter distï¿½ncia do veï¿½culo da frente;Saï¿½da de leito carroï¿½ï¿½vel;Com Vï¿½timas Feridas;Pleno dia;Cï¿½u Claro;Simples;"Reta;Aclive";Nï¿½o;0;0
2025-06-28;sï¿½bado;07:11:00;SC;280;CANOINHAS;Ingestï¿½o de ï¿½lcool pelo condutor;Colisï¿½o frontal;Com Vï¿½timas Feridas;Pleno dia;Chuva;Simples;Reta;Nï¿½o;0;0
2025-06-28;sï¿½bado;08:18:00;DF;70;BRASILIA;Manobra de mudanï¿½a de faixa;Colisï¿½o lateral mesmo sentido;Com Vï¿½timas Feridas;Pleno dia;Cï¿½u Claro;Dupla;"Aclive;Reta";Nï¿½o;0;0
2025-06-28;sï¿½bado;08:40:00;PR;272;GUAIRA;Condutor deixou de manter distï¿½ncia do veï¿½culo da frente;Colisï¿½o traseira;Com Vï¿½timas Feridas;Pleno dia;Cï¿½u Claro;Simples;Reta;Nï¿½o;0;0
2025-06-28;sï¿½bado;07:53:00;SC;101;BIGUACU;Reaï¿½ï¿½o tardia ou ineficiente do condutor;Colisï¿½o com objeto;Com Vï¿½timas Feridas;Pleno dia;Chuva;Dupla;Curva;Sim;0;0
2025-06-28;sï¿½bado;08:30:00;SC;101;ITAPEMA;Manobra de mudanï¿½a de faixa;Colisï¿½o com objeto;Com Vï¿½timas Feridas;Pleno dia;Nublado;Mï¿½ltipla;Curva;Sim;0;0
2025-06-28;sï¿½bado;08:50:00;MG;40;RIBEIRAO DAS NEVES;Condutor Dormindo;Saï¿½da de leito carroï¿½ï¿½vel;Com Vï¿½timas Feridas;Pleno dia;Cï¿½u Claro;Dupla;Reta;Nï¿½o;0;0
2025-06-28;sï¿½bado;10:00:00;PE;232;RECIFE;Reaï¿½ï¿½o tardia ou ineficiente do condutor;Tombamento;Com Vï¿½timas Feridas;Pleno dia;Chuva;Dupla;Curva;Sim;0;0
2025-06-20;sexta-feira;20:00:00;MA;316;GOVERNADOR NUNES FREIRE;Transitar na contramï¿½o;Colisï¿½o frontal;Com Vï¿½timas Fatais;Plena Noite;Cï¿½u Claro;Simples;Reta;Nï¿½o;1;1
2025-06-28;sï¿½bado;08:30:00;RO;364;JI-PARANA;Ausï¿½ncia de reaï¿½ï¿½o do condutor;Colisï¿½o traseira;Com Vï¿½timas Feridas;Pleno dia;Cï¿½u Claro;Simples;Reta;Sim;0;0
2025-06-28;sï¿½bado;10:00:00;TO;153;ARAGUAINA;Reaï¿½ï¿½o tardia ou ineficiente do condutor;Eventos atï¿½picos;Com Vï¿½timas Feridas;Pleno dia;Cï¿½u Claro;Dupla;"Reta;Viaduto";Sim;0;0
2025-06-28;sï¿½bado;08:40:00;RJ;101;ANGRA DOS REIS;Velocidade Incompatï¿½vel;Capotamento;Com Vï¿½timas Feridas;Pleno dia;Sol;Simples;Curva;Nï¿½o;0;0
2025-06-28;sï¿½bado;09:15:00;SP;262;CASTILHO;Ausï¿½ncia de reaï¿½ï¿½o do condutor;Colisï¿½o com objeto;Com Vï¿½timas Feridas;Pleno dia;Cï¿½u Claro;Simples;Rotatï¿½ria;Nï¿½o;0;0
2025-06-28;sï¿½bado;11:20:00;SP;116;SAO JOSE DOS CAMPOS;Manobra de mudanï¿½a de faixa;Colisï¿½o lateral mesmo sentido;Com Vï¿½timas Feridas;Pleno dia;Sol;Mï¿½ltipla;Reta;Sim;0;0
2025-06-25;quarta-feira;07:10:00;BA;116;VITORIA DA CONQUISTA;Manobra de mudanï¿½a de faixa;Colisï¿½o lateral sentido oposto;Com Vï¿½timas Feridas;Pleno dia;Cï¿½u Claro;Simples;Reta;Nï¿½o;0;0
2025-03-01;sï¿½bado;07:10:00;RJ;101;PARATY;Condutor deixou de manter distï¿½ncia do veï¿½culo da frente;Colisï¿½o traseira;Com Vï¿½timas Feridas;Pleno dia;Cï¿½u Claro;Simples;Curva;Sim;0;0
2025-06-28;sï¿½bado;10:10:00;RO;319;PORTO VELHO;Condutor desrespeitou a iluminaï¿½ï¿½o vermelha do semï¿½foro;Colisï¿½o transversal;Com Vï¿½timas Feridas;Pleno dia;Cï¿½u Claro;Dupla;Reta;Sim;0;0
2025-06-28;sï¿½bado;11:56:00;ES;101;SERRA;Ausï¿½ncia de reaï¿½ï¿½o do condutor;Queda de ocupante de veï¿½culo;Com Vï¿½timas Feridas;Pleno dia;Sol;Dupla;Reta;Sim;0;0
2025-06-28;sï¿½bado;11:40:00;BA;324;FEIRA DE SANTANA;Acessar a via sem observar a presenï¿½a dos outros veï¿½culos;Colisï¿½o transversal;Com Vï¿½timas Feridas;Pleno dia;Chuva;Simples;Reta;Sim;0;0
2025-06-28;sï¿½bado;12:55:00;ES;101;ARACRUZ;Reaï¿½ï¿½o tardia ou ineficiente do condutor;Tombamento;Com Vï¿½timas Feridas;Pleno dia;Cï¿½u Claro;Simples;Reta;Nï¿½o;0;0
2025-06-27;sexta-feira;18:40:00;GO;80;MARA ROSA;Ausï¿½ncia de sinalizaï¿½ï¿½o;Colisï¿½o com objeto;Com Vï¿½timas Feridas;Anoitecer;Ignorado;Simples;"Em Obras;Reta";Nï¿½o;0;0
2025-06-28;sï¿½bado;09:20:00;SC;282;BOM RETIRO;Ingestï¿½o de ï¿½lcool pelo condutor;Saï¿½da de leito carroï¿½ï¿½vel;Sem Vï¿½timas;Pleno dia;Chuva;Simples;Reta;Nï¿½o;0;0
2025-06-28;sï¿½bado;04:00:00;RS;116;CAXIAS DO SUL;Reaï¿½ï¿½o tardia ou ineficiente do condutor;Saï¿½da de leito carroï¿½ï¿½vel;Sem Vï¿½timas;Plena Noite;Garoa/Chuvisco;Simples;Curva;Nï¿½o;0;0
2025-06-28;sï¿½bado;10:30:00;PI;343;PIRACURUCA;Condutor usando celular;Colisï¿½o transversal;Com Vï¿½timas Feridas;Pleno dia;Cï¿½u Claro;Simples;"Interseï¿½ï¿½o de Vias;Rotatï¿½ria";Sim;0;0
2025-06-28;sï¿½bado;13:15:00;SP;381;GUARULHOS;Ausï¿½ncia de reaï¿½ï¿½o do condutor;Colisï¿½o traseira;Com Vï¿½timas Feridas;Pleno dia;Cï¿½u Claro;Dupla;"Interseï¿½ï¿½o de Vias;Curva";Sim;0;0
2025-06-28;sï¿½bado;10:30:00;RJ;101;ANGRA DOS REIS;Condutor deixou de manter distï¿½ncia do veï¿½culo da frente;Colisï¿½o traseira;Com Vï¿½timas Feridas;Pleno dia;Cï¿½u Claro;Simples;Reta;Sim;0;0
2025-06-28;sï¿½bado;12:50:00;RJ;101;SAO GONCALO;Avarias e/ou desgaste excessivo no pneu;Tombamento;Com Vï¿½timas Feridas;Pleno dia;Cï¿½u Claro;Dupla;Reta;Sim;0;0
2025-01-28;terï¿½a-feira;17:10:00;DF;70;BRASILIA;Acessar a via sem observar a presenï¿½a dos outros veï¿½culos;Colisï¿½o lateral mesmo sentido;Com Vï¿½timas Feridas;Pleno dia;Cï¿½u Claro;Mï¿½ltipla;Reta;Sim;0;0
2025-06-28;sï¿½bado;13:45:00;BA;110;RIBEIRA DO POMBAL;Pista esburacada;Queda de ocupante de veï¿½culo;Com Vï¿½timas Feridas;Pleno dia;Cï¿½u Claro;Simples;Reta;Nï¿½o;0;0
2025-06-28;sï¿½bado;13:43:00;PE;101;PALMARES;Ultrapassagem Indevida;Colisï¿½o lateral mesmo sentido;Com Vï¿½timas Feridas;Pleno dia;Garoa/Chuvisco;Simples;Reta;Nï¿½o;0;0
2025-06-28;sï¿½bado;14:13:00;SP;116;ITAPECERICA DA SERRA;Entrada inopinada do pedestre;Atropelamento de Pedestre;Com Vï¿½timas Feridas;Pleno dia;Cï¿½u Claro;Dupla;Reta;Sim;0;0
2025-06-28;sï¿½bado;14:10:00;SC;282;XAXIM;Reaï¿½ï¿½o tardia ou ineficiente do condutor;Colisï¿½o lateral mesmo sentido;Com Vï¿½timas Feridas;Pleno dia;Chuva;Simples;"Aclive;Reta";Nï¿½o;0;0
2025-06-28;sï¿½bado;12:20:00;RS;285;PASSO FUNDO;Chuva;Saï¿½da de leito carroï¿½ï¿½vel;Com Vï¿½timas Feridas;Pleno dia;Chuva;Simples;Curva;Sim;0;0
2025-06-28;sï¿½bado;14:20:00;RJ;116;RESENDE;Reaï¿½ï¿½o tardia ou ineficiente do condutor;Tombamento;Com Vï¿½timas Feridas;Pleno dia;Nublado;Dupla;Curva;Nï¿½o;0;0
2025-06-28;sï¿½bado;15:01:00;BA;324;SALVADOR;Avarias e/ou desgaste excessivo no pneu;Queda de ocupante de veï¿½culo;Com Vï¿½timas Feridas;Pleno dia;Cï¿½u Claro;Dupla;Reta;Sim;0;0
2025-06-28;sï¿½bado;14:05:00;SC;101;BALNEARIO CAMBORIU;Reaï¿½ï¿½o tardia ou ineficiente do condutor;Colisï¿½o com objeto;Com Vï¿½timas Feridas;Pleno dia;Chuva;Dupla;"Aclive;Curva";Nï¿½o;0;0