data_inversa;dia_semana;horario;uf;br;municipio;causa_acidente;tipo_acidente;classificacao_acidente;fase_dia;condicao_metereologica;tipo_pista;tracado_via;uso_solo;mortos;acidente_fatal
2025-07-08;terï¿½a-feira;14:35:00;SP;381;ATIBAIA;Velocidade Incompatï¿½vel;Capotamento;Com Vï¿½timas Feridas;Pleno dia;Cï¿½u Claro;Dupla;Reta;Nï¿½o;0;0
2025-06-01;domingo;15:30:00;MG;381;BETIM;Velocidade Incompatï¿½vel;Colisï¿½o traseira;Com Vï¿½timas Feridas;Pleno dia;Cï¿½u Claro;Dupla;"Reta;Aclive";Sim;0;0
2025-07-08;terï¿½a-feira;15:00:00;BA;135;RIACHAO DAS NEVES;Reaï¿½ï¿½o tardia ou ineficiente do condutor;Colisï¿½o com objeto;Com Vï¿½timas Fatais;Pleno dia;Cï¿½u Claro;Simples;Reta;Nï¿½o;1;1
2025-07-08;terï¿½a-feira;15:00:00;PI;343;PARNAIBA;Condutor deixou de manter distï¿½ncia do veï¿½culo da frente;Tombamento;Com Vï¿½timas Feridas;Pleno dia;Cï¿½u Claro;Simples;Reta;Nï¿½o;0;0
2025-07-08;terï¿½a-feira;13:50:00;MG;40;CONSELHEIRO LAFAIETE;Avarias e/ou desgaste excessivo no pneu;Saï¿½da de leito carroï¿½ï¿½vel;Sem Vï¿½timas;Pleno dia;Sol;Simples;Curva;Sim;0;0
2025-07-05;sï¿½bado;19:55:00;MS;262;LADARIO;Acessar a via sem observar a presenï¿½a dos outros veï¿½culos;Atropelamento de Pedestre;Com Vï¿½timas Feridas;Plena Noite;Cï¿½u Claro;Simples;Reta;Nï¿½o;0;0
2025-07-08;terï¿½a-feira;14:00:00;SC;280;ARAQUARI;Transitar na contramï¿½o;Colisï¿½o transversal;Com Vï¿½timas Feridas;Pleno dia;Cï¿½u Claro;Simples;Reta;Nï¿½o;0;0
2025-07-08;terï¿½a-feira;13:15:00;MG;262;NOVA SERRANA;Objeto estï¿½tico sobre o leito carroï¿½ï¿½vel;Saï¿½da de leito carroï¿½ï¿½vel;Com Vï¿½timas Feridas;Pleno dia;Cï¿½u Claro;Dupla;Reta;Nï¿½o;0;0
2025-07-08;terï¿½a-feira;15:25:00;PB;230;JOAO PESSOA;Ausï¿½ncia de reaï¿½ï¿½o do condutor;Colisï¿½o traseira;Com Vï¿½timas Feridas;Pleno dia;Cï¿½u Claro;Dupla;Reta;Sim;0;0
2025-07-08;terï¿½a-feira;12:25:00;SC;101;MARACAJA;Desrespeitar a preferï¿½ncia no cruzamento;Colisï¿½o transversal;Sem Vï¿½timas;Pleno dia;Cï¿½u Claro;Mï¿½ltipla;"Interseï¿½ï¿½o de Vias;Viaduto";Sim;0;0
2025-07-08;terï¿½a-feira;15:30:00;SP;381;SAO PAULO;Demais falhas na via;Colisï¿½o traseira;Sem Vï¿½timas;Pleno dia;Cï¿½u Claro;Mï¿½ltipla;"Reta;Interseï¿½ï¿½o de Vias";Sim;0;0
2025-07-08;terï¿½a-feira;15:00:00;MS;163;MUNDO NOVO;Ausï¿½ncia de reaï¿½ï¿½o do condutor;Saï¿½da de leito carroï¿½ï¿½vel;Com Vï¿½timas Feridas;Pleno dia;Cï¿½u Claro;Simples;Reta;Nï¿½o;0;0
2025-07-08;terï¿½a-feira;16:30:00;RS;392;CERRO LARGO;Reaï¿½ï¿½o tardia ou ineficiente do condutor;Saï¿½da de leito carroï¿½ï¿½vel;Com Vï¿½timas Feridas;Pleno dia;Cï¿½u Claro;Simples;Curva;Nï¿½o;0;0
2025-07-08;terï¿½a-feira;15:00:00;RJ;465;SEROPEDICA;Conversï¿½o proibida;Colisï¿½o transversal;Com Vï¿½timas Feridas;Pleno dia;Cï¿½u Claro;Simples;Reta;Sim;0;0
2025-07-08;terï¿½a-feira;13:05:00;SC;101;PAULO LOPES;Ausï¿½ncia de reaï¿½ï¿½o do condutor;Saï¿½da de leito carroï¿½ï¿½vel;Com Vï¿½timas Feridas;Pleno dia;Sol;Dupla;Reta;Nï¿½o;0;0
2025-07-08;terï¿½a-feira;16:30:00;SC;280;ARAQUARI;Acessar a via sem observar a presenï¿½a dos outros veï¿½culos;Colisï¿½o transversal;Com Vï¿½timas Feridas;Pleno dia;Cï¿½u Claro;Simples;Reta;Sim;0;0
2025-07-08;terï¿½a-feira;16:15:00;PR;376;MANDAGUARI;Retorno proibido;Colisï¿½o transversal;Com Vï¿½timas Feridas;Pleno dia;Cï¿½u Claro;Simples;Reta;Sim;0;0
2025-07-08;terï¿½a-feira;17:15:00;RN;101;PARNAMIRIM;Frear bruscamente;Colisï¿½o traseira;Sem Vï¿½timas;Anoitecer;Nublado;Mï¿½ltipla;Viaduto;Sim;0;0
2025-07-08;terï¿½a-feira;14:50:00;TO;0;ARAGUAINA;Transitar na contramï¿½o;Colisï¿½o lateral mesmo sentido;Sem Vï¿½timas;Pleno dia;Cï¿½u Claro;Dupla;Reta;Sim;0;0
2025-07-08;terï¿½a-feira;16:00:00;PE;232;SERRA TALHADA;Acumulo de areia ou detritos sobre o pavimento;Tombamento;Com Vï¿½timas Feridas;Pleno dia;Nublado;Simples;"Reta;Ponte";Nï¿½o;0;0
2025-07-08;terï¿½a-feira;17:10:00;SC;470;RIO DO SUL;Objeto estï¿½tico sobre o leito carroï¿½ï¿½vel;Colisï¿½o com objeto;Com Vï¿½timas Feridas;Pleno dia;Sol;Simples;Reta;Nï¿½o;0;0
2025-07-08;terï¿½a-feira;17:30:00;PB;101;JOAO PESSOA;Condutor deixou de manter distï¿½ncia do veï¿½culo da frente;Colisï¿½o transversal;Com Vï¿½timas Feridas;Anoitecer;Cï¿½u Claro;Dupla;Retorno Regulamentado;Sim;0;0
2025-06-20;sexta-feira;19:50:00;MG;381;BETIM;Ausï¿½ncia de reaï¿½ï¿½o do condutor;Colisï¿½o traseira;Com Vï¿½timas Feridas;Plena Noite;Cï¿½u Claro;Dupla;"Reta;Declive";Nï¿½o;0;0
2025-07-08;terï¿½a-feira;17:30:00;PB;230;JOAO PESSOA;Reaï¿½ï¿½o tardia ou ineficiente do condutor;Tombamento;Com Vï¿½timas Feridas;Anoitecer;Cï¿½u Claro;Dupla;Reta;Sim;0;0
2025-07-08;terï¿½a-feira;17:40:00;SC;101;SAO JOSE;Condutor deixou de manter distï¿½ncia do veï¿½culo da frente;Colisï¿½o transversal;Sem Vï¿½timas;Anoitecer;Cï¿½u Claro;Dupla;"Curva;Interseï¿½ï¿½o de Vias";Sim;0;0
2025-07-08;terï¿½a-feira;18:10:00;SC;282;PALHOCA;Acessar a via sem observar a presenï¿½a dos outros veï¿½culos;Colisï¿½o transversal;Com Vï¿½timas Feridas;Plena Noite;Cï¿½u Claro;Simples;Interseï¿½ï¿½o de Vias;Nï¿½o;0;0
2025-07-08;terï¿½a-feira;18:00:00;PR;0;SANTA TEREZINHA DE ITAIPU;Reaï¿½ï¿½o tardia ou ineficiente do condutor;Colisï¿½o traseira;Sem Vï¿½timas;Anoitecer;Cï¿½u Claro;Dupla;Reta;Sim;0;0
2025-07-08;terï¿½a-feira;12:00:00;SC;282;LAGES;Animais na Pista;Atropelamento de Animal;Sem Vï¿½timas;Pleno dia;Nublado;Simples;Reta;Nï¿½o;0;0
2025-07-08;terï¿½a-feira;18:00:00;PR;163;GUAIRA;Condutor deixou de manter distï¿½ncia do veï¿½culo da frente;Colisï¿½o traseira;Com Vï¿½timas Feridas;Anoitecer;Cï¿½u Claro;Simples;Reta;Nï¿½o;0;0
2025-07-08;terï¿½a-feira;18:30:00;SC;153;CONCORDIA;Acesso irregular;Colisï¿½o frontal;Com Vï¿½timas Feridas;Plena Noite;Cï¿½u Claro;Simples;Curva;Nï¿½o;0;0
2025-07-08;terï¿½a-feira;17:40:00;PR;376;CURITIBA;Trafegar com motocicleta (ou similar) entre as faixas;Colisï¿½o traseira;Com Vï¿½timas Feridas;Anoitecer;Cï¿½u Claro;Dupla;Viaduto;Sim;0;0
2025-07-08;terï¿½a-feira;17:20:00;PR;277;BALSA NOVA;Acessar a via sem observar a presenï¿½a dos outros veï¿½culos;Saï¿½da de leito carroï¿½ï¿½vel;Sem Vï¿½timas;Pleno dia;Cï¿½u Claro;Simples;"Declive;Reta";Nï¿½o;0;0
2025-07-08;terï¿½a-feira;19:05:00;PE;101;ABREU E LIMA;Reaï¿½ï¿½o tardia ou ineficiente do condutor;Tombamento;Com Vï¿½timas Feridas;Plena Noite;Cï¿½u Claro;Mï¿½ltipla;Reta;Nï¿½o;0;0
2025-07-08;terï¿½a-feira;18:50:00;SC;101;TUBARAO;Reaï¿½ï¿½o tardia ou ineficiente do condutor;Queda de ocupante de veï¿½culo;Com Vï¿½timas Feridas;Plena Noite;Cï¿½u Claro;Dupla;Reta;Sim;0;0
2025-07-08;terï¿½a-feira;18:30:00;PR;277;FOZ DO IGUACU;Entrada inopinada do pedestre;Atropelamento de Pedestre;Com Vï¿½timas Feridas;Anoitecer;Cï¿½u Claro;Dupla;Reta;Sim;0;0
2025-07-08;terï¿½a-feira;18:30:00;RS;116;PELOTAS;Acessar a via sem observar a presenï¿½a dos outros veï¿½culos;Colisï¿½o transversal;Com Vï¿½timas Feridas;Plena Noite;Nublado;Mï¿½ltipla;Viaduto;Sim;0;0
2025-07-08;terï¿½a-feira;18:16:00;MA;135;SAO LUIS;Entrada inopinada do pedestre;Atropelamento de Pedestre;Sem Vï¿½timas;Plena Noite;Cï¿½u Claro;Dupla;Declive;Sim;0;0
2025-07-08;terï¿½a-feira;19:00:00;RJ;393;BARRA DO PIRAI;Ingestï¿½o de ï¿½lcool pelo condutor;Tombamento;Com Vï¿½timas Feridas;Plena Noite;Cï¿½u Claro;Simples;Reta;Nï¿½o;0;0
2025-07-08;terï¿½a-feira;17:30:00;RO;364;PORTO VELHO;Acessar a via sem observar a presenï¿½a dos outros veï¿½culos;Colisï¿½o lateral mesmo sentido;Com Vï¿½timas Feridas;Anoitecer;Cï¿½u Claro;Dupla;"Reta;Interseï¿½ï¿½o de Vias";Sim;0;0
2025-07-08;terï¿½a-feira;20:00:00;RS;386;MONTENEGRO;Demais falhas mecï¿½nicas ou elï¿½tricas;Tombamento;Com Vï¿½timas Feridas;Pleno dia;Cï¿½u Claro;Dupla;"Reta;Viaduto";Nï¿½o;0;0
2025-07-08;terï¿½a-feira;19:15:00;GO;153;PIRENOPOLIS;Acessar a via sem observar a presenï¿½a dos outros veï¿½culos;Colisï¿½o transversal;Com Vï¿½timas Feridas;Plena Noite;Cï¿½u Claro;Simples;Interseï¿½ï¿½o de Vias;Nï¿½o;0;0
2025-05-09;sexta-feira;19:50:00;ES;101;SOORETAMA;Ausï¿½ncia de reaï¿½ï¿½o do condutor;Queda de ocupante de veï¿½culo;Com Vï¿½timas Feridas;Plena Noite;Cï¿½u Claro;Simples;Reta;Sim;0;0
2025-07-08;terï¿½a-feira;17:40:00;SC;116;LAGES;Suicï¿½dio (presumido);Colisï¿½o com objeto;Com Vï¿½timas Feridas;Pleno dia;Nublado;Simples;Curva;Nï¿½o;0;0
2025-07-08;terï¿½a-feira;18:20:00;MG;116;MURIAE;Ingestï¿½o de ï¿½lcool pelo condutor;Tombamento;Com Vï¿½timas Feridas;Plena Noite;Cï¿½u Claro;Simples;Reta;Sim;0;0
2025-07-08;terï¿½a-feira;18:50:00;RJ;116;MAGE;Acessar a via sem observar a presenï¿½a dos outros veï¿½culos;Colisï¿½o lateral mesmo sentido;Com Vï¿½timas Feridas;Plena Noite;Nublado;Dupla;"Reta;Desvio Temporï¿½rio";Nï¿½o;0;0
2025-07-08;terï¿½a-feira;18:44:00;RJ;40;DUQUE DE CAXIAS;Reaï¿½ï¿½o tardia ou ineficiente do condutor;Colisï¿½o traseira;Com Vï¿½timas Feridas;Plena Noite;Cï¿½u Claro;Mï¿½ltipla;Reta;Sim;0;0
2025-05-09;sexta-feira;18:30:00;ES;101;LINHARES;Acessar a via sem observar a presenï¿½a dos outros veï¿½culos;Colisï¿½o transversal;Com Vï¿½timas Feridas;Anoitecer;Cï¿½u Claro;Simples;Curva;Nï¿½o;0;0
2025-07-08;terï¿½a-feira;20:40:00;SP;116;GUARULHOS;Sinalizaï¿½ï¿½o mal posicionada;Colisï¿½o com objeto;Com Vï¿½timas Feridas;Plena Noite;Cï¿½u Claro;Mï¿½ltipla;"Reta;Em Obras;Desvio Temporï¿½rio";Sim;0;0
2025-07-08;terï¿½a-feira;17:14:00;MT;163;RONDONOPOLIS;Reaï¿½ï¿½o tardia ou ineficiente do condutor;Colisï¿½o lateral mesmo sentido;Com Vï¿½timas Feridas;Anoitecer;Cï¿½u Claro;Dupla;Curva;Sim;0;0
2025-07-08;terï¿½a-feira;21:10:00;PR;116;MANDIRITUBA;Ausï¿½ncia de reaï¿½ï¿½o do condutor;Saï¿½da de leito carroï¿½ï¿½vel;Com Vï¿½timas Feridas;Plena Noite;Nevoeiro/Neblina;Simples;Curva;Nï¿½o;0;0
2025-07-08;terï¿½a-feira;18:00:00;RN;427;JARDIM DO SERIDO;Condutor deixou de manter distï¿½ncia do veï¿½culo da frente;Colisï¿½o traseira;Com Vï¿½timas Feridas;Plena Noite;Cï¿½u Claro;Simples;Reta;Nï¿½o;0;0
2025-07-08;terï¿½a-feira;21:15:00;SC;101;SAO JOSE;Reaï¿½ï¿½o tardia ou ineficiente do condutor;Tombamento;Com Vï¿½timas Feridas;Plena Noite;Nublado;Mï¿½ltipla;Curva;Sim;0;0
2025-07-08;terï¿½a-feira;19:15:00;MA;316;ALTO ALEGRE DO MARANHAO;Iluminaï¿½ï¿½o deficiente;Tombamento;Com Vï¿½timas Fatais;Plena Noite;Nublado;Simples;Reta;Nï¿½o;1;1
2025-04-15;terï¿½a-feira;19:15:00;GO;70;AGUAS LINDAS DE GOIAS;Iluminaï¿½ï¿½o deficiente;Atropelamento de Pedestre;Com Vï¿½timas Feridas;Plena Noite;Cï¿½u Claro;Dupla;"Curva;Aclive";Sim;0;0
2025-07-08;terï¿½a-feira;21:30:00;PE;101;RECIFE;Demais falhas mecï¿½nicas ou elï¿½tricas;Queda de ocupante de veï¿½culo;Com Vï¿½timas Feridas;Plena Noite;Nublado;Mï¿½ltipla;Reta;Sim;0;0
2025-07-08;terï¿½a-feira;18:40:00;GO;60;SANTO ANTONIO DA BARRA;Mal sï¿½bito do condutor;Saï¿½da de leito carroï¿½ï¿½vel;Com Vï¿½timas Feridas;Anoitecer;Cï¿½u Claro;Dupla;Reta;Sim;0;0
2025-07-08;terï¿½a-feira;20:45:00;MG;40;CONGONHAS;Ausï¿½ncia de reaï¿½ï¿½o do condutor;Saï¿½da de leito carroï¿½ï¿½vel;Com Vï¿½timas Feridas;Plena Noite;Cï¿½u Claro;Simples;Curva;Nï¿½o;0;0
2025-07-08;terï¿½a-feira;17:20:00;SC;280;GUARAMIRIM;Acessar a via sem observar a presenï¿½a dos outros veï¿½culos;Colisï¿½o transversal;Com Vï¿½timas Feridas;Anoitecer;Cï¿½u Claro;Simples;"Interseï¿½ï¿½o de Vias;Reta;Rotatï¿½ria";Nï¿½o;0;0
2025-07-08;terï¿½a-feira;18:20:00;RJ;101;PARATY;Pedestre andava na pista;Atropelamento de Pedestre;Com Vï¿½timas Feridas;Plena Noite;Cï¿½u Claro;Simples;Curva;Nï¿½o;0;0
2025-07-08;terï¿½a-feira;22:00:00;AP;210;MACAPA;Afundamento ou ondulaï¿½ï¿½o no pavimento;Colisï¿½o frontal;Com Vï¿½timas Feridas;Plena Noite;Cï¿½u Claro;Simples;Reta;Sim;0;0
2025-07-08;terï¿½a-feira;22:10:00;DF;70;BRASILIA;Ausï¿½ncia de reaï¿½ï¿½o do condutor;Colisï¿½o com objeto;Com Vï¿½timas Feridas;Plena Noite;Cï¿½u Claro;Dupla;Rotatï¿½ria;Sim;0;0
2025-07-08;terï¿½a-feira;19:10:00;RJ;40;DUQUE DE CAXIAS;Reaï¿½ï¿½o tardia ou ineficiente do condutor;Colisï¿½o traseira;Com Vï¿½timas Feridas;Plena Noite;Cï¿½u Claro;Mï¿½ltipla;Reta;Sim;0;0
2025-07-04;sexta-feira;17:46:00;RO;364;JI-PARANA;Velocidade Incompatï¿½vel;Colisï¿½o traseira;Com Vï¿½timas Feridas;Anoitecer;Cï¿½u Claro;Dupla;Reta;Sim;0;0
2025-07-08;terï¿½a-feira;20:00:00;BA;110;NOVA SOURE;Acessar a via sem observar a presenï¿½a dos outros veï¿½culos;Colisï¿½o transversal;Com Vï¿½timas Feridas;Plena Noite;Cï¿½u Claro;Simples;Interseï¿½ï¿½o de Vias;Sim;0;0
2025-07-08;terï¿½a-feira;22:58:00;RS;448;ESTEIO;Reaï¿½ï¿½o tardia ou ineficiente do condutor;Tombamento;Com Vï¿½timas Feridas;Plena Noite;Cï¿½u Claro;Dupla;Curva;Sim;0;0
2025-07-08;terï¿½a-feira;22:30:00;RJ;101;ITAGUAI;Ausï¿½ncia de reaï¿½ï¿½o do condutor;Colisï¿½o traseira;Com Vï¿½timas Feridas;Plena Noite;Cï¿½u Claro;Dupla;Reta;Nï¿½o;0;0
2025-07-08;terï¿½a-feira;21:20:00;PI;316;GEMINIANO;Animais na Pista;Atropelamento de Animal;Com Vï¿½timas Feridas;Plena Noite;Cï¿½u Claro;Simples;Reta;Nï¿½o;0;0
2025-07-08;terï¿½a-feira;22:10:00;RJ;116;ITATIAIA;Objeto estï¿½tico sobre o leito carroï¿½ï¿½vel;Colisï¿½o com objeto;Com Vï¿½timas Feridas;Plena Noite;Cï¿½u Claro;Simples;Reta;Nï¿½o;0;0
2025-07-08;terï¿½a-feira;23:40:00;SC;470;RIO DO SUL;Reaï¿½ï¿½o tardia ou ineficiente do condutor;Saï¿½da de leito carroï¿½ï¿½vel;Com Vï¿½timas Feridas;Plena Noite;Cï¿½u Claro;Simples;Rotatï¿½ria;Nï¿½o;0;0
2025-07-08;terï¿½a-feira;22:40:00;BA;110;PAULO AFONSO;Animais na Pista;Atropelamento de Animal;Com Vï¿½timas Feridas;Plena Noite;Nublado;Simples;Reta;Nï¿½o;0;0
2025-07-07;segunda-feira;12:00:00;MG;381;ANTONIO DIAS;Reaï¿½ï¿½o tardia ou ineficiente do condutor;Colisï¿½o traseira;Com Vï¿½timas Feridas;Pleno dia;Nublado;Dupla;Reta;Nï¿½o;0;0
2025-07-09;quarta-feira;00:30:00;MG;262;JUATUBA;Reaï¿½ï¿½o tardia ou ineficiente do condutor;Colisï¿½o traseira;Sem Vï¿½timas;Plena Noite;Nublado;Dupla;Reta;Nï¿½o;0;0
2025-07-08;terï¿½a-feira;23:45:00;SP;153;NOVA GRANADA;Velocidade Incompatï¿½vel;Saï¿½da de leito carroï¿½ï¿½vel;Sem Vï¿½timas;Plena Noite;Cï¿½u Claro;Simples;Rotatï¿½ria;Sim;0;0
2025-07-09;quarta-feira;01:00:00;DF;70;BRASILIA;Ausï¿½ncia de reaï¿½ï¿½o do condutor;Saï¿½da de leito carroï¿½ï¿½vel;Sem Vï¿½timas;Plena Noite;Cï¿½u Claro;Dupla;Reta;Nï¿½o;0;0
2025-07-09;quarta-feira;01:30:00;SP;153;JOSE BONIFACIO;Ausï¿½ncia de reaï¿½ï¿½o do condutor;Tombamento;Com Vï¿½timas Feridas;Plena Noite;Cï¿½u Claro;Simples;Reta;Sim;0;0
2025-07-09;quarta-feira;05:50:00;GO;153;JARAGUA;Acessar a via sem observar a presenï¿½a dos outros veï¿½culos;Colisï¿½o transversal;Com Vï¿½timas Feridas;Amanhecer;Cï¿½u Claro;Simples;"Interseï¿½ï¿½o de Vias;Reta";Sim;0;0
2025-07-09;quarta-feira;06:15:00;PI;316;TERESINA;Condutor deixou de manter distï¿½ncia do veï¿½culo da frente;Colisï¿½o traseira;Com Vï¿½timas Feridas;Amanhecer;Cï¿½u Claro;Mï¿½ltipla;Reta;Sim;0;0
2025-07-09;quarta-feira;03:55:00;MG;262;IGARATINGA;Condutor Dormindo;Saï¿½da de leito carroï¿½ï¿½vel;Com Vï¿½timas Feridas;Plena Noite;Vento;Dupla;Reta;Nï¿½o;0;0
2025-07-09;quarta-feira;05:10:00;SP;116;LAVRINHAS;Condutor Dormindo;Colisï¿½o traseira;Com Vï¿½timas Feridas;Plena Noite;Cï¿½u Claro;Dupla;Reta;Nï¿½o;0;0
2025-07-09;quarta-feira;06:45:00;PB;101;JOAO PESSOA;Acessar a via sem observar a presenï¿½a dos outros veï¿½culos;Colisï¿½o transversal;Com Vï¿½timas Feridas;Pleno dia;Cï¿½u Claro;Mï¿½ltipla;"Reta;Retorno Regulamentado";Sim;0;0
2025-07-09;quarta-feira;06:30:00;BA;116;PLANALTO;Acessar a via sem observar a presenï¿½a dos outros veï¿½culos;Colisï¿½o transversal;Sem Vï¿½timas;Pleno dia;Nublado;Simples;"Retorno Regulamentado;Reta";Nï¿½o;0;0
2025-07-09;quarta-feira;07:04:00;ES;101;GUARAPARI;Manobra de mudanï¿½a de faixa;Colisï¿½o lateral mesmo sentido;Com Vï¿½timas Feridas;Pleno dia;Cï¿½u Claro;Mï¿½ltipla;Reta;Nï¿½o;0;0
2025-05-31;sï¿½bado;23:20:00;RS;470;BENTO GONCALVES;Ausï¿½ncia de reaï¿½ï¿½o do condutor;Colisï¿½o com objeto;Com Vï¿½timas Feridas;Plena Noite;Nublado;Simples;"Declive;Curva";Nï¿½o;0;0
2025-07-09;quarta-feira;07:30:00;ES;101;MIMOSO DO SUL;Transitar no Acostamento;Colisï¿½o traseira;Com Vï¿½timas Feridas;Pleno dia;Nevoeiro/Neblina;Simples;Curva;Nï¿½o;0;0
2025-07-09;quarta-feira;07:15:00;RS;386;NOVA SANTA RITA;Transitar na contramï¿½o;Colisï¿½o frontal;Com Vï¿½timas Feridas;Pleno dia;Nublado;Simples;Reta;Sim;0;0
2025-07-09;quarta-feira;07:25:00;DF;40;BRASILIA;Manobra de mudanï¿½a de faixa;Colisï¿½o traseira;Com Vï¿½timas Feridas;Pleno dia;Cï¿½u Claro;Dupla;Reta;Sim;0;0
2025-07-09;quarta-feira;07:20:00;SP;116;SAO JOSE DOS CAMPOS;Manobra de mudanï¿½a de faixa;Colisï¿½o com objeto;Com Vï¿½timas Feridas;Pleno dia;Cï¿½u Claro;Mï¿½ltipla;Reta;Sim;0;0
2025-07-08;terï¿½a-feira;21:10:00;MS;267;CARACOL;Ausï¿½ncia de reaï¿½ï¿½o do condutor;Saï¿½da de leito carroï¿½ï¿½vel;Com Vï¿½timas Feridas;Plena Noite;Cï¿½u Claro;Simples;Curva;Nï¿½o;0;0
2025-07-09;quarta-feira;07:00:00;PB;230;CABEDELO;Acesso irregular;Colisï¿½o transversal;Com Vï¿½timas Feridas;Amanhecer;Sol;Dupla;"Reta;Em Obras";Sim;0;0
2025-07-09;quarta-feira;07:40:00;RS;116;CANOAS;Condutor deixou de manter distï¿½ncia do veï¿½culo da frente;Colisï¿½o traseira;Com Vï¿½timas Feridas;Pleno dia;Nublado;Dupla;Reta;Sim;0;0
2025-07-09;quarta-feira;07:55:00;PR;277;FOZ DO IGUACU;Ausï¿½ncia de reaï¿½ï¿½o do condutor;Colisï¿½o lateral mesmo sentido;Sem Vï¿½timas;Pleno dia;Cï¿½u Claro;Dupla;"Curva;Interseï¿½ï¿½o de Vias";Sim;0;0
2025-07-09;quarta-feira;04:30:00;RS;293;SANTANA DO LIVRAMENTO;Animais na Pista;Atropelamento de Animal;Sem Vï¿½timas;Plena Noite;Nevoeiro/Neblina;Simples;Reta;Nï¿½o;0;0
2025-07-09;quarta-feira;07:50:00;PE;101;RECIFE;Ausï¿½ncia de reaï¿½ï¿½o do condutor;Queda de ocupante de veï¿½culo;Com Vï¿½timas Feridas;Pleno dia;Cï¿½u Claro;Mï¿½ltipla;Reta;Sim;0;0
2025-07-09;quarta-feira;07:20:00;ES;259;COLATINA;Condutor deixou de manter distï¿½ncia do veï¿½culo da frente;Colisï¿½o traseira;Com Vï¿½timas Feridas;Pleno dia;Nublado;Simples;Reta;Nï¿½o;0;0
2025-07-09;quarta-feira;08:20:00;PR;277;SANTA TEREZINHA DE ITAIPU;Avarias e/ou desgaste excessivo no pneu;Tombamento;Com Vï¿½timas Feridas;Pleno dia;Cï¿½u Claro;Dupla;"Declive;Reta";Nï¿½o;0;0
2025-07-09;quarta-feira;08:20:00;PE;101;RECIFE;Condutor deixou de manter distï¿½ncia do veï¿½culo da frente;Colisï¿½o traseira;Com Vï¿½timas Feridas;Pleno dia;Cï¿½u Claro;Dupla;Reta;Sim;0;0
2025-07-09;quarta-feira;08:30:00;MG;153;CENTRALINA;Manobra de mudanï¿½a de faixa;Saï¿½da de leito carroï¿½ï¿½vel;Com Vï¿½timas Feridas;Pleno dia;Cï¿½u Claro;Dupla;Reta;Sim;0;0
2025-07-09;quarta-feira;03:00:00;AC;364;RIO BRANCO;Demais falhas mecï¿½nicas ou elï¿½tricas;Incï¿½ndio;Sem Vï¿½timas;Pleno dia;Cï¿½u Claro;Dupla;Reta;Nï¿½o;0;0
2025-07-09;quarta-feira;08:00:00;AL;104;RIO LARGO;Condutor deixou de manter distï¿½ncia do veï¿½culo da frente;Colisï¿½o traseira;Com Vï¿½timas Feridas;Pleno dia;Cï¿½u Claro;Dupla;Reta;Sim;0;0
2025-07-09;quarta-feira;08:15:00;RS;153;ERECHIM;Desrespeitar a preferï¿½ncia no cruzamento;Colisï¿½o transversal;Sem Vï¿½timas;Pleno dia;Cï¿½u Claro;Simples;"Declive;Interseï¿½ï¿½o de Vias;Viaduto;Reta";Nï¿½o;0;0
2025-07-09;quarta-feira;07:40:00;BA;324;SALVADOR;Reaï¿½ï¿½o tardia ou ineficiente do condutor;Colisï¿½o traseira;Com Vï¿½timas Feridas;Pleno dia;Sol;Dupla;Reta;Sim;0;0
2025-06-11;quarta-feira;07:30:00;MA;230;SAO RAIMUNDO DAS MANGABEIRAS;Demais falhas mecï¿½nicas ou elï¿½tricas;Saï¿½da de leito carroï¿½ï¿½vel;Com Vï¿½timas Feridas;Pleno dia;Cï¿½u Claro;Simples;Reta;Nï¿½o;0;0
2025-07-09;quarta-feira;09:00:00;SC;470;INDAIAL;Ausï¿½ncia de reaï¿½ï¿½o do condutor;Colisï¿½o transversal;Com Vï¿½timas Feridas;Pleno dia;Cï¿½u Claro;Simples;Interseï¿½ï¿½o de Vias;Sim;0;0
2025-07-09;quarta-feira;08:31:00;SC;101;BALNEARIO CAMBORIU;Acessar a via sem observar a presenï¿½a dos outros veï¿½culos;Colisï¿½o traseira;Com Vï¿½timas Feridas;Pleno dia;Cï¿½u Claro;Simples;"Reta;Interseï¿½ï¿½o de Vias";Sim;0;0
2025-07-09;quarta-feira;08:45:00;ES;101;SERRA;Condutor desrespeitou a iluminaï¿½ï¿½o vermelha do semï¿½foro;Colisï¿½o transversal;Com Vï¿½timas Fatais;Pleno dia;Chuva;Mï¿½ltipla;"Interseï¿½ï¿½o de Vias;Retorno Regulamentado;Reta";Sim;1;1
2025-07-09;quarta-feira;08:00:00;PR;476;LAPA;Acessar a via sem observar a presenï¿½a dos outros veï¿½culos;Colisï¿½o transversal;Com Vï¿½timas Feridas;Pleno dia;Nublado;Simples;"Declive;Reta";Sim;0;0
2025-07-09;quarta-feira;09:20:00;SP;116;TAUBATE;Afundamento ou ondulaï¿½ï¿½o no pavimento;Tombamento;Com Vï¿½timas Feridas;Pleno dia;Nublado;Dupla;Reta;Nï¿½o;0;0
2025-06-21;sï¿½bado;20:30:00;BA;101;LAJE;Acesso irregular;Colisï¿½o transversal;Com Vï¿½timas Feridas;Plena Noite;Cï¿½u Claro;Simples;Reta;Sim;0;0
2025-07-09;quarta-feira;09:15:00;PB;230;JOAO PESSOA;Suicï¿½dio (presumido);Eventos atï¿½picos;Com Vï¿½timas Fatais;Pleno dia;Nublado;Dupla;Reta;Sim;1;1