data_inversa;dia_semana;horario;uf;br;municipio;causa_acidente;tipo_acidente;classificacao_acidente;fase_dia;condicao_metereologica;tipo_pista;tracado_via;uso_solo;mortos;acidente_fatal
2025-07-14;segunda-feira;09:20:00;SC;101;PORTO BELO;Pista Escorregadia;Tombamento;Com Vï¿½timas Feridas;Pleno dia;Cï¿½u Claro;Dupla;Curva;Sim;0;0
2025-07-14;segunda-feira;12:00:00;MG;40;BARBACENA;Acessar a via sem observar a presenï¿½a dos outros veï¿½culos;Colisï¿½o lateral mesmo sentido;Com Vï¿½timas Feridas;Pleno dia;Cï¿½u Claro;Dupla;"Declive;Reta";Sim;0;0
2025-07-14;segunda-feira;09:15:00;PA;316;SAO FRANCISCO DO PARA;Ausï¿½ncia de reaï¿½ï¿½o do condutor;Colisï¿½o traseira;Sem Vï¿½timas;Pleno dia;Cï¿½u Claro;Simples;Reta;Nï¿½o;0;0
2025-07-14;segunda-feira;12:10:00;SE;235;AREIA BRANCA;Ausï¿½ncia de reaï¿½ï¿½o do condutor;Atropelamento de Pedestre;Com Vï¿½timas Fatais;Pleno dia;Sol;Simples;Reta;Nï¿½o;1;1
2025-07-14;segunda-feira;12:40:00;PE;101;RECIFE;Ausï¿½ncia de reaï¿½ï¿½o do condutor;Colisï¿½o traseira;Com Vï¿½timas Feridas;Pleno dia;Cï¿½u Claro;Dupla;Reta;Sim;0;0
2025-07-14;segunda-feira;12:25:00;SP;116;GUARULHOS;Manobra de mudanï¿½a de faixa;Colisï¿½o lateral mesmo sentido;Com Vï¿½timas Feridas;Pleno dia;Cï¿½u Claro;Mï¿½ltipla;Reta;Sim;0;0
2025-07-14;segunda-feira;12:10:00;BA;324;FEIRA DE SANTANA;Acessar a via sem observar a presenï¿½a dos outros veï¿½culos;Colisï¿½o transversal;Com Vï¿½timas Feridas;Pleno dia;Chuva;Simples;Reta;Sim;0;0
2025-07-14;segunda-feira;12:45:00;RN;101;SAO JOSE DE MIPIBU;Trafegar com motocicleta (ou similar) entre as faixas;Tombamento;Com Vï¿½timas Feridas;Pleno dia;Nublado;Dupla;Reta;Nï¿½o;0;0
2025-07-14;segunda-feira;11:30:00;MG;381;LAVRAS;Condutor Dormindo;Colisï¿½o com objeto;Com Vï¿½timas Feridas;Pleno dia;Cï¿½u Claro;Dupla;Curva;Nï¿½o;0;0
2025-07-14;segunda-feira;13:00:00;SC;280;JARAGUA DO SUL;Ultrapassagem Indevida;Colisï¿½o lateral mesmo sentido;Com Vï¿½timas Feridas;Pleno dia;Cï¿½u Claro;Simples;"Em Obras;Rotatï¿½ria";Nï¿½o;0;0
2025-07-14;segunda-feira;13:10:00;PR;369;ARAPONGAS;Pedestre cruzava a pista fora da faixa;Atropelamento de Pedestre;Com Vï¿½timas Feridas;Pleno dia;Cï¿½u Claro;Dupla;Reta;Sim;0;0
2025-07-14;segunda-feira;12:55:00;RS;472;URUGUAIANA;Pedestre cruzava a pista fora da faixa;Atropelamento de Pedestre;Com Vï¿½timas Feridas;Pleno dia;Cï¿½u Claro;Simples;Reta;Sim;0;0
2025-07-14;segunda-feira;12:00:00;RN;226;CURRAIS NOVOS;Reaï¿½ï¿½o tardia ou ineficiente do condutor;Colisï¿½o frontal;Sem Vï¿½timas;Pleno dia;Cï¿½u Claro;Dupla;Rotatï¿½ria;Sim;0;0
2025-07-14;segunda-feira;11:50:00;SP;116;TAUBATE;Avarias e/ou desgaste excessivo no pneu;Queda de ocupante de veï¿½culo;Com Vï¿½timas Feridas;Pleno dia;Cï¿½u Claro;Dupla;"Reta;Declive";Sim;0;0
2025-07-14;segunda-feira;13:10:00;RS;386;TAQUARI;Manobra de mudanï¿½a de faixa;Colisï¿½o traseira;Com Vï¿½timas Feridas;Pleno dia;Cï¿½u Claro;Dupla;"Curva;Rotatï¿½ria";Nï¿½o;0;0
2025-07-14;segunda-feira;14:00:00;SC;282;SAO JOSE;Condutor deixou de manter distï¿½ncia do veï¿½culo da frente;Colisï¿½o traseira;Com Vï¿½timas Feridas;Pleno dia;Sol;Dupla;Reta;Sim;0;0
2025-07-14;segunda-feira;13:00:00;BA;235;JUAZEIRO;Ingestï¿½o de ï¿½lcool pelo condutor;Colisï¿½o traseira;Sem Vï¿½timas;Pleno dia;Cï¿½u Claro;Simples;Interseï¿½ï¿½o de Vias;Sim;0;0
2025-07-14;segunda-feira;13:20:00;PR;369;ROLANDIA;Acessar a via sem observar a presenï¿½a dos outros veï¿½culos;Colisï¿½o transversal;Com Vï¿½timas Feridas;Pleno dia;Cï¿½u Claro;Simples;"Reta;Interseï¿½ï¿½o de Vias";Sim;0;0
2025-07-14;segunda-feira;10:20:00;MG;116;INHAPIM;Condutor deixou de manter distï¿½ncia do veï¿½culo da frente;Colisï¿½o traseira;Com Vï¿½timas Feridas;Pleno dia;Cï¿½u Claro;Simples;"Aclive;Curva";Nï¿½o;0;0
2025-06-10;terï¿½a-feira;14:02:00;MA;316;SANTA INES;Transitar no Acostamento;Colisï¿½o transversal;Com Vï¿½timas Feridas;Pleno dia;Cï¿½u Claro;Simples;Reta;Nï¿½o;0;0
2025-07-14;segunda-feira;12:36:00;MT;70;BARRA DO GARCAS;Ausï¿½ncia de reaï¿½ï¿½o do condutor;Saï¿½da de leito carroï¿½ï¿½vel;Com Vï¿½timas Feridas;Pleno dia;Cï¿½u Claro;Simples;Reta;Nï¿½o;0;0
2025-07-14;segunda-feira;08:10:00;RJ;101;NITEROI;Ausï¿½ncia de reaï¿½ï¿½o do condutor;Queda de ocupante de veï¿½culo;Com Vï¿½timas Feridas;Pleno dia;Cï¿½u Claro;Dupla;Reta;Sim;0;0
2025-07-14;segunda-feira;14:30:00;RS;116;NOVO HAMBURGO;Ausï¿½ncia de reaï¿½ï¿½o do condutor;Colisï¿½o traseira;Com Vï¿½timas Feridas;Pleno dia;Cï¿½u Claro;Mï¿½ltipla;Reta;Sim;0;0
2025-07-14;segunda-feira;14:05:00;MS;158;TRES LAGOAS;Ausï¿½ncia de reaï¿½ï¿½o do condutor;Colisï¿½o traseira;Com Vï¿½timas Feridas;Pleno dia;Cï¿½u Claro;Dupla;Reta;Nï¿½o;0;0
2025-07-14;segunda-feira;14:20:00;MG;40;SETE LAGOAS;Reaï¿½ï¿½o tardia ou ineficiente do condutor;Engavetamento;Sem Vï¿½timas;Pleno dia;Cï¿½u Claro;Dupla;"Declive;Viaduto;Retorno Regulamentado";Nï¿½o;0;0
2025-07-14;segunda-feira;13:10:00;PE;408;PAUDALHO;Problema com o freio;Colisï¿½o transversal;Com Vï¿½timas Feridas;Pleno dia;Cï¿½u Claro;Simples;Rotatï¿½ria;Nï¿½o;0;0
2025-07-14;segunda-feira;15:00:00;PI;343;CAMPO MAIOR;Acessar a via sem observar a presenï¿½a dos outros veï¿½culos;Colisï¿½o transversal;Com Vï¿½timas Feridas;Pleno dia;Cï¿½u Claro;Simples;Reta;Sim;0;0
2025-07-14;segunda-feira;15:20:00;PE;407;PETROLINA;Condutor deixou de manter distï¿½ncia do veï¿½culo da frente;Colisï¿½o traseira;Com Vï¿½timas Feridas;Pleno dia;Cï¿½u Claro;Dupla;Reta;Sim;0;0
2025-07-14;segunda-feira;14:30:00;RJ;101;RIO DE JANEIRO;Avarias e/ou desgaste excessivo no pneu;Tombamento;Com Vï¿½timas Feridas;Pleno dia;Cï¿½u Claro;Simples;"Reta;Viaduto";Sim;0;0
2025-07-14;segunda-feira;15:45:00;SC;470;RIO DO SUL;Trafegar com motocicleta (ou similar) entre as faixas;Colisï¿½o com objeto;Com Vï¿½timas Feridas;Pleno dia;Cï¿½u Claro;Simples;"Reta;Em Obras";Nï¿½o;0;0
2025-07-14;segunda-feira;15:45:00;SC;470;GASPAR;Ingestï¿½o de ï¿½lcool pelo condutor;Colisï¿½o transversal;Com Vï¿½timas Feridas;Pleno dia;Cï¿½u Claro;Dupla;"Em Obras;Reta";Nï¿½o;0;0
2025-07-14;segunda-feira;15:30:00;RS;470;BENTO GONCALVES;Curva acentuada;Saï¿½da de leito carroï¿½ï¿½vel;Com Vï¿½timas Feridas;Pleno dia;Cï¿½u Claro;Simples;Curva;Sim;0;0
2025-07-14;segunda-feira;16:10:00;SE;235;ARACAJU;Manobra de mudanï¿½a de faixa;Colisï¿½o lateral mesmo sentido;Com Vï¿½timas Feridas;Pleno dia;Nublado;Dupla;Reta;Sim;0;0
2025-07-14;segunda-feira;13:28:00;RO;364;JI-PARANA;Acessar a via sem observar a presenï¿½a dos outros veï¿½culos;Colisï¿½o traseira;Com Vï¿½timas Feridas;Pleno dia;Cï¿½u Claro;Dupla;"Retorno Regulamentado;Reta";Sim;0;0
2025-07-14;segunda-feira;16:55:00;SP;153;UBARANA;Demais falhas mecï¿½nicas ou elï¿½tricas;Eventos atï¿½picos;Com Vï¿½timas Feridas;Pleno dia;Nublado;Simples;Reta;Nï¿½o;0;0
2025-07-14;segunda-feira;15:30:00;RO;364;PORTO VELHO;Velocidade Incompatï¿½vel;Queda de ocupante de veï¿½culo;Com Vï¿½timas Feridas;Pleno dia;Cï¿½u Claro;Simples;Reta;Sim;0;0
2025-07-14;segunda-feira;15:18:00;AC;364;RIO BRANCO;Ausï¿½ncia de reaï¿½ï¿½o do condutor;Colisï¿½o transversal;Com Vï¿½timas Feridas;Pleno dia;Cï¿½u Claro;Dupla;Reta;Sim;0;0
2025-07-14;segunda-feira;17:15:00;RS;386;FREDERICO WESTPHALEN;Acessar a via sem observar a presenï¿½a dos outros veï¿½culos;Colisï¿½o transversal;Com Vï¿½timas Feridas;Pleno dia;Cï¿½u Claro;Simples;"Reta;Interseï¿½ï¿½o de Vias";Nï¿½o;0;0
2025-07-14;segunda-feira;17:15:00;PI;343;TERESINA;Ausï¿½ncia de reaï¿½ï¿½o do condutor;Colisï¿½o traseira;Com Vï¿½timas Feridas;Pleno dia;Cï¿½u Claro;Mï¿½ltipla;Interseï¿½ï¿½o de Vias;Sim;0;0
2025-06-14;sï¿½bado;00:40:00;SP;116;SAO JOSE DOS CAMPOS;Ausï¿½ncia de reaï¿½ï¿½o do condutor;Colisï¿½o com objeto;Sem Vï¿½timas;Plena Noite;Cï¿½u Claro;Mï¿½ltipla;"Reta;Declive";Sim;0;0
2025-07-14;segunda-feira;17:30:00;MG;381;BETIM;Ausï¿½ncia de reaï¿½ï¿½o do condutor;Colisï¿½o traseira;Com Vï¿½timas Feridas;Anoitecer;Cï¿½u Claro;Dupla;Curva;Sim;0;0
2025-07-14;segunda-feira;16:50:00;RJ;101;ANGRA DOS REIS;Manobra de mudanï¿½a de faixa;Colisï¿½o lateral mesmo sentido;Com Vï¿½timas Feridas;Pleno dia;Cï¿½u Claro;Simples;Reta;Nï¿½o;0;0
2025-07-14;segunda-feira;16:30:00;BA;116;VITORIA DA CONQUISTA;Condutor deixou de manter distï¿½ncia do veï¿½culo da frente;Colisï¿½o traseira;Com Vï¿½timas Feridas;Pleno dia;Cï¿½u Claro;Simples;Reta;Nï¿½o;0;0
2025-07-14;segunda-feira;18:10:00;MG;262;MANHUACU;Acessar a via sem observar a presenï¿½a dos outros veï¿½culos;Colisï¿½o transversal;Com Vï¿½timas Feridas;Anoitecer;Cï¿½u Claro;Simples;Interseï¿½ï¿½o de Vias;Sim;0;0
2025-07-14;segunda-feira;18:10:00;SC;101;SOMBRIO;Avarias e/ou desgaste excessivo no pneu;Tombamento;Com Vï¿½timas Feridas;Plena Noite;Cï¿½u Claro;Mï¿½ltipla;Reta;Nï¿½o;0;0
2025-07-14;segunda-feira;17:45:00;MG;50;UBERLANDIA;Retorno proibido;Colisï¿½o transversal;Com Vï¿½timas Feridas;Anoitecer;Cï¿½u Claro;Dupla;"Retorno Regulamentado;Reta";Sim;0;0
2025-07-14;segunda-feira;17:15:00;GO;153;URUACU;Demais falhas mecï¿½nicas ou elï¿½tricas;Incï¿½ndio;Sem Vï¿½timas;Anoitecer;Cï¿½u Claro;Simples;Reta;Nï¿½o;0;0
2025-07-14;segunda-feira;17:00:00;RR;174;BOA VISTA;Acessar a via sem observar a presenï¿½a dos outros veï¿½culos;Colisï¿½o transversal;Com Vï¿½timas Feridas;Pleno dia;Cï¿½u Claro;Simples;Reta;Nï¿½o;0;0
2025-07-14;segunda-feira;16:23:00;RO;364;ARIQUEMES;Reaï¿½ï¿½o tardia ou ineficiente do condutor;Colisï¿½o traseira;Com Vï¿½timas Feridas;Pleno dia;Cï¿½u Claro;Simples;Reta;Nï¿½o;0;0
2025-07-14;segunda-feira;18:30:00;SP;116;LORENA;Falta de acostamento;Colisï¿½o lateral mesmo sentido;Com Vï¿½timas Feridas;Pleno dia;Cï¿½u Claro;Simples;Curva;Sim;0;0
2025-07-14;segunda-feira;18:30:00;ES;101;ANCHIETA;Acesso irregular;Colisï¿½o transversal;Com Vï¿½timas Feridas;Plena Noite;Cï¿½u Claro;Dupla;Reta;Nï¿½o;0;0
2025-07-14;segunda-feira;17:17:00;SC;163;SAO MIGUEL DO OESTE;Desrespeitar a preferï¿½ncia no cruzamento;Colisï¿½o frontal;Com Vï¿½timas Feridas;Pleno dia;Cï¿½u Claro;Dupla;"Interseï¿½ï¿½o de Vias;Reta";Sim;0;0
2025-07-14;segunda-feira;18:45:00;SP;381;ATIBAIA;Reaï¿½ï¿½o tardia ou ineficiente do condutor;Colisï¿½o lateral mesmo sentido;Com Vï¿½timas Feridas;Plena Noite;Cï¿½u Claro;Dupla;Reta;Nï¿½o;0;0
2025-07-14;segunda-feira;19:05:00;MG;365;MONTE ALEGRE DE MINAS;Demais falhas mecï¿½nicas ou elï¿½tricas;Tombamento;Com Vï¿½timas Feridas;Plena Noite;Cï¿½u Claro;Dupla;Reta;Nï¿½o;0;0
2025-07-14;segunda-feira;17:25:00;RS;153;ERECHIM;Acessar a via sem observar a presenï¿½a dos outros veï¿½culos;Colisï¿½o lateral mesmo sentido;Com Vï¿½timas Feridas;Anoitecer;Cï¿½u Claro;Simples;"Interseï¿½ï¿½o de Vias;Reta;Declive";Sim;0;0
2025-07-14;segunda-feira;19:15:00;SP;116;GUARULHOS;Trafegar com motocicleta (ou similar) entre as faixas;Colisï¿½o lateral mesmo sentido;Com Vï¿½timas Feridas;Plena Noite;Nublado;Mï¿½ltipla;Reta;Nï¿½o;0;0
2025-07-14;segunda-feira;19:20:00;CE;222;CAUCAIA;Pedestre cruzava a pista fora da faixa;Atropelamento de Pedestre;Com Vï¿½timas Feridas;Plena Noite;Cï¿½u Claro;Mï¿½ltipla;Reta;Nï¿½o;0;0
2025-07-14;segunda-feira;19:00:00;AP;210;PORTO GRANDE;Entrada inopinada do pedestre;Atropelamento de Pedestre;Com Vï¿½timas Feridas;Plena Noite;Cï¿½u Claro;Simples;Reta;Sim;0;0
2025-07-14;segunda-feira;19:30:00;MG;40;CONSELHEIRO LAFAIETE;Ausï¿½ncia de reaï¿½ï¿½o do condutor;Tombamento;Com Vï¿½timas Feridas;Plena Noite;Cï¿½u Claro;Simples;Reta;Nï¿½o;0;0
2025-07-14;segunda-feira;19:44:00;MG;381;NOVA ERA;Acessar a via sem observar a presenï¿½a dos outros veï¿½culos;Colisï¿½o frontal;Com Vï¿½timas Fatais;Plena Noite;Cï¿½u Claro;Simples;"Retorno Regulamentado;Interseï¿½ï¿½o de Vias;Rotatï¿½ria";Nï¿½o;1;1
2025-06-04;quarta-feira;05:56:00;ES;101;SERRA;Ausï¿½ncia de reaï¿½ï¿½o do condutor;Colisï¿½o frontal;Com Vï¿½timas Fatais;Amanhecer;Cï¿½u Claro;Simples;Reta;Nï¿½o;1;1
2025-06-30;segunda-feira;19:30:00;PB;230;POMBAL;Ultrapassagem Indevida;Saï¿½da de leito carroï¿½ï¿½vel;Com Vï¿½timas Fatais;Plena Noite;Cï¿½u Claro;Simples;"Curva;Aclive";Nï¿½o;2;1
2025-07-14;segunda-feira;19:46:00;GO;20;FORMOSA;Demais falhas mecï¿½nicas ou elï¿½tricas;Queda de ocupante de veï¿½culo;Com Vï¿½timas Feridas;Plena Noite;Cï¿½u Claro;Simples;Reta;Nï¿½o;0;0
2025-07-14;segunda-feira;18:30:00;GO;60;RIO VERDE;Demais falhas mecï¿½nicas ou elï¿½tricas;Incï¿½ndio;Sem Vï¿½timas;Anoitecer;Cï¿½u Claro;Dupla;"Reta;Aclive";Sim;0;0
2025-07-14;segunda-feira;20:15:00;GO;60;ANAPOLIS;Entrada inopinada do pedestre;Atropelamento de Pedestre;Com Vï¿½timas Feridas;Plena Noite;Cï¿½u Claro;Simples;Reta;Sim;0;0
2025-07-14;segunda-feira;17:45:00;RJ;393;VASSOURAS;Demais falhas mecï¿½nicas ou elï¿½tricas;Tombamento;Com Vï¿½timas Feridas;Anoitecer;Cï¿½u Claro;Simples;Curva;Nï¿½o;0;0
2025-07-14;segunda-feira;12:50:00;MG;40;JUIZ DE FORA;Objeto estï¿½tico sobre o leito carroï¿½ï¿½vel;Colisï¿½o traseira;Com Vï¿½timas Feridas;Pleno dia;Cï¿½u Claro;Dupla;Reta;Nï¿½o;0;0
2025-07-14;segunda-feira;17:00:00;RJ;116;TERESOPOLIS;Ausï¿½ncia de reaï¿½ï¿½o do condutor;Colisï¿½o traseira;Com Vï¿½timas Feridas;Anoitecer;Cï¿½u Claro;Simples;Reta;Sim;0;0
2025-07-14;segunda-feira;18:20:00;RJ;116;TERESOPOLIS;Ausï¿½ncia de reaï¿½ï¿½o do condutor;Colisï¿½o transversal;Com Vï¿½timas Feridas;Plena Noite;Nublado;Simples;Curva;Nï¿½o;0;0
2025-07-14;segunda-feira;20:15:00;MT;364;CUIABA;Reaï¿½ï¿½o tardia ou ineficiente do condutor;Colisï¿½o transversal;Com Vï¿½timas Feridas;Plena Noite;Cï¿½u Claro;Mï¿½ltipla;Reta;Sim;0;0
2025-07-14;segunda-feira;18:50:00;MG;116;CARATINGA;Acessar a via sem observar a presenï¿½a dos outros veï¿½culos;Colisï¿½o transversal;Com Vï¿½timas Feridas;Plena Noite;Cï¿½u Claro;Simples;"Reta;Interseï¿½ï¿½o de Vias;Rotatï¿½ria";Nï¿½o;0;0
2025-07-14;segunda-feira;21:20:00;TO;153;ARAGUAINA;Velocidade Incompatï¿½vel;Colisï¿½o traseira;Com Vï¿½timas Fatais;Plena Noite;Cï¿½u Claro;Dupla;Reta;Sim;1;1
2025-07-14;segunda-feira;18:50:00;MT;364;RONDONOPOLIS;Ausï¿½ncia de reaï¿½ï¿½o do condutor;Tombamento;Com Vï¿½timas Feridas;Plena Noite;Cï¿½u Claro;Dupla;Reta;Sim;0;0
2025-07-14;segunda-feira;17:55:00;MG;116;INHAPIM;Condutor deixou de manter distï¿½ncia do veï¿½culo da frente;Colisï¿½o traseira;Com Vï¿½timas Feridas;Anoitecer;Cï¿½u Claro;Simples;"Declive;Curva";Nï¿½o;0;0
2025-07-14;segunda-feira;21:00:00;RJ;40;NOVA IGUACU;Ausï¿½ncia de reaï¿½ï¿½o do condutor;Saï¿½da de leito carroï¿½ï¿½vel;Com Vï¿½timas Feridas;Plena Noite;Cï¿½u Claro;Dupla;Curva;Nï¿½o;0;0
2025-07-14;segunda-feira;22:38:00;PE;101;JABOATAO DOS GUARARAPES;Avarias e/ou desgaste excessivo no pneu;Tombamento;Com Vï¿½timas Feridas;Plena Noite;Cï¿½u Claro;Dupla;"Reta;Ponte";Nï¿½o;0;0
2025-07-14;segunda-feira;22:30:00;SP;153;MARILIA;Animais na Pista;Atropelamento de Animal;Com Vï¿½timas Feridas;Plena Noite;Cï¿½u Claro;Simples;"Declive;Reta";Nï¿½o;0;0
2025-07-14;segunda-feira;21:20:00;MT;70;CUIABA;Reaï¿½ï¿½o tardia ou ineficiente do condutor;Queda de ocupante de veï¿½culo;Com Vï¿½timas Feridas;Plena Noite;Cï¿½u Claro;Simples;Reta;Nï¿½o;0;0
2025-07-14;segunda-feira;21:15:00;GO;153;CAMPINORTE;Animais na Pista;Atropelamento de Animal;Com Vï¿½timas Feridas;Plena Noite;Cï¿½u Claro;Simples;"Curva;Ponte";Nï¿½o;0;0
2025-07-14;segunda-feira;22:35:00;PI;316;PICOS;Acessar a via sem observar a presenï¿½a dos outros veï¿½culos;Colisï¿½o transversal;Com Vï¿½timas Feridas;Plena Noite;Cï¿½u Claro;Mï¿½ltipla;"Reta;Interseï¿½ï¿½o de Vias";Sim;0;0
2025-07-15;terï¿½a-feira;00:50:00;MG;381;BETIM;Ausï¿½ncia de reaï¿½ï¿½o do condutor;Colisï¿½o com objeto;Com Vï¿½timas Feridas;Plena Noite;Nublado;Simples;Reta;Nï¿½o;0;0
2025-07-15;terï¿½a-feira;00:15:00;PI;343;PARNAIBA;Reaï¿½ï¿½o tardia ou ineficiente do condutor;Colisï¿½o com objeto;Com Vï¿½timas Feridas;Plena Noite;Cï¿½u Claro;Simples;Reta;Sim;0;0
2025-07-15;terï¿½a-feira;00:40:00;MT;174;COMODORO;Afundamento ou ondulaï¿½ï¿½o no pavimento;Saï¿½da de leito carroï¿½ï¿½vel;Com Vï¿½timas Feridas;Plena Noite;Cï¿½u Claro;Simples;Reta;Nï¿½o;0;0
2025-07-15;terï¿½a-feira;04:15:00;SE;101;ITAPORANGA DAJUDA;Animais na Pista;Atropelamento de Animal;Com Vï¿½timas Feridas;Plena Noite;Nublado;Dupla;"Reta;Aclive";Nï¿½o;0;0
2025-07-14;segunda-feira;18:09:00;SE;101;NOSSA SENHORA DO SOCORRO;Transitar na contramï¿½o;Colisï¿½o transversal;Com Vï¿½timas Feridas;Plena Noite;Nublado;Simples;Reta;Sim;0;0
2025-07-15;terï¿½a-feira;05:00:00;MG;381;BETIM;Ausï¿½ncia de reaï¿½ï¿½o do condutor;Tombamento;Com Vï¿½timas Feridas;Amanhecer;Cï¿½u Claro;Dupla;Reta;Sim;0;0
2025-07-15;terï¿½a-feira;05:00:00;RS;116;DOIS IRMAOS;Acessar a via sem observar a presenï¿½a dos outros veï¿½culos;Colisï¿½o transversal;Com Vï¿½timas Feridas;Plena Noite;Nevoeiro/Neblina;Dupla;"Interseï¿½ï¿½o de Vias;Retorno Regulamentado";Sim;0;0
2025-07-11;sexta-feira;21:07:00;PE;408;TIMBAUBA;Transitar na contramï¿½o;Colisï¿½o frontal;Com Vï¿½timas Feridas;Plena Noite;Nublado;Simples;"Curva;Declive";Nï¿½o;0;0
2025-07-15;terï¿½a-feira;06:20:00;ES;101;SERRA;Condutor desrespeitou a iluminaï¿½ï¿½o vermelha do semï¿½foro;Colisï¿½o transversal;Com Vï¿½timas Feridas;Pleno dia;Cï¿½u Claro;Mï¿½ltipla;Interseï¿½ï¿½o de Vias;Sim;0;0
2025-07-15;terï¿½a-feira;07:15:00;RS;116;PELOTAS;Desrespeitar a preferï¿½ncia no cruzamento;Colisï¿½o lateral mesmo sentido;Com Vï¿½timas Feridas;Amanhecer;Nevoeiro/Neblina;Dupla;Interseï¿½ï¿½o de Vias;Sim;0;0
2025-07-15;terï¿½a-feira;07:05:00;SC;101;BIGUACU;Reaï¿½ï¿½o tardia ou ineficiente do condutor;Queda de ocupante de veï¿½culo;Com Vï¿½timas Feridas;Pleno dia;Cï¿½u Claro;Dupla;"Reta;Interseï¿½ï¿½o de Vias";Sim;0;0
2025-07-15;terï¿½a-feira;07:18:00;DF;20;BRASILIA;Trafegar com motocicleta (ou similar) entre as faixas;Colisï¿½o lateral mesmo sentido;Com Vï¿½timas Feridas;Pleno dia;Cï¿½u Claro;Dupla;Reta;Nï¿½o;0;0
2025-07-15;terï¿½a-feira;08:05:00;DF;20;BRASILIA;Condutor deixou de manter distï¿½ncia do veï¿½culo da frente;Queda de ocupante de veï¿½culo;Com Vï¿½timas Feridas;Pleno dia;Chuva;Dupla;"Reta;Em Obras;Desvio Temporï¿½rio";Nï¿½o;0;0
2025-06-13;sexta-feira;16:45:00;SP;116;REGISTRO;Acesso irregular;Colisï¿½o transversal;Com Vï¿½timas Fatais;Pleno dia;Cï¿½u Claro;Dupla;Reta;Sim;1;1
2025-07-15;terï¿½a-feira;07:10:00;RJ;493;DUQUE DE CAXIAS;Neblina;Saï¿½da de leito carroï¿½ï¿½vel;Com Vï¿½timas Feridas;Amanhecer;Nevoeiro/Neblina;Simples;Reta;Nï¿½o;0;0
2025-07-15;terï¿½a-feira;07:20:00;MS;262;CAMPO GRANDE;Ultrapassagem Indevida;Saï¿½da de leito carroï¿½ï¿½vel;Com Vï¿½timas Feridas;Amanhecer;Cï¿½u Claro;Simples;Reta;Nï¿½o;0;0
2025-07-15;terï¿½a-feira;08:20:00;ES;101;SERRA;Conversï¿½o proibida;Colisï¿½o lateral mesmo sentido;Com Vï¿½timas Feridas;Pleno dia;Cï¿½u Claro;Mï¿½ltipla;"Reta;Interseï¿½ï¿½o de Vias";Sim;0;0
2025-07-15;terï¿½a-feira;06:30:00;PR;376;MARINGA;Ausï¿½ncia de reaï¿½ï¿½o do condutor;Colisï¿½o lateral mesmo sentido;Com Vï¿½timas Feridas;Amanhecer;Nublado;Dupla;Rotatï¿½ria;Sim;0;0
2025-07-15;terï¿½a-feira;08:30:00;PR;376;SARANDI;Trafegar com motocicleta (ou similar) entre as faixas;Colisï¿½o traseira;Com Vï¿½timas Feridas;Pleno dia;Cï¿½u Claro;Mï¿½ltipla;"Curva;Interseï¿½ï¿½o de Vias;Rotatï¿½ria";Sim;0;0
2025-07-15;terï¿½a-feira;08:25:00;PB;101;BAYEUX;Manobra de mudanï¿½a de faixa;Colisï¿½o lateral mesmo sentido;Com Vï¿½timas Feridas;Pleno dia;Cï¿½u Claro;Dupla;Reta;Sim;0;0
2025-07-15;terï¿½a-feira;07:15:00;RJ;116;GUAPIMIRIM;Ausï¿½ncia de reaï¿½ï¿½o do condutor;Queda de ocupante de veï¿½culo;Com Vï¿½timas Feridas;Pleno dia;Cï¿½u Claro;Simples;"Declive;Curva";Nï¿½o;0;0
2025-07-15;terï¿½a-feira;07:15:00;BA;116;VITORIA DA CONQUISTA;Desrespeitar a preferï¿½ncia no cruzamento;Colisï¿½o transversal;Com Vï¿½timas Feridas;Pleno dia;Cï¿½u Claro;Simples;Interseï¿½ï¿½o de Vias;Sim;0;0
2025-07-15;terï¿½a-feira;07:30:00;MG;40;RIBEIRAO DAS NEVES;Reaï¿½ï¿½o tardia ou ineficiente do condutor;Tombamento;Com Vï¿½timas Feridas;Pleno dia;Cï¿½u Claro;Dupla;Reta;Sim;0;0
2025-07-15;terï¿½a-feira;07:15:00;MT;364;RONDONOPOLIS;Condutor deixou de manter distï¿½ncia do veï¿½culo da frente;Colisï¿½o traseira;Com Vï¿½timas Feridas;Pleno dia;Cï¿½u Claro;Simples;"Reta;Interseï¿½ï¿½o de Vias";Sim;0;0
2025-07-15;terï¿½a-feira;07:45:00;SC;101;PALHOCA;Condutor deixou de manter distï¿½ncia do veï¿½culo da frente;Colisï¿½o traseira;Sem Vï¿½timas;Pleno dia;Cï¿½u Claro;Mï¿½ltipla;Reta;Nï¿½o;0;0
2025-07-15;terï¿½a-feira;06:30:00;RS;470;NOVA PRATA;Acessar a via sem observar a presenï¿½a dos outros veï¿½culos;Colisï¿½o transversal;Com Vï¿½timas Feridas;Amanhecer;Cï¿½u Claro;Simples;Interseï¿½ï¿½o de Vias;Sim;0;0
2025-07-15;terï¿½a-feira;08:50:00;SP;153;SAO JOSE DO RIO PRETO;Ausï¿½ncia de reaï¿½ï¿½o do condutor;Colisï¿½o traseira;Com Vï¿½timas Feridas;Pleno dia;Cï¿½u Claro;Dupla;Reta;Sim;0;0