data_inversa;dia_semana;horario;uf;br;municipio;causa_acidente;tipo_acidente;classificacao_acidente;fase_dia;condicao_metereologica;tipo_pista;tracado_via;uso_solo;mortos;acidente_fatal
2025-07-16;quarta-feira;00:33:00;SP;116;PINDAMONHANGABA;Acessar a via sem observar a presenï¿½a dos outros veï¿½culos;Atropelamento de Pedestre;Com Vï¿½timas Fatais;Plena Noite;Nublado;Dupla;Reta;Sim;1;1
2025-07-16;quarta-feira;00:20:00;PR;376;MANDAGUARI;Ausï¿½ncia de reaï¿½ï¿½o do condutor;Colisï¿½o com objeto;Sem Vï¿½timas;Plena Noite;Cï¿½u Claro;Dupla;Curva;Nï¿½o;0;0
2025-07-15;terï¿½a-feira;22:50:00;MG;381;EXTREMA;Reaï¿½ï¿½o tardia ou ineficiente do condutor;Queda de ocupante de veï¿½culo;Com Vï¿½timas Feridas;Plena Noite;Cï¿½u Claro;Dupla;Reta;Sim;0;0
2025-07-16;quarta-feira;00:40:00;RJ;101;RIO BONITO;Acessar a via sem observar a presenï¿½a dos outros veï¿½culos;Colisï¿½o transversal;Com Vï¿½timas Feridas;Plena Noite;Cï¿½u Claro;Dupla;Reta;Nï¿½o;0;0
2025-07-16;quarta-feira;02:40:00;SP;116;GUARULHOS;Objeto estï¿½tico sobre o leito carroï¿½ï¿½vel;Colisï¿½o com objeto;Com Vï¿½timas Feridas;Plena Noite;Cï¿½u Claro;Mï¿½ltipla;Reta;Sim;0;0
2025-07-16;quarta-feira;03:20:00;RS;448;PORTO ALEGRE;Demais falhas mecï¿½nicas ou elï¿½tricas;Capotamento;Com Vï¿½timas Feridas;Plena Noite;Cï¿½u Claro;Mï¿½ltipla;"Curva;Declive;Viaduto";Sim;0;0
2025-07-16;quarta-feira;03:30:00;PA;163;ITAITUBA;Ingestï¿½o de ï¿½lcool pelo condutor;Saï¿½da de leito carroï¿½ï¿½vel;Sem Vï¿½timas;Plena Noite;Cï¿½u Claro;Simples;Reta;Nï¿½o;0;0
2025-07-15;terï¿½a-feira;21:00:00;SC;101;MARACAJA;Demais falhas mecï¿½nicas ou elï¿½tricas;Incï¿½ndio;Sem Vï¿½timas;Plena Noite;Nevoeiro/Neblina;Simples;"Aclive;Reta";Nï¿½o;0;0
2025-07-16;quarta-feira;06:25:00;ES;101;CARIACICA;Acessar a via sem observar a presenï¿½a dos outros veï¿½culos;Colisï¿½o transversal;Com Vï¿½timas Fatais;Pleno dia;Cï¿½u Claro;Dupla;Reta;Sim;1;1
2025-06-23;segunda-feira;02:05:00;BA;101;CONCEICAO DA FEIRA;Reaï¿½ï¿½o tardia ou ineficiente do condutor;Colisï¿½o frontal;Com Vï¿½timas Fatais;Plena Noite;Cï¿½u Claro;Simples;Reta;Nï¿½o;1;1
2025-07-16;quarta-feira;04:10:00;MT;70;BARRA DO GARCAS;Animais na Pista;Atropelamento de Animal;Sem Vï¿½timas;Plena Noite;Cï¿½u Claro;Simples;Reta;Nï¿½o;0;0
2025-07-16;quarta-feira;06:00:00;SC;101;JOINVILLE;Demais falhas mecï¿½nicas ou elï¿½tricas;Incï¿½ndio;Sem Vï¿½timas;Pleno dia;Nublado;Dupla;Reta;Nï¿½o;0;0
2025-07-15;terï¿½a-feira;22:20:00;RJ;40;DUQUE DE CAXIAS;Avarias e/ou desgaste excessivo no pneu;Tombamento;Com Vï¿½timas Feridas;Plena Noite;Cï¿½u Claro;Mï¿½ltipla;Reta;Sim;0;0
2025-07-16;quarta-feira;00:30:00;PR;373;IMBITUVA;Ingestï¿½o de ï¿½lcool pelo condutor;Saï¿½da de leito carroï¿½ï¿½vel;Sem Vï¿½timas;Plena Noite;Cï¿½u Claro;Simples;Reta;Nï¿½o;0;0
2025-07-16;quarta-feira;06:00:00;MS;163;JARAGUARI;Condutor Dormindo;Saï¿½da de leito carroï¿½ï¿½vel;Com Vï¿½timas Feridas;Amanhecer;Cï¿½u Claro;Dupla;Reta;Nï¿½o;0;0
2025-07-16;quarta-feira;05:50:00;SP;381;SAO PAULO;Ausï¿½ncia de reaï¿½ï¿½o do condutor;Colisï¿½o lateral mesmo sentido;Com Vï¿½timas Feridas;Plena Noite;Cï¿½u Claro;Mï¿½ltipla;Reta;Sim;0;0
2025-07-16;quarta-feira;01:10:00;MG;116;GOVERNADOR VALADARES;Acessar a via sem observar a presenï¿½a dos outros veï¿½culos;Colisï¿½o transversal;Sem Vï¿½timas;Plena Noite;Cï¿½u Claro;Simples;Reta;Nï¿½o;0;0
2025-07-16;quarta-feira;07:35:00;MG;365;UBERLANDIA;Demais falhas mecï¿½nicas ou elï¿½tricas;Incï¿½ndio;Sem Vï¿½timas;Pleno dia;Cï¿½u Claro;Dupla;"Reta;Aclive";Nï¿½o;0;0
2025-07-16;quarta-feira;08:00:00;SC;101;TUBARAO;Condutor deixou de manter distï¿½ncia do veï¿½culo da frente;Saï¿½da de leito carroï¿½ï¿½vel;Com Vï¿½timas Feridas;Pleno dia;Cï¿½u Claro;Dupla;Reta;Sim;0;0
2025-07-16;quarta-feira;05:30:00;MT;364;CAMPOS DE JULIO;Ultrapassagem Indevida;Colisï¿½o frontal;Com Vï¿½timas Feridas;Amanhecer;Cï¿½u Claro;Simples;Reta;Nï¿½o;0;0
2025-07-16;quarta-feira;08:17:00;PE;232;JABOATAO DOS GUARARAPES;Manobra de mudanï¿½a de faixa;Colisï¿½o lateral mesmo sentido;Com Vï¿½timas Feridas;Pleno dia;Sol;Dupla;"Declive;Curva";Sim;0;0
2025-07-16;quarta-feira;05:30:00;CE;116;EUSEBIO;Ausï¿½ncia de reaï¿½ï¿½o do condutor;Atropelamento de Pedestre;Com Vï¿½timas Fatais;Amanhecer;Cï¿½u Claro;Mï¿½ltipla;Reta;Sim;1;1
2025-07-16;quarta-feira;06:12:00;PE;428;PETROLINA;Ausï¿½ncia de reaï¿½ï¿½o do condutor;Colisï¿½o traseira;Com Vï¿½timas Feridas;Pleno dia;Cï¿½u Claro;Mï¿½ltipla;Reta;Sim;0;0
2025-07-15;terï¿½a-feira;20:00:00;RJ;465;NOVA IGUACU;Acessar a via sem observar a presenï¿½a dos outros veï¿½culos;Colisï¿½o frontal;Sem Vï¿½timas;Plena Noite;Cï¿½u Claro;Simples;Reta;Nï¿½o;0;0
2025-07-16;quarta-feira;07:20:00;RN;110;MOSSORO;Acessar a via sem observar a presenï¿½a dos outros veï¿½culos;Colisï¿½o lateral mesmo sentido;Com Vï¿½timas Feridas;Pleno dia;Cï¿½u Claro;Dupla;Retorno Regulamentado;Sim;0;0
2025-07-16;quarta-feira;08:45:00;GO;153;ANAPOLIS;Ingestï¿½o de ï¿½lcool pelo condutor;Saï¿½da de leito carroï¿½ï¿½vel;Com Vï¿½timas Feridas;Pleno dia;Cï¿½u Claro;Dupla;"Em Obras;Desvio Temporï¿½rio";Sim;0;0
2025-07-16;quarta-feira;08:00:00;SP;116;GUARULHOS;Trafegar com motocicleta (ou similar) entre as faixas;Colisï¿½o traseira;Com Vï¿½timas Feridas;Pleno dia;Cï¿½u Claro;Mï¿½ltipla;Aclive;Sim;0;0
2025-07-16;quarta-feira;08:40:00;SC;282;FLORIANOPOLIS;Condutor deixou de manter distï¿½ncia do veï¿½culo da frente;Colisï¿½o traseira;Com Vï¿½timas Feridas;Pleno dia;Cï¿½u Claro;Mï¿½ltipla;Reta;Sim;0;0
2025-07-16;quarta-feira;09:05:00;RJ;116;RIO DE JANEIRO;Manobra de mudanï¿½a de faixa;Colisï¿½o lateral mesmo sentido;Com Vï¿½timas Feridas;Amanhecer;Cï¿½u Claro;Dupla;Reta;Sim;0;0
2025-07-16;quarta-feira;07:25:00;RJ;101;ITAGUAI;Ausï¿½ncia de reaï¿½ï¿½o do condutor;Saï¿½da de leito carroï¿½ï¿½vel;Com Vï¿½timas Feridas;Pleno dia;Cï¿½u Claro;Dupla;Reta;Nï¿½o;0;0
2025-07-16;quarta-feira;09:00:00;PE;232;GRAVATA;Reaï¿½ï¿½o tardia ou ineficiente do condutor;Colisï¿½o transversal;Com Vï¿½timas Feridas;Pleno dia;Cï¿½u Claro;Simples;Reta;Sim;0;0
2025-07-16;quarta-feira;09:00:00;PR;116;SAO JOSE DOS PINHAIS;Ausï¿½ncia de reaï¿½ï¿½o do condutor;Colisï¿½o traseira;Com Vï¿½timas Feridas;Pleno dia;Sol;Dupla;"Aclive;Reta";Nï¿½o;0;0
2025-07-16;quarta-feira;09:00:00;PE;101;RECIFE;Demais falhas mecï¿½nicas ou elï¿½tricas;Tombamento;Com Vï¿½timas Feridas;Pleno dia;Cï¿½u Claro;Dupla;Reta;Sim;0;0
2025-07-16;quarta-feira;07:40:00;CE;116;EUSEBIO;Frear bruscamente;Engavetamento;Com Vï¿½timas Feridas;Pleno dia;Cï¿½u Claro;Dupla;Reta;Sim;0;0
2025-07-16;quarta-feira;09:20:00;ES;101;CARIACICA;Conversï¿½o proibida;Colisï¿½o transversal;Com Vï¿½timas Feridas;Pleno dia;Cï¿½u Claro;Dupla;"Curva;Retorno Regulamentado;Aclive";Nï¿½o;0;0
2025-06-02;segunda-feira;23:30:00;PR;376;MARINGA;Reaï¿½ï¿½o tardia ou ineficiente do condutor;Colisï¿½o com objeto;Com Vï¿½timas Feridas;Plena Noite;Chuva;Dupla;Curva;Nï¿½o;0;0
2025-07-16;quarta-feira;09:05:00;PI;316;TERESINA;Acumulo de ï¿½leo sobre o pavimento;Tombamento;Com Vï¿½timas Feridas;Pleno dia;Sol;Mï¿½ltipla;Curva;Sim;0;0
2025-07-16;quarta-feira;09:30:00;GO;153;ITUMBIARA;Reaï¿½ï¿½o tardia ou ineficiente do condutor;Saï¿½da de leito carroï¿½ï¿½vel;Sem Vï¿½timas;Pleno dia;Cï¿½u Claro;Dupla;Reta;Nï¿½o;0;0
2025-07-16;quarta-feira;08:05:00;SC;101;BARRA VELHA;Avarias e/ou desgaste excessivo no pneu;Tombamento;Com Vï¿½timas Feridas;Pleno dia;Cï¿½u Claro;Dupla;Reta;Nï¿½o;0;0
2025-07-16;quarta-feira;09:50:00;PA;316;CASTANHAL;Manobra de mudanï¿½a de faixa;Colisï¿½o lateral mesmo sentido;Com Vï¿½timas Feridas;Pleno dia;Cï¿½u Claro;Dupla;"Reta;Interseï¿½ï¿½o de Vias";Sim;0;0
2025-07-16;quarta-feira;10:40:00;GO;40;LUZIANIA;Reaï¿½ï¿½o tardia ou ineficiente do condutor;Saï¿½da de leito carroï¿½ï¿½vel;Com Vï¿½timas Feridas;Pleno dia;Cï¿½u Claro;Dupla;Reta;Sim;0;0
2025-07-16;quarta-feira;07:15:00;RJ;101;SAO GONCALO;Reaï¿½ï¿½o tardia ou ineficiente do condutor;Engavetamento;Com Vï¿½timas Feridas;Pleno dia;Cï¿½u Claro;Dupla;Reta;Sim;0;0
2025-07-16;quarta-feira;09:30:00;RJ;101;ANGRA DOS REIS;Desrespeitar a preferï¿½ncia no cruzamento;Colisï¿½o transversal;Com Vï¿½timas Feridas;Pleno dia;Cï¿½u Claro;Simples;Retorno Regulamentado;Sim;0;0
2025-07-16;quarta-feira;10:03:00;PE;101;PAULISTA;Acessar a via sem observar a presenï¿½a dos outros veï¿½culos;Colisï¿½o lateral sentido oposto;Com Vï¿½timas Feridas;Pleno dia;Cï¿½u Claro;Dupla;Reta;Sim;0;0
2025-07-16;quarta-feira;05:30:00;MT;163;NOVA SANTA HELENA;Falta de acostamento;Saï¿½da de leito carroï¿½ï¿½vel;Com Vï¿½timas Feridas;Amanhecer;Cï¿½u Claro;Simples;Reta;Nï¿½o;0;0
2025-07-16;quarta-feira;11:05:00;PB;230;CABEDELO;Demais falhas mecï¿½nicas ou elï¿½tricas;Tombamento;Com Vï¿½timas Feridas;Pleno dia;Cï¿½u Claro;Dupla;"Em Obras;Reta";Sim;0;0
2025-07-13;domingo;03:10:00;PR;376;CALIFORNIA;Ultrapassagem Indevida;Colisï¿½o frontal;Com Vï¿½timas Feridas;Plena Noite;Cï¿½u Claro;Simples;Reta;Sim;0;0
2025-07-15;terï¿½a-feira;10:00:00;RJ;40;DUQUE DE CAXIAS;Suicï¿½dio (presumido);Sinistro pessoal de trï¿½nsito;Com Vï¿½timas Feridas;Pleno dia;Sol;Mï¿½ltipla;Reta;Sim;0;0
2025-07-16;quarta-feira;10:50:00;CE;222;FORTALEZA;Condutor desrespeitou a iluminaï¿½ï¿½o vermelha do semï¿½foro;Colisï¿½o transversal;Com Vï¿½timas Feridas;Pleno dia;Cï¿½u Claro;Mï¿½ltipla;Interseï¿½ï¿½o de Vias;Sim;0;0
2025-07-16;quarta-feira;09:30:00;RS;470;LAGOA VERMELHA;Velocidade Incompatï¿½vel;Saï¿½da de leito carroï¿½ï¿½vel;Com Vï¿½timas Feridas;Pleno dia;Nublado;Simples;"Declive;Reta";Nï¿½o;0;0
2025-07-16;quarta-feira;12:00:00;PR;369;IBIPORA;Conversï¿½o proibida;Colisï¿½o transversal;Com Vï¿½timas Feridas;Pleno dia;Sol;Simples;"Declive;Reta";Sim;0;0
2025-07-16;quarta-feira;11:00:00;SP;116;EMBU DAS ARTES;Objeto estï¿½tico sobre o leito carroï¿½ï¿½vel;Colisï¿½o com objeto;Com Vï¿½timas Feridas;Pleno dia;Sol;Dupla;Reta;Sim;0;0
2025-07-08;terï¿½a-feira;18:40:00;PR;376;CALIFORNIA;Condutor Dormindo;Colisï¿½o lateral sentido oposto;Com Vï¿½timas Feridas;Plena Noite;Cï¿½u Claro;Simples;Reta;Nï¿½o;0;0
2025-07-16;quarta-feira;11:30:00;MG;50;UBERABA;Mal sï¿½bito do condutor;Saï¿½da de leito carroï¿½ï¿½vel;Com Vï¿½timas Feridas;Pleno dia;Cï¿½u Claro;Dupla;Reta;Sim;0;0
2025-07-16;quarta-feira;11:00:00;MG;116;UBAPORANGA;Retorno proibido;Colisï¿½o transversal;Com Vï¿½timas Feridas;Pleno dia;Sol;Simples;Retorno Regulamentado;Sim;0;0
2025-07-16;quarta-feira;09:50:00;MG;116;MURIAE;Acesso irregular;Colisï¿½o lateral mesmo sentido;Com Vï¿½timas Feridas;Pleno dia;Cï¿½u Claro;Simples;Reta;Nï¿½o;0;0
2025-06-22;domingo;12:20:00;PR;277;PARANAGUA;Ausï¿½ncia de reaï¿½ï¿½o do condutor;Tombamento;Com Vï¿½timas Feridas;Pleno dia;Cï¿½u Claro;Simples;"Retorno Regulamentado;Rotatï¿½ria;Reta";Sim;0;0
2025-07-16;quarta-feira;13:30:00;SC;101;ITAJAI;Trafegar com motocicleta (ou similar) entre as faixas;Colisï¿½o traseira;Com Vï¿½timas Feridas;Pleno dia;Cï¿½u Claro;Dupla;Reta;Nï¿½o;0;0
2025-07-16;quarta-feira;11:15:00;MS;267;BATAGUASSU;Ausï¿½ncia de reaï¿½ï¿½o do condutor;Colisï¿½o traseira;Com Vï¿½timas Feridas;Pleno dia;Cï¿½u Claro;Dupla;Reta;Sim;0;0
2025-07-16;quarta-feira;07:45:00;BA;101;MURITIBA;Desvio temporï¿½rio;Colisï¿½o lateral mesmo sentido;Com Vï¿½timas Feridas;Pleno dia;Cï¿½u Claro;Simples;Reta;Nï¿½o;0;0
2025-07-16;quarta-feira;13:30:00;SC;470;BLUMENAU;Trafegar com motocicleta (ou similar) entre as faixas;Colisï¿½o lateral mesmo sentido;Com Vï¿½timas Feridas;Pleno dia;Cï¿½u Claro;Simples;Reta;Nï¿½o;0;0
2025-07-16;quarta-feira;14:15:00;SC;101;SAO JOSE;Carga excessiva e/ou mal acondicionada;Derramamento de carga;Com Vï¿½timas Feridas;Pleno dia;Cï¿½u Claro;Dupla;Reta;Sim;0;0
2025-07-16;quarta-feira;09:40:00;RN;226;SANTA CRUZ;Acessar a via sem observar a presenï¿½a dos outros veï¿½culos;Colisï¿½o lateral mesmo sentido;Com Vï¿½timas Feridas;Pleno dia;Cï¿½u Claro;Simples;Reta;Nï¿½o;0;0
2025-07-16;quarta-feira;14:00:00;SP;381;BRAGANCA PAULISTA;Ausï¿½ncia de reaï¿½ï¿½o do condutor;Colisï¿½o traseira;Sem Vï¿½timas;Pleno dia;Cï¿½u Claro;Dupla;"Aclive;Viaduto;Reta";Nï¿½o;0;0
2025-07-16;quarta-feira;14:45:00;RJ;465;SEROPEDICA;Condutor deixou de manter distï¿½ncia do veï¿½culo da frente;Colisï¿½o lateral mesmo sentido;Com Vï¿½timas Feridas;Pleno dia;Cï¿½u Claro;Simples;Reta;Nï¿½o;0;0
2025-07-16;quarta-feira;14:40:00;PR;116;MANDIRITUBA;Reaï¿½ï¿½o tardia ou ineficiente do condutor;Tombamento;Com Vï¿½timas Feridas;Pleno dia;Cï¿½u Claro;Dupla;Curva;Nï¿½o;0;0
2025-07-16;quarta-feira;14:20:00;GO;40;VALPARAISO DE GOIAS;Trafegar com motocicleta (ou similar) entre as faixas;Tombamento;Com Vï¿½timas Feridas;Pleno dia;Cï¿½u Claro;Dupla;Reta;Sim;0;0
2025-07-16;quarta-feira;12:15:00;RS;153;CACHOEIRA DO SUL;Ausï¿½ncia de reaï¿½ï¿½o do condutor;Colisï¿½o transversal;Com Vï¿½timas Feridas;Pleno dia;Cï¿½u Claro;Dupla;"Reta;Rotatï¿½ria";Sim;0;0
2025-07-16;quarta-feira;15:20:00;SP;381;ATIBAIA;Desrespeitar a preferï¿½ncia no cruzamento;Colisï¿½o transversal;Com Vï¿½timas Feridas;Pleno dia;Cï¿½u Claro;Dupla;"Interseï¿½ï¿½o de Vias;Reta";Nï¿½o;0;0
2025-07-16;quarta-feira;14:30:00;DF;80;BRASILIA;Ultrapassagem Indevida;Saï¿½da de leito carroï¿½ï¿½vel;Com Vï¿½timas Feridas;Pleno dia;Cï¿½u Claro;Simples;Curva;Nï¿½o;0;0
2025-07-16;quarta-feira;15:30:00;ES;101;SERRA;Ausï¿½ncia de reaï¿½ï¿½o do condutor;Colisï¿½o lateral mesmo sentido;Com Vï¿½timas Feridas;Pleno dia;Cï¿½u Claro;Simples;Reta;Nï¿½o;0;0
2025-07-16;quarta-feira;12:20:00;RJ;40;DUQUE DE CAXIAS;Manobra de mudanï¿½a de faixa;Colisï¿½o lateral mesmo sentido;Com Vï¿½timas Feridas;Pleno dia;Cï¿½u Claro;Mï¿½ltipla;Reta;Nï¿½o;0;0
2025-07-16;quarta-feira;12:57:00;RJ;40;DUQUE DE CAXIAS;Reaï¿½ï¿½o tardia ou ineficiente do condutor;Tombamento;Com Vï¿½timas Feridas;Pleno dia;Cï¿½u Claro;Mï¿½ltipla;Curva;Sim;0;0
2025-07-16;quarta-feira;16:10:00;MG;50;UBERLANDIA;Ausï¿½ncia de reaï¿½ï¿½o do condutor;Engavetamento;Sem Vï¿½timas;Pleno dia;Cï¿½u Claro;Dupla;Reta;Sim;0;0
2025-07-16;quarta-feira;15:30:00;RJ;101;NITEROI;Manobra de mudanï¿½a de faixa;Colisï¿½o frontal;Com Vï¿½timas Feridas;Pleno dia;Cï¿½u Claro;Mï¿½ltipla;Curva;Sim;0;0
2025-07-16;quarta-feira;16:00:00;GO;153;APARECIDA DE GOIANIA;Ausï¿½ncia de reaï¿½ï¿½o do condutor;Colisï¿½o traseira;Com Vï¿½timas Feridas;Pleno dia;Cï¿½u Claro;Mï¿½ltipla;Reta;Sim;0;0
2025-05-22;quinta-feira;18:00:00;RO;364;JI-PARANA;Acessar a via sem observar a presenï¿½a dos outros veï¿½culos;Colisï¿½o transversal;Com Vï¿½timas Feridas;Anoitecer;Cï¿½u Claro;Simples;Reta;Sim;0;0
2025-07-16;quarta-feira;16:40:00;MG;40;RIBEIRAO DAS NEVES;Avarias e/ou desgaste excessivo no pneu;Queda de ocupante de veï¿½culo;Com Vï¿½timas Feridas;Pleno dia;Cï¿½u Claro;Dupla;"Retorno Regulamentado;Reta";Sim;0;0
2025-07-16;quarta-feira;17:00:00;PR;277;SAO JOSE DOS PINHAIS;Ausï¿½ncia de reaï¿½ï¿½o do condutor;Colisï¿½o traseira;Com Vï¿½timas Feridas;Pleno dia;Cï¿½u Claro;Dupla;Reta;Sim;0;0
2025-07-16;quarta-feira;16:38:00;RS;116;SAPUCAIA DO SUL;Acessar a via sem observar a presenï¿½a dos outros veï¿½culos;Colisï¿½o traseira;Com Vï¿½timas Feridas;Anoitecer;Cï¿½u Claro;Mï¿½ltipla;Interseï¿½ï¿½o de Vias;Sim;0;0
2025-07-16;quarta-feira;17:45:00;PE;428;PETROLINA;Ausï¿½ncia de reaï¿½ï¿½o do condutor;Queda de ocupante de veï¿½culo;Com Vï¿½timas Feridas;Anoitecer;Cï¿½u Claro;Dupla;Rotatï¿½ria;Sim;0;0
2025-07-16;quarta-feira;14:20:00;RO;319;PORTO VELHO;Desrespeitar a preferï¿½ncia no cruzamento;Colisï¿½o transversal;Com Vï¿½timas Feridas;Pleno dia;Cï¿½u Claro;Mï¿½ltipla;Interseï¿½ï¿½o de Vias;Sim;0;0
2025-07-16;quarta-feira;18:05:00;SC;101;BALNEARIO CAMBORIU;Trafegar com motocicleta (ou similar) entre as faixas;Colisï¿½o lateral mesmo sentido;Com Vï¿½timas Feridas;Plena Noite;Cï¿½u Claro;Mï¿½ltipla;Reta;Sim;0;0
2025-07-16;quarta-feira;18:10:00;PB;230;JOAO PESSOA;Manobra de mudanï¿½a de faixa;Colisï¿½o traseira;Com Vï¿½timas Feridas;Plena Noite;Cï¿½u Claro;Dupla;Reta;Sim;0;0
2025-07-16;quarta-feira;17:50:00;SP;101;UBATUBA;Condutor Dormindo;Colisï¿½o frontal;Com Vï¿½timas Feridas;Anoitecer;Cï¿½u Claro;Simples;Curva;Nï¿½o;0;0
2025-07-16;quarta-feira;17:56:00;PE;428;PETROLINA;Acessar a via sem observar a presenï¿½a dos outros veï¿½culos;Colisï¿½o traseira;Com Vï¿½timas Feridas;Anoitecer;Cï¿½u Claro;Dupla;Rotatï¿½ria;Sim;0;0
2025-07-16;quarta-feira;18:20:00;SC;280;GUARAMIRIM;Trafegar com motocicleta (ou similar) entre as faixas;Colisï¿½o traseira;Com Vï¿½timas Feridas;Anoitecer;Cï¿½u Claro;Dupla;Reta;Sim;0;0
2025-07-16;quarta-feira;18:00:00;SP;116;PINDAMONHANGABA;Condutor deixou de manter distï¿½ncia do veï¿½culo da frente;Engavetamento;Com Vï¿½timas Feridas;Plena Noite;Cï¿½u Claro;Dupla;Reta;Nï¿½o;0;0
2025-07-16;quarta-feira;18:15:00;RJ;393;VOLTA REDONDA;Desrespeitar a preferï¿½ncia no cruzamento;Colisï¿½o transversal;Com Vï¿½timas Feridas;Plena Noite;Cï¿½u Claro;Simples;Interseï¿½ï¿½o de Vias;Sim;0;0
2025-07-16;quarta-feira;18:30:00;RN;304;MOSSORO;Acessar a via sem observar a presenï¿½a dos outros veï¿½culos;Colisï¿½o lateral mesmo sentido;Com Vï¿½timas Feridas;Plena Noite;Cï¿½u Claro;Dupla;Reta;Sim;0;0
2025-07-16;quarta-feira;17:40:00;RJ;40;DUQUE DE CAXIAS;Reaï¿½ï¿½o tardia ou ineficiente do condutor;Tombamento;Com Vï¿½timas Feridas;Plena Noite;Cï¿½u Claro;Dupla;Reta;Sim;0;0
2025-07-16;quarta-feira;17:30:00;MT;70;VARZEA GRANDE;Transitar no Acostamento;Colisï¿½o transversal;Com Vï¿½timas Feridas;Anoitecer;Cï¿½u Claro;Simples;Reta;Nï¿½o;0;0
2025-07-16;quarta-feira;18:15:00;MG;354;POUSO ALTO;Velocidade Incompatï¿½vel;Queda de ocupante de veï¿½culo;Com Vï¿½timas Feridas;Pleno dia;Cï¿½u Claro;Simples;Curva;Nï¿½o;0;0
2025-07-16;quarta-feira;19:02:00;PI;316;TERESINA;Manobra de mudanï¿½a de faixa;Colisï¿½o lateral mesmo sentido;Com Vï¿½timas Feridas;Plena Noite;Cï¿½u Claro;Dupla;Reta;Sim;0;0
2025-07-16;quarta-feira;18:35:00;SC;101;JOINVILLE;Ausï¿½ncia de reaï¿½ï¿½o do condutor;Colisï¿½o traseira;Com Vï¿½timas Feridas;Anoitecer;Nublado;Dupla;Declive;Nï¿½o;0;0
2025-07-16;quarta-feira;16:20:00;SC;101;JOINVILLE;Manobra de mudanï¿½a de faixa;Colisï¿½o com objeto;Com Vï¿½timas Feridas;Pleno dia;Cï¿½u Claro;Dupla;"Declive;Reta";Nï¿½o;0;0
2025-07-16;quarta-feira;18:40:00;DF;60;BRASILIA;Reaï¿½ï¿½o tardia ou ineficiente do condutor;Engavetamento;Com Vï¿½timas Feridas;Plena Noite;Cï¿½u Claro;Dupla;Reta;Sim;0;0
2025-07-16;quarta-feira;18:30:00;SC;101;ITAPEMA;Condutor deixou de manter distï¿½ncia do veï¿½culo da frente;Engavetamento;Sem Vï¿½timas;Plena Noite;Cï¿½u Claro;Dupla;Reta;Nï¿½o;0;0
2025-07-16;quarta-feira;17:45:00;PR;476;ANTONIO OLINTO;Acessar a via sem observar a presenï¿½a dos outros veï¿½culos;Colisï¿½o transversal;Com Vï¿½timas Fatais;Anoitecer;Cï¿½u Claro;Simples;Reta;Sim;1;1
2025-07-16;quarta-feira;20:30:00;MG;50;UBERABA;Reaï¿½ï¿½o tardia ou ineficiente do condutor;Eventos atï¿½picos;Sem Vï¿½timas;Pleno dia;Cï¿½u Claro;Dupla;Reta;Nï¿½o;0;0
2025-07-16;quarta-feira;18:55:00;RS;116;SAO MARCOS;Conversï¿½o proibida;Colisï¿½o transversal;Com Vï¿½timas Feridas;Plena Noite;Cï¿½u Claro;Simples;Curva;Sim;0;0
2025-07-16;quarta-feira;21:15:00;MG;381;BETIM;Ausï¿½ncia de reaï¿½ï¿½o do condutor;Saï¿½da de leito carroï¿½ï¿½vel;Sem Vï¿½timas;Plena Noite;Cï¿½u Claro;Dupla;Interseï¿½ï¿½o de Vias;Sim;0;0
2025-07-16;quarta-feira;19:30:00;RS;116;VACARIA;Acessar a via sem observar a presenï¿½a dos outros veï¿½culos;Colisï¿½o transversal;Com Vï¿½timas Feridas;Plena Noite;Cï¿½u Claro;Simples;Interseï¿½ï¿½o de Vias;Sim;0;0
2025-07-16;quarta-feira;20:40:00;RJ;101;ANGRA DOS REIS;Reaï¿½ï¿½o tardia ou ineficiente do condutor;Colisï¿½o transversal;Com Vï¿½timas Feridas;Plena Noite;Cï¿½u Claro;Simples;Reta;Sim;0;0
2025-07-16;quarta-feira;19:30:00;MS;262;RIBAS DO RIO PARDO;Animais na Pista;Saï¿½da de leito carroï¿½ï¿½vel;Com Vï¿½timas Feridas;Plena Noite;Cï¿½u Claro;Simples;Reta;Nï¿½o;0;0
2025-07-16;quarta-feira;21:12:00;SC;101;ARARANGUA;Ultrapassagem Indevida;Colisï¿½o transversal;Com Vï¿½timas Feridas;Plena Noite;Cï¿½u Claro;Simples;"Reta;Interseï¿½ï¿½o de Vias";Nï¿½o;0;0
2025-07-16;quarta-feira;21:00:00;RJ;116;PARACAMBI;Ingestï¿½o de ï¿½lcool pelo condutor;Colisï¿½o com objeto;Com Vï¿½timas Feridas;Plena Noite;Cï¿½u Claro;Simples;Curva;Nï¿½o;0;0
2025-07-16;quarta-feira;21:10:00;ES;101;BAIXO GUANDU;Ausï¿½ncia de reaï¿½ï¿½o do condutor;Saï¿½da de leito carroï¿½ï¿½vel;Com Vï¿½timas Feridas;Plena Noite;Cï¿½u Claro;Simples;Curva;Nï¿½o;0;0
2025-07-16;quarta-feira;16:00:00;MA;222;BOM JESUS DAS SELVAS;Ultrapassagem Indevida;Colisï¿½o frontal;Com Vï¿½timas Fatais;Pleno dia;Cï¿½u Claro;Simples;"Declive;Curva";Nï¿½o;3;1
2025-07-16;quarta-feira;20:00:00;MG;116;GOVERNADOR VALADARES;Transitar na contramï¿½o;Colisï¿½o frontal;Com Vï¿½timas Feridas;Plena Noite;Cï¿½u Claro;Simples;Reta;Sim;0;0