data_inversa;dia_semana;horario;uf;br;municipio;causa_acidente;tipo_acidente;classificacao_acidente;fase_dia;condicao_metereologica;tipo_pista;tracado_via;uso_solo;mortos;acidente_fatal
2025-07-16;quarta-feira;15:40:00;MG;251;PADRE CARVALHO;Ausï¿½ncia de reaï¿½ï¿½o do condutor;Tombamento;Com Vï¿½timas Feridas;Pleno dia;Nublado;Simples;"Curva;Interseï¿½ï¿½o de Vias";Nï¿½o;0;0
2025-07-16;quarta-feira;22:40:00;RS;448;CANOAS;Demais falhas mecï¿½nicas ou elï¿½tricas;Queda de ocupante de veï¿½culo;Com Vï¿½timas Feridas;Plena Noite;Cï¿½u Claro;Mï¿½ltipla;Reta;Nï¿½o;0;0
2025-07-16;quarta-feira;23:15:00;MG;459;CONGONHAL;Velocidade Incompatï¿½vel;Tombamento;Com Vï¿½timas Feridas;Plena Noite;Cï¿½u Claro;Simples;Reta;Nï¿½o;0;0
2025-07-16;quarta-feira;23:40:00;PR;116;CURITIBA;Demais falhas mecï¿½nicas ou elï¿½tricas;Incï¿½ndio;Sem Vï¿½timas;Plena Noite;Cï¿½u Claro;Dupla;Curva;Nï¿½o;0;0
2025-07-16;quarta-feira;23:43:00;PE;101;GOIANA;Reaï¿½ï¿½o tardia ou ineficiente do condutor;Queda de ocupante de veï¿½culo;Com Vï¿½timas Feridas;Plena Noite;Cï¿½u Claro;Simples;Reta;Nï¿½o;0;0
2025-07-16;quarta-feira;20:30:00;ES;393;CACHOEIRO DE ITAPEMIRIM;Animais na Pista;Atropelamento de Animal;Com Vï¿½timas Feridas;Plena Noite;Cï¿½u Claro;Simples;Reta;Nï¿½o;0;0
2025-07-16;quarta-feira;23:56:00;AM;174;MANAUS;Reaï¿½ï¿½o tardia ou ineficiente do condutor;Colisï¿½o traseira;Com Vï¿½timas Fatais;Plena Noite;Cï¿½u Claro;Simples;Declive;Nï¿½o;1;1
2025-07-17;quinta-feira;04:30:00;SC;470;BLUMENAU;Demais falhas mecï¿½nicas ou elï¿½tricas;Colisï¿½o com objeto;Com Vï¿½timas Feridas;Plena Noite;Cï¿½u Claro;Dupla;Curva;Sim;0;0
2025-07-17;quinta-feira;04:50:00;RJ;116;RIO DE JANEIRO;Ausï¿½ncia de reaï¿½ï¿½o do condutor;Tombamento;Sem Vï¿½timas;Amanhecer;Nublado;Simples;Reta;Nï¿½o;0;0
2025-07-17;quinta-feira;06:30:00;RS;448;PORTO ALEGRE;Chuva;Colisï¿½o com objeto;Sem Vï¿½timas;Amanhecer;Chuva;Dupla;"Aclive;Curva";Sim;0;0
2025-07-17;quinta-feira;05:40:00;SC;101;PAULO LOPES;Ultrapassagem Indevida;Colisï¿½o transversal;Com Vï¿½timas Feridas;Amanhecer;Cï¿½u Claro;Simples;"Aclive;Reta";Nï¿½o;0;0
2025-07-16;quarta-feira;20:15:00;MS;163;CAMPO GRANDE;Ausï¿½ncia de reaï¿½ï¿½o do condutor;Colisï¿½o com objeto;Sem Vï¿½timas;Plena Noite;Cï¿½u Claro;Simples;"Reta;Aclive";Nï¿½o;0;0
2025-07-16;quarta-feira;20:48:00;GO;364;PARANAIGUARA;Ausï¿½ncia de reaï¿½ï¿½o do condutor;Colisï¿½o com objeto;Com Vï¿½timas Feridas;Plena Noite;Cï¿½u Claro;Simples;Curva;Nï¿½o;0;0
2025-07-17;quinta-feira;06:10:00;CE;304;ARACATI;Reaï¿½ï¿½o tardia ou ineficiente do condutor;Colisï¿½o traseira;Com Vï¿½timas Feridas;Pleno dia;Sol;Dupla;Curva;Nï¿½o;0;0
2025-07-17;quinta-feira;06:30:00;BA;116;SANTO ESTEVAO;Condutor Dormindo;Colisï¿½o com objeto;Com Vï¿½timas Feridas;Amanhecer;Cï¿½u Claro;Dupla;Reta;Nï¿½o;0;0
2025-07-17;quinta-feira;05:50:00;ES;393;MUQUI;Animais na Pista;Atropelamento de Animal;Com Vï¿½timas Feridas;Amanhecer;Nevoeiro/Neblina;Simples;Reta;Nï¿½o;0;0
2025-07-16;quarta-feira;17:52:00;MT;364;VARZEA GRANDE;Reaï¿½ï¿½o tardia ou ineficiente do condutor;Colisï¿½o lateral mesmo sentido;Com Vï¿½timas Feridas;Plena Noite;Cï¿½u Claro;Dupla;Reta;Sim;0;0
2025-07-17;quinta-feira;07:50:00;PR;369;CASCAVEL;Acessar a via sem observar a presenï¿½a dos outros veï¿½culos;Colisï¿½o transversal;Sem Vï¿½timas;Pleno dia;Sol;Simples;"Interseï¿½ï¿½o de Vias;Rotatï¿½ria";Nï¿½o;0;0
2025-07-17;quinta-feira;07:40:00;CE;222;FORTALEZA;Frear bruscamente;Colisï¿½o traseira;Sem Vï¿½timas;Pleno dia;Cï¿½u Claro;Mï¿½ltipla;Reta;Nï¿½o;0;0
2025-07-17;quinta-feira;07:35:00;MG;381;BETIM;Ausï¿½ncia de reaï¿½ï¿½o do condutor;Colisï¿½o com objeto;Com Vï¿½timas Feridas;Pleno dia;Sol;Mï¿½ltipla;Reta;Sim;0;0
2025-07-17;quinta-feira;08:00:00;MG;381;BETIM;Manobra de mudanï¿½a de faixa;Colisï¿½o lateral mesmo sentido;Com Vï¿½timas Feridas;Pleno dia;Cï¿½u Claro;Mï¿½ltipla;"Declive;Reta";Sim;0;0
2025-07-17;quinta-feira;07:55:00;MG;40;SIMAO PEREIRA;Condutor Dormindo;Colisï¿½o com objeto;Com Vï¿½timas Feridas;Pleno dia;Nublado;Dupla;Curva;Nï¿½o;0;0
2025-07-17;quinta-feira;07:47:00;SC;101;JOINVILLE;Trafegar com motocicleta (ou similar) entre as faixas;Colisï¿½o traseira;Com Vï¿½timas Feridas;Pleno dia;Sol;Dupla;Curva;Sim;0;0
2025-07-17;quinta-feira;08:00:00;RS;386;NOVA SANTA RITA;Chuva;Saï¿½da de leito carroï¿½ï¿½vel;Com Vï¿½timas Feridas;Pleno dia;Chuva;Dupla;Reta;Nï¿½o;0;0
2025-07-17;quinta-feira;08:00:00;AP;0;MACAPA;Reaï¿½ï¿½o tardia ou ineficiente do condutor;Colisï¿½o traseira;Sem Vï¿½timas;Pleno dia;Cï¿½u Claro;Dupla;Reta;Sim;0;0
2025-07-17;quinta-feira;07:25:00;RS;290;BUTIA;Acessar a via sem observar a presenï¿½a dos outros veï¿½culos;Colisï¿½o transversal;Com Vï¿½timas Feridas;Pleno dia;Chuva;Simples;"Interseï¿½ï¿½o de Vias;Aclive;Reta";Sim;0;0
2025-07-17;quinta-feira;09:00:00;ES;101;SERRA;Velocidade Incompatï¿½vel;Queda de ocupante de veï¿½culo;Com Vï¿½timas Feridas;Pleno dia;Sol;Mï¿½ltipla;Reta;Sim;0;0
2025-07-17;quinta-feira;08:30:00;MG;381;NAQUE;Ausï¿½ncia de reaï¿½ï¿½o do condutor;Colisï¿½o traseira;Com Vï¿½timas Fatais;Pleno dia;Cï¿½u Claro;Simples;Reta;Nï¿½o;1;1
2025-06-13;sexta-feira;22:00:00;SC;282;AGUAS MORNAS;Velocidade Incompatï¿½vel;Colisï¿½o frontal;Com Vï¿½timas Feridas;Plena Noite;Chuva;Simples;"Declive;Curva";Nï¿½o;0;0
2025-07-17;quinta-feira;09:25:00;PE;101;ABREU E LIMA;Desrespeitar a preferï¿½ncia no cruzamento;Colisï¿½o transversal;Com Vï¿½timas Feridas;Pleno dia;Cï¿½u Claro;Mï¿½ltipla;"Reta;Retorno Regulamentado";Sim;0;0
2025-07-17;quinta-feira;09:15:00;SP;153;SAO JOSE DO RIO PRETO;Acessar a via sem observar a presenï¿½a dos outros veï¿½culos;Colisï¿½o lateral mesmo sentido;Sem Vï¿½timas;Pleno dia;Cï¿½u Claro;Dupla;Reta;Sim;0;0
2025-07-17;quinta-feira;08:31:00;PR;376;MANDAGUACU;Entrada inopinada do pedestre;Atropelamento de Pedestre;Com Vï¿½timas Fatais;Pleno dia;Cï¿½u Claro;Dupla;Curva;Sim;1;1
2025-07-17;quinta-feira;10:05:00;PE;101;ABREU E LIMA;Condutor deixou de manter distï¿½ncia do veï¿½culo da frente;Colisï¿½o traseira;Com Vï¿½timas Feridas;Pleno dia;Cï¿½u Claro;Dupla;Reta;Sim;0;0
2025-07-17;quinta-feira;10:00:00;RJ;116;SAO JOAO DE MERITI;Ausï¿½ncia de reaï¿½ï¿½o do condutor;Tombamento;Com Vï¿½timas Feridas;Pleno dia;Sol;Mï¿½ltipla;Reta;Nï¿½o;0;0
2025-07-17;quinta-feira;10:30:00;RN;101;NATAL;Acessar a via sem observar a presenï¿½a dos outros veï¿½culos;Queda de ocupante de veï¿½culo;Com Vï¿½timas Feridas;Pleno dia;Nublado;Dupla;Reta;Sim;0;0
2025-07-17;quinta-feira;00:15:00;BA;101;CACHOEIRA;Animais na Pista;Atropelamento de Animal;Com Vï¿½timas Feridas;Plena Noite;Cï¿½u Claro;Simples;Reta;Nï¿½o;0;0
2025-07-17;quinta-feira;09:30:00;PR;376;MAUA DA SERRA;Reaï¿½ï¿½o tardia ou ineficiente do condutor;Colisï¿½o com objeto;Com Vï¿½timas Feridas;Pleno dia;Cï¿½u Claro;Dupla;Curva;Nï¿½o;0;0
2025-07-17;quinta-feira;09:30:00;GO;60;RIO VERDE;Velocidade Incompatï¿½vel;Saï¿½da de leito carroï¿½ï¿½vel;Com Vï¿½timas Feridas;Pleno dia;Cï¿½u Claro;Dupla;Reta;Nï¿½o;0;0
2025-07-17;quinta-feira;06:20:00;PR;277;SAO MIGUEL DO IGUACU;Ausï¿½ncia de reaï¿½ï¿½o do condutor;Saï¿½da de leito carroï¿½ï¿½vel;Sem Vï¿½timas;Amanhecer;Nevoeiro/Neblina;Dupla;Curva;Nï¿½o;0;0
2025-07-17;quinta-feira;12:15:00;RS;285;PASSO FUNDO;Acessar a via sem observar a presenï¿½a dos outros veï¿½culos;Colisï¿½o transversal;Com Vï¿½timas Feridas;Pleno dia;Chuva;Dupla;"Reta;Rotatï¿½ria";Sim;0;0
2025-07-17;quinta-feira;12:20:00;MG;365;MONTE ALEGRE DE MINAS;Reaï¿½ï¿½o tardia ou ineficiente do condutor;Tombamento;Com Vï¿½timas Feridas;Pleno dia;Cï¿½u Claro;Simples;"Declive;Reta";Nï¿½o;0;0
2025-07-17;quinta-feira;04:00:00;MT;70;POCONE;Acessar a via sem observar a presenï¿½a dos outros veï¿½culos;Colisï¿½o transversal;Sem Vï¿½timas;Plena Noite;Cï¿½u Claro;Simples;Curva;Nï¿½o;0;0
2025-07-17;quinta-feira;09:01:00;GO;153;URUACU;Condutor deixou de manter distï¿½ncia do veï¿½culo da frente;Colisï¿½o traseira;Com Vï¿½timas Feridas;Pleno dia;Cï¿½u Claro;Simples;Reta;Sim;0;0
2025-07-17;quinta-feira;12:00:00;SC;282;AGUAS MORNAS;Demais falhas mecï¿½nicas ou elï¿½tricas;Eventos atï¿½picos;Sem Vï¿½timas;Pleno dia;Cï¿½u Claro;Simples;"Aclive;Reta";Nï¿½o;0;0
2025-07-17;quinta-feira;10:20:00;MG;50;DELTA;Reaï¿½ï¿½o tardia ou ineficiente do condutor;Colisï¿½o traseira;Com Vï¿½timas Feridas;Pleno dia;Cï¿½u Claro;Dupla;"Em Obras;Declive;Reta";Nï¿½o;0;0
2025-07-17;quinta-feira;10:30:00;SC;101;GARUVA;Reaï¿½ï¿½o tardia ou ineficiente do condutor;Tombamento;Com Vï¿½timas Feridas;Pleno dia;Cï¿½u Claro;Mï¿½ltipla;"Reta;Rotatï¿½ria";Nï¿½o;0;0
2025-07-17;quinta-feira;05:30:00;GO;364;MINEIROS;Entrada inopinada do pedestre;Atropelamento de Pedestre;Com Vï¿½timas Feridas;Amanhecer;Cï¿½u Claro;Simples;"Reta;Ponte";Nï¿½o;0;0
2025-07-17;quinta-feira;13:00:00;SP;116;MIRACATU;Retorno proibido;Colisï¿½o transversal;Com Vï¿½timas Feridas;Pleno dia;Sol;Dupla;Reta;Nï¿½o;0;0
2025-07-06;domingo;05:05:00;PE;423;GARANHUNS;Condutor deixou de manter distï¿½ncia do veï¿½culo da frente;Engavetamento;Sem Vï¿½timas;Amanhecer;Nublado;Simples;"Reta;Declive";Nï¿½o;0;0
2025-07-17;quinta-feira;12:00:00;GO;40;CRISTALINA;Reaï¿½ï¿½o tardia ou ineficiente do condutor;Saï¿½da de leito carroï¿½ï¿½vel;Com Vï¿½timas Feridas;Pleno dia;Cï¿½u Claro;Simples;Reta;Nï¿½o;0;0
2025-07-17;quinta-feira;09:10:00;MG;116;MURIAE;Acessar a via sem observar a presenï¿½a dos outros veï¿½culos;Colisï¿½o traseira;Com Vï¿½timas Feridas;Pleno dia;Cï¿½u Claro;Simples;Curva;Sim;0;0
2025-07-17;quinta-feira;13:45:00;RN;101;NATAL;Reaï¿½ï¿½o tardia ou ineficiente do condutor;Colisï¿½o traseira;Com Vï¿½timas Feridas;Pleno dia;Cï¿½u Claro;Dupla;"Reta;Ponte";Nï¿½o;0;0
2025-07-17;quinta-feira;13:20:00;BA;324;SALVADOR;Frear bruscamente;Tombamento;Com Vï¿½timas Feridas;Pleno dia;Chuva;Dupla;Reta;Nï¿½o;0;0
2025-07-17;quinta-feira;13:20:00;PR;277;FOZ DO IGUACU;Conversï¿½o proibida;Colisï¿½o frontal;Com Vï¿½timas Feridas;Pleno dia;Nublado;Dupla;Reta;Sim;0;0
2025-07-14;segunda-feira;01:06:00;SC;282;VARGEM BONITA;Reaï¿½ï¿½o tardia ou ineficiente do condutor;Saï¿½da de leito carroï¿½ï¿½vel;Com Vï¿½timas Feridas;Plena Noite;Cï¿½u Claro;Simples;Reta;Nï¿½o;0;0
2025-07-17;quinta-feira;11:30:00;MG;262;MOEMA;Desrespeitar a preferï¿½ncia no cruzamento;Colisï¿½o transversal;Com Vï¿½timas Feridas;Pleno dia;Sol;Simples;"Rotatï¿½ria;Interseï¿½ï¿½o de Vias";Nï¿½o;0;0
2025-07-17;quinta-feira;13:00:00;PB;230;PATOS;Velocidade Incompatï¿½vel;Saï¿½da de leito carroï¿½ï¿½vel;Com Vï¿½timas Feridas;Pleno dia;Cï¿½u Claro;Simples;"Curva;Declive";Nï¿½o;0;0
2025-07-17;quinta-feira;14:45:00;SC;101;JAGUARUNA;Ausï¿½ncia de reaï¿½ï¿½o do condutor;Colisï¿½o traseira;Com Vï¿½timas Feridas;Pleno dia;Cï¿½u Claro;Mï¿½ltipla;"Em Obras;Desvio Temporï¿½rio;Reta";Sim;0;0
2025-07-17;quinta-feira;10:50:00;PB;230;CAMPINA GRANDE;Acessar a via sem observar a presenï¿½a dos outros veï¿½culos;Colisï¿½o transversal;Sem Vï¿½timas;Pleno dia;Cï¿½u Claro;Simples;Interseï¿½ï¿½o de Vias;Sim;0;0
2025-07-17;quinta-feira;13:30:00;BA;242;MUQUEM DE SAO FRANCISCO;Demais falhas mecï¿½nicas ou elï¿½tricas;Saï¿½da de leito carroï¿½ï¿½vel;Com Vï¿½timas Feridas;Pleno dia;Cï¿½u Claro;Simples;Reta;Nï¿½o;0;0
2025-07-17;quinta-feira;15:00:00;SC;282;SAO JOSE;Manobra de mudanï¿½a de faixa;Colisï¿½o transversal;Com Vï¿½timas Feridas;Pleno dia;Nublado;Dupla;Curva;Sim;0;0
2025-07-17;quinta-feira;13:30:00;RN;304;MOSSORO;Ausï¿½ncia de reaï¿½ï¿½o do condutor;Tombamento;Com Vï¿½timas Feridas;Pleno dia;Sol;Dupla;Curva;Nï¿½o;0;0
2025-07-17;quinta-feira;15:20:00;ES;101;SERRA;Conversï¿½o proibida;Colisï¿½o transversal;Com Vï¿½timas Feridas;Pleno dia;Cï¿½u Claro;Simples;"Retorno Regulamentado;Reta";Nï¿½o;0;0
2025-07-17;quinta-feira;14:00:00;RJ;116;TERESOPOLIS;Acessar a via sem observar a presenï¿½a dos outros veï¿½culos;Colisï¿½o transversal;Com Vï¿½timas Feridas;Pleno dia;Cï¿½u Claro;Simples;Reta;Nï¿½o;0;0
2025-07-17;quinta-feira;15:20:00;MG;381;BOM JESUS DO AMPARO;Afundamento ou ondulaï¿½ï¿½o no pavimento;Queda de ocupante de veï¿½culo;Com Vï¿½timas Feridas;Pleno dia;Sol;Dupla;Reta;Nï¿½o;0;0
2025-07-17;quinta-feira;15:35:00;CE;116;FORTALEZA;Reaï¿½ï¿½o tardia ou ineficiente do condutor;Colisï¿½o traseira;Com Vï¿½timas Feridas;Pleno dia;Sol;Mï¿½ltipla;Reta;Sim;0;0
2025-07-17;quinta-feira;15:35:00;MG;40;PARAOPEBA;Ausï¿½ncia de reaï¿½ï¿½o do condutor;Colisï¿½o traseira;Com Vï¿½timas Feridas;Pleno dia;Cï¿½u Claro;Dupla;Reta;Nï¿½o;0;0
2025-07-17;quinta-feira;15:45:00;CE;116;FORTALEZA;Velocidade Incompatï¿½vel;Colisï¿½o traseira;Com Vï¿½timas Feridas;Pleno dia;Cï¿½u Claro;Dupla;Reta;Sim;0;0
2025-07-17;quinta-feira;17:00:00;CE;222;FORTALEZA;Acessar a via sem observar a presenï¿½a dos outros veï¿½culos;Atropelamento de Pedestre;Com Vï¿½timas Feridas;Pleno dia;Cï¿½u Claro;Dupla;Reta;Sim;0;0
2025-07-17;quinta-feira;16:40:00;BA;110;RIBEIRA DO POMBAL;Afundamento ou ondulaï¿½ï¿½o no pavimento;Tombamento;Com Vï¿½timas Feridas;Pleno dia;Cï¿½u Claro;Simples;Reta;Nï¿½o;0;0
2025-06-15;domingo;17:00:00;SC;101;ITAJAI;Reaï¿½ï¿½o tardia ou ineficiente do condutor;Colisï¿½o traseira;Com Vï¿½timas Feridas;Pleno dia;Cï¿½u Claro;Dupla;Reta;Sim;0;0
2025-07-17;quinta-feira;16:20:00;RS;101;TRES FORQUILHAS;Acumulo de ï¿½gua sobre o pavimento;Saï¿½da de leito carroï¿½ï¿½vel;Com Vï¿½timas Feridas;Pleno dia;Chuva;Dupla;Curva;Nï¿½o;0;0
2025-07-10;quinta-feira;19:30:00;RJ;101;MANGARATIBA;Curva acentuada;Saï¿½da de leito carroï¿½ï¿½vel;Com Vï¿½timas Feridas;Plena Noite;Cï¿½u Claro;Simples;Curva;Nï¿½o;0;0
2025-07-17;quinta-feira;17:30:00;PB;101;BAYEUX;Ausï¿½ncia de reaï¿½ï¿½o do condutor;Colisï¿½o lateral mesmo sentido;Com Vï¿½timas Feridas;Plena Noite;Cï¿½u Claro;Dupla;Reta;Sim;0;0
2025-07-17;quinta-feira;17:40:00;MG;381;JOAO MONLEVADE;Transitar no Acostamento;Colisï¿½o transversal;Com Vï¿½timas Feridas;Anoitecer;Cï¿½u Claro;Simples;"Retorno Regulamentado;Interseï¿½ï¿½o de Vias";Nï¿½o;0;0
2025-07-17;quinta-feira;16:50:00;RN;101;NATAL;Condutor deixou de manter distï¿½ncia do veï¿½culo da frente;Colisï¿½o traseira;Com Vï¿½timas Feridas;Anoitecer;Cï¿½u Claro;Mï¿½ltipla;"Viaduto;Reta";Nï¿½o;0;0
2025-07-17;quinta-feira;16:05:00;MT;70;BARRA DO GARCAS;Reaï¿½ï¿½o tardia ou ineficiente do condutor;Colisï¿½o traseira;Sem Vï¿½timas;Pleno dia;Cï¿½u Claro;Dupla;"Aclive;Rotatï¿½ria";Sim;0;0
2025-07-17;quinta-feira;17:35:00;RS;116;CAXIAS DO SUL;Trafegar com motocicleta (ou similar) entre as faixas;Colisï¿½o transversal;Com Vï¿½timas Feridas;Anoitecer;Cï¿½u Claro;Dupla;"Interseï¿½ï¿½o de Vias;Reta";Nï¿½o;0;0
2025-07-17;quinta-feira;18:00:00;MG;40;SETE LAGOAS;Manobra de mudanï¿½a de faixa;Saï¿½da de leito carroï¿½ï¿½vel;Com Vï¿½timas Feridas;Anoitecer;Cï¿½u Claro;Dupla;Reta;Nï¿½o;0;0
2025-07-17;quinta-feira;15:00:00;MA;230;BALSAS;Reaï¿½ï¿½o tardia ou ineficiente do condutor;Colisï¿½o traseira;Com Vï¿½timas Feridas;Pleno dia;Cï¿½u Claro;Simples;Reta;Sim;0;0
2025-07-17;quinta-feira;18:20:00;DF;70;BRASILIA;Manobra de mudanï¿½a de faixa;Colisï¿½o lateral mesmo sentido;Com Vï¿½timas Feridas;Plena Noite;Cï¿½u Claro;Dupla;Reta;Sim;0;0
2025-07-17;quinta-feira;18:10:00;MG;40;SETE LAGOAS;Demais falhas mecï¿½nicas ou elï¿½tricas;Saï¿½da de leito carroï¿½ï¿½vel;Com Vï¿½timas Feridas;Plena Noite;Cï¿½u Claro;Simples;"Declive;Viaduto;Rotatï¿½ria";Sim;0;0
2025-07-17;quinta-feira;18:40:00;SP;153;OURINHOS;Ingestï¿½o de ï¿½lcool pelo condutor;Colisï¿½o traseira;Sem Vï¿½timas;Plena Noite;Cï¿½u Claro;Dupla;Reta;Nï¿½o;0;0
2025-07-17;quinta-feira;18:33:00;MT;163;ITAUBA;Ausï¿½ncia de reaï¿½ï¿½o do condutor;Colisï¿½o traseira;Com Vï¿½timas Fatais;Plena Noite;Cï¿½u Claro;Simples;"Declive;Reta";Nï¿½o;1;1
2025-07-17;quinta-feira;20:10:00;SC;101;BIGUACU;Reaï¿½ï¿½o tardia ou ineficiente do condutor;Engavetamento;Com Vï¿½timas Feridas;Plena Noite;Garoa/Chuvisco;Mï¿½ltipla;Reta;Sim;0;0
2025-07-17;quinta-feira;19:10:00;MG;267;BOM JARDIM DE MINAS;Acessar a via sem observar a presenï¿½a dos outros veï¿½culos;Atropelamento de Pedestre;Com Vï¿½timas Feridas;Plena Noite;Cï¿½u Claro;Simples;"Reta;Interseï¿½ï¿½o de Vias;Ponte";Sim;0;0
2025-07-17;quinta-feira;20:11:00;RN;101;GOIANINHA;Afundamento ou ondulaï¿½ï¿½o no pavimento;Colisï¿½o com objeto;Com Vï¿½timas Feridas;Plena Noite;Cï¿½u Claro;Dupla;Reta;Nï¿½o;0;0
2025-07-17;quinta-feira;19:30:00;MG;40;SAO GONCALO DO ABAETE;Acessar a via sem observar a presenï¿½a dos outros veï¿½culos;Colisï¿½o transversal;Com Vï¿½timas Feridas;Plena Noite;Cï¿½u Claro;Simples;Reta;Sim;0;0
2025-07-17;quinta-feira;20:30:00;SP;381;SAO PAULO;Reaï¿½ï¿½o tardia ou ineficiente do condutor;Tombamento;Com Vï¿½timas Feridas;Plena Noite;Cï¿½u Claro;Simples;Curva;Nï¿½o;0;0
2025-07-17;quinta-feira;18:20:00;MS;262;RIBAS DO RIO PARDO;Acessar a via sem observar a presenï¿½a dos outros veï¿½culos;Colisï¿½o transversal;Sem Vï¿½timas;Plena Noite;Cï¿½u Claro;Simples;"Reta;Interseï¿½ï¿½o de Vias";Sim;0;0
2025-07-17;quinta-feira;20:40:00;AL;316;PALMEIRA DOS INDIOS;Ultrapassagem Indevida;Colisï¿½o frontal;Com Vï¿½timas Feridas;Plena Noite;Ignorado;Simples;Aclive;Nï¿½o;0;0
2025-07-17;quinta-feira;18:56:00;PE;428;PETROLINA;Condutor desrespeitou a iluminaï¿½ï¿½o vermelha do semï¿½foro;Colisï¿½o transversal;Com Vï¿½timas Feridas;Plena Noite;Cï¿½u Claro;Mï¿½ltipla;"Interseï¿½ï¿½o de Vias;Reta;Retorno Regulamentado";Sim;0;0
2025-07-16;quarta-feira;22:00:00;RO;174;VILHENA;Acessar a via sem observar a presenï¿½a dos outros veï¿½culos;Colisï¿½o transversal;Com Vï¿½timas Feridas;Plena Noite;Cï¿½u Claro;Dupla;Interseï¿½ï¿½o de Vias;Sim;0;0
2025-07-17;quinta-feira;19:00:00;SC;101;BIGUACU;Demais falhas mecï¿½nicas ou elï¿½tricas;Colisï¿½o com objeto;Com Vï¿½timas Fatais;Plena Noite;Ignorado;Mï¿½ltipla;"Aclive;Reta";Sim;1;1
2025-07-17;quinta-feira;20:00:00;SP;116;EMBU DAS ARTES;Manobra de mudanï¿½a de faixa;Colisï¿½o lateral mesmo sentido;Com Vï¿½timas Feridas;Plena Noite;Cï¿½u Claro;Dupla;"Reta;Aclive";Sim;0;0
2025-07-17;quinta-feira;19:30:00;SC;101;JOINVILLE;Avarias e/ou desgaste excessivo no pneu;Tombamento;Com Vï¿½timas Feridas;Plena Noite;Nublado;Dupla;Curva;Nï¿½o;0;0
2025-07-17;quinta-feira;19:40:00;MG;50;UBERLANDIA;Pedestre cruzava a pista fora da faixa;Colisï¿½o com objeto;Com Vï¿½timas Feridas;Plena Noite;Cï¿½u Claro;Dupla;Reta;Sim;0;0
2025-07-17;quinta-feira;17:00:00;SC;101;GARUVA;Demais falhas mecï¿½nicas ou elï¿½tricas;Colisï¿½o com objeto;Com Vï¿½timas Feridas;Pleno dia;Nublado;Dupla;Reta;Sim;0;0
2025-07-17;quinta-feira;20:10:00;PR;376;CAMPINA GRANDE DO SUL;Ausï¿½ncia de reaï¿½ï¿½o do condutor;Colisï¿½o traseira;Com Vï¿½timas Feridas;Plena Noite;Cï¿½u Claro;Dupla;"Reta;Declive";Nï¿½o;0;0
2025-07-17;quinta-feira;20:50:00;RJ;465;NOVA IGUACU;Ausï¿½ncia de reaï¿½ï¿½o do condutor;Colisï¿½o lateral mesmo sentido;Com Vï¿½timas Feridas;Plena Noite;Cï¿½u Claro;Simples;Reta;Sim;0;0
2025-07-17;quinta-feira;21:39:00;DF;40;BRASILIA;Demais falhas mecï¿½nicas ou elï¿½tricas;Tombamento;Com Vï¿½timas Feridas;Plena Noite;Cï¿½u Claro;Dupla;Declive;Sim;0;0
2025-07-17;quinta-feira;18:12:00;PR;116;COLOMBO;Ausï¿½ncia de reaï¿½ï¿½o do condutor;Tombamento;Com Vï¿½timas Feridas;Pleno dia;Cï¿½u Claro;Dupla;"Reta;Aclive;Viaduto";Sim;0;0
2025-05-30;sexta-feira;18:00:00;GO;70;ARAGARCAS;Ultrapassagem Indevida;Colisï¿½o lateral mesmo sentido;Com Vï¿½timas Feridas;Anoitecer;Cï¿½u Claro;Dupla;"Aclive;Interseï¿½ï¿½o de Vias;Reta";Sim;0;0
2025-07-17;quinta-feira;10:10:00;GO;153;MARA ROSA;Reaï¿½ï¿½o tardia ou ineficiente do condutor;Queda de ocupante de veï¿½culo;Com Vï¿½timas Feridas;Pleno dia;Cï¿½u Claro;Simples;Declive;Nï¿½o;0;0
2025-06-30;segunda-feira;07:00:00;GO;364;SAO SIMAO;Reaï¿½ï¿½o tardia ou ineficiente do condutor;Atropelamento de Pedestre;Com Vï¿½timas Feridas;Pleno dia;Cï¿½u Claro;Simples;Reta;Sim;0;0
2025-07-17;quinta-feira;23:00:00;SC;282;FLORIANOPOLIS;Reaï¿½ï¿½o tardia ou ineficiente do condutor;Colisï¿½o transversal;Com Vï¿½timas Feridas;Plena Noite;Nublado;Mï¿½ltipla;"Declive;Curva";Sim;0;0
2025-07-17;quinta-feira;20:25:00;RJ;101;MANGARATIBA;Ausï¿½ncia de reaï¿½ï¿½o do condutor;Capotamento;Com Vï¿½timas Fatais;Plena Noite;Cï¿½u Claro;Dupla;Reta;Nï¿½o;1;1
2025-07-17;quinta-feira;23:20:00;PB;101;ALHANDRA;Reaï¿½ï¿½o tardia ou ineficiente do condutor;Colisï¿½o traseira;Com Vï¿½timas Feridas;Plena Noite;Garoa/Chuvisco;Dupla;Reta;Nï¿½o;0;0
2025-07-17;quinta-feira;22:50:00;ES;101;CARIACICA;Ausï¿½ncia de reaï¿½ï¿½o do condutor;Capotamento;Sem Vï¿½timas;Plena Noite;Cï¿½u Claro;Simples;Curva;Sim;0;0
2025-07-17;quinta-feira;22:40:00;PR;153;JACAREZINHO;Pedestre andava na pista;Atropelamento de Pedestre;Com Vï¿½timas Feridas;Plena Noite;Cï¿½u Claro;Simples;Reta;Nï¿½o;0;0