data_inversa;dia_semana;horario;uf;br;municipio;causa_acidente;tipo_acidente;classificacao_acidente;fase_dia;condicao_metereologica;tipo_pista;tracado_via;uso_solo;mortos;acidente_fatal
2025-07-22;terï¿½a-feira;21:30:00;MS;163;ITAQUIRAI;Entrada inopinada do pedestre;Eventos atï¿½picos;Com Vï¿½timas Feridas;Plena Noite;Cï¿½u Claro;Simples;Reta;Sim;0;0
2025-07-23;quarta-feira;07:55:00;MG;262;MANHUACU;Conversï¿½o proibida;Colisï¿½o lateral mesmo sentido;Com Vï¿½timas Feridas;Pleno dia;Cï¿½u Claro;Simples;Reta;Sim;0;0
2025-07-23;quarta-feira;09:20:00;SC;101;PALHOCA;Manobra de mudanï¿½a de faixa;Colisï¿½o lateral mesmo sentido;Com Vï¿½timas Feridas;Pleno dia;Nublado;Mï¿½ltipla;Reta;Sim;0;0
2025-07-23;quarta-feira;06:39:00;AC;364;RIO BRANCO;Acessar a via sem observar a presenï¿½a dos outros veï¿½culos;Colisï¿½o lateral mesmo sentido;Com Vï¿½timas Feridas;Pleno dia;Cï¿½u Claro;Simples;"Reta;Interseï¿½ï¿½o de Vias";Sim;0;0
2025-05-18;domingo;09:30:00;MG;267;ARGIRITA;Reaï¿½ï¿½o tardia ou ineficiente do condutor;Colisï¿½o transversal;Com Vï¿½timas Feridas;Pleno dia;Cï¿½u Claro;Simples;Interseï¿½ï¿½o de Vias;Nï¿½o;0;0
2025-07-23;quarta-feira;07:20:00;PI;343;AMARANTE;Transitar na contramï¿½o;Colisï¿½o traseira;Com Vï¿½timas Fatais;Pleno dia;Cï¿½u Claro;Simples;"Reta;Declive";Nï¿½o;1;1
2025-07-23;quarta-feira;09:38:00;PB;230;JOAO PESSOA;Acessar a via sem observar a presenï¿½a dos outros veï¿½culos;Colisï¿½o traseira;Com Vï¿½timas Feridas;Pleno dia;Garoa/Chuvisco;Dupla;Reta;Sim;0;0
2025-07-23;quarta-feira;09:30:00;MG;40;CONTAGEM;Velocidade Incompatï¿½vel;Colisï¿½o traseira;Com Vï¿½timas Feridas;Pleno dia;Cï¿½u Claro;Dupla;Reta;Sim;0;0
2025-07-23;quarta-feira;09:35:00;RS;101;MAQUINE;Acessar a via sem observar a presenï¿½a dos outros veï¿½culos;Colisï¿½o frontal;Com Vï¿½timas Feridas;Pleno dia;Cï¿½u Claro;Simples;Interseï¿½ï¿½o de Vias;Nï¿½o;0;0
2025-07-23;quarta-feira;09:44:00;SP;381;MAIRIPORA;Ausï¿½ncia de reaï¿½ï¿½o do condutor;Colisï¿½o com objeto;Com Vï¿½timas Feridas;Pleno dia;Cï¿½u Claro;Dupla;Reta;Nï¿½o;0;0
2025-07-19;sï¿½bado;21:00:00;SP;101;UBATUBA;Acessar a via sem observar a presenï¿½a dos outros veï¿½culos;Colisï¿½o transversal;Com Vï¿½timas Feridas;Plena Noite;Cï¿½u Claro;Simples;Rotatï¿½ria;Sim;0;0
2025-07-23;quarta-feira;08:15:00;SC;101;CAMBORIU;Avarias e/ou desgaste excessivo no pneu;Tombamento;Com Vï¿½timas Feridas;Pleno dia;Nublado;Dupla;Reta;Sim;0;0
2025-07-23;quarta-feira;09:50:00;PE;424;PEDRA;Reaï¿½ï¿½o tardia ou ineficiente do condutor;Colisï¿½o traseira;Sem Vï¿½timas;Pleno dia;Chuva;Simples;Reta;Nï¿½o;0;0
2025-07-23;quarta-feira;09:50:00;BA;367;EUNAPOLIS;Transitar na contramï¿½o;Colisï¿½o transversal;Com Vï¿½timas Feridas;Pleno dia;Cï¿½u Claro;Simples;Reta;Sim;0;0
2025-07-23;quarta-feira;09:40:00;DF;70;BRASILIA;Acessar a via sem observar a presenï¿½a dos outros veï¿½culos;Colisï¿½o transversal;Com Vï¿½timas Feridas;Pleno dia;Cï¿½u Claro;Dupla;"Interseï¿½ï¿½o de Vias;Rotatï¿½ria";Sim;0;0
2025-06-11;quarta-feira;21:41:00;PA;163;NOVO PROGRESSO;Reaï¿½ï¿½o tardia ou ineficiente do condutor;Queda de ocupante de veï¿½culo;Sem Vï¿½timas;Plena Noite;Ignorado;Simples;Ponte;Sim;0;0
2025-07-23;quarta-feira;10:00:00;PR;376;MARINGA;Reaï¿½ï¿½o tardia ou ineficiente do condutor;Colisï¿½o traseira;Com Vï¿½timas Feridas;Pleno dia;Sol;Dupla;"Reta;Declive";Nï¿½o;0;0
2025-07-23;quarta-feira;07:29:00;AC;364;RIO BRANCO;Manobra de mudanï¿½a de faixa;Colisï¿½o traseira;Com Vï¿½timas Feridas;Pleno dia;Cï¿½u Claro;Dupla;Rotatï¿½ria;Sim;0;0
2025-07-23;quarta-feira;11:05:00;RJ;116;NOVA IGUACU;Trafegar com motocicleta (ou similar) entre as faixas;Tombamento;Com Vï¿½timas Feridas;Pleno dia;Cï¿½u Claro;Dupla;Reta;Nï¿½o;0;0
2025-07-23;quarta-feira;11:10:00;SE;101;SAO CRISTOVAO;Ausï¿½ncia de reaï¿½ï¿½o do condutor;Saï¿½da de leito carroï¿½ï¿½vel;Com Vï¿½timas Feridas;Pleno dia;Chuva;Dupla;Curva;Sim;0;0
2025-07-23;quarta-feira;11:30:00;DF;60;BRASILIA;Condutor Dormindo;Saï¿½da de leito carroï¿½ï¿½vel;Com Vï¿½timas Feridas;Pleno dia;Cï¿½u Claro;Dupla;Reta;Nï¿½o;0;0
2025-07-23;quarta-feira;09:00:00;MT;163;SORRISO;Reaï¿½ï¿½o tardia ou ineficiente do condutor;Colisï¿½o traseira;Sem Vï¿½timas;Pleno dia;Sol;Simples;Declive;Nï¿½o;0;0
2025-07-23;quarta-feira;12:00:00;SC;101;BIGUACU;Condutor deixou de manter distï¿½ncia do veï¿½culo da frente;Colisï¿½o traseira;Com Vï¿½timas Feridas;Pleno dia;Sol;Mï¿½ltipla;Reta;Sim;0;0
2025-07-15;terï¿½a-feira;05:30:00;MG;262;BETIM;Velocidade Incompatï¿½vel;Tombamento;Com Vï¿½timas Feridas;Pleno dia;Cï¿½u Claro;Dupla;Reta;Nï¿½o;0;0
2025-07-23;quarta-feira;11:40:00;PR;116;SAO JOSE DOS PINHAIS;Reaï¿½ï¿½o tardia ou ineficiente do condutor;Colisï¿½o traseira;Com Vï¿½timas Feridas;Pleno dia;Cï¿½u Claro;Dupla;Reta;Sim;0;0
2025-07-23;quarta-feira;10:00:00;MT;70;CACERES;Acessar a via sem observar a presenï¿½a dos outros veï¿½culos;Colisï¿½o transversal;Com Vï¿½timas Feridas;Pleno dia;Cï¿½u Claro;Simples;Reta;Nï¿½o;0;0
2025-07-23;quarta-feira;12:20:00;SC;101;ITAPEMA;Reaï¿½ï¿½o tardia ou ineficiente do condutor;Colisï¿½o traseira;Com Vï¿½timas Feridas;Pleno dia;Cï¿½u Claro;Simples;Retorno Regulamentado;Sim;0;0
2025-07-23;quarta-feira;11:35:00;TO;153;GUARAI;Ultrapassagem Indevida;Capotamento;Com Vï¿½timas Feridas;Pleno dia;Cï¿½u Claro;Simples;Reta;Nï¿½o;0;0
2025-07-23;quarta-feira;12:15:00;TO;10;PALMAS;Acessar a via sem observar a presenï¿½a dos outros veï¿½culos;Colisï¿½o traseira;Com Vï¿½timas Feridas;Pleno dia;Cï¿½u Claro;Mï¿½ltipla;Rotatï¿½ria;Sim;0;0
2025-07-23;quarta-feira;11:40:00;SC;470;LONTRAS;Ausï¿½ncia de reaï¿½ï¿½o do condutor;Colisï¿½o traseira;Com Vï¿½timas Feridas;Pleno dia;Cï¿½u Claro;Simples;"Em Obras;Declive;Reta";Sim;0;0
2025-07-23;quarta-feira;12:30:00;SC;280;ARAQUARI;Acessar a via sem observar a presenï¿½a dos outros veï¿½culos;Colisï¿½o transversal;Com Vï¿½timas Feridas;Pleno dia;Cï¿½u Claro;Simples;Reta;Sim;0;0
2025-07-23;quarta-feira;13:10:00;SP;116;GUARULHOS;Transitar no Acostamento;Colisï¿½o traseira;Com Vï¿½timas Feridas;Pleno dia;Sol;Mï¿½ltipla;Reta;Sim;0;0
2025-07-23;quarta-feira;13:10:00;SP;116;GUARULHOS;Reaï¿½ï¿½o tardia ou ineficiente do condutor;Colisï¿½o com objeto;Com Vï¿½timas Feridas;Pleno dia;Sol;Mï¿½ltipla;Reta;Sim;0;0
2025-07-23;quarta-feira;13:45:00;RS;158;SANTA MARIA;Ultrapassagem Indevida;Colisï¿½o lateral mesmo sentido;Com Vï¿½timas Feridas;Pleno dia;Nublado;Dupla;Reta;Sim;0;0
2025-07-23;quarta-feira;12:10:00;CE;222;TIANGUA;Acessar a via sem observar a presenï¿½a dos outros veï¿½culos;Atropelamento de Pedestre;Com Vï¿½timas Feridas;Pleno dia;Cï¿½u Claro;Mï¿½ltipla;Reta;Sim;0;0
2025-07-23;quarta-feira;14:30:00;SC;101;PALHOCA;Manobra de mudanï¿½a de faixa;Colisï¿½o lateral mesmo sentido;Com Vï¿½timas Feridas;Pleno dia;Cï¿½u Claro;Dupla;Reta;Nï¿½o;0;0
2025-06-13;sexta-feira;18:50:00;SC;282;NOVA ITABERABA;Acessar a via sem observar a presenï¿½a dos outros veï¿½culos;Colisï¿½o lateral sentido oposto;Com Vï¿½timas Feridas;Plena Noite;Cï¿½u Claro;Simples;Reta;Nï¿½o;0;0
2025-07-23;quarta-feira;14:30:00;PR;277;MATELANDIA;Frear bruscamente;Colisï¿½o transversal;Com Vï¿½timas Feridas;Pleno dia;Cï¿½u Claro;Simples;Reta;Sim;0;0
2025-07-23;quarta-feira;11:30:00;RO;425;NOVA MAMORE;Problema com o freio;Queda de ocupante de veï¿½culo;Com Vï¿½timas Feridas;Pleno dia;Cï¿½u Claro;Simples;"Em Obras;Reta";Nï¿½o;0;0
2025-07-23;quarta-feira;15:25:00;RS;290;URUGUAIANA;Transitar na contramï¿½o;Colisï¿½o frontal;Sem Vï¿½timas;Pleno dia;Cï¿½u Claro;Simples;"Declive;Curva;Rotatï¿½ria";Sim;0;0
2025-07-21;segunda-feira;22:00:00;SC;101;BALNEARIO CAMBORIU;Reaï¿½ï¿½o tardia ou ineficiente do condutor;Tombamento;Com Vï¿½timas Feridas;Plena Noite;Cï¿½u Claro;Dupla;Reta;Sim;0;0
2025-07-23;quarta-feira;16:15:00;ES;101;SAO MATEUS;Acesso irregular;Colisï¿½o transversal;Com Vï¿½timas Feridas;Pleno dia;Cï¿½u Claro;Simples;Reta;Nï¿½o;0;0
2025-07-23;quarta-feira;08:00:00;RJ;101;SAO GONCALO;Acessar a via sem observar a presenï¿½a dos outros veï¿½culos;Colisï¿½o transversal;Com Vï¿½timas Feridas;Pleno dia;Sol;Dupla;Reta;Sim;0;0
2025-07-23;quarta-feira;14:40:00;RJ;101;RIO BONITO;Trafegar com motocicleta (ou similar) entre as faixas;Colisï¿½o traseira;Com Vï¿½timas Feridas;Pleno dia;Cï¿½u Claro;Dupla;Reta;Nï¿½o;0;0
2025-07-08;terï¿½a-feira;06:10:00;SP;381;GUARULHOS;Manobra de mudanï¿½a de faixa;Colisï¿½o lateral mesmo sentido;Com Vï¿½timas Feridas;Amanhecer;Nublado;Mï¿½ltipla;Reta;Sim;0;0
2025-07-23;quarta-feira;16:00:00;PE;101;ESCADA;Ausï¿½ncia de reaï¿½ï¿½o do condutor;Queda de ocupante de veï¿½culo;Com Vï¿½timas Feridas;Pleno dia;Cï¿½u Claro;Dupla;Reta;Sim;0;0
2025-07-23;quarta-feira;16:45:00;PI;343;TERESINA;Desrespeitar a preferï¿½ncia no cruzamento;Colisï¿½o transversal;Com Vï¿½timas Feridas;Pleno dia;Cï¿½u Claro;Dupla;Interseï¿½ï¿½o de Vias;Sim;0;0
2025-02-22;sï¿½bado;04:40:00;RS;293;PINHEIRO MACHADO;Condutor Dormindo;Saï¿½da de leito carroï¿½ï¿½vel;Com Vï¿½timas Feridas;Plena Noite;Cï¿½u Claro;Simples;Curva;Nï¿½o;0;0
2025-07-23;quarta-feira;15:30:00;MT;163;RONDONOPOLIS;Condutor usando celular;Saï¿½da de leito carroï¿½ï¿½vel;Com Vï¿½timas Feridas;Pleno dia;Cï¿½u Claro;Dupla;"Reta;Aclive";Nï¿½o;0;0
2025-07-23;quarta-feira;17:40:00;PR;376;MANDAGUARI;Ausï¿½ncia de reaï¿½ï¿½o do condutor;Colisï¿½o traseira;Com Vï¿½timas Feridas;Anoitecer;Cï¿½u Claro;Dupla;Reta;Sim;0;0
2025-07-23;quarta-feira;14:25:00;MT;163;SORRISO;Ausï¿½ncia de reaï¿½ï¿½o do condutor;Saï¿½da de leito carroï¿½ï¿½vel;Sem Vï¿½timas;Pleno dia;Cï¿½u Claro;Simples;Reta;Nï¿½o;0;0
2025-07-23;quarta-feira;15:38:00;RJ;493;MAGE;Reaï¿½ï¿½o tardia ou ineficiente do condutor;Colisï¿½o lateral mesmo sentido;Com Vï¿½timas Feridas;Pleno dia;Nublado;Simples;Reta;Nï¿½o;0;0
2025-06-14;sï¿½bado;07:00:00;MG;40;PARACATU;Acessar a via sem observar a presenï¿½a dos outros veï¿½culos;Queda de ocupante de veï¿½culo;Com Vï¿½timas Feridas;Pleno dia;Cï¿½u Claro;Simples;"Reta;Interseï¿½ï¿½o de Vias";Sim;0;0
2025-07-23;quarta-feira;17:40:00;MG;50;UBERABA;Demais falhas mecï¿½nicas ou elï¿½tricas;Tombamento;Com Vï¿½timas Feridas;Pleno dia;Cï¿½u Claro;Dupla;Reta;Sim;0;0
2025-07-23;quarta-feira;15:00:00;SC;101;CAMBORIU;Trafegar com motocicleta (ou similar) entre as faixas;Colisï¿½o lateral mesmo sentido;Sem Vï¿½timas;Pleno dia;Cï¿½u Claro;Dupla;Reta;Sim;0;0
2025-07-23;quarta-feira;17:00:00;MS;163;RIO BRILHANTE;Reaï¿½ï¿½o tardia ou ineficiente do condutor;Colisï¿½o traseira;Sem Vï¿½timas;Pleno dia;Cï¿½u Claro;Simples;Reta;Nï¿½o;0;0
2025-07-23;quarta-feira;17:20:00;PI;316;TERESINA;Condutor deixou de manter distï¿½ncia do veï¿½culo da frente;Colisï¿½o traseira;Com Vï¿½timas Feridas;Pleno dia;Cï¿½u Claro;Simples;Reta;Sim;0;0
2025-07-23;quarta-feira;18:00:00;RS;293;PELOTAS;Retorno proibido;Colisï¿½o transversal;Com Vï¿½timas Feridas;Anoitecer;Nublado;Simples;Reta;Sim;0;0
2025-07-23;quarta-feira;16:45:00;SC;116;MAFRA;Acesso irregular;Colisï¿½o transversal;Sem Vï¿½timas;Pleno dia;Cï¿½u Claro;Simples;"Interseï¿½ï¿½o de Vias;Em Obras";Sim;0;0
2025-07-23;quarta-feira;16:00:00;MT;70;BARRA DO GARCAS;Desrespeitar a preferï¿½ncia no cruzamento;Colisï¿½o traseira;Sem Vï¿½timas;Pleno dia;Cï¿½u Claro;Simples;Rotatï¿½ria;Nï¿½o;0;0
2025-07-23;quarta-feira;18:20:00;ES;101;SERRA;Condutor deixou de manter distï¿½ncia do veï¿½culo da frente;Colisï¿½o traseira;Com Vï¿½timas Feridas;Anoitecer;Ignorado;Dupla;Curva;Nï¿½o;0;0
2025-07-23;quarta-feira;07:27:00;RJ;101;NITEROI;Condutor Dormindo;Colisï¿½o com objeto;Com Vï¿½timas Feridas;Pleno dia;Cï¿½u Claro;Dupla;Reta;Nï¿½o;0;0
2025-07-23;quarta-feira;18:30:00;MG;40;ESMERALDAS;Ausï¿½ncia de reaï¿½ï¿½o do condutor;Tombamento;Com Vï¿½timas Feridas;Anoitecer;Cï¿½u Claro;Simples;Curva;Nï¿½o;0;0
2025-07-23;quarta-feira;18:45:00;MG;381;BETIM;Manobra de mudanï¿½a de faixa;Colisï¿½o lateral mesmo sentido;Com Vï¿½timas Feridas;Plena Noite;Cï¿½u Claro;Dupla;Reta;Sim;0;0
2025-07-23;quarta-feira;16:40:00;MT;163;SINOP;Acumulo de ï¿½leo sobre o pavimento;Queda de ocupante de veï¿½culo;Com Vï¿½timas Feridas;Anoitecer;Cï¿½u Claro;Dupla;Desvio Temporï¿½rio;Sim;0;0
2025-07-23;quarta-feira;18:40:00;RS;158;SANTA MARIA;Acessar a via sem observar a presenï¿½a dos outros veï¿½culos;Colisï¿½o traseira;Com Vï¿½timas Feridas;Plena Noite;Nublado;Dupla;"Reta;Interseï¿½ï¿½o de Vias";Sim;0;0
2025-07-23;quarta-feira;17:50:00;MS;262;AGUA CLARA;Animais na Pista;Atropelamento de Animal;Com Vï¿½timas Feridas;Pleno dia;Cï¿½u Claro;Simples;"Reta;Declive";Nï¿½o;0;0
2025-07-23;quarta-feira;16:15:00;RJ;40;PETROPOLIS;Velocidade Incompatï¿½vel;Capotamento;Com Vï¿½timas Feridas;Pleno dia;Cï¿½u Claro;Dupla;Curva;Sim;0;0
2025-07-23;quarta-feira;18:43:00;SC;158;CUNHA PORA;Iluminaï¿½ï¿½o deficiente;Saï¿½da de leito carroï¿½ï¿½vel;Com Vï¿½timas Feridas;Plena Noite;Cï¿½u Claro;Dupla;Retorno Regulamentado;Nï¿½o;0;0
2025-07-23;quarta-feira;18:00:00;MA;230;BALSAS;Demais falhas mecï¿½nicas ou elï¿½tricas;Incï¿½ndio;Sem Vï¿½timas;Anoitecer;Cï¿½u Claro;Simples;Reta;Nï¿½o;0;0
2025-07-23;quarta-feira;18:00:00;MG;40;PARACATU;Acessar a via sem observar a presenï¿½a dos outros veï¿½culos;Colisï¿½o frontal;Com Vï¿½timas Feridas;Anoitecer;Cï¿½u Claro;Simples;"Aclive;Reta";Sim;0;0
2025-07-23;quarta-feira;18:40:00;PB;230;JOAO PESSOA;Condutor deixou de manter distï¿½ncia do veï¿½culo da frente;Colisï¿½o lateral mesmo sentido;Com Vï¿½timas Feridas;Plena Noite;Nublado;Dupla;Reta;Nï¿½o;0;0
2025-07-23;quarta-feira;18:10:00;RJ;493;DUQUE DE CAXIAS;Demais falhas mecï¿½nicas ou elï¿½tricas;Tombamento;Com Vï¿½timas Feridas;Plena Noite;Cï¿½u Claro;Dupla;Reta;Nï¿½o;0;0
2025-07-23;quarta-feira;18:15:00;RJ;465;SEROPEDICA;Ausï¿½ncia de reaï¿½ï¿½o do condutor;Colisï¿½o lateral sentido oposto;Com Vï¿½timas Feridas;Plena Noite;Cï¿½u Claro;Simples;Reta;Sim;0;0
2025-07-23;quarta-feira;18:30:00;RS;287;SANTIAGO;Acessar a via sem observar a presenï¿½a dos outros veï¿½culos;Colisï¿½o transversal;Com Vï¿½timas Feridas;Plena Noite;Cï¿½u Claro;Simples;Reta;Sim;0;0
2025-07-23;quarta-feira;19:30:00;TO;153;ARAGUAINA;Acessar a via sem observar a presenï¿½a dos outros veï¿½culos;Colisï¿½o transversal;Com Vï¿½timas Feridas;Plena Noite;Cï¿½u Claro;Mï¿½ltipla;"Interseï¿½ï¿½o de Vias;Rotatï¿½ria";Sim;0;0
2025-07-23;quarta-feira;20:00:00;RJ;116;NOVA IGUACU;Ausï¿½ncia de reaï¿½ï¿½o do condutor;Queda de ocupante de veï¿½culo;Com Vï¿½timas Feridas;Plena Noite;Cï¿½u Claro;Dupla;Reta;Nï¿½o;0;0
2025-07-23;quarta-feira;18:35:00;SC;101;JOINVILLE;Velocidade Incompatï¿½vel;Colisï¿½o traseira;Com Vï¿½timas Feridas;Plena Noite;Nublado;Dupla;Curva;Nï¿½o;0;0
2025-07-23;quarta-feira;18:15:00;SC;101;PORTO BELO;Condutor deixou de manter distï¿½ncia do veï¿½culo da frente;Tombamento;Com Vï¿½timas Feridas;Plena Noite;Nublado;Mï¿½ltipla;Reta;Sim;0;0
2025-07-23;quarta-feira;18:15:00;RO;429;PRESIDENTE MEDICI;Ausï¿½ncia de reaï¿½ï¿½o do condutor;Tombamento;Com Vï¿½timas Feridas;Anoitecer;Cï¿½u Claro;Simples;"Aclive;Reta";Nï¿½o;0;0
2025-07-23;quarta-feira;19:50:00;SP;116;SAO JOSE DOS CAMPOS;Ingestï¿½o de ï¿½lcool pelo condutor;Colisï¿½o traseira;Sem Vï¿½timas;Plena Noite;Cï¿½u Claro;Dupla;Reta;Nï¿½o;0;0
2025-07-23;quarta-feira;20:30:00;RS;290;PORTO ALEGRE;Ausï¿½ncia de reaï¿½ï¿½o do condutor;Colisï¿½o com objeto;Com Vï¿½timas Feridas;Plena Noite;Cï¿½u Claro;Dupla;Reta;Nï¿½o;0;0
2025-07-23;quarta-feira;20:15:00;GO;364;JATAI;Entrada inopinada do pedestre;Atropelamento de Pedestre;Com Vï¿½timas Fatais;Plena Noite;Cï¿½u Claro;Dupla;Reta;Sim;1;1
2025-07-23;quarta-feira;21:00:00;PR;376;MARINGA;Condutor desrespeitou a iluminaï¿½ï¿½o vermelha do semï¿½foro;Colisï¿½o transversal;Com Vï¿½timas Feridas;Plena Noite;Cï¿½u Claro;Dupla;Interseï¿½ï¿½o de Vias;Sim;0;0
2025-07-23;quarta-feira;17:50:00;BA;324;AMELIA RODRIGUES;Ausï¿½ncia de reaï¿½ï¿½o do condutor;Saï¿½da de leito carroï¿½ï¿½vel;Sem Vï¿½timas;Anoitecer;Cï¿½u Claro;Dupla;Reta;Nï¿½o;0;0
2025-07-23;quarta-feira;19:00:00;BA;418;NOVA VICOSA;Ingestï¿½o de ï¿½lcool pelo condutor;Colisï¿½o frontal;Com Vï¿½timas Feridas;Plena Noite;Cï¿½u Claro;Simples;Interseï¿½ï¿½o de Vias;Sim;0;0
2025-07-23;quarta-feira;16:12:00;RO;435;COLORADO DO OESTE;Demais falhas mecï¿½nicas ou elï¿½tricas;Saï¿½da de leito carroï¿½ï¿½vel;Com Vï¿½timas Feridas;Pleno dia;Cï¿½u Claro;Simples;Reta;Nï¿½o;0;0
2025-07-23;quarta-feira;19:00:00;MA;316;PERITORO;Entrada inopinada do pedestre;Atropelamento de Pedestre;Com Vï¿½timas Fatais;Plena Noite;Cï¿½u Claro;Simples;"Reta;Ponte";Nï¿½o;1;1
2025-07-23;quarta-feira;21:00:00;SE;101;SAO CRISTOVAO;Ausï¿½ncia de reaï¿½ï¿½o do condutor;Saï¿½da de leito carroï¿½ï¿½vel;Com Vï¿½timas Feridas;Plena Noite;Chuva;Dupla;Retorno Regulamentado;Nï¿½o;0;0
2025-07-23;quarta-feira;21:50:00;RS;392;PELOTAS;Ausï¿½ncia de reaï¿½ï¿½o do condutor;Saï¿½da de leito carroï¿½ï¿½vel;Sem Vï¿½timas;Plena Noite;Nublado;Simples;Aclive;Nï¿½o;0;0
2025-07-23;quarta-feira;17:30:00;MG;364;PLANURA;Transitar no Acostamento;Atropelamento de Pedestre;Com Vï¿½timas Feridas;Anoitecer;Cï¿½u Claro;Simples;Curva;Nï¿½o;0;0
2025-07-23;quarta-feira;22:00:00;RN;226;NATAL;Reaï¿½ï¿½o tardia ou ineficiente do condutor;Colisï¿½o lateral mesmo sentido;Sem Vï¿½timas;Plena Noite;Cï¿½u Claro;Simples;Reta;Sim;0;0
2025-07-23;quarta-feira;22:15:00;MG;116;CARATINGA;Acesso irregular;Colisï¿½o traseira;Com Vï¿½timas Feridas;Plena Noite;Cï¿½u Claro;Simples;Reta;Nï¿½o;0;0
2025-07-23;quarta-feira;23:25:00;RS;158;CRUZ ALTA;Ingestï¿½o de ï¿½lcool pelo condutor;Saï¿½da de leito carroï¿½ï¿½vel;Com Vï¿½timas Feridas;Plena Noite;Garoa/Chuvisco;Dupla;Interseï¿½ï¿½o de Vias;Nï¿½o;0;0
2025-07-23;quarta-feira;23:00:00;SC;101;PALHOCA;Ingestï¿½o de ï¿½lcool pelo condutor;Tombamento;Com Vï¿½timas Feridas;Plena Noite;Ignorado;Dupla;Reta;Nï¿½o;0;0
2025-07-23;quarta-feira;22:45:00;MT;70;GENERAL CARNEIRO;Reaï¿½ï¿½o tardia ou ineficiente do condutor;Saï¿½da de leito carroï¿½ï¿½vel;Com Vï¿½timas Fatais;Plena Noite;Cï¿½u Claro;Simples;Reta;Nï¿½o;1;1
2025-07-23;quarta-feira;17:00:00;PE;101;JABOATAO DOS GUARARAPES;Demais falhas mecï¿½nicas ou elï¿½tricas;Incï¿½ndio;Sem Vï¿½timas;Anoitecer;Nublado;Dupla;Viaduto;Sim;0;0
2025-07-23;quarta-feira;23:50:00;MG;40;ESMERALDAS;Acessar a via sem observar a presenï¿½a dos outros veï¿½culos;Atropelamento de Pedestre;Com Vï¿½timas Fatais;Plena Noite;Cï¿½u Claro;Dupla;Curva;Nï¿½o;1;1
2025-07-23;quarta-feira;23:50:00;CE;116;AQUIRAZ;Ausï¿½ncia de reaï¿½ï¿½o do condutor;Saï¿½da de leito carroï¿½ï¿½vel;Com Vï¿½timas Feridas;Plena Noite;Nublado;Dupla;"Reta;Declive;Retorno Regulamentado";Nï¿½o;0;0
2025-07-23;quarta-feira;16:45:00;AC;364;RIO BRANCO;Acumulo de ï¿½leo sobre o pavimento;Tombamento;Com Vï¿½timas Feridas;Pleno dia;Cï¿½u Claro;Dupla;Reta;Sim;0;0
2025-07-23;quarta-feira;22:43:00;PI;343;ANGICAL DO PIAUI;Animais na Pista;Atropelamento de Animal;Com Vï¿½timas Fatais;Plena Noite;Cï¿½u Claro;Simples;Reta;Sim;1;1
2025-07-24;quinta-feira;00:45:00;RS;158;SANTA MARIA;Ingestï¿½o de ï¿½lcool pelo condutor;Capotamento;Com Vï¿½timas Feridas;Plena Noite;Garoa/Chuvisco;Simples;Reta;Nï¿½o;0;0
2025-07-24;quinta-feira;01:10:00;PR;277;CURITIBA;Animais na Pista;Atropelamento de Animal;Com Vï¿½timas Feridas;Plena Noite;Nublado;Dupla;Reta;Nï¿½o;0;0
2025-07-24;quinta-feira;00:00:00;MT;364;CUIABA;Ausï¿½ncia de reaï¿½ï¿½o do condutor;Colisï¿½o traseira;Sem Vï¿½timas;Plena Noite;Cï¿½u Claro;Dupla;Rotatï¿½ria;Sim;0;0
2025-07-24;quinta-feira;01:40:00;RS;472;URUGUAIANA;Ingestï¿½o de ï¿½lcool pelo condutor;Saï¿½da de leito carroï¿½ï¿½vel;Sem Vï¿½timas;Plena Noite;Nublado;Simples;Curva;Sim;0;0
2025-07-23;quarta-feira;15:50:00;BA;101;ITABUNA;Condutor deixou de manter distï¿½ncia do veï¿½culo da frente;Colisï¿½o traseira;Com Vï¿½timas Feridas;Pleno dia;Cï¿½u Claro;Simples;Reta;Sim;0;0
2025-07-24;quinta-feira;03:45:00;SC;101;BIGUACU;Ausï¿½ncia de reaï¿½ï¿½o do condutor;Saï¿½da de leito carroï¿½ï¿½vel;Sem Vï¿½timas;Plena Noite;Cï¿½u Claro;Mï¿½ltipla;Reta;Nï¿½o;0;0
2025-07-24;quinta-feira;03:00:00;SC;101;SANGAO;Condutor Dormindo;Colisï¿½o com objeto;Com Vï¿½timas Feridas;Plena Noite;Cï¿½u Claro;Mï¿½ltipla;Reta;Nï¿½o;0;0
2025-07-24;quinta-feira;03:30:00;ES;101;VIANA;Velocidade Incompatï¿½vel;Saï¿½da de leito carroï¿½ï¿½vel;Com Vï¿½timas Feridas;Plena Noite;Cï¿½u Claro;Dupla;Curva;Sim;0;0
2025-07-23;quarta-feira;22:50:00;BA;324;SALVADOR;Avarias e/ou desgaste excessivo no pneu;Queda de ocupante de veï¿½culo;Com Vï¿½timas Feridas;Plena Noite;Nublado;Mï¿½ltipla;Reta;Sim;0;0
2025-07-24;quinta-feira;04:40:00;RN;304;MACAIBA;Transitar no Acostamento;Colisï¿½o lateral sentido oposto;Com Vï¿½timas Feridas;Plena Noite;Chuva;Mï¿½ltipla;Reta;Nï¿½o;0;0