data_inversa;dia_semana;horario;uf;br;municipio;causa_acidente;tipo_acidente;classificacao_acidente;fase_dia;condicao_metereologica;tipo_pista;tracado_via;uso_solo;mortos;acidente_fatal
2025-07-26;sï¿½bado;11:20:00;PR;277;CASCAVEL;Condutor deixou de manter distï¿½ncia do veï¿½culo da frente;Colisï¿½o traseira;Com Vï¿½timas Feridas;Pleno dia;Cï¿½u Claro;Dupla;Reta;Sim;0;0
2025-08-07;quinta-feira;17:40:00;BA;415;ITABUNA;Condutor deixou de manter distï¿½ncia do veï¿½culo da frente;Queda de ocupante de veï¿½culo;Com Vï¿½timas Feridas;Anoitecer;Cï¿½u Claro;Simples;Reta;Sim;0;0
2025-08-07;quinta-feira;17:30:00;SE;235;ITABAIANA;Transitar no Acostamento;Colisï¿½o traseira;Com Vï¿½timas Feridas;Plena Noite;Ignorado;Simples;Reta;Nï¿½o;0;0
2025-08-07;quinta-feira;17:45:00;ES;101;SERRA;Manobra de mudanï¿½a de faixa;Colisï¿½o lateral mesmo sentido;Com Vï¿½timas Feridas;Anoitecer;Cï¿½u Claro;Dupla;Reta;Sim;0;0
2025-07-06;domingo;17:42:00;SC;101;CAMBORIU;Manobra de mudanï¿½a de faixa;Colisï¿½o lateral mesmo sentido;Com Vï¿½timas Feridas;Anoitecer;Cï¿½u Claro;Dupla;Reta;Sim;0;0
2025-08-07;quinta-feira;18:20:00;GO;153;GOIANIA;Trafegar com motocicleta (ou similar) entre as faixas;Queda de ocupante de veï¿½culo;Com Vï¿½timas Feridas;Anoitecer;Cï¿½u Claro;Mï¿½ltipla;Viaduto;Sim;0;0
2025-06-08;domingo;08:20:00;GO;20;SIMOLANDIA;Ultrapassagem Indevida;Colisï¿½o frontal;Com Vï¿½timas Fatais;Pleno dia;Cï¿½u Claro;Simples;Curva;Nï¿½o;1;1
2025-08-07;quinta-feira;17:30:00;PR;369;LONDRINA;Ultrapassagem Indevida;Colisï¿½o lateral mesmo sentido;Com Vï¿½timas Feridas;Anoitecer;Cï¿½u Claro;Simples;Reta;Sim;0;0
2025-08-07;quinta-feira;16:15:00;MG;116;CARATINGA;Ausï¿½ncia de reaï¿½ï¿½o do condutor;Atropelamento de Pedestre;Com Vï¿½timas Feridas;Pleno dia;Cï¿½u Claro;Simples;"Reta;Interseï¿½ï¿½o de Vias";Sim;0;0
2025-08-07;quinta-feira;18:15:00;BA;324;FEIRA DE SANTANA;Reaï¿½ï¿½o tardia ou ineficiente do condutor;Tombamento;Com Vï¿½timas Feridas;Plena Noite;Cï¿½u Claro;Dupla;Reta;Sim;0;0
2025-08-07;quinta-feira;18:30:00;SP;116;SAO JOSE DOS CAMPOS;Reaï¿½ï¿½o tardia ou ineficiente do condutor;Colisï¿½o lateral mesmo sentido;Com Vï¿½timas Feridas;Plena Noite;Cï¿½u Claro;Dupla;Reta;Nï¿½o;0;0
2025-08-07;quinta-feira;18:40:00;SP;116;ARUJA;Frear bruscamente;Engavetamento;Sem Vï¿½timas;Plena Noite;Cï¿½u Claro;Dupla;Reta;Nï¿½o;0;0
2025-08-07;quinta-feira;15:30:00;RN;101;ARES;Condutor Dormindo;Colisï¿½o com objeto;Com Vï¿½timas Feridas;Pleno dia;Cï¿½u Claro;Dupla;Declive;Nï¿½o;0;0
2025-08-07;quinta-feira;17:30:00;PR;277;CURITIBA;Condutor deixou de manter distï¿½ncia do veï¿½culo da frente;Colisï¿½o traseira;Com Vï¿½timas Feridas;Anoitecer;Cï¿½u Claro;Dupla;Reta;Sim;0;0
2025-08-07;quinta-feira;18:50:00;CE;116;FORTALEZA;Pedestre cruzava a pista fora da faixa;Atropelamento de Pedestre;Com Vï¿½timas Fatais;Plena Noite;Cï¿½u Claro;Dupla;Reta;Sim;1;1
2025-08-07;quinta-feira;18:30:00;PE;316;TRINDADE;Acessar a via sem observar a presenï¿½a dos outros veï¿½culos;Colisï¿½o transversal;Com Vï¿½timas Fatais;Plena Noite;Cï¿½u Claro;Simples;Curva;Sim;1;1
2025-08-07;quinta-feira;17:35:00;PR;158;PATO BRANCO;Trafegar com motocicleta (ou similar) entre as faixas;Colisï¿½o lateral mesmo sentido;Com Vï¿½timas Feridas;Pleno dia;Cï¿½u Claro;Simples;Interseï¿½ï¿½o de Vias;Sim;0;0
2025-08-07;quinta-feira;14:15:00;MG;40;NOVA LIMA;Demais falhas mecï¿½nicas ou elï¿½tricas;Incï¿½ndio;Sem Vï¿½timas;Pleno dia;Cï¿½u Claro;Simples;Curva;Nï¿½o;0;0
2025-08-07;quinta-feira;18:40:00;RN;101;RIO DO FOGO;Animais na Pista;Atropelamento de Animal;Com Vï¿½timas Feridas;Plena Noite;Cï¿½u Claro;Simples;Reta;Nï¿½o;0;0
2025-08-07;quinta-feira;18:30:00;MG;381;BETIM;Ausï¿½ncia de reaï¿½ï¿½o do condutor;Colisï¿½o traseira;Com Vï¿½timas Feridas;Plena Noite;Cï¿½u Claro;Dupla;Reta;Sim;0;0
2025-08-07;quinta-feira;18:30:00;SC;101;ARAQUARI;Avarias e/ou desgaste excessivo no pneu;Queda de ocupante de veï¿½culo;Com Vï¿½timas Feridas;Plena Noite;Cï¿½u Claro;Dupla;Reta;Nï¿½o;0;0
2025-08-07;quinta-feira;18:20:00;SP;116;GUARULHOS;Ausï¿½ncia de reaï¿½ï¿½o do condutor;Colisï¿½o com objeto;Com Vï¿½timas Feridas;Plena Noite;Cï¿½u Claro;Mï¿½ltipla;Reta;Sim;0;0
2025-08-07;quinta-feira;19:10:00;SC;282;SAO JOSE;Condutor deixou de manter distï¿½ncia do veï¿½culo da frente;Colisï¿½o lateral mesmo sentido;Com Vï¿½timas Feridas;Plena Noite;Cï¿½u Claro;Dupla;Reta;Sim;0;0
2025-08-07;quinta-feira;17:30:00;MG;40;FELIXLANDIA;Condutor deixou de manter distï¿½ncia do veï¿½culo da frente;Colisï¿½o traseira;Com Vï¿½timas Feridas;Pleno dia;Cï¿½u Claro;Simples;Reta;Nï¿½o;0;0
2025-08-07;quinta-feira;18:20:00;MG;365;UBERLANDIA;Acessar a via sem observar a presenï¿½a dos outros veï¿½culos;Colisï¿½o transversal;Com Vï¿½timas Feridas;Anoitecer;Cï¿½u Claro;Dupla;Interseï¿½ï¿½o de Vias;Sim;0;0
2025-08-06;quarta-feira;18:20:00;RJ;393;BARRA MANSA;Acessar a via sem observar a presenï¿½a dos outros veï¿½culos;Colisï¿½o lateral mesmo sentido;Com Vï¿½timas Feridas;Anoitecer;Nublado;Simples;Reta;Sim;0;0
2025-08-02;sï¿½bado;12:14:00;AM;319;CAREIRO;Acessar a via sem observar a presenï¿½a dos outros veï¿½culos;Colisï¿½o transversal;Com Vï¿½timas Fatais;Pleno dia;Cï¿½u Claro;Simples;Ponte;Sim;1;1
2025-08-07;quinta-feira;18:30:00;PR;376;SAO JOSE DOS PINHAIS;Reaï¿½ï¿½o tardia ou ineficiente do condutor;Colisï¿½o com objeto;Com Vï¿½timas Feridas;Plena Noite;Cï¿½u Claro;Mï¿½ltipla;Reta;Sim;0;0
2025-08-07;quinta-feira;20:00:00;SC;101;BIGUACU;Ingestï¿½o de ï¿½lcool pelo condutor;Colisï¿½o com objeto;Com Vï¿½timas Feridas;Plena Noite;Cï¿½u Claro;Mï¿½ltipla;Curva;Nï¿½o;0;0
2025-08-07;quinta-feira;20:15:00;PR;376;APUCARANA;Ausï¿½ncia de reaï¿½ï¿½o do condutor;Queda de ocupante de veï¿½culo;Com Vï¿½timas Feridas;Plena Noite;Cï¿½u Claro;Dupla;Aclive;Nï¿½o;0;0
2025-08-07;quinta-feira;18:30:00;RS;471;RIO PARDO;Demais falhas mecï¿½nicas ou elï¿½tricas;Capotamento;Com Vï¿½timas Feridas;Plena Noite;Chuva;Simples;Curva;Nï¿½o;0;0
2025-08-07;quinta-feira;18:00:00;PB;230;CAJAZEIRAS;Condutor deixou de manter distï¿½ncia do veï¿½culo da frente;Colisï¿½o traseira;Com Vï¿½timas Feridas;Plena Noite;Cï¿½u Claro;Simples;"Declive;Reta";Sim;0;0
2025-08-07;quinta-feira;15:00:00;MG;267;LEOPOLDINA;Ultrapassagem Indevida;Tombamento;Com Vï¿½timas Feridas;Pleno dia;Cï¿½u Claro;Simples;"Aclive;Curva";Nï¿½o;0;0
2025-08-07;quinta-feira;19:10:00;BA;407;JUAZEIRO;Transitar no Acostamento;Colisï¿½o transversal;Com Vï¿½timas Feridas;Plena Noite;Cï¿½u Claro;Simples;Reta;Sim;0;0
2025-08-07;quinta-feira;20:45:00;ES;101;CARIACICA;Ausï¿½ncia de reaï¿½ï¿½o do condutor;Colisï¿½o transversal;Com Vï¿½timas Feridas;Plena Noite;Cï¿½u Claro;Dupla;"Reta;Retorno Regulamentado";Sim;0;0
2025-08-07;quinta-feira;19:36:00;SP;116;JUQUITIBA;Pista Escorregadia;Queda de ocupante de veï¿½culo;Com Vï¿½timas Feridas;Plena Noite;Cï¿½u Claro;Dupla;Reta;Sim;0;0
2025-08-07;quinta-feira;20:30:00;PR;116;CURITIBA;Manobra de mudanï¿½a de faixa;Colisï¿½o traseira;Com Vï¿½timas Feridas;Plena Noite;Nublado;Mï¿½ltipla;Reta;Sim;0;0
2025-08-07;quinta-feira;18:49:00;GO;50;CRISTALINA;Avarias e/ou desgaste excessivo no pneu;Queda de ocupante de veï¿½culo;Com Vï¿½timas Feridas;Plena Noite;Cï¿½u Claro;Simples;Reta;Sim;0;0
2025-08-07;quinta-feira;20:22:00;RJ;101;ITAGUAI;Reaï¿½ï¿½o tardia ou ineficiente do condutor;Atropelamento de Pedestre;Com Vï¿½timas Feridas;Plena Noite;Cï¿½u Claro;Mï¿½ltipla;Reta;Nï¿½o;0;0
2025-08-07;quinta-feira;19:20:00;MT;70;GENERAL CARNEIRO;Retorno proibido;Colisï¿½o transversal;Com Vï¿½timas Feridas;Plena Noite;Cï¿½u Claro;Simples;Reta;Nï¿½o;0;0
2025-08-07;quinta-feira;18:20:00;SC;280;ARAQUARI;Pedestre cruzava a pista fora da faixa;Atropelamento de Pedestre;Com Vï¿½timas Feridas;Anoitecer;Nublado;Simples;Reta;Nï¿½o;0;0
2025-08-07;quinta-feira;21:15:00;SP;116;GUARAREMA;Ausï¿½ncia de reaï¿½ï¿½o do condutor;Colisï¿½o lateral mesmo sentido;Com Vï¿½timas Fatais;Plena Noite;Ignorado;Dupla;"Reta;Declive";Nï¿½o;1;1
2025-08-07;quinta-feira;19:00:00;SC;470;BLUMENAU;Deficiï¿½ncia do Sistema de Iluminaï¿½ï¿½o/Sinalizaï¿½ï¿½o;Saï¿½da de leito carroï¿½ï¿½vel;Sem Vï¿½timas;Plena Noite;Nublado;Mï¿½ltipla;"Reta;Em Obras";Nï¿½o;0;0
2025-08-07;quinta-feira;21:35:00;RJ;40;PETROPOLIS;Condutor Dormindo;Saï¿½da de leito carroï¿½ï¿½vel;Com Vï¿½timas Feridas;Plena Noite;Nevoeiro/Neblina;Simples;Curva;Nï¿½o;0;0
2025-08-07;quinta-feira;21:12:00;PR;153;JACAREZINHO;Ausï¿½ncia de reaï¿½ï¿½o do condutor;Colisï¿½o traseira;Com Vï¿½timas Feridas;Plena Noite;Nublado;Simples;Reta;Nï¿½o;0;0
2025-08-07;quinta-feira;22:00:00;PR;116;COLOMBO;Reaï¿½ï¿½o tardia ou ineficiente do condutor;Colisï¿½o com objeto;Com Vï¿½timas Feridas;Plena Noite;Nublado;Dupla;Reta;Sim;0;0
2025-08-07;quinta-feira;20:50:00;PI;316;VILA NOVA DO PIAUI;Ausï¿½ncia de reaï¿½ï¿½o do condutor;Queda de ocupante de veï¿½culo;Com Vï¿½timas Feridas;Plena Noite;Cï¿½u Claro;Simples;"Aclive;Curva";Nï¿½o;0;0
2025-08-07;quinta-feira;20:40:00;MT;174;PONTES E LACERDA;Ingestï¿½o de ï¿½lcool pelo condutor;Saï¿½da de leito carroï¿½ï¿½vel;Sem Vï¿½timas;Anoitecer;Cï¿½u Claro;Simples;Curva;Nï¿½o;0;0
2025-08-07;quinta-feira;22:05:00;RJ;393;PARAIBA DO SUL;Acessar a via sem observar a presenï¿½a dos outros veï¿½culos;Colisï¿½o transversal;Com Vï¿½timas Feridas;Plena Noite;Cï¿½u Claro;Simples;Reta;Sim;0;0
2025-08-07;quinta-feira;21:20:00;PE;232;SERRA TALHADA;Acessar a via sem observar a presenï¿½a dos outros veï¿½culos;Colisï¿½o transversal;Com Vï¿½timas Feridas;Plena Noite;Cï¿½u Claro;Simples;Reta;Sim;0;0
2025-08-07;quinta-feira;22:40:00;PR;376;APUCARANA;Manobra de mudanï¿½a de faixa;Colisï¿½o traseira;Com Vï¿½timas Feridas;Plena Noite;Cï¿½u Claro;Simples;Reta;Sim;0;0
2025-08-07;quinta-feira;19:30:00;MT;163;SINOP;Conversï¿½o proibida;Colisï¿½o lateral mesmo sentido;Com Vï¿½timas Feridas;Plena Noite;Cï¿½u Claro;Simples;Reta;Nï¿½o;0;0
2025-08-07;quinta-feira;23:00:00;SC;101;PALHOCA;Demais falhas mecï¿½nicas ou elï¿½tricas;Incï¿½ndio;Sem Vï¿½timas;Plena Noite;Nublado;Dupla;"Declive;Reta";Nï¿½o;0;0
2025-08-07;quinta-feira;21:15:00;PE;424;GARANHUNS;Ausï¿½ncia de reaï¿½ï¿½o do condutor;Colisï¿½o frontal;Com Vï¿½timas Feridas;Plena Noite;Cï¿½u Claro;Simples;"Declive;Reta";Nï¿½o;0;0
2025-08-07;quinta-feira;21:00:00;RJ;101;RIO DE JANEIRO;Ausï¿½ncia de reaï¿½ï¿½o do condutor;Colisï¿½o com objeto;Com Vï¿½timas Feridas;Plena Noite;Cï¿½u Claro;Dupla;Reta;Sim;0;0
2025-08-07;quinta-feira;23:45:00;GO;60;ANAPOLIS;Objeto estï¿½tico sobre o leito carroï¿½ï¿½vel;Colisï¿½o com objeto;Com Vï¿½timas Feridas;Plena Noite;Cï¿½u Claro;Dupla;"Retorno Regulamentado;Reta";Sim;0;0
2025-08-07;quinta-feira;22:24:00;MS;163;CAMPO GRANDE;Ausï¿½ncia de reaï¿½ï¿½o do condutor;Tombamento;Com Vï¿½timas Feridas;Plena Noite;Cï¿½u Claro;Dupla;"Reta;Interseï¿½ï¿½o de Vias";Nï¿½o;0;0
2025-08-07;quinta-feira;19:30:00;BA;349;CORRENTINA;Ausï¿½ncia de sinalizaï¿½ï¿½o;Colisï¿½o traseira;Com Vï¿½timas Feridas;Plena Noite;Ignorado;Simples;Reta;Nï¿½o;0;0
2025-08-07;quinta-feira;21:50:00;RJ;116;SAO JOAO DE MERITI;Acumulo de areia ou detritos sobre o pavimento;Tombamento;Com Vï¿½timas Feridas;Plena Noite;Nublado;Mï¿½ltipla;Reta;Sim;0;0
2025-08-07;quinta-feira;23:50:00;MG;381;BETIM;Animais na Pista;Atropelamento de Animal;Com Vï¿½timas Feridas;Plena Noite;Nublado;Dupla;Reta;Nï¿½o;0;0
2025-08-07;quinta-feira;23:35:00;SC;101;ITAJAI;Ausï¿½ncia de reaï¿½ï¿½o do condutor;Tombamento;Com Vï¿½timas Feridas;Plena Noite;Cï¿½u Claro;Simples;Reta;Nï¿½o;0;0
2025-08-07;quinta-feira;22:20:00;MT;163;CLAUDIA;Animais na Pista;Capotamento;Com Vï¿½timas Feridas;Plena Noite;Cï¿½u Claro;Simples;Declive;Nï¿½o;0;0
2025-08-08;sexta-feira;00:00:00;MG;116;TEOFILO OTONI;Acessar a via sem observar a presenï¿½a dos outros veï¿½culos;Colisï¿½o transversal;Com Vï¿½timas Feridas;Plena Noite;Nublado;Mï¿½ltipla;"Retorno Regulamentado;Rotatï¿½ria";Sim;0;0
2025-08-08;sexta-feira;00:24:00;MS;163;BANDEIRANTES;Acessar a via sem observar a presenï¿½a dos outros veï¿½culos;Atropelamento de Pedestre;Com Vï¿½timas Fatais;Plena Noite;Cï¿½u Claro;Simples;Reta;Sim;1;1
2025-08-08;sexta-feira;00:30:00;RN;110;MOSSORO;Animais na Pista;Atropelamento de Animal;Com Vï¿½timas Feridas;Plena Noite;Cï¿½u Claro;Simples;Reta;Sim;0;0
2025-08-03;domingo;20:00:00;BA;324;SAO SEBASTIAO DO PASSE;Demais falhas mecï¿½nicas ou elï¿½tricas;Incï¿½ndio;Sem Vï¿½timas;Plena Noite;Cï¿½u Claro;Dupla;Reta;Nï¿½o;0;0
2025-08-08;sexta-feira;01:40:00;MG;153;PRATA;Reaï¿½ï¿½o tardia ou ineficiente do condutor;Saï¿½da de leito carroï¿½ï¿½vel;Com Vï¿½timas Feridas;Plena Noite;Cï¿½u Claro;Mï¿½ltipla;Aclive;Nï¿½o;0;0
2025-08-08;sexta-feira;03:55:00;PB;101;BAYEUX;Manobra de mudanï¿½a de faixa;Colisï¿½o traseira;Com Vï¿½timas Feridas;Plena Noite;Nublado;Dupla;Reta;Sim;0;0
2025-08-08;sexta-feira;04:00:00;MG;262;UBERABA;Condutor Dormindo;Saï¿½da de leito carroï¿½ï¿½vel;Com Vï¿½timas Feridas;Plena Noite;Cï¿½u Claro;Dupla;Reta;Nï¿½o;0;0
2025-08-08;sexta-feira;03:30:00;MG;354;ITANHANDU;Ingestï¿½o de ï¿½lcool pelo condutor;Saï¿½da de leito carroï¿½ï¿½vel;Com Vï¿½timas Feridas;Plena Noite;Cï¿½u Claro;Simples;Reta;Nï¿½o;0;0
2025-08-08;sexta-feira;03:20:00;GO;40;LUZIANIA;Ausï¿½ncia de reaï¿½ï¿½o do condutor;Queda de ocupante de veï¿½culo;Com Vï¿½timas Feridas;Plena Noite;Cï¿½u Claro;Dupla;Reta;Sim;0;0
2025-08-08;sexta-feira;04:25:00;SC;101;BALNEARIO CAMBORIU;Reaï¿½ï¿½o tardia ou ineficiente do condutor;Colisï¿½o com objeto;Sem Vï¿½timas;Plena Noite;Chuva;Dupla;Interseï¿½ï¿½o de Vias;Sim;0;0
2025-08-08;sexta-feira;03:55:00;SC;101;ARAQUARI;Chuva;Saï¿½da de leito carroï¿½ï¿½vel;Com Vï¿½timas Feridas;Plena Noite;Chuva;Dupla;Curva;Nï¿½o;0;0
2025-08-08;sexta-feira;03:00:00;PR;153;IMBITUVA;Acessar a via sem observar a presenï¿½a dos outros veï¿½culos;Colisï¿½o transversal;Com Vï¿½timas Feridas;Plena Noite;Cï¿½u Claro;Simples;Curva;Sim;0;0
2025-08-08;sexta-feira;04:30:00;PR;277;SAO JOSE DOS PINHAIS;Ausï¿½ncia de reaï¿½ï¿½o do condutor;Colisï¿½o traseira;Sem Vï¿½timas;Plena Noite;Nublado;Dupla;Reta;Nï¿½o;0;0
2025-08-08;sexta-feira;05:20:00;RJ;101;ANGRA DOS REIS;Transitar na contramï¿½o;Colisï¿½o transversal;Com Vï¿½timas Feridas;Amanhecer;Cï¿½u Claro;Dupla;Reta;Sim;0;0
2025-08-08;sexta-feira;06:10:00;PR;376;ALTO PARANA;Condutor Dormindo;Saï¿½da de leito carroï¿½ï¿½vel;Com Vï¿½timas Feridas;Plena Noite;Cï¿½u Claro;Dupla;"Declive;Reta";Nï¿½o;0;0
2025-08-08;sexta-feira;05:30:00;PE;101;PAULISTA;Ausï¿½ncia de reaï¿½ï¿½o do condutor;Capotamento;Com Vï¿½timas Feridas;Pleno dia;Nublado;Dupla;Curva;Sim;0;0
2025-08-08;sexta-feira;05:55:00;MG;40;CONSELHEIRO LAFAIETE;Entrada inopinada do pedestre;Atropelamento de Pedestre;Com Vï¿½timas Feridas;Plena Noite;Cï¿½u Claro;Simples;"Aclive;Reta";Sim;0;0
2025-08-08;sexta-feira;06:00:00;SP;116;GUARULHOS;Ausï¿½ncia de reaï¿½ï¿½o do condutor;Colisï¿½o traseira;Com Vï¿½timas Feridas;Pleno dia;Nublado;Dupla;Reta;Sim;0;0
2025-08-08;sexta-feira;03:00:00;SP;116;GUARULHOS;Ausï¿½ncia de reaï¿½ï¿½o do condutor;Colisï¿½o com objeto;Sem Vï¿½timas;Plena Noite;Cï¿½u Claro;Mï¿½ltipla;Reta;Nï¿½o;0;0
2025-08-08;sexta-feira;07:00:00;ES;101;SERRA;Reaï¿½ï¿½o tardia ou ineficiente do condutor;Colisï¿½o traseira;Com Vï¿½timas Feridas;Pleno dia;Cï¿½u Claro;Simples;Reta;Sim;0;0
2025-08-07;quinta-feira;23:28:00;MG;153;FRUTAL;Reaï¿½ï¿½o tardia ou ineficiente do condutor;Saï¿½da de leito carroï¿½ï¿½vel;Com Vï¿½timas Feridas;Plena Noite;Cï¿½u Claro;Simples;Interseï¿½ï¿½o de Vias;Nï¿½o;0;0
2025-08-08;sexta-feira;06:50:00;SC;280;GUARAMIRIM;Transitar na contramï¿½o;Colisï¿½o frontal;Com Vï¿½timas Feridas;Amanhecer;Garoa/Chuvisco;Dupla;Rotatï¿½ria;Nï¿½o;0;0
2025-08-08;sexta-feira;05:45:00;PI;316;PICOS;Ausï¿½ncia de reaï¿½ï¿½o do condutor;Colisï¿½o traseira;Com Vï¿½timas Feridas;Pleno dia;Cï¿½u Claro;Simples;Reta;Nï¿½o;0;0
2025-08-08;sexta-feira;06:35:00;SP;153;ICEM;Reaï¿½ï¿½o tardia ou ineficiente do condutor;Colisï¿½o frontal;Com Vï¿½timas Feridas;Amanhecer;Cï¿½u Claro;Simples;Reta;Nï¿½o;0;0
2025-08-08;sexta-feira;07:15:00;PE;101;RECIFE;Reaï¿½ï¿½o tardia ou ineficiente do condutor;Atropelamento de Pedestre;Com Vï¿½timas Feridas;Pleno dia;Cï¿½u Claro;Dupla;Reta;Sim;0;0
2025-08-08;sexta-feira;07:20:00;SP;116;SAO JOSE DOS CAMPOS;Condutor Dormindo;Eventos atï¿½picos;Sem Vï¿½timas;Amanhecer;Cï¿½u Claro;Dupla;Reta;Nï¿½o;0;0
2025-08-08;sexta-feira;07:15:00;PR;376;SAO JOSE DOS PINHAIS;Desrespeitar a preferï¿½ncia no cruzamento;Colisï¿½o transversal;Com Vï¿½timas Feridas;Pleno dia;Garoa/Chuvisco;Mï¿½ltipla;"Declive;Interseï¿½ï¿½o de Vias";Nï¿½o;0;0
2025-08-08;sexta-feira;06:12:00;RN;110;MOSSORO;Desrespeitar a preferï¿½ncia no cruzamento;Colisï¿½o transversal;Com Vï¿½timas Feridas;Pleno dia;Cï¿½u Claro;Simples;"Interseï¿½ï¿½o de Vias;Reta";Sim;0;0
2025-08-08;sexta-feira;06:00:00;BA;135;RIACHAO DAS NEVES;Condutor Dormindo;Saï¿½da de leito carroï¿½ï¿½vel;Com Vï¿½timas Feridas;Amanhecer;Cï¿½u Claro;Simples;Reta;Nï¿½o;0;0
2025-08-08;sexta-feira;07:20:00;MS;419;AQUIDAUANA;Reaï¿½ï¿½o tardia ou ineficiente do condutor;Saï¿½da de leito carroï¿½ï¿½vel;Com Vï¿½timas Fatais;Pleno dia;Cï¿½u Claro;Simples;"Reta;Em Obras";Nï¿½o;1;1
2025-08-08;sexta-feira;08:16:00;DF;70;BRASILIA;Ausï¿½ncia de reaï¿½ï¿½o do condutor;Queda de ocupante de veï¿½culo;Com Vï¿½timas Feridas;Pleno dia;Cï¿½u Claro;Dupla;Reta;Nï¿½o;0;0
2025-08-07;quinta-feira;19:45:00;RJ;465;NOVA IGUACU;Transitar no Acostamento;Atropelamento de Pedestre;Com Vï¿½timas Feridas;Pleno dia;Ignorado;Simples;Reta;Sim;0;0
2025-08-08;sexta-feira;07:10:00;RJ;40;DUQUE DE CAXIAS;Reaï¿½ï¿½o tardia ou ineficiente do condutor;Queda de ocupante de veï¿½culo;Com Vï¿½timas Feridas;Pleno dia;Cï¿½u Claro;Dupla;Viaduto;Sim;0;0
2025-08-08;sexta-feira;07:45:00;PR;277;MORRETES;Reaï¿½ï¿½o tardia ou ineficiente do condutor;Tombamento;Sem Vï¿½timas;Pleno dia;Chuva;Dupla;"Aclive;Curva";Nï¿½o;0;0
2025-08-08;sexta-feira;05:30:00;MG;365;BURITIZEIRO;Acesso irregular;Colisï¿½o frontal;Com Vï¿½timas Feridas;Amanhecer;Cï¿½u Claro;Simples;Reta;Nï¿½o;0;0
2025-08-08;sexta-feira;07:30:00;RN;304;MOSSORO;Condutor deixou de manter distï¿½ncia do veï¿½culo da frente;Colisï¿½o transversal;Com Vï¿½timas Feridas;Pleno dia;Cï¿½u Claro;Dupla;Reta;Sim;0;0
2025-08-08;sexta-feira;02:00:00;RJ;493;ITABORAI;Ausï¿½ncia de reaï¿½ï¿½o do condutor;Queda de ocupante de veï¿½culo;Com Vï¿½timas Feridas;Plena Noite;Cï¿½u Claro;Simples;Reta;Sim;0;0
2025-08-08;sexta-feira;08:50:00;GO;153;GOIANIA;Reaï¿½ï¿½o tardia ou ineficiente do condutor;Colisï¿½o traseira;Com Vï¿½timas Feridas;Pleno dia;Cï¿½u Claro;Dupla;Reta;Sim;0;0
2025-07-19;sï¿½bado;07:30:00;ES;101;LINHARES;Condutor deixou de manter distï¿½ncia do veï¿½culo da frente;Colisï¿½o traseira;Com Vï¿½timas Feridas;Pleno dia;Nevoeiro/Neblina;Simples;Reta;Nï¿½o;0;0
2025-08-07;quinta-feira;17:49:00;MG;0;CONTAGEM;Frear bruscamente;Engavetamento;Sem Vï¿½timas;Pleno dia;Cï¿½u Claro;Mï¿½ltipla;Viaduto;Sim;0;0
2025-08-08;sexta-feira;08:00:00;SC;101;ITAPEMA;Reaï¿½ï¿½o tardia ou ineficiente do condutor;Tombamento;Com Vï¿½timas Feridas;Pleno dia;Garoa/Chuvisco;Dupla;"Declive;Reta";Nï¿½o;0;0
2025-08-08;sexta-feira;07:20:00;PB;230;CAMPINA GRANDE;Conversï¿½o proibida;Colisï¿½o lateral mesmo sentido;Com Vï¿½timas Feridas;Pleno dia;Cï¿½u Claro;Simples;Reta;Sim;0;0
2025-08-07;quinta-feira;22:45:00;BA;330;JEQUIE;Velocidade Incompatï¿½vel;Colisï¿½o transversal;Com Vï¿½timas Feridas;Plena Noite;Cï¿½u Claro;Simples;Curva;Nï¿½o;0;0
2025-08-08;sexta-feira;09:50:00;MT;70;BARRA DO GARCAS;Ausï¿½ncia de reaï¿½ï¿½o do condutor;Tombamento;Com Vï¿½timas Feridas;Pleno dia;Sol;Dupla;"Reta;Declive";Nï¿½o;0;0
2025-08-08;sexta-feira;09:00:00;PR;116;CURITIBA;Manobra de mudanï¿½a de faixa;Colisï¿½o lateral mesmo sentido;Sem Vï¿½timas;Pleno dia;Chuva;Mï¿½ltipla;Reta;Sim;0;0
2025-07-20;domingo;17:00:00;PR;158;PATO BRANCO;Retorno proibido;Colisï¿½o transversal;Com Vï¿½timas Feridas;Pleno dia;Ignorado;Simples;Retorno Regulamentado;Sim;0;0
2025-08-08;sexta-feira;07:20:00;SC;470;TROMBUDO CENTRAL;Acessar a via sem observar a presenï¿½a dos outros veï¿½culos;Colisï¿½o transversal;Com Vï¿½timas Feridas;Pleno dia;Chuva;Simples;Reta;Nï¿½o;0;0
2025-08-08;sexta-feira;07:40:00;PR;376;SARANDI;Ausï¿½ncia de reaï¿½ï¿½o do condutor;Colisï¿½o lateral mesmo sentido;Com Vï¿½timas Feridas;Pleno dia;Nublado;Dupla;Reta;Sim;0;0
2025-08-08;sexta-feira;07:50:00;RO;364;JI-PARANA;Reaï¿½ï¿½o tardia ou ineficiente do condutor;Colisï¿½o traseira;Com Vï¿½timas Feridas;Pleno dia;Cï¿½u Claro;Simples;Reta;Sim;0;0
2025-08-08;sexta-feira;09:05:00;ES;101;LINHARES;Acumulo de ï¿½leo sobre o pavimento;Tombamento;Com Vï¿½timas Feridas;Pleno dia;Cï¿½u Claro;Mï¿½ltipla;Retorno Regulamentado;Sim;0;0