data_inversa;dia_semana;horario;uf;br;municipio;causa_acidente;tipo_acidente;classificacao_acidente;fase_dia;condicao_metereologica;tipo_pista;tracado_via;uso_solo;mortos;acidente_fatal
2025-06-11;quarta-feira;09:30:00;GO;158;BOM JARDIM DE GOIAS;Acessar a via sem observar a presenï¿½a dos outros veï¿½culos;Colisï¿½o transversal;Com Vï¿½timas Feridas;Pleno dia;Ignorado;Simples;Reta;Nï¿½o;0;0
2025-08-08;sexta-feira;07:45:00;BA;415;ITABUNA;Acessar a via sem observar a presenï¿½a dos outros veï¿½culos;Colisï¿½o transversal;Com Vï¿½timas Feridas;Pleno dia;Cï¿½u Claro;Dupla;Reta;Nï¿½o;0;0
2025-08-08;sexta-feira;09:01:00;SP;116;SAO JOSE DOS CAMPOS;Condutor deixou de manter distï¿½ncia do veï¿½culo da frente;Colisï¿½o lateral mesmo sentido;Sem Vï¿½timas;Pleno dia;Cï¿½u Claro;Mï¿½ltipla;"Reta;Declive";Sim;0;0
2025-08-08;sexta-feira;07:40:00;SP;488;APARECIDA;Transitar na contramï¿½o;Colisï¿½o transversal;Com Vï¿½timas Feridas;Pleno dia;Cï¿½u Claro;Dupla;Interseï¿½ï¿½o de Vias;Sim;0;0
2025-08-08;sexta-feira;09:20:00;MG;381;CARMO DA CACHOEIRA;Condutor deixou de manter distï¿½ncia do veï¿½culo da frente;Colisï¿½o traseira;Sem Vï¿½timas;Pleno dia;Cï¿½u Claro;Dupla;Reta;Nï¿½o;0;0
2025-07-19;sï¿½bado;07:10:00;RN;304;ACU;Transitar na contramï¿½o;Colisï¿½o frontal;Com Vï¿½timas Feridas;Pleno dia;Cï¿½u Claro;Simples;"Reta;Interseï¿½ï¿½o de Vias";Nï¿½o;0;0
2025-08-08;sexta-feira;10:45:00;PB;405;SAO JOAO DO RIO DO PEIXE;Acessar a via sem observar a presenï¿½a dos outros veï¿½culos;Colisï¿½o transversal;Com Vï¿½timas Feridas;Pleno dia;Sol;Simples;Reta;Nï¿½o;0;0
2025-08-08;sexta-feira;08:45:00;MT;70;CACERES;Acessar a via sem observar a presenï¿½a dos outros veï¿½culos;Colisï¿½o transversal;Sem Vï¿½timas;Pleno dia;Cï¿½u Claro;Simples;Interseï¿½ï¿½o de Vias;Sim;0;0
2025-07-17;quinta-feira;16:00:00;ES;101;SERRA;Reaï¿½ï¿½o tardia ou ineficiente do condutor;Colisï¿½o lateral mesmo sentido;Com Vï¿½timas Feridas;Pleno dia;Cï¿½u Claro;Dupla;"Retorno Regulamentado;Reta";Sim;0;0
2025-08-08;sexta-feira;11:05:00;SC;101;PALHOCA;Condutor deixou de manter distï¿½ncia do veï¿½culo da frente;Colisï¿½o traseira;Com Vï¿½timas Feridas;Pleno dia;Chuva;Dupla;Reta;Sim;0;0
2025-08-08;sexta-feira;10:57:00;GO;40;VALPARAISO DE GOIAS;Acessar a via sem observar a presenï¿½a dos outros veï¿½culos;Atropelamento de Pedestre;Com Vï¿½timas Feridas;Pleno dia;Cï¿½u Claro;Dupla;Reta;Sim;0;0
2025-08-08;sexta-feira;11:45:00;ES;101;LINHARES;Transitar na contramï¿½o;Colisï¿½o frontal;Com Vï¿½timas Feridas;Pleno dia;Cï¿½u Claro;Simples;Reta;Nï¿½o;0;0
2025-08-08;sexta-feira;09:57:00;MG;365;MONTES CLAROS;Condutor Dormindo;Colisï¿½o com objeto;Com Vï¿½timas Feridas;Pleno dia;Cï¿½u Claro;Simples;Rotatï¿½ria;Sim;0;0
2025-08-08;sexta-feira;01:50:00;MA;10;CAROLINA;Condutor Dormindo;Saï¿½da de leito carroï¿½ï¿½vel;Com Vï¿½timas Feridas;Plena Noite;Cï¿½u Claro;Simples;Curva;Nï¿½o;0;0
2025-08-08;sexta-feira;09:30:00;MG;365;PATROCINIO;Manobra de mudanï¿½a de faixa;Colisï¿½o lateral mesmo sentido;Com Vï¿½timas Feridas;Pleno dia;Cï¿½u Claro;Simples;Reta;Nï¿½o;0;0
2025-08-08;sexta-feira;12:05:00;SC;101;ITAJAI;Velocidade Incompatï¿½vel;Colisï¿½o traseira;Com Vï¿½timas Feridas;Pleno dia;Chuva;Dupla;Reta;Sim;0;0
2025-08-08;sexta-feira;12:35:00;PR;376;APUCARANA;Acumulo de ï¿½leo sobre o pavimento;Tombamento;Com Vï¿½timas Feridas;Pleno dia;Nublado;Simples;Reta;Sim;0;0
2025-08-08;sexta-feira;12:10:00;RN;101;PARNAMIRIM;Manobra de mudanï¿½a de faixa;Colisï¿½o transversal;Com Vï¿½timas Feridas;Pleno dia;Cï¿½u Claro;Dupla;Curva;Sim;0;0
2025-08-08;sexta-feira;11:04:00;RS;116;CAXIAS DO SUL;Ausï¿½ncia de reaï¿½ï¿½o do condutor;Saï¿½da de leito carroï¿½ï¿½vel;Sem Vï¿½timas;Pleno dia;Chuva;Dupla;Reta;Sim;0;0
2025-07-06;domingo;20:30:00;MA;226;LAJEADO NOVO;Ausï¿½ncia de reaï¿½ï¿½o do condutor;Atropelamento de Pedestre;Com Vï¿½timas Fatais;Plena Noite;Cï¿½u Claro;Simples;Reta;Sim;1;1
2025-08-01;sexta-feira;02:20:00;BA;116;TUCANO;Objeto estï¿½tico sobre o leito carroï¿½ï¿½vel;Colisï¿½o transversal;Com Vï¿½timas Feridas;Plena Noite;Cï¿½u Claro;Simples;Reta;Nï¿½o;0;0
2025-08-08;sexta-feira;11:50:00;RO;364;VILHENA;Desrespeitar a preferï¿½ncia no cruzamento;Colisï¿½o traseira;Com Vï¿½timas Feridas;Pleno dia;Cï¿½u Claro;Dupla;"Interseï¿½ï¿½o de Vias;Rotatï¿½ria";Sim;0;0
2025-08-08;sexta-feira;11:39:00;RO;319;PORTO VELHO;Reaï¿½ï¿½o tardia ou ineficiente do condutor;Colisï¿½o traseira;Sem Vï¿½timas;Pleno dia;Sol;Dupla;Reta;Sim;0;0
2025-08-08;sexta-feira;12:20:00;MG;40;OLIVEIRA FORTES;Trafegar com motocicleta (ou similar) entre as faixas;Colisï¿½o traseira;Com Vï¿½timas Feridas;Pleno dia;Nublado;Dupla;"Declive;Reta";Nï¿½o;0;0
2025-08-08;sexta-feira;10:05:00;MG;262;UBERABA;Reaï¿½ï¿½o tardia ou ineficiente do condutor;Capotamento;Com Vï¿½timas Feridas;Pleno dia;Cï¿½u Claro;Dupla;Reta;Nï¿½o;0;0
2025-08-08;sexta-feira;12:30:00;RJ;101;ANGRA DOS REIS;Acessar a via sem observar a presenï¿½a dos outros veï¿½culos;Colisï¿½o transversal;Com Vï¿½timas Feridas;Pleno dia;Cï¿½u Claro;Simples;Reta;Sim;0;0
2025-08-03;domingo;03:25:00;AM;174;MANAUS;Condutor Dormindo;Saï¿½da de leito carroï¿½ï¿½vel;Sem Vï¿½timas;Plena Noite;Cï¿½u Claro;Simples;"Reta;Aclive";Nï¿½o;0;0
2025-05-17;sï¿½bado;22:00:00;PB;412;SUME;Reaï¿½ï¿½o tardia ou ineficiente do condutor;Queda de ocupante de veï¿½culo;Com Vï¿½timas Feridas;Plena Noite;Ignorado;Simples;Reta;Nï¿½o;0;0
2025-07-22;terï¿½a-feira;15:20:00;SC;470;LONTRAS;Reaï¿½ï¿½o tardia ou ineficiente do condutor;Colisï¿½o transversal;Com Vï¿½timas Feridas;Pleno dia;Cï¿½u Claro;Simples;"Reta;Declive";Sim;0;0
2025-08-08;sexta-feira;12:52:00;MG;116;GOVERNADOR VALADARES;Desrespeitar a preferï¿½ncia no cruzamento;Colisï¿½o transversal;Com Vï¿½timas Feridas;Pleno dia;Cï¿½u Claro;Simples;"Reta;Interseï¿½ï¿½o de Vias;Retorno Regulamentado";Nï¿½o;0;0
2025-08-08;sexta-feira;06:20:00;SC;280;ARAQUARI;Acessar a via sem observar a presenï¿½a dos outros veï¿½culos;Colisï¿½o transversal;Sem Vï¿½timas;Amanhecer;Chuva;Simples;Reta;Nï¿½o;0;0
2025-07-19;sï¿½bado;19:25:00;RS;290;GRAVATAI;Pedestre cruzava a pista fora da faixa;Atropelamento de Pedestre;Com Vï¿½timas Feridas;Plena Noite;Cï¿½u Claro;Dupla;Reta;Sim;0;0
2025-08-08;sexta-feira;12:40:00;SC;101;SAO JOSE;Frear bruscamente;Colisï¿½o com objeto;Com Vï¿½timas Feridas;Pleno dia;Chuva;Mï¿½ltipla;Reta;Sim;0;0
2025-08-08;sexta-feira;12:00:00;RJ;40;PETROPOLIS;Reaï¿½ï¿½o tardia ou ineficiente do condutor;Saï¿½da de leito carroï¿½ï¿½vel;Com Vï¿½timas Feridas;Pleno dia;Cï¿½u Claro;Dupla;"Declive;Curva";Nï¿½o;0;0
2025-08-08;sexta-feira;09:45:00;PE;101;RECIFE;Frear bruscamente;Colisï¿½o traseira;Com Vï¿½timas Feridas;Pleno dia;Cï¿½u Claro;Dupla;Reta;Nï¿½o;0;0
2025-08-08;sexta-feira;12:10:00;MG;116;INHAPIM;Mal sï¿½bito do condutor;Tombamento;Com Vï¿½timas Feridas;Pleno dia;Cï¿½u Claro;Simples;Reta;Nï¿½o;0;0
2025-08-08;sexta-feira;14:03:00;DF;20;BRASILIA;Ausï¿½ncia de reaï¿½ï¿½o do condutor;Colisï¿½o com objeto;Com Vï¿½timas Feridas;Pleno dia;Cï¿½u Claro;Dupla;Reta;Sim;0;0
2025-08-08;sexta-feira;07:50:00;RS;116;CAXIAS DO SUL;Acessar a via sem observar a presenï¿½a dos outros veï¿½culos;Colisï¿½o transversal;Com Vï¿½timas Feridas;Amanhecer;Garoa/Chuvisco;Dupla;Interseï¿½ï¿½o de Vias;Sim;0;0
2025-08-08;sexta-feira;14:15:00;SC;101;PALHOCA;Mal sï¿½bito do condutor;Colisï¿½o traseira;Com Vï¿½timas Feridas;Pleno dia;Chuva;Mï¿½ltipla;Reta;Nï¿½o;0;0
2025-08-08;sexta-feira;14:45:00;PI;343;BURITI DOS LOPES;Ingestï¿½o de ï¿½lcool pelo condutor;Colisï¿½o transversal;Com Vï¿½timas Feridas;Pleno dia;Sol;Simples;"Interseï¿½ï¿½o de Vias;Reta";Sim;0;0
2025-08-08;sexta-feira;09:50:00;RO;364;ARIQUEMES;Manobra de mudanï¿½a de faixa;Colisï¿½o frontal;Com Vï¿½timas Feridas;Pleno dia;Cï¿½u Claro;Simples;Reta;Nï¿½o;0;0
2025-08-08;sexta-feira;14:30:00;BA;110;ALAGOINHAS;Transitar na contramï¿½o;Colisï¿½o frontal;Com Vï¿½timas Feridas;Pleno dia;Sol;Simples;Curva;Nï¿½o;0;0
2025-08-08;sexta-feira;15:00:00;PE;232;BEZERROS;Reaï¿½ï¿½o tardia ou ineficiente do condutor;Colisï¿½o transversal;Sem Vï¿½timas;Pleno dia;Cï¿½u Claro;Simples;Aclive;Sim;0;0
2025-08-08;sexta-feira;14:46:00;SC;470;TROMBUDO CENTRAL;Ingestï¿½o de ï¿½lcool pelo condutor;Colisï¿½o lateral sentido oposto;Com Vï¿½timas Feridas;Pleno dia;Garoa/Chuvisco;Simples;"Declive;Reta";Sim;0;0
2025-08-08;sexta-feira;15:00:00;MG;262;FLORESTAL;Acessar a via sem observar a presenï¿½a dos outros veï¿½culos;Colisï¿½o lateral mesmo sentido;Com Vï¿½timas Feridas;Pleno dia;Cï¿½u Claro;Dupla;Reta;Sim;0;0
2025-07-22;terï¿½a-feira;19:40:00;TO;153;GUARAI;Acessar a via sem observar a presenï¿½a dos outros veï¿½culos;Colisï¿½o transversal;Sem Vï¿½timas;Plena Noite;Cï¿½u Claro;Dupla;Interseï¿½ï¿½o de Vias;Sim;0;0
2025-08-08;sexta-feira;14:50:00;PR;277;PARANAGUA;Demais falhas mecï¿½nicas ou elï¿½tricas;Incï¿½ndio;Sem Vï¿½timas;Pleno dia;Nublado;Dupla;Reta;Nï¿½o;0;0
2025-08-08;sexta-feira;16:00:00;AL;104;UNIAO DOS PALMARES;Pedestre cruzava a pista fora da faixa;Atropelamento de Pedestre;Com Vï¿½timas Feridas;Pleno dia;Cï¿½u Claro;Simples;Reta;Sim;0;0
2025-08-08;sexta-feira;15:30:00;ES;101;ANCHIETA;Demais falhas mecï¿½nicas ou elï¿½tricas;Queda de ocupante de veï¿½culo;Com Vï¿½timas Feridas;Pleno dia;Cï¿½u Claro;Simples;Curva;Nï¿½o;0;0
2025-08-08;sexta-feira;15:40:00;CE;116;ITAITINGA;Demais falhas mecï¿½nicas ou elï¿½tricas;Queda de ocupante de veï¿½culo;Com Vï¿½timas Feridas;Pleno dia;Cï¿½u Claro;Mï¿½ltipla;Reta;Sim;0;0
2025-08-08;sexta-feira;14:55:00;MG;40;MATIAS BARBOSA;Reaï¿½ï¿½o tardia ou ineficiente do condutor;Capotamento;Com Vï¿½timas Feridas;Pleno dia;Cï¿½u Claro;Dupla;Curva;Nï¿½o;0;0
2025-08-07;quinta-feira;09:45:00;PR;369;ROLANDIA;Reaï¿½ï¿½o tardia ou ineficiente do condutor;Colisï¿½o traseira;Sem Vï¿½timas;Pleno dia;Cï¿½u Claro;Dupla;Reta;Nï¿½o;0;0
2025-08-08;sexta-feira;16:10:00;SP;101;UBATUBA;Conversï¿½o proibida;Colisï¿½o transversal;Com Vï¿½timas Feridas;Pleno dia;Nublado;Simples;Reta;Sim;0;0
2025-08-08;sexta-feira;14:50:00;MG;116;SANTA RITA DE MINAS;Ausï¿½ncia de reaï¿½ï¿½o do condutor;Colisï¿½o traseira;Com Vï¿½timas Feridas;Pleno dia;Cï¿½u Claro;Simples;"Declive;Reta";Nï¿½o;0;0
2025-08-08;sexta-feira;16:20:00;PR;369;CORNELIO PROCOPIO;Acessar a via sem observar a presenï¿½a dos outros veï¿½culos;Colisï¿½o transversal;Com Vï¿½timas Feridas;Pleno dia;Cï¿½u Claro;Simples;Retorno Regulamentado;Sim;0;0
2025-08-08;sexta-feira;15:45:00;PR;476;COLOMBO;Ausï¿½ncia de reaï¿½ï¿½o do condutor;Colisï¿½o traseira;Com Vï¿½timas Feridas;Pleno dia;Nublado;Dupla;Reta;Sim;0;0
2025-08-08;sexta-feira;16:06:00;PB;101;CONDE;Reaï¿½ï¿½o tardia ou ineficiente do condutor;Saï¿½da de leito carroï¿½ï¿½vel;Com Vï¿½timas Fatais;Pleno dia;Sol;Dupla;Reta;Nï¿½o;1;1
2025-08-08;sexta-feira;16:30:00;ES;101;IBIRACU;Ausï¿½ncia de reaï¿½ï¿½o do condutor;Colisï¿½o traseira;Com Vï¿½timas Feridas;Pleno dia;Cï¿½u Claro;Simples;Reta;Nï¿½o;0;0
2025-08-08;sexta-feira;16:30:00;ES;101;SOORETAMA;Velocidade Incompatï¿½vel;Saï¿½da de leito carroï¿½ï¿½vel;Com Vï¿½timas Feridas;Pleno dia;Cï¿½u Claro;Simples;"Reta;Aclive";Nï¿½o;0;0
2025-08-08;sexta-feira;16:30:00;MG;40;FELIXLANDIA;Acessar a via sem observar a presenï¿½a dos outros veï¿½culos;Colisï¿½o transversal;Com Vï¿½timas Fatais;Pleno dia;Cï¿½u Claro;Simples;"Reta;Interseï¿½ï¿½o de Vias;Rotatï¿½ria";Sim;1;1
2025-08-08;sexta-feira;16:20:00;PB;101;JOAO PESSOA;Condutor deixou de manter distï¿½ncia do veï¿½culo da frente;Colisï¿½o traseira;Com Vï¿½timas Feridas;Pleno dia;Cï¿½u Claro;Dupla;Reta;Nï¿½o;0;0
2025-08-08;sexta-feira;16:55:00;RJ;101;ANGRA DOS REIS;Ultrapassagem Indevida;Colisï¿½o transversal;Com Vï¿½timas Feridas;Pleno dia;Cï¿½u Claro;Simples;Reta;Nï¿½o;0;0
2025-08-08;sexta-feira;16:45:00;RJ;116;BARRA MANSA;Reaï¿½ï¿½o tardia ou ineficiente do condutor;Colisï¿½o com objeto;Com Vï¿½timas Feridas;Pleno dia;Chuva;Dupla;Curva;Nï¿½o;0;0
2025-08-08;sexta-feira;16:25:00;SC;280;JARAGUA DO SUL;Ingestï¿½o de ï¿½lcool pelo condutor;Colisï¿½o traseira;Com Vï¿½timas Feridas;Pleno dia;Chuva;Simples;Reta;Sim;0;0
2025-08-08;sexta-feira;17:15:00;SC;101;BIGUACU;Ausï¿½ncia de reaï¿½ï¿½o do condutor;Queda de ocupante de veï¿½culo;Com Vï¿½timas Feridas;Pleno dia;Chuva;Mï¿½ltipla;Reta;Sim;0;0
2025-08-08;sexta-feira;17:00:00;PR;116;QUATRO BARRAS;Avarias e/ou desgaste excessivo no pneu;Capotamento;Com Vï¿½timas Feridas;Pleno dia;Chuva;Dupla;"Aclive;Viaduto";Sim;0;0
2025-08-08;sexta-feira;08:50:00;RS;448;CANOAS;Mal sï¿½bito do condutor;Colisï¿½o com objeto;Sem Vï¿½timas;Pleno dia;Cï¿½u Claro;Mï¿½ltipla;Reta;Nï¿½o;0;0
2025-08-08;sexta-feira;16:30:00;MG;381;BETIM;Ausï¿½ncia de reaï¿½ï¿½o do condutor;Colisï¿½o traseira;Com Vï¿½timas Feridas;Pleno dia;Cï¿½u Claro;Dupla;Reta;Sim;0;0
2025-08-08;sexta-feira;17:00:00;MG;381;CAMBUI;Velocidade Incompatï¿½vel;Saï¿½da de leito carroï¿½ï¿½vel;Com Vï¿½timas Feridas;Pleno dia;Chuva;Dupla;"Curva;Aclive";Nï¿½o;0;0
2025-08-08;sexta-feira;16:00:00;MG;381;SAO GONCALO DO RIO ABAIXO;Ausï¿½ncia de reaï¿½ï¿½o do condutor;Saï¿½da de leito carroï¿½ï¿½vel;Com Vï¿½timas Feridas;Pleno dia;Cï¿½u Claro;Simples;Reta;Nï¿½o;0;0
2025-08-08;sexta-feira;17:10:00;RS;471;CHUI;Acessar a via sem observar a presenï¿½a dos outros veï¿½culos;Colisï¿½o transversal;Com Vï¿½timas Feridas;Pleno dia;Nublado;Simples;Interseï¿½ï¿½o de Vias;Sim;0;0
2025-08-08;sexta-feira;17:20:00;BA;324;FEIRA DE SANTANA;Ultrapassagem Indevida;Colisï¿½o transversal;Com Vï¿½timas Feridas;Pleno dia;Cï¿½u Claro;Simples;Reta;Sim;0;0
2025-08-08;sexta-feira;17:10:00;SC;101;SAO JOSE;Acumulo de ï¿½leo sobre o pavimento;Tombamento;Com Vï¿½timas Feridas;Pleno dia;Chuva;Simples;Curva;Sim;0;0
2025-08-08;sexta-feira;16:45:00;PR;116;CURITIBA;Reaï¿½ï¿½o tardia ou ineficiente do condutor;Engavetamento;Com Vï¿½timas Feridas;Pleno dia;Nublado;Mï¿½ltipla;Reta;Nï¿½o;0;0
2025-08-08;sexta-feira;12:00:00;RJ;116;SAO JOSE DO VALE DO RIO PRETO;Reaï¿½ï¿½o tardia ou ineficiente do condutor;Colisï¿½o lateral sentido oposto;Com Vï¿½timas Feridas;Pleno dia;Cï¿½u Claro;Dupla;Reta;Nï¿½o;0;0
2025-08-08;sexta-feira;17:00:00;PR;369;APUCARANA;Acessar a via sem observar a presenï¿½a dos outros veï¿½culos;Colisï¿½o transversal;Com Vï¿½timas Feridas;Anoitecer;Nublado;Dupla;Reta;Sim;0;0
2025-08-08;sexta-feira;16:30:00;PR;376;APUCARANA;Velocidade Incompatï¿½vel;Saï¿½da de leito carroï¿½ï¿½vel;Com Vï¿½timas Feridas;Pleno dia;Sol;Dupla;Reta;Sim;0;0
2025-08-08;sexta-feira;17:27:00;TO;153;ARAGUAINA;Acessar a via sem observar a presenï¿½a dos outros veï¿½culos;Colisï¿½o transversal;Com Vï¿½timas Feridas;Pleno dia;Cï¿½u Claro;Simples;Rotatï¿½ria;Sim;0;0
2025-08-08;sexta-feira;17:24:00;PB;230;JOAO PESSOA;Acessar a via sem observar a presenï¿½a dos outros veï¿½culos;Colisï¿½o traseira;Com Vï¿½timas Feridas;Plena Noite;Cï¿½u Claro;Dupla;"Reta;Aclive;Viaduto";Sim;0;0
2025-08-08;sexta-feira;16:40:00;BA;242;ITABERABA;Acessar a via sem observar a presenï¿½a dos outros veï¿½culos;Colisï¿½o transversal;Com Vï¿½timas Feridas;Pleno dia;Cï¿½u Claro;Simples;Reta;Sim;0;0
2025-08-08;sexta-feira;18:00:00;PR;277;CURITIBA;Trafegar com motocicleta (ou similar) entre as faixas;Colisï¿½o lateral mesmo sentido;Com Vï¿½timas Feridas;Plena Noite;Garoa/Chuvisco;Dupla;Reta;Sim;0;0
2025-08-08;sexta-feira;18:00:00;PR;153;SANTO ANTONIO DA PLATINA;Desrespeitar a preferï¿½ncia no cruzamento;Colisï¿½o transversal;Sem Vï¿½timas;Anoitecer;Cï¿½u Claro;Simples;Rotatï¿½ria;Nï¿½o;0;0
2025-08-08;sexta-feira;17:50:00;BA;324;SALVADOR;Condutor deixou de manter distï¿½ncia do veï¿½culo da frente;Colisï¿½o lateral mesmo sentido;Com Vï¿½timas Feridas;Plena Noite;Cï¿½u Claro;Mï¿½ltipla;"Declive;Reta";Nï¿½o;0;0
2025-08-08;sexta-feira;17:20:00;CE;222;CAUCAIA;Trafegar com motocicleta (ou similar) entre as faixas;Colisï¿½o lateral mesmo sentido;Com Vï¿½timas Feridas;Pleno dia;Cï¿½u Claro;Mï¿½ltipla;Reta;Sim;0;0
2025-08-08;sexta-feira;12:13:00;BA;101;ALAGOINHAS;Acessar a via sem observar a presenï¿½a dos outros veï¿½culos;Colisï¿½o com objeto;Com Vï¿½timas Feridas;Pleno dia;Sol;Simples;"Retorno Regulamentado;Reta;Interseï¿½ï¿½o de Vias";Sim;0;0
2025-08-08;sexta-feira;18:25:00;RS;470;BENTO GONCALVES;Ausï¿½ncia de reaï¿½ï¿½o do condutor;Colisï¿½o traseira;Sem Vï¿½timas;Plena Noite;Ignorado;Simples;Reta;Nï¿½o;0;0
2025-08-08;sexta-feira;10:45:00;PR;277;MATELANDIA;Condutor usando celular;Colisï¿½o com objeto;Com Vï¿½timas Feridas;Pleno dia;Cï¿½u Claro;Dupla;"Declive;Curva";Nï¿½o;0;0
2025-08-08;sexta-feira;16:00:00;RJ;101;RIO DE JANEIRO;Condutor deixou de manter distï¿½ncia do veï¿½culo da frente;Colisï¿½o lateral mesmo sentido;Com Vï¿½timas Feridas;Pleno dia;Nublado;Dupla;Reta;Sim;0;0
2025-08-08;sexta-feira;18:24:00;SP;116;GUARULHOS;Reaï¿½ï¿½o tardia ou ineficiente do condutor;Colisï¿½o traseira;Com Vï¿½timas Feridas;Plena Noite;Vento;Mï¿½ltipla;"Declive;Reta";Sim;0;0
2025-08-08;sexta-feira;18:00:00;PE;0;RECIFE;Condutor desrespeitou a iluminaï¿½ï¿½o vermelha do semï¿½foro;Colisï¿½o transversal;Com Vï¿½timas Feridas;Plena Noite;Cï¿½u Claro;Dupla;"Reta;Interseï¿½ï¿½o de Vias";Sim;0;0
2025-08-08;sexta-feira;17:51:00;GO;414;COCALZINHO DE GOIAS;Reaï¿½ï¿½o tardia ou ineficiente do condutor;Queda de ocupante de veï¿½culo;Com Vï¿½timas Feridas;Plena Noite;Ignorado;Dupla;Reta;Sim;0;0
2025-08-08;sexta-feira;16:45:00;RJ;101;ITABORAI;Reaï¿½ï¿½o tardia ou ineficiente do condutor;Colisï¿½o traseira;Com Vï¿½timas Feridas;Pleno dia;Nublado;Dupla;Reta;Nï¿½o;0;0
2025-08-08;sexta-feira;18:35:00;PA;155;MARABA;Reaï¿½ï¿½o tardia ou ineficiente do condutor;Colisï¿½o traseira;Sem Vï¿½timas;Anoitecer;Cï¿½u Claro;Simples;Reta;Nï¿½o;0;0
2025-08-08;sexta-feira;15:45:00;RJ;116;PIRAI;Acessar a via sem observar a presenï¿½a dos outros veï¿½culos;Colisï¿½o lateral mesmo sentido;Com Vï¿½timas Feridas;Pleno dia;Nublado;Simples;Retorno Regulamentado;Nï¿½o;0;0
2025-08-08;sexta-feira;17:40:00;CE;222;CAUCAIA;Ausï¿½ncia de reaï¿½ï¿½o do condutor;Colisï¿½o lateral mesmo sentido;Com Vï¿½timas Feridas;Anoitecer;Cï¿½u Claro;Dupla;Reta;Sim;0;0
2025-08-08;sexta-feira;18:20:00;PB;101;SANTA RITA;Condutor deixou de manter distï¿½ncia do veï¿½culo da frente;Colisï¿½o traseira;Sem Vï¿½timas;Plena Noite;Nublado;Dupla;"Reta;Em Obras";Nï¿½o;0;0
2025-08-08;sexta-feira;18:45:00;PE;101;RECIFE;Condutor deixou de manter distï¿½ncia do veï¿½culo da frente;Colisï¿½o lateral mesmo sentido;Com Vï¿½timas Feridas;Plena Noite;Cï¿½u Claro;Dupla;"Aclive;Curva";Nï¿½o;0;0
2025-08-08;sexta-feira;19:29:00;RN;406;SAO GONCALO DO AMARANTE;Reaï¿½ï¿½o tardia ou ineficiente do condutor;Queda de ocupante de veï¿½culo;Com Vï¿½timas Feridas;Plena Noite;Nublado;Dupla;Reta;Nï¿½o;0;0
2025-08-08;sexta-feira;20:05:00;SP;116;ARUJA;Manobra de mudanï¿½a de faixa;Colisï¿½o lateral mesmo sentido;Com Vï¿½timas Feridas;Plena Noite;Ignorado;Mï¿½ltipla;Reta;Sim;0;0
2025-08-08;sexta-feira;19:20:00;PB;230;JOAO PESSOA;Ausï¿½ncia de reaï¿½ï¿½o do condutor;Colisï¿½o traseira;Com Vï¿½timas Feridas;Plena Noite;Cï¿½u Claro;Dupla;Curva;Nï¿½o;0;0
2025-08-08;sexta-feira;15:50:00;MG;116;ORIZANIA;Transitar na contramï¿½o;Colisï¿½o frontal;Com Vï¿½timas Feridas;Pleno dia;Cï¿½u Claro;Simples;Curva;Nï¿½o;0;0
2025-07-25;sexta-feira;18:30:00;MA;230;BARAO DE GRAJAU;Transitar na contramï¿½o;Colisï¿½o frontal;Com Vï¿½timas Feridas;Plena Noite;Cï¿½u Claro;Simples;Reta;Sim;0;0
2025-08-08;sexta-feira;14:45:00;MG;116;MURIAE;Condutor deixou de manter distï¿½ncia do veï¿½culo da frente;Colisï¿½o lateral mesmo sentido;Com Vï¿½timas Feridas;Pleno dia;Cï¿½u Claro;Simples;Reta;Nï¿½o;0;0
2025-08-08;sexta-feira;19:40:00;RS;386;SARANDI;Ingestï¿½o de ï¿½lcool pelo condutor;Colisï¿½o lateral sentido oposto;Sem Vï¿½timas;Plena Noite;Nublado;Simples;Reta;Sim;0;0
2025-08-08;sexta-feira;19:30:00;MG;381;BETIM;Condutor deixou de manter distï¿½ncia do veï¿½culo da frente;Colisï¿½o lateral mesmo sentido;Com Vï¿½timas Feridas;Plena Noite;Nublado;Mï¿½ltipla;Reta;Sim;0;0
2025-08-08;sexta-feira;15:30:00;MG;364;PLANURA;Ausï¿½ncia de reaï¿½ï¿½o do condutor;Saï¿½da de leito carroï¿½ï¿½vel;Com Vï¿½timas Feridas;Pleno dia;Cï¿½u Claro;Simples;Reta;Nï¿½o;0;0
2025-08-08;sexta-feira;18:10:00;MG;381;CARMOPOLIS DE MINAS;Reaï¿½ï¿½o tardia ou ineficiente do condutor;Capotamento;Com Vï¿½timas Feridas;Anoitecer;Nublado;Dupla;Declive;Nï¿½o;0;0
2025-08-08;sexta-feira;19:03:00;BA;101;SANTO ANTONIO DE JESUS;Acessar a via sem observar a presenï¿½a dos outros veï¿½culos;Colisï¿½o transversal;Com Vï¿½timas Feridas;Plena Noite;Cï¿½u Claro;Simples;"Reta;Interseï¿½ï¿½o de Vias";Sim;0;0