data_inversa;dia_semana;horario;uf;br;municipio;causa_acidente;tipo_acidente;classificacao_acidente;fase_dia;condicao_metereologica;tipo_pista;tracado_via;uso_solo;mortos;acidente_fatal
2025-04-14;segunda-feira;17:45:00;SC;101;SAO JOSE;Ausï¿½ncia de reaï¿½ï¿½o do condutor;Colisï¿½o lateral mesmo sentido;Com Vï¿½timas Feridas;Plena Noite;Cï¿½u Claro;Mï¿½ltipla;Reta;Nï¿½o;0;0
2025-08-08;sexta-feira;19:30:00;RJ;101;SILVA JARDIM;Deficiï¿½ncia do Sistema de Iluminaï¿½ï¿½o/Sinalizaï¿½ï¿½o;Colisï¿½o traseira;Com Vï¿½timas Feridas;Plena Noite;Garoa/Chuvisco;Dupla;Reta;Nï¿½o;0;0
2025-08-08;sexta-feira;20:35:00;BA;242;BARREIRAS;Ingestï¿½o de ï¿½lcool pelo condutor;Colisï¿½o traseira;Com Vï¿½timas Feridas;Plena Noite;Cï¿½u Claro;Simples;Reta;Nï¿½o;0;0
2025-08-08;sexta-feira;20:30:00;RS;392;PORTO XAVIER;Trafegar com motocicleta (ou similar) entre as faixas;Colisï¿½o traseira;Com Vï¿½timas Fatais;Plena Noite;Cï¿½u Claro;Simples;Reta;Nï¿½o;1;1
2025-07-19;sï¿½bado;22:05:00;RJ;116;NOVA IGUACU;Demais falhas mecï¿½nicas ou elï¿½tricas;Incï¿½ndio;Sem Vï¿½timas;Pleno dia;Cï¿½u Claro;Dupla;Reta;Nï¿½o;0;0
2025-08-08;sexta-feira;20:10:00;RN;226;NATAL;Ingestï¿½o de ï¿½lcool pelo condutor;Colisï¿½o transversal;Sem Vï¿½timas;Plena Noite;Cï¿½u Claro;Dupla;Interseï¿½ï¿½o de Vias;Sim;0;0
2025-08-08;sexta-feira;16:55:00;GO;0;VALPARAISO DE GOIAS;Desrespeitar a preferï¿½ncia no cruzamento;Colisï¿½o transversal;Sem Vï¿½timas;Pleno dia;Cï¿½u Claro;Simples;"Interseï¿½ï¿½o de Vias;Rotatï¿½ria";Sim;0;0
2025-08-08;sexta-feira;20:20:00;BA;116;VITORIA DA CONQUISTA;Deficiï¿½ncia do Sistema de Iluminaï¿½ï¿½o/Sinalizaï¿½ï¿½o;Colisï¿½o traseira;Sem Vï¿½timas;Plena Noite;Cï¿½u Claro;Simples;Reta;Nï¿½o;0;0
2025-08-08;sexta-feira;21:30:00;CE;222;SOBRAL;Acessar a via sem observar a presenï¿½a dos outros veï¿½culos;Colisï¿½o transversal;Com Vï¿½timas Fatais;Plena Noite;Cï¿½u Claro;Simples;"Declive;Reta";Sim;1;1
2025-08-08;sexta-feira;19:50:00;MS;262;AGUA CLARA;Ausï¿½ncia de reaï¿½ï¿½o do condutor;Saï¿½da de leito carroï¿½ï¿½vel;Com Vï¿½timas Feridas;Plena Noite;Cï¿½u Claro;Simples;Rotatï¿½ria;Nï¿½o;0;0
2025-08-08;sexta-feira;20:45:00;PB;230;CAMPINA GRANDE;Ingestï¿½o de ï¿½lcool pelo condutor;Saï¿½da de leito carroï¿½ï¿½vel;Com Vï¿½timas Feridas;Plena Noite;Cï¿½u Claro;Simples;Curva;Nï¿½o;0;0
2025-08-08;sexta-feira;21:20:00;MG;50;UBERABA;Ausï¿½ncia de reaï¿½ï¿½o do condutor;Colisï¿½o com objeto;Com Vï¿½timas Feridas;Plena Noite;Cï¿½u Claro;Dupla;Reta;Nï¿½o;0;0
2025-08-08;sexta-feira;19:40:00;PE;101;JABOATAO DOS GUARARAPES;Transitar na contramï¿½o;Colisï¿½o frontal;Com Vï¿½timas Feridas;Plena Noite;Chuva;Simples;Reta;Sim;0;0
2025-08-08;sexta-feira;20:15:00;SP;116;GUARULHOS;Trafegar com motocicleta (ou similar) entre as faixas;Colisï¿½o lateral mesmo sentido;Com Vï¿½timas Feridas;Plena Noite;Cï¿½u Claro;Mï¿½ltipla;Reta;Sim;0;0
2025-08-08;sexta-feira;21:30:00;PR;277;CURITIBA;Reaï¿½ï¿½o tardia ou ineficiente do condutor;Colisï¿½o lateral mesmo sentido;Com Vï¿½timas Feridas;Plena Noite;Cï¿½u Claro;Dupla;Reta;Sim;0;0
2025-08-08;sexta-feira;21:30:00;ES;259;COLATINA;Ausï¿½ncia de reaï¿½ï¿½o do condutor;Colisï¿½o frontal;Com Vï¿½timas Feridas;Plena Noite;Cï¿½u Claro;Simples;"Curva;Declive";Nï¿½o;0;0
2025-08-08;sexta-feira;21:40:00;MS;163;CAMPO GRANDE;Condutor deixou de manter distï¿½ncia do veï¿½culo da frente;Colisï¿½o lateral mesmo sentido;Com Vï¿½timas Feridas;Plena Noite;Cï¿½u Claro;Simples;Reta;Nï¿½o;0;0
2025-08-08;sexta-feira;22:20:00;MG;365;MONTE ALEGRE DE MINAS;Ausï¿½ncia de reaï¿½ï¿½o do condutor;Saï¿½da de leito carroï¿½ï¿½vel;Sem Vï¿½timas;Plena Noite;Cï¿½u Claro;Dupla;Reta;Nï¿½o;0;0
2025-08-08;sexta-feira;20:30:00;SP;116;SAO JOSE DOS CAMPOS;Condutor deixou de manter distï¿½ncia do veï¿½culo da frente;Colisï¿½o traseira;Com Vï¿½timas Feridas;Plena Noite;Nublado;Mï¿½ltipla;Reta;Sim;0;0
2025-08-08;sexta-feira;23:00:00;ES;101;LINHARES;Condutor desrespeitou a iluminaï¿½ï¿½o vermelha do semï¿½foro;Colisï¿½o transversal;Com Vï¿½timas Feridas;Plena Noite;Nublado;Mï¿½ltipla;Interseï¿½ï¿½o de Vias;Sim;0;0
2025-08-08;sexta-feira;20:06:00;MT;174;CONQUISTA DOESTE;Condutor deixou de manter distï¿½ncia do veï¿½culo da frente;Colisï¿½o traseira;Com Vï¿½timas Feridas;Plena Noite;Cï¿½u Claro;Simples;Reta;Nï¿½o;0;0
2025-08-08;sexta-feira;23:15:00;SC;101;PALHOCA;Desrespeitar a preferï¿½ncia no cruzamento;Colisï¿½o transversal;Com Vï¿½timas Feridas;Plena Noite;Garoa/Chuvisco;Simples;Interseï¿½ï¿½o de Vias;Sim;0;0
2025-08-09;sï¿½bado;00:02:00;PE;428;PETROLINA;Velocidade Incompatï¿½vel;Saï¿½da de leito carroï¿½ï¿½vel;Com Vï¿½timas Feridas;Plena Noite;Cï¿½u Claro;Mï¿½ltipla;Rotatï¿½ria;Sim;0;0
2025-08-08;sexta-feira;23:30:00;SC;280;RIO NEGRINHO;Desrespeitar a preferï¿½ncia no cruzamento;Colisï¿½o transversal;Sem Vï¿½timas;Plena Noite;Cï¿½u Claro;Simples;"Rotatï¿½ria;Declive";Sim;0;0
2025-08-09;sï¿½bado;00:50:00;RS;116;CANOAS;Condutor deixou de manter distï¿½ncia do veï¿½culo da frente;Colisï¿½o traseira;Sem Vï¿½timas;Plena Noite;Chuva;Dupla;Retorno Regulamentado;Nï¿½o;0;0
2025-08-08;sexta-feira;23:00:00;RS;285;ENTRE-IJUIS;Ausï¿½ncia de reaï¿½ï¿½o do condutor;Saï¿½da de leito carroï¿½ï¿½vel;Com Vï¿½timas Feridas;Plena Noite;Cï¿½u Claro;Simples;Reta;Nï¿½o;0;0
2025-08-09;sï¿½bado;00:30:00;RN;427;ACARI;Ausï¿½ncia de sinalizaï¿½ï¿½o;Colisï¿½o com objeto;Com Vï¿½timas Feridas;Plena Noite;Cï¿½u Claro;Simples;"Reta;Desvio Temporï¿½rio";Sim;0;0
2025-08-09;sï¿½bado;03:30:00;SC;280;GUARAMIRIM;Ingestï¿½o de ï¿½lcool pelo condutor;Colisï¿½o com objeto;Com Vï¿½timas Feridas;Plena Noite;Nublado;Dupla;Curva;Nï¿½o;0;0
2025-08-09;sï¿½bado;03:35:00;CE;20;BOA VIAGEM;Acessar a via sem observar a presenï¿½a dos outros veï¿½culos;Colisï¿½o transversal;Com Vï¿½timas Feridas;Plena Noite;Cï¿½u Claro;Simples;Reta;Sim;0;0
2025-08-09;sï¿½bado;03:30:00;RS;158;SANTA MARIA;Ausï¿½ncia de reaï¿½ï¿½o do condutor;Saï¿½da de leito carroï¿½ï¿½vel;Sem Vï¿½timas;Plena Noite;Nublado;Dupla;Reta;Sim;0;0
2025-08-09;sï¿½bado;00:38:00;SC;101;ITAPEMA;Manobra de mudanï¿½a de faixa;Colisï¿½o lateral mesmo sentido;Com Vï¿½timas Fatais;Plena Noite;Nublado;Dupla;Reta;Sim;1;1
2025-08-09;sï¿½bado;00:40:00;SC;101;ITAPEMA;Reaï¿½ï¿½o tardia ou ineficiente do condutor;Capotamento;Com Vï¿½timas Feridas;Plena Noite;Nublado;Dupla;Reta;Sim;0;0
2025-08-09;sï¿½bado;03:50:00;PB;230;JOAO PESSOA;Animais na Pista;Atropelamento de Animal;Sem Vï¿½timas;Plena Noite;Cï¿½u Claro;Simples;Reta;Sim;0;0
2025-08-09;sï¿½bado;03:34:00;MG;262;CAMPO FLORIDO;Pedestre - Ingestï¿½o de ï¿½lcool/ substï¿½ncias psicoativas;Atropelamento de Pedestre;Com Vï¿½timas Feridas;Plena Noite;Cï¿½u Claro;Simples;"Aclive;Reta";Nï¿½o;0;0
2025-08-09;sï¿½bado;02:30:00;MG;365;PIRAPORA;Ausï¿½ncia de reaï¿½ï¿½o do condutor;Saï¿½da de leito carroï¿½ï¿½vel;Com Vï¿½timas Feridas;Plena Noite;Cï¿½u Claro;Simples;Reta;Nï¿½o;0;0
2025-08-09;sï¿½bado;04:20:00;SC;470;APIUNA;Condutor Dormindo;Colisï¿½o lateral sentido oposto;Com Vï¿½timas Feridas;Plena Noite;Cï¿½u Claro;Simples;Reta;Nï¿½o;0;0
2025-08-09;sï¿½bado;05:00:00;MT;70;BARRA DO GARCAS;Velocidade Incompatï¿½vel;Colisï¿½o com objeto;Com Vï¿½timas Feridas;Plena Noite;Cï¿½u Claro;Dupla;Reta;Nï¿½o;0;0
2025-08-09;sï¿½bado;02:32:00;PR;369;LONDRINA;Reaï¿½ï¿½o tardia ou ineficiente do condutor;Colisï¿½o com objeto;Com Vï¿½timas Fatais;Plena Noite;Cï¿½u Claro;Dupla;"Reta;Declive";Nï¿½o;1;1
2025-08-09;sï¿½bado;05:15:00;SC;101;SAO JOSE;Condutor Dormindo;Saï¿½da de leito carroï¿½ï¿½vel;Sem Vï¿½timas;Amanhecer;Cï¿½u Claro;Dupla;Reta;Nï¿½o;0;0
2025-08-09;sï¿½bado;04:20:00;PI;343;CAMPO MAIOR;Transitar na contramï¿½o;Colisï¿½o frontal;Com Vï¿½timas Feridas;Plena Noite;Cï¿½u Claro;Simples;Curva;Nï¿½o;0;0
2025-08-09;sï¿½bado;04:00:00;RJ;40;DUQUE DE CAXIAS;Ingestï¿½o de ï¿½lcool pelo condutor;Colisï¿½o com objeto;Sem Vï¿½timas;Plena Noite;Nublado;Mï¿½ltipla;"Curva;Declive";Sim;0;0
2025-08-09;sï¿½bado;03:00:00;PE;407;PETROLINA;Velocidade Incompatï¿½vel;Colisï¿½o com objeto;Sem Vï¿½timas;Plena Noite;Cï¿½u Claro;Simples;Interseï¿½ï¿½o de Vias;Sim;0;0
2025-08-09;sï¿½bado;05:00:00;RS;116;SAPUCAIA DO SUL;Ausï¿½ncia de reaï¿½ï¿½o do condutor;Colisï¿½o com objeto;Sem Vï¿½timas;Amanhecer;Garoa/Chuvisco;Dupla;Viaduto;Sim;0;0
2025-08-09;sï¿½bado;06:30:00;SC;101;PALHOCA;Condutor Dormindo;Colisï¿½o com objeto;Com Vï¿½timas Feridas;Amanhecer;Cï¿½u Claro;Simples;Reta;Nï¿½o;0;0
2025-08-09;sï¿½bado;00:20:00;SC;101;ARARANGUA;Ingestï¿½o de ï¿½lcool pelo condutor;Saï¿½da de leito carroï¿½ï¿½vel;Sem Vï¿½timas;Plena Noite;Ignorado;Simples;Reta;Sim;0;0
2025-08-09;sï¿½bado;06:30:00;PR;376;MARINGA;Reaï¿½ï¿½o tardia ou ineficiente do condutor;Colisï¿½o com objeto;Sem Vï¿½timas;Pleno dia;Cï¿½u Claro;Dupla;Reta;Nï¿½o;0;0
2025-08-09;sï¿½bado;06:35:00;RS;101;TORRES;Ingestï¿½o de ï¿½lcool pelo condutor;Colisï¿½o com objeto;Com Vï¿½timas Feridas;Pleno dia;Cï¿½u Claro;Simples;Curva;Nï¿½o;0;0
2025-08-09;sï¿½bado;05:00:00;MG;354;POUSO ALTO;Ausï¿½ncia de reaï¿½ï¿½o do condutor;Saï¿½da de leito carroï¿½ï¿½vel;Com Vï¿½timas Feridas;Plena Noite;Cï¿½u Claro;Simples;"Reta;Declive";Nï¿½o;0;0
2025-08-09;sï¿½bado;05:30:00;PR;277;MEDIANEIRA;Neblina;Colisï¿½o traseira;Com Vï¿½timas Feridas;Plena Noite;Nevoeiro/Neblina;Dupla;"Reta;Aclive";Nï¿½o;0;0
2025-08-09;sï¿½bado;06:00:00;PR;369;IBIPORA;Ausï¿½ncia de reaï¿½ï¿½o do condutor;Colisï¿½o com objeto;Com Vï¿½timas Fatais;Amanhecer;Cï¿½u Claro;Dupla;Curva;Sim;1;1
2025-08-09;sï¿½bado;06:30:00;PR;116;COLOMBO;Acessar a via sem observar a presenï¿½a dos outros veï¿½culos;Colisï¿½o lateral mesmo sentido;Com Vï¿½timas Feridas;Amanhecer;Cï¿½u Claro;Dupla;"Reta;Declive;Interseï¿½ï¿½o de Vias";Sim;0;0
2025-08-09;sï¿½bado;07:05:00;ES;101;ARACRUZ;Trafegar com motocicleta (ou similar) entre as faixas;Colisï¿½o com objeto;Com Vï¿½timas Feridas;Pleno dia;Cï¿½u Claro;Mï¿½ltipla;Reta;Nï¿½o;0;0
2025-08-09;sï¿½bado;04:00:00;MG;356;EUGENOPOLIS;Ingestï¿½o de ï¿½lcool pelo condutor;Saï¿½da de leito carroï¿½ï¿½vel;Com Vï¿½timas Feridas;Plena Noite;Cï¿½u Claro;Simples;Curva;Nï¿½o;0;0
2025-08-09;sï¿½bado;07:50:00;GO;60;ALEXANIA;Demais falhas mecï¿½nicas ou elï¿½tricas;Queda de ocupante de veï¿½culo;Com Vï¿½timas Feridas;Pleno dia;Cï¿½u Claro;Dupla;"Reta;Retorno Regulamentado";Nï¿½o;0;0
2025-08-09;sï¿½bado;07:45:00;MG;40;ITABIRITO;Reaï¿½ï¿½o tardia ou ineficiente do condutor;Tombamento;Com Vï¿½timas Feridas;Amanhecer;Cï¿½u Claro;Dupla;"Declive;Reta";Nï¿½o;0;0
2025-08-09;sï¿½bado;08:15:00;BA;324;SALVADOR;Demais falhas mecï¿½nicas ou elï¿½tricas;Queda de ocupante de veï¿½culo;Com Vï¿½timas Feridas;Pleno dia;Cï¿½u Claro;Mï¿½ltipla;Reta;Sim;0;0
2025-06-28;sï¿½bado;19:43:00;PE;232;GRAVATA;Transitar na contramï¿½o;Colisï¿½o frontal;Com Vï¿½timas Feridas;Plena Noite;Cï¿½u Claro;Simples;Reta;Nï¿½o;0;0
2025-08-09;sï¿½bado;07:15:00;RN;304;ACU;Demais falhas mecï¿½nicas ou elï¿½tricas;Saï¿½da de leito carroï¿½ï¿½vel;Com Vï¿½timas Feridas;Pleno dia;Nublado;Simples;Reta;Nï¿½o;0;0
2025-08-09;sï¿½bado;08:40:00;BA;324;FEIRA DE SANTANA;Conversï¿½o proibida;Colisï¿½o transversal;Com Vï¿½timas Feridas;Pleno dia;Cï¿½u Claro;Simples;Reta;Sim;0;0
2025-08-09;sï¿½bado;07:40:00;BA;367;ITAPEBI;Reaï¿½ï¿½o tardia ou ineficiente do condutor;Colisï¿½o traseira;Com Vï¿½timas Feridas;Pleno dia;Cï¿½u Claro;Simples;Curva;Nï¿½o;0;0
2025-03-27;quinta-feira;22:10:00;CE;222;SOBRAL;Acesso irregular;Colisï¿½o transversal;Com Vï¿½timas Feridas;Plena Noite;Cï¿½u Claro;Simples;Aclive;Nï¿½o;0;0
2025-08-09;sï¿½bado;20:35:00;SP;116;SANTA ISABEL;Reaï¿½ï¿½o tardia ou ineficiente do condutor;Saï¿½da de leito carroï¿½ï¿½vel;Com Vï¿½timas Feridas;Plena Noite;Cï¿½u Claro;Dupla;Reta;Nï¿½o;0;0
2025-08-09;sï¿½bado;07:30:00;MS;163;DOURADOS;Reaï¿½ï¿½o tardia ou ineficiente do condutor;Colisï¿½o com objeto;Com Vï¿½timas Feridas;Amanhecer;Cï¿½u Claro;Simples;"Em Obras;Rotatï¿½ria";Nï¿½o;0;0
2025-08-09;sï¿½bado;10:00:00;SC;470;BLUMENAU;Acessar a via sem observar a presenï¿½a dos outros veï¿½culos;Colisï¿½o traseira;Com Vï¿½timas Feridas;Pleno dia;Cï¿½u Claro;Dupla;Curva;Sim;0;0
2025-08-09;sï¿½bado;09:25:00;PR;476;LAPA;Ausï¿½ncia de reaï¿½ï¿½o do condutor;Tombamento;Com Vï¿½timas Feridas;Pleno dia;Cï¿½u Claro;Simples;"Aclive;Curva";Nï¿½o;0;0
2025-08-09;sï¿½bado;10:00:00;RS;386;NOVA SANTA RITA;Acessar a via sem observar a presenï¿½a dos outros veï¿½culos;Colisï¿½o traseira;Sem Vï¿½timas;Pleno dia;Cï¿½u Claro;Dupla;"Reta;Declive";Nï¿½o;0;0
2025-08-09;sï¿½bado;09:22:00;SC;282;LAGES;Ausï¿½ncia de reaï¿½ï¿½o do condutor;Saï¿½da de leito carroï¿½ï¿½vel;Sem Vï¿½timas;Pleno dia;Cï¿½u Claro;Simples;Reta;Nï¿½o;0;0
2025-08-09;sï¿½bado;10:30:00;ES;101;SERRA;Ultrapassagem Indevida;Colisï¿½o traseira;Com Vï¿½timas Feridas;Pleno dia;Cï¿½u Claro;Simples;"Curva;Aclive";Sim;0;0
2025-08-09;sï¿½bado;10:25:00;GO;153;SANTA TEREZA DE GOIAS;Desrespeitar a preferï¿½ncia no cruzamento;Colisï¿½o transversal;Com Vï¿½timas Feridas;Pleno dia;Cï¿½u Claro;Simples;"Reta;Interseï¿½ï¿½o de Vias";Nï¿½o;0;0
2025-08-09;sï¿½bado;10:15:00;RJ;101;SAO GONCALO;Ausï¿½ncia de reaï¿½ï¿½o do condutor;Colisï¿½o traseira;Sem Vï¿½timas;Pleno dia;Nublado;Dupla;Reta;Sim;0;0
2025-08-09;sï¿½bado;09:00:00;MG;267;JUIZ DE FORA;Desrespeitar a preferï¿½ncia no cruzamento;Colisï¿½o transversal;Com Vï¿½timas Feridas;Pleno dia;Cï¿½u Claro;Simples;Curva;Sim;0;0
2025-08-09;sï¿½bado;11:20:00;RS;153;ERECHIM;Conversï¿½o proibida;Colisï¿½o transversal;Com Vï¿½timas Feridas;Pleno dia;Cï¿½u Claro;Simples;Reta;Sim;0;0
2025-08-09;sï¿½bado;10:40:00;RN;101;NATAL;Reaï¿½ï¿½o tardia ou ineficiente do condutor;Queda de ocupante de veï¿½culo;Com Vï¿½timas Feridas;Pleno dia;Sol;Dupla;Reta;Sim;0;0
2025-07-26;sï¿½bado;18:50:00;PI;230;FLORIANO;Acumulo de areia ou detritos sobre o pavimento;Colisï¿½o com objeto;Com Vï¿½timas Feridas;Plena Noite;Cï¿½u Claro;Simples;"Reta;Rotatï¿½ria";Nï¿½o;0;0
2025-08-09;sï¿½bado;12:05:00;MG;365;UBERLANDIA;Ausï¿½ncia de reaï¿½ï¿½o do condutor;Saï¿½da de leito carroï¿½ï¿½vel;Com Vï¿½timas Feridas;Pleno dia;Cï¿½u Claro;Simples;"Reta;Aclive";Nï¿½o;0;0
2025-08-09;sï¿½bado;11:41:00;PR;376;MARINGA;Manobra de mudanï¿½a de faixa;Colisï¿½o lateral mesmo sentido;Com Vï¿½timas Feridas;Pleno dia;Cï¿½u Claro;Dupla;Reta;Sim;0;0
2025-08-09;sï¿½bado;11:30:00;SP;381;GUARULHOS;Ausï¿½ncia de reaï¿½ï¿½o do condutor;Colisï¿½o lateral mesmo sentido;Com Vï¿½timas Feridas;Pleno dia;Cï¿½u Claro;Dupla;Reta;Sim;0;0
2025-08-09;sï¿½bado;10:44:00;ES;262;MUNIZ FREIRE;Acessar a via sem observar a presenï¿½a dos outros veï¿½culos;Colisï¿½o transversal;Sem Vï¿½timas;Pleno dia;Nublado;Simples;Curva;Nï¿½o;0;0
2025-08-09;sï¿½bado;10:10:00;SC;280;MAFRA;Conversï¿½o proibida;Colisï¿½o transversal;Com Vï¿½timas Feridas;Pleno dia;Cï¿½u Claro;Simples;Reta;Nï¿½o;0;0
2025-08-09;sï¿½bado;11:45:00;PR;376;MARIALVA;Velocidade Incompatï¿½vel;Colisï¿½o lateral mesmo sentido;Com Vï¿½timas Feridas;Pleno dia;Cï¿½u Claro;Dupla;Reta;Nï¿½o;0;0
2025-08-09;sï¿½bado;11:50:00;PR;376;PONTA GROSSA;Condutor deixou de manter distï¿½ncia do veï¿½culo da frente;Engavetamento;Com Vï¿½timas Feridas;Pleno dia;Sol;Dupla;"Aclive;Reta";Sim;0;0
2025-08-09;sï¿½bado;12:40:00;ES;101;SERRA;Manobra de mudanï¿½a de faixa;Colisï¿½o lateral mesmo sentido;Com Vï¿½timas Feridas;Pleno dia;Cï¿½u Claro;Dupla;Reta;Nï¿½o;0;0
2025-08-09;sï¿½bado;09:10:00;BA;101;SANTO ANTONIO DE JESUS;Condutor deixou de manter distï¿½ncia do veï¿½culo da frente;Colisï¿½o traseira;Com Vï¿½timas Feridas;Pleno dia;Cï¿½u Claro;Simples;Reta;Sim;0;0
2025-08-09;sï¿½bado;13:15:00;SC;101;ITAPEMA;Demais falhas mecï¿½nicas ou elï¿½tricas;Incï¿½ndio;Sem Vï¿½timas;Pleno dia;Nublado;Dupla;Reta;Sim;0;0
2025-07-16;quarta-feira;08:20:00;RJ;393;PARAIBA DO SUL;Acessar a via sem observar a presenï¿½a dos outros veï¿½culos;Colisï¿½o transversal;Com Vï¿½timas Feridas;Pleno dia;Sol;Simples;"Reta;Declive";Sim;0;0
2025-08-09;sï¿½bado;13:00:00;RJ;40;AREAL;Avarias e/ou desgaste excessivo no pneu;Queda de ocupante de veï¿½culo;Com Vï¿½timas Feridas;Pleno dia;Cï¿½u Claro;Simples;Curva;Nï¿½o;0;0
2025-08-09;sï¿½bado;13:20:00;GO;414;ABADIANIA;Acessar a via sem observar a presenï¿½a dos outros veï¿½culos;Colisï¿½o transversal;Com Vï¿½timas Feridas;Pleno dia;Cï¿½u Claro;Simples;Reta;Sim;0;0
2025-08-09;sï¿½bado;12:22:00;RS;116;SAO LOURENCO DO SUL;Condutor Dormindo;Saï¿½da de leito carroï¿½ï¿½vel;Com Vï¿½timas Feridas;Pleno dia;Sol;Dupla;Reta;Nï¿½o;0;0
2025-08-09;sï¿½bado;13:45:00;MG;365;VARZEA DA PALMA;Acessar a via sem observar a presenï¿½a dos outros veï¿½culos;Colisï¿½o transversal;Com Vï¿½timas Feridas;Pleno dia;Sol;Simples;"Reta;Rotatï¿½ria;Interseï¿½ï¿½o de Vias";Nï¿½o;0;0
2025-08-09;sï¿½bado;14:20:00;MG;40;SETE LAGOAS;Afundamento ou ondulaï¿½ï¿½o no pavimento;Tombamento;Com Vï¿½timas Feridas;Pleno dia;Cï¿½u Claro;Dupla;Reta;Nï¿½o;0;0
2025-08-09;sï¿½bado;13:45:00;SC;101;PALHOCA;Condutor Dormindo;Capotamento;Com Vï¿½timas Feridas;Pleno dia;Chuva;Dupla;"Reta;Aclive";Nï¿½o;0;0
2025-08-09;sï¿½bado;14:00:00;MG;40;RIBEIRAO DAS NEVES;Transitar no Acostamento;Colisï¿½o transversal;Com Vï¿½timas Feridas;Pleno dia;Cï¿½u Claro;Dupla;Reta;Sim;0;0
2025-08-09;sï¿½bado;11:00:00;RJ;356;CARDOSO MOREIRA;Demais falhas na via;Saï¿½da de leito carroï¿½ï¿½vel;Com Vï¿½timas Feridas;Pleno dia;Cï¿½u Claro;Simples;Curva;Nï¿½o;0;0
2025-08-09;sï¿½bado;13:55:00;BA;135;BARREIRAS;Acessar a via sem observar a presenï¿½a dos outros veï¿½culos;Colisï¿½o lateral mesmo sentido;Sem Vï¿½timas;Pleno dia;Cï¿½u Claro;Dupla;"Curva;Interseï¿½ï¿½o de Vias";Nï¿½o;0;0
2025-08-09;sï¿½bado;13:40:00;SC;101;SAO JOSE;Transitar na contramï¿½o;Colisï¿½o transversal;Com Vï¿½timas Feridas;Pleno dia;Chuva;Dupla;"Reta;Interseï¿½ï¿½o de Vias";Sim;0;0
2025-08-09;sï¿½bado;11:20:00;RJ;40;PETROPOLIS;Acumulo de ï¿½gua sobre o pavimento;Colisï¿½o com objeto;Com Vï¿½timas Feridas;Pleno dia;Chuva;Dupla;"Declive;Curva";Nï¿½o;0;0
2025-08-09;sï¿½bado;14:20:00;PB;230;SANTA RITA;Acessar a via sem observar a presenï¿½a dos outros veï¿½culos;Colisï¿½o lateral mesmo sentido;Com Vï¿½timas Feridas;Pleno dia;Cï¿½u Claro;Dupla;Interseï¿½ï¿½o de Vias;Sim;0;0
2025-08-09;sï¿½bado;12:20:00;PE;232;GRAVATA;Ausï¿½ncia de reaï¿½ï¿½o do condutor;Saï¿½da de leito carroï¿½ï¿½vel;Com Vï¿½timas Feridas;Pleno dia;Cï¿½u Claro;Dupla;Curva;Sim;0;0
2025-08-09;sï¿½bado;15:00:00;PE;101;ABREU E LIMA;Velocidade Incompatï¿½vel;Colisï¿½o traseira;Com Vï¿½timas Feridas;Pleno dia;Cï¿½u Claro;Dupla;Reta;Sim;0;0
2025-08-09;sï¿½bado;14:41:00;TO;10;PALMAS;Reaï¿½ï¿½o tardia ou ineficiente do condutor;Colisï¿½o traseira;Com Vï¿½timas Feridas;Pleno dia;Cï¿½u Claro;Mï¿½ltipla;Reta;Nï¿½o;0;0
2025-08-09;sï¿½bado;14:00:00;PR;376;JANDAIA DO SUL;Avarias e/ou desgaste excessivo no pneu;Saï¿½da de leito carroï¿½ï¿½vel;Sem Vï¿½timas;Pleno dia;Cï¿½u Claro;Simples;Curva;Sim;0;0
2025-08-09;sï¿½bado;15:25:00;PE;232;JABOATAO DOS GUARARAPES;Entrada inopinada do pedestre;Atropelamento de Pedestre;Com Vï¿½timas Feridas;Pleno dia;Cï¿½u Claro;Dupla;Reta;Nï¿½o;0;0
2025-08-09;sï¿½bado;14:30:00;DF;80;BRASILIA;Condutor Dormindo;Colisï¿½o frontal;Com Vï¿½timas Feridas;Pleno dia;Nublado;Simples;"Declive;Reta";Nï¿½o;0;0
2025-08-09;sï¿½bado;14:55:00;SP;381;ATIBAIA;Reaï¿½ï¿½o tardia ou ineficiente do condutor;Queda de ocupante de veï¿½culo;Com Vï¿½timas Feridas;Pleno dia;Sol;Dupla;Curva;Sim;0;0
2025-08-09;sï¿½bado;15:09:00;ES;101;SERRA;Acessar a via sem observar a presenï¿½a dos outros veï¿½culos;Colisï¿½o traseira;Com Vï¿½timas Feridas;Pleno dia;Sol;Dupla;"Interseï¿½ï¿½o de Vias;Reta;Aclive";Sim;0;0
2025-08-09;sï¿½bado;15:00:00;PE;101;RECIFE;Manobra de mudanï¿½a de faixa;Colisï¿½o lateral mesmo sentido;Com Vï¿½timas Feridas;Pleno dia;Cï¿½u Claro;Dupla;Reta;Sim;0;0
2025-08-09;sï¿½bado;15:30:00;MG;40;ESMERALDAS;Ausï¿½ncia de reaï¿½ï¿½o do condutor;Tombamento;Com Vï¿½timas Feridas;Pleno dia;Cï¿½u Claro;Dupla;"Declive;Curva";Sim;0;0
2025-08-09;sï¿½bado;15:30:00;SC;101;ITAPEMA;Ausï¿½ncia de reaï¿½ï¿½o do condutor;Queda de ocupante de veï¿½culo;Com Vï¿½timas Feridas;Pleno dia;Cï¿½u Claro;Dupla;Reta;Sim;0;0
2025-08-09;sï¿½bado;13:50:00;SC;470;CAMPOS NOVOS;Acessar a via sem observar a presenï¿½a dos outros veï¿½culos;Colisï¿½o frontal;Sem Vï¿½timas;Pleno dia;Cï¿½u Claro;Simples;Reta;Nï¿½o;0;0
2025-08-09;sï¿½bado;14:30:00;MG;381;BETIM;Condutor deixou de manter distï¿½ncia do veï¿½culo da frente;Colisï¿½o traseira;Com Vï¿½timas Feridas;Pleno dia;Cï¿½u Claro;Dupla;"Reta;Aclive";Sim;0;0
2025-07-25;sexta-feira;19:40:00;PR;369;LONDRINA;Reaï¿½ï¿½o tardia ou ineficiente do condutor;Colisï¿½o transversal;Com Vï¿½timas Feridas;Plena Noite;Cï¿½u Claro;Dupla;Reta;Nï¿½o;0;0