data_inversa;dia_semana;horario;uf;br;municipio;causa_acidente;tipo_acidente;classificacao_acidente;fase_dia;condicao_metereologica;tipo_pista;tracado_via;uso_solo;mortos;acidente_fatal
2025-08-17;domingo;16:50:00;SC;101;LAGUNA;Retorno proibido;Colisï¿½o transversal;Com Vï¿½timas Feridas;Pleno dia;Cï¿½u Claro;Simples;Curva;Nï¿½o;0;0
2025-08-17;domingo;16:40:00;TO;153;ARAGUAINA;Frear bruscamente;Engavetamento;Sem Vï¿½timas;Pleno dia;Cï¿½u Claro;Simples;Reta;Nï¿½o;0;0
2025-08-17;domingo;16:20:00;MS;60;SIDROLANDIA;Desrespeitar a preferï¿½ncia no cruzamento;Colisï¿½o transversal;Com Vï¿½timas Feridas;Pleno dia;Cï¿½u Claro;Dupla;Rotatï¿½ria;Nï¿½o;0;0
2025-08-17;domingo;16:20:00;RJ;40;PETROPOLIS;Conversï¿½o proibida;Colisï¿½o transversal;Com Vï¿½timas Feridas;Pleno dia;Cï¿½u Claro;Simples;Reta;Sim;0;0
2025-08-17;domingo;17:10:00;GO;60;ABADIANIA;Reaï¿½ï¿½o tardia ou ineficiente do condutor;Saï¿½da de leito carroï¿½ï¿½vel;Com Vï¿½timas Feridas;Pleno dia;Cï¿½u Claro;Dupla;"Declive;Reta";Nï¿½o;0;0
2025-08-17;domingo;17:36:00;GO;251;CRISTALINA;Demais falhas mecï¿½nicas ou elï¿½tricas;Incï¿½ndio;Sem Vï¿½timas;Pleno dia;Cï¿½u Claro;Simples;Reta;Nï¿½o;0;0
2025-08-17;domingo;17:30:00;MG;381;CAREACU;Velocidade Incompatï¿½vel;Colisï¿½o com objeto;Com Vï¿½timas Feridas;Anoitecer;Cï¿½u Claro;Dupla;"Reta;Retorno Regulamentado";Nï¿½o;0;0
2025-08-17;domingo;17:14:00;PR;277;CAMPO LARGO;Reaï¿½ï¿½o tardia ou ineficiente do condutor;Colisï¿½o traseira;Sem Vï¿½timas;Pleno dia;Cï¿½u Claro;Dupla;Reta;Nï¿½o;0;0
2025-08-17;domingo;11:30:00;RJ;40;PETROPOLIS;Velocidade Incompatï¿½vel;Tombamento;Com Vï¿½timas Feridas;Pleno dia;Cï¿½u Claro;Dupla;"Curva;Aclive";Sim;0;0
2025-08-17;domingo;17:35:00;PE;232;CARUARU;Ingestï¿½o de ï¿½lcool pelo condutor;Colisï¿½o traseira;Com Vï¿½timas Feridas;Anoitecer;Cï¿½u Claro;Dupla;Reta;Nï¿½o;0;0
2025-08-17;domingo;17:00:00;ES;101;ARACRUZ;Acessar a via sem observar a presenï¿½a dos outros veï¿½culos;Colisï¿½o transversal;Sem Vï¿½timas;Plena Noite;Cï¿½u Claro;Simples;Rotatï¿½ria;Sim;0;0
2025-08-17;domingo;16:50:00;PR;163;SANTA TEREZA DO OESTE;Transtornos Mentais (exceto suicidio);Saï¿½da de leito carroï¿½ï¿½vel;Com Vï¿½timas Feridas;Pleno dia;Cï¿½u Claro;Dupla;"Em Obras;Reta";Nï¿½o;0;0
2025-08-17;domingo;17:40:00;PB;104;QUEIMADAS;Manobra de mudanï¿½a de faixa;Colisï¿½o lateral sentido oposto;Com Vï¿½timas Feridas;Anoitecer;Nublado;Simples;Reta;Nï¿½o;0;0
2025-08-17;domingo;18:30:00;PE;232;SERRA TALHADA;Ausï¿½ncia de reaï¿½ï¿½o do condutor;Colisï¿½o traseira;Sem Vï¿½timas;Plena Noite;Cï¿½u Claro;Simples;Reta;Sim;0;0
2025-08-17;domingo;18:10:00;RJ;40;DUQUE DE CAXIAS;Avarias e/ou desgaste excessivo no pneu;Tombamento;Com Vï¿½timas Feridas;Anoitecer;Cï¿½u Claro;Mï¿½ltipla;Reta;Nï¿½o;0;0
2025-08-17;domingo;17:45:00;BA;367;EUNAPOLIS;Ingestï¿½o de ï¿½lcool pelo condutor;Saï¿½da de leito carroï¿½ï¿½vel;Com Vï¿½timas Feridas;Plena Noite;Nublado;Simples;Interseï¿½ï¿½o de Vias;Sim;0;0
2025-08-17;domingo;18:06:00;MS;60;PARAISO DAS AGUAS;Transitar na contramï¿½o;Colisï¿½o frontal;Com Vï¿½timas Feridas;Plena Noite;Cï¿½u Claro;Simples;Reta;Nï¿½o;0;0
2025-08-17;domingo;17:30:00;BA;324;SAO SEBASTIAO DO PASSE;Frear bruscamente;Engavetamento;Com Vï¿½timas Feridas;Anoitecer;Chuva;Dupla;Reta;Nï¿½o;0;0
2025-08-17;domingo;18:02:00;RN;101;NISIA FLORESTA;Estacionar ou parar em local proibido;Colisï¿½o traseira;Com Vï¿½timas Feridas;Plena Noite;Cï¿½u Claro;Dupla;Reta;Nï¿½o;0;0
2025-08-17;domingo;19:20:00;GO;153;PIRENOPOLIS;Ingestï¿½o de ï¿½lcool pelo condutor;Colisï¿½o transversal;Com Vï¿½timas Feridas;Plena Noite;Cï¿½u Claro;Simples;"Curva;Declive";Nï¿½o;0;0
2025-08-17;domingo;18:50:00;SC;101;ARARANGUA;Reaï¿½ï¿½o tardia ou ineficiente do condutor;Tombamento;Com Vï¿½timas Feridas;Plena Noite;Cï¿½u Claro;Simples;Reta;Sim;0;0
2025-08-17;domingo;19:30:00;RS;472;SANTO CRISTO;Ingestï¿½o de ï¿½lcool pelo condutor;Saï¿½da de leito carroï¿½ï¿½vel;Com Vï¿½timas Feridas;Plena Noite;Cï¿½u Claro;Simples;Reta;Nï¿½o;0;0
2025-08-17;domingo;12:23:00;RO;364;VILHENA;Ausï¿½ncia de reaï¿½ï¿½o do condutor;Colisï¿½o traseira;Sem Vï¿½timas;Pleno dia;Cï¿½u Claro;Dupla;Reta;Sim;0;0
2025-08-17;domingo;15:15:00;RR;174;BOA VISTA;Desrespeitar a preferï¿½ncia no cruzamento;Colisï¿½o transversal;Com Vï¿½timas Feridas;Pleno dia;Chuva;Simples;"Reta;Interseï¿½ï¿½o de Vias";Nï¿½o;0;0
2025-08-17;domingo;18:30:00;PA;230;MARABA;Reaï¿½ï¿½o tardia ou ineficiente do condutor;Atropelamento de Pedestre;Com Vï¿½timas Feridas;Anoitecer;Cï¿½u Claro;Dupla;Reta;Sim;0;0
2025-08-17;domingo;18:45:00;PR;476;CURITIBA;Ingestï¿½o de ï¿½lcool pelo condutor;Colisï¿½o traseira;Com Vï¿½timas Feridas;Anoitecer;Cï¿½u Claro;Dupla;Reta;Sim;0;0
2025-08-17;domingo;19:50:00;PR;116;MANDIRITUBA;Acessar a via sem observar a presenï¿½a dos outros veï¿½culos;Colisï¿½o transversal;Com Vï¿½timas Feridas;Plena Noite;Cï¿½u Claro;Simples;Reta;Nï¿½o;0;0
2025-08-17;domingo;18:30:00;PR;376;MARIALVA;Ingestï¿½o de ï¿½lcool pelo condutor;Engavetamento;Com Vï¿½timas Feridas;Anoitecer;Cï¿½u Claro;Dupla;"Retorno Regulamentado;Reta";Nï¿½o;0;0
2025-08-17;domingo;20:00:00;RJ;101;NITEROI;Ausï¿½ncia de reaï¿½ï¿½o do condutor;Tombamento;Com Vï¿½timas Feridas;Plena Noite;Cï¿½u Claro;Dupla;Curva;Sim;0;0
2025-08-17;domingo;18:45:00;AL;424;MARECHAL DEODORO;Velocidade Incompatï¿½vel;Saï¿½da de leito carroï¿½ï¿½vel;Com Vï¿½timas Fatais;Plena Noite;Cï¿½u Claro;Simples;Reta;Nï¿½o;3;1
2025-08-17;domingo;19:24:00;DF;20;BRASILIA;Ausï¿½ncia de reaï¿½ï¿½o do condutor;Colisï¿½o traseira;Com Vï¿½timas Feridas;Plena Noite;Cï¿½u Claro;Mï¿½ltipla;Reta;Nï¿½o;0;0
2025-08-17;domingo;20:05:00;RS;290;ELDORADO DO SUL;Reaï¿½ï¿½o tardia ou ineficiente do condutor;Atropelamento de Pedestre;Com Vï¿½timas Feridas;Plena Noite;Cï¿½u Claro;Dupla;Reta;Sim;0;0
2025-08-17;domingo;18:30:00;MA;135;CODO;Transitar na contramï¿½o;Colisï¿½o frontal;Com Vï¿½timas Feridas;Plena Noite;Cï¿½u Claro;Simples;Curva;Nï¿½o;0;0
2025-08-17;domingo;19:30:00;DF;20;BRASILIA;Manobra de mudanï¿½a de faixa;Colisï¿½o lateral mesmo sentido;Com Vï¿½timas Feridas;Plena Noite;Cï¿½u Claro;Dupla;Reta;Sim;0;0
2025-08-17;domingo;18:30:00;RJ;116;QUEIMADOS;Reaï¿½ï¿½o tardia ou ineficiente do condutor;Engavetamento;Com Vï¿½timas Feridas;Plena Noite;Cï¿½u Claro;Dupla;Reta;Sim;0;0
2025-08-17;domingo;20:20:00;RS;116;SAO LEOPOLDO;Entrada inopinada do pedestre;Atropelamento de Pedestre;Com Vï¿½timas Fatais;Plena Noite;Nublado;Dupla;"Aclive;Viaduto;Reta";Sim;1;1
2025-08-17;domingo;19:00:00;BA;116;VITORIA DA CONQUISTA;Reaï¿½ï¿½o tardia ou ineficiente do condutor;Colisï¿½o traseira;Com Vï¿½timas Feridas;Plena Noite;Cï¿½u Claro;Simples;Reta;Nï¿½o;0;0
2025-08-17;domingo;18:30:00;MT;70;CUIABA;Ausï¿½ncia de reaï¿½ï¿½o do condutor;Saï¿½da de leito carroï¿½ï¿½vel;Com Vï¿½timas Feridas;Plena Noite;Cï¿½u Claro;Simples;Reta;Nï¿½o;0;0
2025-08-01;sexta-feira;13:43:00;MT;163;SINOP;Reaï¿½ï¿½o tardia ou ineficiente do condutor;Queda de ocupante de veï¿½culo;Com Vï¿½timas Feridas;Pleno dia;Cï¿½u Claro;Simples;"Retorno Regulamentado;Desvio Temporï¿½rio;Em Obras";Sim;0;0
2025-08-17;domingo;20:30:00;DF;20;BRASILIA;Manobra de mudanï¿½a de faixa;Colisï¿½o lateral mesmo sentido;Com Vï¿½timas Feridas;Plena Noite;Cï¿½u Claro;Dupla;Reta;Sim;0;0
2025-08-17;domingo;20:00:00;MS;60;PARAISO DAS AGUAS;Falta de acostamento;Tombamento;Com Vï¿½timas Feridas;Plena Noite;Cï¿½u Claro;Simples;Reta;Nï¿½o;0;0
2025-08-17;domingo;20:30:00;PR;116;CURITIBA;Reaï¿½ï¿½o tardia ou ineficiente do condutor;Colisï¿½o com objeto;Sem Vï¿½timas;Plena Noite;Cï¿½u Claro;Dupla;Reta;Sim;0;0
2025-08-17;domingo;18:45:00;SP;116;CACAPAVA;Trafegar com motocicleta (ou similar) entre as faixas;Colisï¿½o traseira;Com Vï¿½timas Feridas;Plena Noite;Cï¿½u Claro;Dupla;Reta;Sim;0;0
2025-08-17;domingo;21:00:00;MG;459;CONGONHAL;Ausï¿½ncia de reaï¿½ï¿½o do condutor;Colisï¿½o com objeto;Sem Vï¿½timas;Plena Noite;Cï¿½u Claro;Simples;Reta;Sim;0;0
2025-08-17;domingo;21:00:00;SC;470;INDAIAL;Ingestï¿½o de ï¿½lcool pelo condutor;Colisï¿½o frontal;Com Vï¿½timas Feridas;Plena Noite;Cï¿½u Claro;Simples;Reta;Nï¿½o;0;0
2025-08-17;domingo;19:20:00;SC;116;MAFRA;Acessar a via sem observar a presenï¿½a dos outros veï¿½culos;Colisï¿½o transversal;Com Vï¿½timas Feridas;Plena Noite;Cï¿½u Claro;Simples;Interseï¿½ï¿½o de Vias;Sim;0;0
2025-08-17;domingo;20:58:00;CE;116;RUSSAS;Ausï¿½ncia de reaï¿½ï¿½o do condutor;Queda de ocupante de veï¿½culo;Com Vï¿½timas Feridas;Plena Noite;Cï¿½u Claro;Simples;"Curva;Declive";Nï¿½o;0;0
2025-08-17;domingo;20:00:00;SE;235;CARIRA;Acessar a via sem observar a presenï¿½a dos outros veï¿½culos;Colisï¿½o transversal;Sem Vï¿½timas;Plena Noite;Cï¿½u Claro;Simples;Reta;Sim;0;0
2025-08-17;domingo;20:51:00;MS;262;TERENOS;Avarias e/ou desgaste excessivo no pneu;Tombamento;Com Vï¿½timas Feridas;Plena Noite;Cï¿½u Claro;Simples;Curva;Nï¿½o;0;0
2025-08-17;domingo;20:30:00;RO;364;PORTO VELHO;Transitar na contramï¿½o;Colisï¿½o frontal;Com Vï¿½timas Feridas;Plena Noite;Cï¿½u Claro;Simples;"Viaduto;Curva";Nï¿½o;0;0
2025-08-17;domingo;21:20:00;SP;153;LINS;Pista esburacada;Queda de ocupante de veï¿½culo;Com Vï¿½timas Feridas;Plena Noite;Cï¿½u Claro;Simples;Reta;Nï¿½o;0;0
2025-08-17;domingo;19:30:00;BA;420;JAGUAQUARA;Transitar na contramï¿½o;Colisï¿½o frontal;Com Vï¿½timas Feridas;Plena Noite;Cï¿½u Claro;Simples;"Declive;Curva";Nï¿½o;0;0
2025-08-17;domingo;17:40:00;RS;285;SAO LUIZ GONZAGA;Acessar a via sem observar a presenï¿½a dos outros veï¿½culos;Colisï¿½o frontal;Com Vï¿½timas Feridas;Pleno dia;Cï¿½u Claro;Simples;Reta;Sim;0;0
2025-08-17;domingo;15:50:00;RS;470;GARIBALDI;Ausï¿½ncia de reaï¿½ï¿½o do condutor;Atropelamento de Pedestre;Com Vï¿½timas Feridas;Pleno dia;Cï¿½u Claro;Simples;Desvio Temporï¿½rio;Nï¿½o;0;0
2025-08-17;domingo;21:45:00;RS;472;TRES DE MAIO;Pedestre andava na pista;Atropelamento de Pedestre;Com Vï¿½timas Fatais;Plena Noite;Cï¿½u Claro;Simples;Curva;Nï¿½o;1;1
2025-08-17;domingo;21:25:00;RJ;101;SAO GONCALO;Demais falhas mecï¿½nicas ou elï¿½tricas;Tombamento;Com Vï¿½timas Feridas;Plena Noite;Cï¿½u Claro;Dupla;Reta;Sim;0;0
2025-08-17;domingo;19:40:00;RJ;101;ANGRA DOS REIS;Ausï¿½ncia de reaï¿½ï¿½o do condutor;Colisï¿½o lateral mesmo sentido;Com Vï¿½timas Feridas;Plena Noite;Cï¿½u Claro;Simples;Curva;Nï¿½o;0;0
2025-08-17;domingo;19:30:00;SC;280;SAO FRANCISCO DO SUL;Animais na Pista;Atropelamento de Animal;Com Vï¿½timas Feridas;Plena Noite;Nublado;Simples;Reta;Sim;0;0
2025-08-17;domingo;22:30:00;GO;40;VALPARAISO DE GOIAS;Ausï¿½ncia de reaï¿½ï¿½o do condutor;Colisï¿½o traseira;Sem Vï¿½timas;Plena Noite;Cï¿½u Claro;Dupla;Reta;Sim;0;0
2025-08-17;domingo;20:32:00;SC;101;SAO JOSE;Ingestï¿½o de ï¿½lcool pelo condutor;Colisï¿½o transversal;Com Vï¿½timas Feridas;Plena Noite;Cï¿½u Claro;Mï¿½ltipla;Curva;Sim;0;0
2025-08-17;domingo;18:30:00;PI;316;PICOS;Transitar na contramï¿½o;Colisï¿½o frontal;Com Vï¿½timas Feridas;Plena Noite;Cï¿½u Claro;Simples;"Aclive;Reta";Sim;0;0
2025-08-17;domingo;19:50:00;RO;364;JARU;Reaï¿½ï¿½o tardia ou ineficiente do condutor;Queda de ocupante de veï¿½culo;Com Vï¿½timas Feridas;Plena Noite;Cï¿½u Claro;Simples;Reta;Sim;0;0
2025-08-17;domingo;18:40:00;SC;282;IRACEMINHA;Transitar na contramï¿½o;Colisï¿½o frontal;Com Vï¿½timas Fatais;Plena Noite;Cï¿½u Claro;Simples;"Declive;Curva";Nï¿½o;1;1
2025-08-17;domingo;19:00:00;SC;470;TROMBUDO CENTRAL;Velocidade Incompatï¿½vel;Saï¿½da de leito carroï¿½ï¿½vel;Com Vï¿½timas Feridas;Plena Noite;Garoa/Chuvisco;Simples;Reta;Nï¿½o;0;0
2025-08-17;domingo;23:05:00;RJ;116;NOVA IGUACU;Sinalizaï¿½ï¿½o mal posicionada;Colisï¿½o traseira;Com Vï¿½timas Feridas;Plena Noite;Cï¿½u Claro;Mï¿½ltipla;Reta;Sim;0;0
2025-08-17;domingo;20:15:00;BA;330;UBAITABA;Ausï¿½ncia de reaï¿½ï¿½o do condutor;Saï¿½da de leito carroï¿½ï¿½vel;Com Vï¿½timas Feridas;Plena Noite;Cï¿½u Claro;Simples;Interseï¿½ï¿½o de Vias;Nï¿½o;0;0
2025-08-17;domingo;22:20:00;PB;101;BAYEUX;Reaï¿½ï¿½o tardia ou ineficiente do condutor;Queda de ocupante de veï¿½culo;Com Vï¿½timas Feridas;Plena Noite;Cï¿½u Claro;Dupla;Reta;Sim;0;0
2025-08-17;domingo;22:30:00;GO;414;COCALZINHO DE GOIAS;Ingestï¿½o de ï¿½lcool pelo condutor;Saï¿½da de leito carroï¿½ï¿½vel;Com Vï¿½timas Feridas;Plena Noite;Ignorado;Dupla;Interseï¿½ï¿½o de Vias;Nï¿½o;0;0
2025-08-17;domingo;22:35:00;PR;277;SAO JOSE DOS PINHAIS;Velocidade Incompatï¿½vel;Colisï¿½o traseira;Com Vï¿½timas Feridas;Plena Noite;Cï¿½u Claro;Dupla;Reta;Nï¿½o;0;0
2025-08-17;domingo;23:15:00;SE;101;SAO CRISTOVAO;Ausï¿½ncia de reaï¿½ï¿½o do condutor;Queda de ocupante de veï¿½culo;Com Vï¿½timas Feridas;Plena Noite;Cï¿½u Claro;Dupla;Reta;Nï¿½o;0;0
2025-08-17;domingo;21:00:00;MA;316;CAXIAS;Desrespeitar a preferï¿½ncia no cruzamento;Colisï¿½o transversal;Com Vï¿½timas Feridas;Plena Noite;Cï¿½u Claro;Simples;"Retorno Regulamentado;Interseï¿½ï¿½o de Vias";Nï¿½o;0;0
2025-08-17;domingo;22:45:00;GO;60;GOIANIA;Ausï¿½ncia de reaï¿½ï¿½o do condutor;Colisï¿½o com objeto;Com Vï¿½timas Feridas;Plena Noite;Cï¿½u Claro;Simples;Reta;Sim;0;0
2025-08-17;domingo;22:05:00;MG;459;POUSO ALEGRE;Ingestï¿½o de ï¿½lcool pelo condutor;Colisï¿½o lateral sentido oposto;Com Vï¿½timas Feridas;Plena Noite;Cï¿½u Claro;Simples;"Aclive;Curva";Nï¿½o;0;0
2025-08-17;domingo;22:20:00;MT;364;RONDONOPOLIS;Ausï¿½ncia de reaï¿½ï¿½o do condutor;Queda de ocupante de veï¿½culo;Com Vï¿½timas Feridas;Pleno dia;Cï¿½u Claro;Dupla;Reta;Sim;0;0
2025-08-17;domingo;20:37:00;CE;20;CAUCAIA;Acesso irregular;Colisï¿½o frontal;Com Vï¿½timas Feridas;Plena Noite;Cï¿½u Claro;Simples;Reta;Sim;0;0
2025-08-18;segunda-feira;00:03:00;RS;116;SAO LEOPOLDO;Velocidade Incompatï¿½vel;Saï¿½da de leito carroï¿½ï¿½vel;Com Vï¿½timas Fatais;Plena Noite;Nublado;Mï¿½ltipla;Curva;Sim;1;1
2025-08-17;domingo;17:10:00;SC;280;GUARAMIRIM;Condutor Dormindo;Saï¿½da de leito carroï¿½ï¿½vel;Com Vï¿½timas Feridas;Pleno dia;Cï¿½u Claro;Dupla;"Reta;Em Obras";Nï¿½o;0;0
2025-08-18;segunda-feira;00:00:00;RS;290;GRAVATAI;Reaï¿½ï¿½o tardia ou ineficiente do condutor;Saï¿½da de leito carroï¿½ï¿½vel;Sem Vï¿½timas;Plena Noite;Cï¿½u Claro;Mï¿½ltipla;Reta;Nï¿½o;0;0
2025-08-17;domingo;23:30:00;RJ;101;RIO DE JANEIRO;Ausï¿½ncia de reaï¿½ï¿½o do condutor;Colisï¿½o traseira;Com Vï¿½timas Fatais;Plena Noite;Cï¿½u Claro;Mï¿½ltipla;"Aclive;Reta";Nï¿½o;1;1
2025-08-18;segunda-feira;00:20:00;SP;116;JACAREI;Ingestï¿½o de ï¿½lcool pelo condutor;Colisï¿½o traseira;Sem Vï¿½timas;Plena Noite;Cï¿½u Claro;Dupla;Reta;Nï¿½o;0;0
2025-08-17;domingo;23:00:00;MT;163;DIAMANTINO;Ingestï¿½o de ï¿½lcool pelo condutor;Saï¿½da de leito carroï¿½ï¿½vel;Sem Vï¿½timas;Plena Noite;Cï¿½u Claro;Dupla;Reta;Nï¿½o;0;0
2025-08-17;domingo;20:20:00;RO;364;PORTO VELHO;Ausï¿½ncia de reaï¿½ï¿½o do condutor;Colisï¿½o traseira;Sem Vï¿½timas;Plena Noite;Cï¿½u Claro;Simples;Reta;Nï¿½o;0;0
2025-08-18;segunda-feira;00:10:00;MG;40;BARBACENA;Velocidade Incompatï¿½vel;Colisï¿½o transversal;Com Vï¿½timas Feridas;Plena Noite;Cï¿½u Claro;Simples;"Curva;Interseï¿½ï¿½o de Vias";Sim;0;0
2025-08-18;segunda-feira;01:30:00;MG;262;NOVA SERRANA;Ausï¿½ncia de reaï¿½ï¿½o do condutor;Queda de ocupante de veï¿½culo;Com Vï¿½timas Feridas;Plena Noite;Cï¿½u Claro;Dupla;Reta;Sim;0;0
2025-08-18;segunda-feira;02:03:00;SC;470;GASPAR;Ingestï¿½o de ï¿½lcool pelo condutor;Saï¿½da de leito carroï¿½ï¿½vel;Com Vï¿½timas Feridas;Plena Noite;Cï¿½u Claro;Dupla;Reta;Nï¿½o;0;0
2025-08-17;domingo;23:58:00;GO;40;CRISTALINA;Ingestï¿½o de ï¿½lcool pelo condutor;Saï¿½da de leito carroï¿½ï¿½vel;Sem Vï¿½timas;Plena Noite;Cï¿½u Claro;Dupla;Reta;Nï¿½o;0;0
2025-08-18;segunda-feira;03:00:00;GO;60;ALEXANIA;Animais na Pista;Atropelamento de Animal;Sem Vï¿½timas;Plena Noite;Cï¿½u Claro;Dupla;Reta;Nï¿½o;0;0
2025-08-17;domingo;23:40:00;BA;101;IBIRAPITANGA;Ausï¿½ncia de reaï¿½ï¿½o do condutor;Saï¿½da de leito carroï¿½ï¿½vel;Com Vï¿½timas Fatais;Plena Noite;Cï¿½u Claro;Simples;Reta;Nï¿½o;1;1
2025-07-25;sexta-feira;16:15:00;PE;408;SAO LOURENCO DA MATA;Demais falhas mecï¿½nicas ou elï¿½tricas;Tombamento;Com Vï¿½timas Feridas;Pleno dia;Ignorado;Dupla;Reta;Sim;0;0
2025-08-18;segunda-feira;04:30:00;PR;277;SAO MIGUEL DO IGUACU;Transitar na contramï¿½o;Colisï¿½o frontal;Sem Vï¿½timas;Plena Noite;Cï¿½u Claro;Dupla;Reta;Nï¿½o;0;0
2025-08-18;segunda-feira;06:35:00;SC;282;NOVA ERECHIM;Desrespeitar a preferï¿½ncia no cruzamento;Colisï¿½o transversal;Com Vï¿½timas Feridas;Amanhecer;Cï¿½u Claro;Simples;Interseï¿½ï¿½o de Vias;Sim;0;0
2025-08-18;segunda-feira;06:05:00;MG;40;CONTAGEM;Acessar a via sem observar a presenï¿½a dos outros veï¿½culos;Colisï¿½o lateral mesmo sentido;Com Vï¿½timas Feridas;Amanhecer;Cï¿½u Claro;Dupla;Curva;Sim;0;0
2025-08-18;segunda-feira;08:00:00;DF;20;BRASILIA;Condutor deixou de manter distï¿½ncia do veï¿½culo da frente;Colisï¿½o lateral mesmo sentido;Com Vï¿½timas Feridas;Pleno dia;Cï¿½u Claro;Dupla;"Aclive;Reta";Sim;0;0
2025-08-18;segunda-feira;08:00:00;DF;70;BRASILIA;Manobra de mudanï¿½a de faixa;Colisï¿½o lateral mesmo sentido;Com Vï¿½timas Feridas;Pleno dia;Chuva;Dupla;Reta;Sim;0;0
2025-08-18;segunda-feira;07:00:00;SC;101;JOINVILLE;Manobra de mudanï¿½a de faixa;Colisï¿½o lateral mesmo sentido;Com Vï¿½timas Feridas;Pleno dia;Nublado;Dupla;Reta;Sim;0;0
2025-08-18;segunda-feira;06:30:00;PB;101;BAYEUX;Reaï¿½ï¿½o tardia ou ineficiente do condutor;Colisï¿½o traseira;Com Vï¿½timas Feridas;Pleno dia;Cï¿½u Claro;Dupla;Reta;Sim;0;0
2025-08-18;segunda-feira;02:50:00;PR;277;CURITIBA;Ausï¿½ncia de reaï¿½ï¿½o do condutor;Saï¿½da de leito carroï¿½ï¿½vel;Com Vï¿½timas Feridas;Plena Noite;Cï¿½u Claro;Dupla;Reta;Nï¿½o;0;0
2025-08-17;domingo;23:35:00;RJ;40;DUQUE DE CAXIAS;Reaï¿½ï¿½o tardia ou ineficiente do condutor;Capotamento;Com Vï¿½timas Feridas;Plena Noite;Nublado;Dupla;Reta;Sim;0;0
2025-08-18;segunda-feira;06:50:00;SE;101;SAO CRISTOVAO;Afundamento ou ondulaï¿½ï¿½o no pavimento;Tombamento;Com Vï¿½timas Feridas;Pleno dia;Chuva;Dupla;"Em Obras;Reta";Nï¿½o;0;0
2025-08-18;segunda-feira;07:50:00;MG;381;BETIM;Reaï¿½ï¿½o tardia ou ineficiente do condutor;Colisï¿½o traseira;Com Vï¿½timas Feridas;Pleno dia;Sol;Dupla;"Aclive;Reta";Sim;0;0
2025-08-18;segunda-feira;08:20:00;PR;277;MORRETES;Desrespeitar a preferï¿½ncia no cruzamento;Colisï¿½o transversal;Com Vï¿½timas Feridas;Pleno dia;Cï¿½u Claro;Dupla;"Aclive;Retorno Regulamentado;Reta";Nï¿½o;0;0
2025-08-18;segunda-feira;08:30:00;SE;101;ESTANCIA;Reaï¿½ï¿½o tardia ou ineficiente do condutor;Colisï¿½o transversal;Com Vï¿½timas Feridas;Pleno dia;Chuva;Simples;Reta;Sim;0;0
2025-08-18;segunda-feira;06:30:00;PR;376;CURITIBA;Condutor deixou de manter distï¿½ncia do veï¿½culo da frente;Engavetamento;Sem Vï¿½timas;Amanhecer;Cï¿½u Claro;Dupla;"Curva;Declive";Sim;0;0
2025-08-18;segunda-feira;07:45:00;RS;392;CANGUCU;Ausï¿½ncia de reaï¿½ï¿½o do condutor;Colisï¿½o transversal;Com Vï¿½timas Feridas;Pleno dia;Cï¿½u Claro;Simples;Reta;Nï¿½o;0;0
2025-08-17;domingo;18:00:00;PA;316;SAO FRANCISCO DO PARA;Ingestï¿½o de ï¿½lcool pelo condutor;Saï¿½da de leito carroï¿½ï¿½vel;Sem Vï¿½timas;Anoitecer;Cï¿½u Claro;Simples;Reta;Nï¿½o;0;0
2025-08-18;segunda-feira;08:50:00;PE;104;CARUARU;Acesso irregular;Colisï¿½o lateral mesmo sentido;Com Vï¿½timas Feridas;Pleno dia;Cï¿½u Claro;Dupla;Reta;Nï¿½o;0;0
2025-08-17;domingo;21:40:00;MG;40;TRES MARIAS;Velocidade Incompatï¿½vel;Colisï¿½o traseira;Com Vï¿½timas Feridas;Plena Noite;Cï¿½u Claro;Simples;Reta;Nï¿½o;0;0
2025-08-18;segunda-feira;07:00:00;MG;381;SABARA;Ausï¿½ncia de reaï¿½ï¿½o do condutor;Colisï¿½o transversal;Com Vï¿½timas Feridas;Pleno dia;Cï¿½u Claro;Simples;Reta;Nï¿½o;0;0
2025-08-18;segunda-feira;08:43:00;SC;101;BALNEARIO CAMBORIU;Trafegar com motocicleta (ou similar) entre as faixas;Colisï¿½o lateral mesmo sentido;Sem Vï¿½timas;Pleno dia;Cï¿½u Claro;Mï¿½ltipla;Reta;Nï¿½o;0;0
2025-08-18;segunda-feira;08:00:00;DF;70;BRASILIA;Pedestre cruzava a pista fora da faixa;Atropelamento de Pedestre;Com Vï¿½timas Feridas;Pleno dia;Cï¿½u Claro;Dupla;Reta;Sim;0;0
2025-08-18;segunda-feira;07:30:00;PR;116;CURITIBA;Ingestï¿½o de ï¿½lcool pelo condutor;Colisï¿½o lateral mesmo sentido;Com Vï¿½timas Feridas;Pleno dia;Cï¿½u Claro;Dupla;"Reta;Declive";Sim;0;0
2025-08-18;segunda-feira;07:40:00;SC;101;SAO JOSE;Reaï¿½ï¿½o tardia ou ineficiente do condutor;Colisï¿½o traseira;Com Vï¿½timas Feridas;Pleno dia;Cï¿½u Claro;Mï¿½ltipla;Reta;Sim;0;0
2025-08-18;segunda-feira;09:30:00;SC;101;CAMBORIU;Trafegar com motocicleta (ou similar) entre as faixas;Colisï¿½o lateral mesmo sentido;Com Vï¿½timas Feridas;Pleno dia;Cï¿½u Claro;Dupla;Reta;Nï¿½o;0;0
2025-08-18;segunda-feira;06:20:00;PI;316;PICOS;Pedestre andava na pista;Atropelamento de Pedestre;Com Vï¿½timas Fatais;Pleno dia;Cï¿½u Claro;Dupla;Curva;Sim;1;1