data_inversa;dia_semana;horario;uf;br;municipio;causa_acidente;tipo_acidente;classificacao_acidente;fase_dia;condicao_metereologica;tipo_pista;tracado_via;uso_solo;mortos;acidente_fatal
2025-08-24;domingo;14:20:00;MG;381;PERDOES;Reaï¿½ï¿½o tardia ou ineficiente do condutor;Saï¿½da de leito carroï¿½ï¿½vel;Com Vï¿½timas Feridas;Pleno dia;Cï¿½u Claro;Dupla;"Reta;Declive";Nï¿½o;0;0
2025-08-24;domingo;15:20:00;BA;324;CANDEIAS;Ingestï¿½o de ï¿½lcool pelo condutor;Colisï¿½o com objeto;Sem Vï¿½timas;Pleno dia;Sol;Dupla;Curva;Sim;0;0
2025-08-24;domingo;14:00:00;CE;230;LAVRAS DA MANGABEIRA;Transitar na contramï¿½o;Colisï¿½o frontal;Com Vï¿½timas Feridas;Pleno dia;Cï¿½u Claro;Simples;"Aclive;Reta";Sim;0;0
2025-08-24;domingo;15:00:00;PR;116;CAMPINA GRANDE DO SUL;Chuva;Saï¿½da de leito carroï¿½ï¿½vel;Com Vï¿½timas Feridas;Pleno dia;Chuva;Dupla;"Declive;Curva";Nï¿½o;0;0
2025-08-24;domingo;10:00:00;RO;364;JARU;Condutor Dormindo;Saï¿½da de leito carroï¿½ï¿½vel;Sem Vï¿½timas;Pleno dia;Sol;Simples;Reta;Sim;0;0
2025-08-24;domingo;09:54:00;RO;364;OURO PRETO DO OESTE;Reaï¿½ï¿½o tardia ou ineficiente do condutor;Colisï¿½o traseira;Com Vï¿½timas Feridas;Pleno dia;Cï¿½u Claro;Simples;"Aclive;Curva";Nï¿½o;0;0
2025-08-24;domingo;15:40:00;PE;101;IGARASSU;Manobra de mudanï¿½a de faixa;Colisï¿½o traseira;Com Vï¿½timas Feridas;Pleno dia;Cï¿½u Claro;Mï¿½ltipla;Reta;Sim;0;0
2025-08-24;domingo;15:30:00;PR;116;ANTONINA;Ausï¿½ncia de reaï¿½ï¿½o do condutor;Capotamento;Com Vï¿½timas Feridas;Pleno dia;Chuva;Dupla;Curva;Nï¿½o;0;0
2025-08-24;domingo;16:15:00;MG;381;JAGUARACU;Reaï¿½ï¿½o tardia ou ineficiente do condutor;Colisï¿½o traseira;Com Vï¿½timas Feridas;Pleno dia;Nublado;Simples;Reta;Nï¿½o;0;0
2025-08-24;domingo;17:00:00;RJ;101;ANGRA DOS REIS;Condutor deixou de manter distï¿½ncia do veï¿½culo da frente;Colisï¿½o lateral mesmo sentido;Com Vï¿½timas Feridas;Pleno dia;Garoa/Chuvisco;Simples;Reta;Sim;0;0
2025-08-24;domingo;16:29:00;MG;381;JOAO MONLEVADE;Demais falhas mecï¿½nicas ou elï¿½tricas;Colisï¿½o lateral mesmo sentido;Com Vï¿½timas Feridas;Pleno dia;Cï¿½u Claro;Simples;Reta;Nï¿½o;0;0
2025-08-24;domingo;17:04:00;ES;101;LINHARES;Transitar no Acostamento;Colisï¿½o lateral mesmo sentido;Com Vï¿½timas Feridas;Pleno dia;Cï¿½u Claro;Simples;"Aclive;Reta";Nï¿½o;0;0
2025-08-24;domingo;13:30:00;SC;280;SAO BENTO DO SUL;Reaï¿½ï¿½o tardia ou ineficiente do condutor;Saï¿½da de leito carroï¿½ï¿½vel;Com Vï¿½timas Feridas;Pleno dia;Chuva;Simples;Curva;Nï¿½o;0;0
2025-08-24;domingo;16:30:00;MT;70;BARRA DO GARCAS;Ingestï¿½o de ï¿½lcool pelo condutor;Queda de ocupante de veï¿½culo;Com Vï¿½timas Feridas;Pleno dia;Cï¿½u Claro;Simples;Reta;Nï¿½o;0;0
2025-08-24;domingo;15:11:00;RS;290;PANTANO GRANDE;Reaï¿½ï¿½o tardia ou ineficiente do condutor;Saï¿½da de leito carroï¿½ï¿½vel;Com Vï¿½timas Feridas;Pleno dia;Cï¿½u Claro;Simples;Reta;Nï¿½o;0;0
2025-08-24;domingo;17:30:00;DF;70;BRASILIA;Ausï¿½ncia de reaï¿½ï¿½o do condutor;Colisï¿½o lateral mesmo sentido;Com Vï¿½timas Feridas;Anoitecer;Cï¿½u Claro;Dupla;"Curva;Aclive";Sim;0;0
2025-08-24;domingo;16:44:00;RO;319;PORTO VELHO;Condutor deixou de manter distï¿½ncia do veï¿½culo da frente;Colisï¿½o lateral mesmo sentido;Com Vï¿½timas Feridas;Pleno dia;Cï¿½u Claro;Mï¿½ltipla;Reta;Sim;0;0
2025-08-24;domingo;16:30:00;MG;262;LUZ;Velocidade Incompatï¿½vel;Saï¿½da de leito carroï¿½ï¿½vel;Com Vï¿½timas Feridas;Pleno dia;Sol;Simples;"Aclive;Curva";Nï¿½o;0;0
2025-08-24;domingo;17:45:00;CE;116;FORTALEZA;Animais na Pista;Atropelamento de Animal;Com Vï¿½timas Feridas;Anoitecer;Cï¿½u Claro;Dupla;"Reta;Declive";Sim;0;0
2025-08-24;domingo;17:00:00;SC;282;LAGES;Avarias e/ou desgaste excessivo no pneu;Colisï¿½o frontal;Com Vï¿½timas Feridas;Pleno dia;Chuva;Simples;"Aclive;Curva";Nï¿½o;0;0
2025-08-24;domingo;15:40:00;BA;101;CONCEICAO DO ALMEIDA;Reaï¿½ï¿½o tardia ou ineficiente do condutor;Colisï¿½o transversal;Sem Vï¿½timas;Pleno dia;Cï¿½u Claro;Simples;"Declive;Reta";Nï¿½o;0;0
2025-08-24;domingo;16:50:00;PB;230;CAJAZEIRAS;Ausï¿½ncia de reaï¿½ï¿½o do condutor;Colisï¿½o com objeto;Sem Vï¿½timas;Pleno dia;Cï¿½u Claro;Simples;"Reta;Ponte";Sim;0;0
2025-08-24;domingo;15:33:00;PE;428;CABROBO;Manobra de mudanï¿½a de faixa;Colisï¿½o frontal;Com Vï¿½timas Fatais;Pleno dia;Cï¿½u Claro;Simples;"Reta;Aclive";Nï¿½o;1;1
2025-08-24;domingo;17:40:00;PB;361;PATOS;Transitar na contramï¿½o;Colisï¿½o frontal;Com Vï¿½timas Fatais;Anoitecer;Cï¿½u Claro;Simples;Reta;Sim;1;1
2025-08-24;domingo;16:50:00;RS;116;CAXIAS DO SUL;Ausï¿½ncia de reaï¿½ï¿½o do condutor;Atropelamento de Pedestre;Com Vï¿½timas Feridas;Pleno dia;Garoa/Chuvisco;Dupla;Curva;Sim;0;0
2025-08-24;domingo;17:00:00;PR;376;NOVA LONDRINA;Ausï¿½ncia de reaï¿½ï¿½o do condutor;Colisï¿½o lateral sentido oposto;Sem Vï¿½timas;Anoitecer;Nublado;Simples;Reta;Nï¿½o;0;0
2025-08-24;domingo;18:00:00;BA;101;ITACARE;Manobra de mudanï¿½a de faixa;Colisï¿½o frontal;Com Vï¿½timas Feridas;Plena Noite;Garoa/Chuvisco;Simples;Curva;Nï¿½o;0;0
2025-08-24;domingo;18:00:00;GO;60;ANAPOLIS;Acessar a via sem observar a presenï¿½a dos outros veï¿½culos;Colisï¿½o transversal;Com Vï¿½timas Feridas;Anoitecer;Cï¿½u Claro;Dupla;"Retorno Regulamentado;Reta";Sim;0;0
2025-08-24;domingo;18:05:00;PE;101;ITAPISSUMA;Reaï¿½ï¿½o tardia ou ineficiente do condutor;Saï¿½da de leito carroï¿½ï¿½vel;Com Vï¿½timas Feridas;Plena Noite;Cï¿½u Claro;Dupla;"Curva;Declive";Nï¿½o;0;0
2025-08-24;domingo;18:00:00;SC;101;SAO JOSE;Pista Escorregadia;Colisï¿½o com objeto;Sem Vï¿½timas;Plena Noite;Chuva;Mï¿½ltipla;Reta;Sim;0;0
2025-08-24;domingo;18:00:00;RJ;356;CAMPOS DOS GOYTACAZES;Transitar na contramï¿½o;Colisï¿½o frontal;Com Vï¿½timas Feridas;Plena Noite;Cï¿½u Claro;Simples;Reta;Sim;0;0
2025-08-24;domingo;15:19:00;BA;235;CURACA;Animais na Pista;Colisï¿½o frontal;Com Vï¿½timas Feridas;Pleno dia;Cï¿½u Claro;Simples;Reta;Nï¿½o;0;0
2025-08-24;domingo;17:05:00;GO;70;ARAGARCAS;Acessar a via sem observar a presenï¿½a dos outros veï¿½culos;Colisï¿½o transversal;Com Vï¿½timas Feridas;Pleno dia;Cï¿½u Claro;Dupla;Reta;Sim;0;0
2025-08-24;domingo;17:00:00;SC;116;MONTE CASTELO;Chuva;Saï¿½da de leito carroï¿½ï¿½vel;Sem Vï¿½timas;Anoitecer;Chuva;Simples;Reta;Nï¿½o;0;0
2025-08-24;domingo;18:00:00;PI;343;PARNAIBA;Conversï¿½o proibida;Colisï¿½o lateral mesmo sentido;Com Vï¿½timas Feridas;Anoitecer;Cï¿½u Claro;Simples;Reta;Sim;0;0
2025-08-24;domingo;18:30:00;CE;116;LIMOEIRO DO NORTE;Demais falhas mecï¿½nicas ou elï¿½tricas;Queda de ocupante de veï¿½culo;Com Vï¿½timas Feridas;Plena Noite;Cï¿½u Claro;Simples;Reta;Sim;0;0
2025-08-24;domingo;18:00:00;MA;135;SAO LUIS;Reaï¿½ï¿½o tardia ou ineficiente do condutor;Colisï¿½o traseira;Com Vï¿½timas Feridas;Anoitecer;Cï¿½u Claro;Dupla;Reta;Sim;0;0
2025-08-24;domingo;16:10:00;RO;174;VILHENA;Desrespeitar a preferï¿½ncia no cruzamento;Colisï¿½o transversal;Com Vï¿½timas Feridas;Pleno dia;Cï¿½u Claro;Simples;"Interseï¿½ï¿½o de Vias;Reta";Sim;0;0
2025-08-24;domingo;19:25:00;RS;116;PELOTAS;Demais falhas mecï¿½nicas ou elï¿½tricas;Queda de ocupante de veï¿½culo;Com Vï¿½timas Feridas;Plena Noite;Cï¿½u Claro;Dupla;Reta;Nï¿½o;0;0
2025-08-24;domingo;18:30:00;CE;222;SOBRAL;Reaï¿½ï¿½o tardia ou ineficiente do condutor;Tombamento;Com Vï¿½timas Feridas;Plena Noite;Cï¿½u Claro;Simples;"Aclive;Reta";Nï¿½o;0;0
2025-08-24;domingo;19:30:00;PR;116;CURITIBA;Reaï¿½ï¿½o tardia ou ineficiente do condutor;Tombamento;Com Vï¿½timas Feridas;Plena Noite;Garoa/Chuvisco;Dupla;Reta;Sim;0;0
2025-08-24;domingo;19:25:00;PR;369;IBIPORA;Animais na Pista;Atropelamento de Animal;Com Vï¿½timas Feridas;Plena Noite;Cï¿½u Claro;Dupla;"Reta;Aclive";Nï¿½o;0;0
2025-08-24;domingo;17:15:00;RS;116;JAGUARAO;Reaï¿½ï¿½o tardia ou ineficiente do condutor;Saï¿½da de leito carroï¿½ï¿½vel;Com Vï¿½timas Feridas;Plena Noite;Cï¿½u Claro;Simples;Reta;Nï¿½o;0;0
2025-08-24;domingo;19:15:00;GO;60;ABADIA DE GOIAS;Ingestï¿½o de ï¿½lcool pelo condutor;Colisï¿½o traseira;Sem Vï¿½timas;Plena Noite;Cï¿½u Claro;Dupla;"Aclive;Reta";Nï¿½o;0;0
2025-08-24;domingo;19:00:00;SP;153;SAO JOSE DO RIO PRETO;Ingestï¿½o de ï¿½lcool pelo condutor;Colisï¿½o com objeto;Sem Vï¿½timas;Plena Noite;Cï¿½u Claro;Dupla;Reta;Nï¿½o;0;0
2025-08-24;domingo;17:10:00;RO;364;ALTO PARAISO;Ultrapassagem Indevida;Colisï¿½o lateral sentido oposto;Com Vï¿½timas Feridas;Pleno dia;Cï¿½u Claro;Simples;Reta;Nï¿½o;0;0
2025-08-24;domingo;19:50:00;PE;408;PAUDALHO;Pedestre cruzava a pista fora da faixa;Atropelamento de Pedestre;Com Vï¿½timas Fatais;Plena Noite;Cï¿½u Claro;Dupla;Reta;Sim;1;1
2025-08-24;domingo;15:40:00;BA;367;PORTO SEGURO;Acessar a via sem observar a presenï¿½a dos outros veï¿½culos;Colisï¿½o transversal;Com Vï¿½timas Feridas;Pleno dia;Cï¿½u Claro;Simples;Reta;Sim;0;0
2025-08-24;domingo;17:50:00;RS;480;BARAO DE COTEGIPE;Ingestï¿½o de ï¿½lcool pelo condutor;Capotamento;Com Vï¿½timas Feridas;Pleno dia;Chuva;Simples;"Aclive;Curva";Nï¿½o;0;0
2025-08-24;domingo;19:30:00;SC;282;PINHALZINHO;Ingestï¿½o de ï¿½lcool pelo condutor;Colisï¿½o lateral sentido oposto;Com Vï¿½timas Feridas;Plena Noite;Nublado;Simples;"Reta;Declive";Nï¿½o;0;0
2025-08-24;domingo;19:30:00;PE;232;SALGUEIRO;Reaï¿½ï¿½o tardia ou ineficiente do condutor;Queda de ocupante de veï¿½culo;Com Vï¿½timas Feridas;Plena Noite;Cï¿½u Claro;Simples;Reta;Sim;0;0
2025-08-08;sexta-feira;16:33:00;RN;101;RIO DO FOGO;Ausï¿½ncia de reaï¿½ï¿½o do condutor;Saï¿½da de leito carroï¿½ï¿½vel;Com Vï¿½timas Feridas;Pleno dia;Cï¿½u Claro;Simples;Reta;Nï¿½o;0;0
2025-08-24;domingo;16:57:00;RO;364;VILHENA;Ausï¿½ncia de reaï¿½ï¿½o do condutor;Queda de ocupante de veï¿½culo;Sem Vï¿½timas;Pleno dia;Cï¿½u Claro;Simples;Aclive;Nï¿½o;0;0
2025-08-24;domingo;18:50:00;PI;316;TERESINA;Transitar na contramï¿½o;Colisï¿½o frontal;Com Vï¿½timas Feridas;Plena Noite;Cï¿½u Claro;Mï¿½ltipla;"Viaduto;Reta";Sim;0;0
2025-08-24;domingo;18:00:00;MG;40;RIBEIRAO DAS NEVES;Trafegar com motocicleta (ou similar) entre as faixas;Tombamento;Com Vï¿½timas Feridas;Pleno dia;Cï¿½u Claro;Dupla;Reta;Sim;0;0
2025-08-24;domingo;19:48:00;AP;210;MACAPA;Ultrapassagem Indevida;Colisï¿½o transversal;Com Vï¿½timas Feridas;Plena Noite;Cï¿½u Claro;Simples;Retorno Regulamentado;Sim;0;0
2025-08-24;domingo;19:45:00;RS;287;SANTA MARIA;Reaï¿½ï¿½o tardia ou ineficiente do condutor;Colisï¿½o traseira;Com Vï¿½timas Feridas;Plena Noite;Cï¿½u Claro;Simples;"Interseï¿½ï¿½o de Vias;Rotatï¿½ria";Sim;0;0
2025-08-24;domingo;18:30:00;SC;163;SAO MIGUEL DO OESTE;Ingestï¿½o de ï¿½lcool pelo condutor;Colisï¿½o lateral sentido oposto;Sem Vï¿½timas;Plena Noite;Nublado;Simples;Reta;Nï¿½o;0;0
2025-08-24;domingo;19:23:00;SC;163;SAO MIGUEL DO OESTE;Ultrapassagem Indevida;Colisï¿½o lateral mesmo sentido;Sem Vï¿½timas;Plena Noite;Nublado;Simples;Rotatï¿½ria;Sim;0;0
2025-08-24;domingo;20:00:00;PR;376;TIJUCAS DO SUL;Reaï¿½ï¿½o tardia ou ineficiente do condutor;Capotamento;Sem Vï¿½timas;Plena Noite;Chuva;Simples;Curva;Nï¿½o;0;0
2025-08-24;domingo;18:10:00;SC;101;BARRA VELHA;Ausï¿½ncia de reaï¿½ï¿½o do condutor;Colisï¿½o traseira;Com Vï¿½timas Feridas;Plena Noite;Chuva;Dupla;Reta;Nï¿½o;0;0
2025-08-24;domingo;20:50:00;RS;116;NOVO HAMBURGO;Ausï¿½ncia de reaï¿½ï¿½o do condutor;Atropelamento de Pedestre;Com Vï¿½timas Fatais;Plena Noite;Cï¿½u Claro;Dupla;Reta;Sim;1;1
2025-08-24;domingo;18:41:00;PE;101;IGARASSU;Condutor deixou de manter distï¿½ncia do veï¿½culo da frente;Colisï¿½o traseira;Sem Vï¿½timas;Plena Noite;Nublado;Dupla;Reta;Sim;0;0
2025-08-24;domingo;20:20:00;PR;116;MANDIRITUBA;Pista Escorregadia;Tombamento;Com Vï¿½timas Feridas;Plena Noite;Chuva;Simples;Reta;Nï¿½o;0;0
2025-08-24;domingo;20:20:00;RJ;116;MAGE;Reaï¿½ï¿½o tardia ou ineficiente do condutor;Incï¿½ndio;Sem Vï¿½timas;Plena Noite;Cï¿½u Claro;Dupla;Reta;Sim;0;0
2025-08-24;domingo;16:20:00;MT;163;SINOP;Ausï¿½ncia de reaï¿½ï¿½o do condutor;Saï¿½da de leito carroï¿½ï¿½vel;Com Vï¿½timas Feridas;Pleno dia;Cï¿½u Claro;Simples;Reta;Nï¿½o;0;0
2025-08-24;domingo;20:45:00;PR;277;MORRETES;Demais falhas mecï¿½nicas ou elï¿½tricas;Incï¿½ndio;Sem Vï¿½timas;Plena Noite;Nublado;Mï¿½ltipla;"Reta;Aclive";Nï¿½o;0;0
2025-08-24;domingo;18:15:00;RS;480;BARAO DE COTEGIPE;Ingestï¿½o de ï¿½lcool pelo condutor;Colisï¿½o traseira;Sem Vï¿½timas;Anoitecer;Garoa/Chuvisco;Dupla;"Curva;Aclive";Nï¿½o;0;0
2025-08-24;domingo;11:00:00;MG;40;CONTAGEM;Falta de elemento de contenï¿½ï¿½o que evite a saï¿½da do leito carroï¿½ï¿½vel;Saï¿½da de leito carroï¿½ï¿½vel;Sem Vï¿½timas;Pleno dia;Cï¿½u Claro;Dupla;Reta;Nï¿½o;0;0
2025-08-24;domingo;20:50:00;SP;101;UBATUBA;Chuva;Saï¿½da de leito carroï¿½ï¿½vel;Sem Vï¿½timas;Plena Noite;Chuva;Simples;Reta;Nï¿½o;0;0
2025-08-24;domingo;18:00:00;RS;116;CAMAQUA;Ausï¿½ncia de reaï¿½ï¿½o do condutor;Queda de ocupante de veï¿½culo;Com Vï¿½timas Feridas;Anoitecer;Cï¿½u Claro;Dupla;Em Obras;Nï¿½o;0;0
2025-08-24;domingo;18:35:00;MA;316;CAXIAS;Pedestre andava na pista;Atropelamento de Pedestre;Com Vï¿½timas Feridas;Anoitecer;Cï¿½u Claro;Simples;Reta;Nï¿½o;0;0
2025-08-24;domingo;18:30:00;MT;70;PRIMAVERA DO LESTE;Fumaï¿½a;Incï¿½ndio;Sem Vï¿½timas;Anoitecer;Cï¿½u Claro;Simples;Reta;Nï¿½o;0;0
2025-08-24;domingo;20:30:00;RN;304;MOSSORO;Animais na Pista;Atropelamento de Animal;Com Vï¿½timas Feridas;Plena Noite;Cï¿½u Claro;Dupla;Reta;Sim;0;0
2025-08-24;domingo;17:50:00;MG;262;BETIM;Ausï¿½ncia de reaï¿½ï¿½o do condutor;Saï¿½da de leito carroï¿½ï¿½vel;Com Vï¿½timas Fatais;Anoitecer;Cï¿½u Claro;Dupla;Reta;Nï¿½o;1;1
2025-08-24;domingo;21:16:00;PE;232;RECIFE;Condutor deixou de manter distï¿½ncia do veï¿½culo da frente;Colisï¿½o traseira;Com Vï¿½timas Feridas;Plena Noite;Garoa/Chuvisco;Mï¿½ltipla;Reta;Sim;0;0
2025-08-24;domingo;22:00:00;RS;116;CAXIAS DO SUL;Ausï¿½ncia de reaï¿½ï¿½o do condutor;Colisï¿½o traseira;Com Vï¿½timas Feridas;Plena Noite;Nublado;Mï¿½ltipla;"Aclive;Interseï¿½ï¿½o de Vias;Reta";Sim;0;0
2025-08-24;domingo;18:10:00;PE;424;CAETES;Transitar na contramï¿½o;Colisï¿½o lateral sentido oposto;Com Vï¿½timas Fatais;Plena Noite;Cï¿½u Claro;Simples;"Aclive;Reta";Nï¿½o;1;1
2025-08-24;domingo;11:45:00;CE;116;BARRO;Reaï¿½ï¿½o tardia ou ineficiente do condutor;Saï¿½da de leito carroï¿½ï¿½vel;Com Vï¿½timas Feridas;Pleno dia;Cï¿½u Claro;Simples;Reta;Nï¿½o;0;0
2025-08-24;domingo;22:15:00;PR;369;CORNELIO PROCOPIO;Reaï¿½ï¿½o tardia ou ineficiente do condutor;Tombamento;Com Vï¿½timas Feridas;Plena Noite;Cï¿½u Claro;Dupla;Reta;Nï¿½o;0;0
2025-08-24;domingo;21:00:00;SP;101;UBATUBA;Reaï¿½ï¿½o tardia ou ineficiente do condutor;Colisï¿½o traseira;Com Vï¿½timas Feridas;Plena Noite;Chuva;Simples;Reta;Nï¿½o;0;0
2025-08-24;domingo;22:28:00;RS;392;CACAPAVA DO SUL;Reaï¿½ï¿½o tardia ou ineficiente do condutor;Saï¿½da de leito carroï¿½ï¿½vel;Sem Vï¿½timas;Plena Noite;Cï¿½u Claro;Simples;"Reta;Aclive;Interseï¿½ï¿½o de Vias;Viaduto";Nï¿½o;0;0
2025-08-24;domingo;22:30:00;SC;282;SAUDADES;Ingestï¿½o de ï¿½lcool pelo condutor;Saï¿½da de leito carroï¿½ï¿½vel;Com Vï¿½timas Feridas;Plena Noite;Nublado;Simples;Reta;Nï¿½o;0;0
2025-08-24;domingo;22:20:00;PR;369;APUCARANA;Ingestï¿½o de ï¿½lcool pelo condutor;Colisï¿½o com objeto;Sem Vï¿½timas;Plena Noite;Cï¿½u Claro;Dupla;Reta;Sim;0;0
2025-08-24;domingo;21:30:00;BA;418;NOVA VICOSA;Velocidade Incompatï¿½vel;Queda de ocupante de veï¿½culo;Com Vï¿½timas Feridas;Plena Noite;Nublado;Simples;Reta;Nï¿½o;0;0
2025-08-24;domingo;22:40:00;PB;230;CRUZ DO ESPIRITO SANTO;Transitar na contramï¿½o;Colisï¿½o frontal;Com Vï¿½timas Fatais;Plena Noite;Nublado;Dupla;Reta;Sim;1;1
2025-08-24;domingo;23:35:00;SP;116;PINDAMONHANGABA;Objeto estï¿½tico sobre o leito carroï¿½ï¿½vel;Colisï¿½o com objeto;Sem Vï¿½timas;Plena Noite;Cï¿½u Claro;Dupla;Reta;Nï¿½o;0;0
2025-08-25;segunda-feira;00:10:00;GO;153;APARECIDA DE GOIANIA;Ausï¿½ncia de reaï¿½ï¿½o do condutor;Colisï¿½o traseira;Com Vï¿½timas Feridas;Plena Noite;Cï¿½u Claro;Mï¿½ltipla;"Aclive;Reta";Sim;0;0
2025-08-24;domingo;21:20:00;PB;104;LAGOA SECA;Ingestï¿½o de ï¿½lcool pelo condutor;Colisï¿½o traseira;Com Vï¿½timas Feridas;Plena Noite;Nublado;Simples;Reta;Sim;0;0
2025-08-24;domingo;22:40:00;MG;116;LEOPOLDINA;Ausï¿½ncia de reaï¿½ï¿½o do condutor;Colisï¿½o frontal;Com Vï¿½timas Feridas;Plena Noite;Cï¿½u Claro;Simples;"Ponte;Reta";Nï¿½o;0;0
2025-08-24;domingo;23:05:00;RN;101;CANGUARETAMA;Acessar a via sem observar a presenï¿½a dos outros veï¿½culos;Colisï¿½o frontal;Com Vï¿½timas Fatais;Plena Noite;Garoa/Chuvisco;Dupla;"Reta;Retorno Regulamentado";Sim;1;1
2025-08-25;segunda-feira;01:30:00;MG;116;GOVERNADOR VALADARES;Ingestï¿½o de ï¿½lcool pelo condutor;Tombamento;Com Vï¿½timas Feridas;Plena Noite;Cï¿½u Claro;Dupla;Reta;Sim;0;0
2025-08-25;segunda-feira;02:30:00;GO;153;ANAPOLIS;Reaï¿½ï¿½o tardia ou ineficiente do condutor;Queda de ocupante de veï¿½culo;Com Vï¿½timas Feridas;Plena Noite;Cï¿½u Claro;Dupla;Rotatï¿½ria;Sim;0;0
2025-08-25;segunda-feira;02:30:00;RS;470;SAO JOSE DO SUL;Ausï¿½ncia de reaï¿½ï¿½o do condutor;Saï¿½da de leito carroï¿½ï¿½vel;Com Vï¿½timas Fatais;Plena Noite;Nublado;Simples;Reta;Nï¿½o;1;1
2025-08-25;segunda-feira;01:10:00;SC;101;BIGUACU;Ingestï¿½o de ï¿½lcool pelo condutor;Saï¿½da de leito carroï¿½ï¿½vel;Sem Vï¿½timas;Plena Noite;Nublado;Dupla;Reta;Nï¿½o;0;0
2025-08-24;domingo;17:20:00;MG;40;NOVA LIMA;Condutor deixou de manter distï¿½ncia do veï¿½culo da frente;Tombamento;Com Vï¿½timas Feridas;Pleno dia;Cï¿½u Claro;Dupla;Reta;Sim;0;0
2025-08-25;segunda-feira;03:50:00;PE;408;PAUDALHO;Animais na Pista;Atropelamento de Animal;Com Vï¿½timas Feridas;Plena Noite;Nublado;Dupla;Reta;Sim;0;0
2025-08-25;segunda-feira;03:00:00;AL;316;MINADOR DO NEGRAO;Ingestï¿½o de ï¿½lcool pelo condutor;Queda de ocupante de veï¿½culo;Com Vï¿½timas Feridas;Plena Noite;Cï¿½u Claro;Simples;Reta;Nï¿½o;0;0
2025-08-25;segunda-feira;05:27:00;SP;116;GUARULHOS;Reaï¿½ï¿½o tardia ou ineficiente do condutor;Queda de ocupante de veï¿½culo;Com Vï¿½timas Feridas;Amanhecer;Nublado;Mï¿½ltipla;"Reta;Em Obras";Sim;0;0
2025-08-25;segunda-feira;05:05:00;SC;282;CUNHA PORA;Ingestï¿½o de ï¿½lcool pelo condutor;Colisï¿½o frontal;Com Vï¿½timas Feridas;Plena Noite;Nublado;Simples;Curva;Nï¿½o;0;0
2025-08-25;segunda-feira;05:35:00;PR;373;PONTA GROSSA;Manobra de mudanï¿½a de faixa;Colisï¿½o com objeto;Com Vï¿½timas Feridas;Amanhecer;Cï¿½u Claro;Dupla;"Interseï¿½ï¿½o de Vias;Viaduto";Sim;0;0
2025-08-25;segunda-feira;06:10:00;PB;101;CAAPORA;Pista Escorregadia;Colisï¿½o com objeto;Com Vï¿½timas Feridas;Pleno dia;Garoa/Chuvisco;Dupla;"Declive;Curva";Nï¿½o;0;0
2025-08-25;segunda-feira;05:40:00;PI;316;TERESINA;Reaï¿½ï¿½o tardia ou ineficiente do condutor;Colisï¿½o com objeto;Com Vï¿½timas Feridas;Pleno dia;Cï¿½u Claro;Mï¿½ltipla;Reta;Sim;0;0
2025-08-25;segunda-feira;06:10:00;SC;101;JOINVILLE;Velocidade Incompatï¿½vel;Tombamento;Com Vï¿½timas Feridas;Pleno dia;Nublado;Dupla;Em Obras;Nï¿½o;0;0
2025-08-25;segunda-feira;04:40:00;PA;10;SAO MIGUEL DO GUAMA;Transitar na contramï¿½o;Colisï¿½o frontal;Com Vï¿½timas Fatais;Amanhecer;Cï¿½u Claro;Simples;Reta;Nï¿½o;1;1
2025-08-24;domingo;23:45:00;MG;116;SAO JOAO DO MANHUACU;Ausï¿½ncia de reaï¿½ï¿½o do condutor;Saï¿½da de leito carroï¿½ï¿½vel;Sem Vï¿½timas;Anoitecer;Cï¿½u Claro;Simples;Reta;Nï¿½o;0;0
2025-08-25;segunda-feira;05:00:00;MT;163;SORRISO;Reaï¿½ï¿½o tardia ou ineficiente do condutor;Queda de ocupante de veï¿½culo;Com Vï¿½timas Feridas;Amanhecer;Cï¿½u Claro;Simples;Reta;Nï¿½o;0;0
2025-08-25;segunda-feira;04:50:00;MG;262;BETIM;Animais na Pista;Atropelamento de Animal;Com Vï¿½timas Feridas;Plena Noite;Cï¿½u Claro;Dupla;Reta;Sim;0;0
2025-08-25;segunda-feira;07:00:00;SC;101;BALNEARIO PICARRAS;Ausï¿½ncia de reaï¿½ï¿½o do condutor;Tombamento;Com Vï¿½timas Feridas;Pleno dia;Nublado;Dupla;Reta;Nï¿½o;0;0
2025-08-25;segunda-feira;07:00:00;PB;104;LAGOA SECA;Acessar a via sem observar a presenï¿½a dos outros veï¿½culos;Colisï¿½o transversal;Com Vï¿½timas Feridas;Pleno dia;Nublado;Simples;Reta;Sim;0;0
2025-08-25;segunda-feira;07:35:00;RN;304;PARNAMIRIM;Manobra de mudanï¿½a de faixa;Colisï¿½o lateral mesmo sentido;Com Vï¿½timas Feridas;Pleno dia;Cï¿½u Claro;Dupla;Retorno Regulamentado;Sim;0;0
2025-08-24;domingo;17:20:00;RJ;493;NOVA IGUACU;Avarias e/ou desgaste excessivo no pneu;Queda de ocupante de veï¿½culo;Com Vï¿½timas Feridas;Anoitecer;Cï¿½u Claro;Dupla;"Declive;Curva";Nï¿½o;0;0
2025-08-25;segunda-feira;07:00:00;PR;116;QUITANDINHA;Acessar a via sem observar a presenï¿½a dos outros veï¿½culos;Colisï¿½o transversal;Com Vï¿½timas Feridas;Pleno dia;Cï¿½u Claro;Simples;Reta;Nï¿½o;0;0
2025-08-25;segunda-feira;06:40:00;RJ;116;NOVA IGUACU;Manobra de mudanï¿½a de faixa;Colisï¿½o lateral mesmo sentido;Com Vï¿½timas Feridas;Pleno dia;Cï¿½u Claro;Dupla;Reta;Sim;0;0