data_inversa;dia_semana;horario;uf;br;municipio;causa_acidente;tipo_acidente;classificacao_acidente;fase_dia;condicao_metereologica;tipo_pista;tracado_via;uso_solo;mortos;acidente_fatal
2025-08-27;quarta-feira;09:20:00;MG;381;POUSO ALEGRE;Reaï¿½ï¿½o tardia ou ineficiente do condutor;Tombamento;Com Vï¿½timas Feridas;Pleno dia;Garoa/Chuvisco;Dupla;Rotatï¿½ria;Nï¿½o;0;0
2025-07-26;sï¿½bado;19:00:00;TO;10;PALMAS;Reaï¿½ï¿½o tardia ou ineficiente do condutor;Capotamento;Com Vï¿½timas Feridas;Plena Noite;Cï¿½u Claro;Dupla;Curva;Sim;0;0
2025-06-07;sï¿½bado;11:20:00;MG;40;JOAO PINHEIRO;Ausï¿½ncia de reaï¿½ï¿½o do condutor;Colisï¿½o lateral mesmo sentido;Com Vï¿½timas Feridas;Pleno dia;Cï¿½u Claro;Simples;Curva;Nï¿½o;0;0
2025-08-27;quarta-feira;19:33:00;SP;116;EMBU DAS ARTES;Reaï¿½ï¿½o tardia ou ineficiente do condutor;Engavetamento;Sem Vï¿½timas;Plena Noite;Cï¿½u Claro;Dupla;Reta;Sim;0;0
2025-08-27;quarta-feira;20:30:00;MT;163;MATUPA;Ultrapassagem Indevida;Colisï¿½o frontal;Com Vï¿½timas Feridas;Plena Noite;Cï¿½u Claro;Simples;Reta;Nï¿½o;0;0
2025-08-09;sï¿½bado;13:50:00;TO;242;GURUPI;Reaï¿½ï¿½o tardia ou ineficiente do condutor;Colisï¿½o lateral mesmo sentido;Com Vï¿½timas Feridas;Pleno dia;Sol;Simples;Reta;Nï¿½o;0;0
2025-08-27;quarta-feira;21:05:00;SC;101;CAMBORIU;Acesso irregular;Colisï¿½o lateral sentido oposto;Com Vï¿½timas Feridas;Plena Noite;Nublado;Simples;Reta;Nï¿½o;0;0
2025-08-27;quarta-feira;14:30:00;RO;364;CACOAL;Ausï¿½ncia de reaï¿½ï¿½o do condutor;Saï¿½da de leito carroï¿½ï¿½vel;Com Vï¿½timas Feridas;Pleno dia;Sol;Simples;Curva;Nï¿½o;0;0
2025-08-27;quarta-feira;22:30:00;ES;101;LINHARES;Condutor desrespeitou a iluminaï¿½ï¿½o vermelha do semï¿½foro;Colisï¿½o transversal;Com Vï¿½timas Feridas;Plena Noite;Cï¿½u Claro;Dupla;Interseï¿½ï¿½o de Vias;Sim;0;0
2025-08-27;quarta-feira;22:30:00;PR;116;CAMPINA GRANDE DO SUL;Reaï¿½ï¿½o tardia ou ineficiente do condutor;Saï¿½da de leito carroï¿½ï¿½vel;Sem Vï¿½timas;Plena Noite;Garoa/Chuvisco;Dupla;Curva;Nï¿½o;0;0
2025-08-27;quarta-feira;18:00:00;RS;285;SAO LUIZ GONZAGA;Desrespeitar a preferï¿½ncia no cruzamento;Colisï¿½o transversal;Com Vï¿½timas Feridas;Pleno dia;Cï¿½u Claro;Simples;"Rotatï¿½ria;Interseï¿½ï¿½o de Vias";Sim;0;0
2025-08-27;quarta-feira;22:20:00;PI;316;PICOS;Ultrapassagem Indevida;Colisï¿½o transversal;Com Vï¿½timas Feridas;Plena Noite;Cï¿½u Claro;Simples;Reta;Sim;0;0
2025-08-27;quarta-feira;22:20:00;MA;10;CIDELANDIA;Transitar na contramï¿½o;Colisï¿½o frontal;Com Vï¿½timas Fatais;Anoitecer;Cï¿½u Claro;Simples;Reta;Sim;1;1
2025-08-27;quarta-feira;23:45:00;PR;277;CAMPO LARGO;Demais falhas mecï¿½nicas ou elï¿½tricas;Tombamento;Com Vï¿½timas Feridas;Plena Noite;Nublado;Dupla;Reta;Nï¿½o;0;0
2025-08-27;quarta-feira;16:25:00;SC;101;JOINVILLE;Acumulo de ï¿½leo sobre o pavimento;Tombamento;Com Vï¿½timas Feridas;Pleno dia;Garoa/Chuvisco;Dupla;"Reta;Interseï¿½ï¿½o de Vias;Viaduto;Declive";Sim;0;0
2025-08-27;quarta-feira;22:27:00;RS;448;CANOAS;Ausï¿½ncia de reaï¿½ï¿½o do condutor;Colisï¿½o traseira;Com Vï¿½timas Feridas;Plena Noite;Cï¿½u Claro;Dupla;Reta;Nï¿½o;0;0
2025-07-30;quarta-feira;08:30:00;BA;324;SALVADOR;Acessar a via sem observar a presenï¿½a dos outros veï¿½culos;Colisï¿½o lateral mesmo sentido;Com Vï¿½timas Feridas;Pleno dia;Nublado;Dupla;Reta;Sim;0;0
2025-08-28;quinta-feira;01:50:00;PR;153;JACAREZINHO;Reaï¿½ï¿½o tardia ou ineficiente do condutor;Incï¿½ndio;Sem Vï¿½timas;Plena Noite;Cï¿½u Claro;Simples;Reta;Nï¿½o;0;0
2025-08-27;quarta-feira;22:00:00;RJ;493;ITABORAI;Manobra de mudanï¿½a de faixa;Colisï¿½o frontal;Com Vï¿½timas Feridas;Plena Noite;Cï¿½u Claro;Simples;Reta;Sim;0;0
2025-08-27;quarta-feira;14:20:00;RJ;101;NITEROI;Demais falhas mecï¿½nicas ou elï¿½tricas;Incï¿½ndio;Sem Vï¿½timas;Pleno dia;Cï¿½u Claro;Dupla;Reta;Sim;0;0
2025-08-28;quinta-feira;03:56:00;PE;232;TACAIMBO;Transitar na contramï¿½o;Colisï¿½o lateral sentido oposto;Sem Vï¿½timas;Amanhecer;Chuva;Simples;Reta;Nï¿½o;0;0
2025-08-27;quarta-feira;12:07:00;RJ;116;SAO JOAO DE MERITI;Velocidade Incompatï¿½vel;Colisï¿½o lateral mesmo sentido;Com Vï¿½timas Feridas;Pleno dia;Cï¿½u Claro;Dupla;Reta;Sim;0;0
2025-08-28;quinta-feira;06:30:00;BA;324;AMELIA RODRIGUES;Acessar a via sem observar a presenï¿½a dos outros veï¿½culos;Colisï¿½o transversal;Com Vï¿½timas Feridas;Amanhecer;Nublado;Dupla;Curva;Sim;0;0
2025-08-28;quinta-feira;06:05:00;PR;469;FOZ DO IGUACU;Acessar a via sem observar a presenï¿½a dos outros veï¿½culos;Colisï¿½o transversal;Com Vï¿½timas Feridas;Amanhecer;Nevoeiro/Neblina;Simples;Em Obras;Sim;0;0
2025-08-28;quinta-feira;07:00:00;SP;116;SAO JOSE DOS CAMPOS;Reaï¿½ï¿½o tardia ou ineficiente do condutor;Colisï¿½o traseira;Com Vï¿½timas Feridas;Pleno dia;Sol;Dupla;Declive;Sim;0;0
2025-08-28;quinta-feira;00:30:00;PR;376;PONTA GROSSA;Demais falhas mecï¿½nicas ou elï¿½tricas;Incï¿½ndio;Sem Vï¿½timas;Plena Noite;Cï¿½u Claro;Dupla;Reta;Nï¿½o;0;0
2025-08-28;quinta-feira;06:51:00;PB;101;SANTA RITA;Ausï¿½ncia de reaï¿½ï¿½o do condutor;Saï¿½da de leito carroï¿½ï¿½vel;Com Vï¿½timas Feridas;Pleno dia;Sol;Dupla;Reta;Nï¿½o;0;0
2025-08-28;quinta-feira;07:35:00;TO;153;ALIANCA DO TOCANTINS;Reaï¿½ï¿½o tardia ou ineficiente do condutor;Colisï¿½o traseira;Com Vï¿½timas Feridas;Pleno dia;Cï¿½u Claro;Simples;Reta;Nï¿½o;0;0
2025-08-28;quinta-feira;07:00:00;SC;470;RIO DO SUL;Ausï¿½ncia de reaï¿½ï¿½o do condutor;Colisï¿½o transversal;Com Vï¿½timas Feridas;Amanhecer;Nublado;Simples;"Reta;Retorno Regulamentado";Sim;0;0
2025-08-20;quarta-feira;07:30:00;SC;101;ITAJAI;Ausï¿½ncia de reaï¿½ï¿½o do condutor;Tombamento;Com Vï¿½timas Feridas;Pleno dia;Chuva;Dupla;Reta;Nï¿½o;0;0
2025-08-28;quinta-feira;07:40:00;RJ;101;NITEROI;Manobra de mudanï¿½a de faixa;Colisï¿½o lateral mesmo sentido;Com Vï¿½timas Feridas;Pleno dia;Cï¿½u Claro;Mï¿½ltipla;Reta;Nï¿½o;0;0
2025-08-28;quinta-feira;07:20:00;SC;282;FAXINAL DOS GUEDES;Acessar a via sem observar a presenï¿½a dos outros veï¿½culos;Colisï¿½o transversal;Com Vï¿½timas Feridas;Amanhecer;Cï¿½u Claro;Simples;Rotatï¿½ria;Sim;0;0
2025-08-28;quinta-feira;07:50:00;RN;226;SANTA CRUZ;Acessar a via sem observar a presenï¿½a dos outros veï¿½culos;Colisï¿½o transversal;Com Vï¿½timas Feridas;Pleno dia;Cï¿½u Claro;Simples;Reta;Sim;0;0
2025-08-28;quinta-feira;07:15:00;PE;101;RECIFE;Ausï¿½ncia de reaï¿½ï¿½o do condutor;Colisï¿½o com objeto;Sem Vï¿½timas;Pleno dia;Nublado;Dupla;"Reta;Declive";Nï¿½o;0;0
2025-08-28;quinta-feira;08:02:00;PR;369;ARAPONGAS;Acessar a via sem observar a presenï¿½a dos outros veï¿½culos;Colisï¿½o transversal;Com Vï¿½timas Fatais;Pleno dia;Cï¿½u Claro;Simples;Reta;Sim;1;1
2025-08-28;quinta-feira;07:40:00;ES;101;SERRA;Transitar no Acostamento;Colisï¿½o com objeto;Com Vï¿½timas Feridas;Pleno dia;Nublado;Dupla;Reta;Sim;0;0
2025-08-28;quinta-feira;07:50:00;RJ;101;PARATY;Mal sï¿½bito do condutor;Saï¿½da de leito carroï¿½ï¿½vel;Com Vï¿½timas Feridas;Pleno dia;Cï¿½u Claro;Simples;Reta;Nï¿½o;0;0
2025-08-28;quinta-feira;07:30:00;BA;101;EUNAPOLIS;Entrada inopinada do pedestre;Atropelamento de Pedestre;Com Vï¿½timas Feridas;Pleno dia;Cï¿½u Claro;Dupla;Reta;Nï¿½o;0;0
2025-08-28;quinta-feira;07:50:00;PR;277;CURITIBA;Trafegar com motocicleta (ou similar) entre as faixas;Colisï¿½o lateral mesmo sentido;Com Vï¿½timas Feridas;Pleno dia;Nublado;Dupla;Reta;Sim;0;0
2025-08-28;quinta-feira;07:00:00;SC;101;JAGUARUNA;Ausï¿½ncia de reaï¿½ï¿½o do condutor;Colisï¿½o com objeto;Com Vï¿½timas Feridas;Pleno dia;Nublado;Mï¿½ltipla;"Declive;Curva";Nï¿½o;0;0
2025-08-28;quinta-feira;06:40:00;MG;40;CONGONHAS;Reaï¿½ï¿½o tardia ou ineficiente do condutor;Colisï¿½o traseira;Sem Vï¿½timas;Pleno dia;Sol;Simples;Reta;Nï¿½o;0;0
2025-08-28;quinta-feira;08:15:00;PR;277;CASCAVEL;Problema na suspensï¿½o;Tombamento;Com Vï¿½timas Feridas;Pleno dia;Cï¿½u Claro;Mï¿½ltipla;Interseï¿½ï¿½o de Vias;Sim;0;0
2025-08-28;quinta-feira;07:10:00;RJ;40;PETROPOLIS;Animais na Pista;Atropelamento de Animal;Com Vï¿½timas Feridas;Pleno dia;Cï¿½u Claro;Dupla;Reta;Sim;0;0
2025-08-28;quinta-feira;07:45:00;DF;80;BRASILIA;Acessar a via sem observar a presenï¿½a dos outros veï¿½culos;Colisï¿½o transversal;Com Vï¿½timas Feridas;Pleno dia;Cï¿½u Claro;Simples;"Reta;Em Obras";Nï¿½o;0;0
2025-08-28;quinta-feira;09:05:00;GO;153;GOIANIA;Condutor deixou de manter distï¿½ncia do veï¿½culo da frente;Colisï¿½o traseira;Com Vï¿½timas Feridas;Pleno dia;Cï¿½u Claro;Mï¿½ltipla;Reta;Sim;0;0
2025-08-28;quinta-feira;08:20:00;SC;470;RIO DO SUL;Acessar a via sem observar a presenï¿½a dos outros veï¿½culos;Colisï¿½o transversal;Com Vï¿½timas Feridas;Pleno dia;Nublado;Simples;Reta;Sim;0;0
2025-08-28;quinta-feira;09:00:00;SC;101;ITAJAI;Ausï¿½ncia de reaï¿½ï¿½o do condutor;Colisï¿½o traseira;Com Vï¿½timas Feridas;Pleno dia;Nublado;Dupla;Curva;Nï¿½o;0;0
2025-08-28;quinta-feira;08:10:00;ES;101;LINHARES;Condutor deixou de manter distï¿½ncia do veï¿½culo da frente;Colisï¿½o traseira;Com Vï¿½timas Feridas;Pleno dia;Cï¿½u Claro;Mï¿½ltipla;"Reta;Interseï¿½ï¿½o de Vias";Sim;0;0
2025-08-28;quinta-feira;10:30:00;PR;376;SAO JOSE DOS PINHAIS;Mal sï¿½bito do condutor;Saï¿½da de leito carroï¿½ï¿½vel;Com Vï¿½timas Feridas;Pleno dia;Cï¿½u Claro;Dupla;Reta;Sim;0;0
2025-08-27;quarta-feira;10:20:00;MT;163;SORRISO;Ausï¿½ncia de reaï¿½ï¿½o do condutor;Colisï¿½o traseira;Sem Vï¿½timas;Pleno dia;Sol;Dupla;Reta;Nï¿½o;0;0
2025-08-28;quinta-feira;10:05:00;PE;101;RECIFE;Ausï¿½ncia de reaï¿½ï¿½o do condutor;Colisï¿½o traseira;Com Vï¿½timas Feridas;Pleno dia;Nublado;Mï¿½ltipla;Reta;Sim;0;0
2025-08-28;quinta-feira;10:30:00;ES;262;VITORIA;Reaï¿½ï¿½o tardia ou ineficiente do condutor;Colisï¿½o com objeto;Com Vï¿½timas Feridas;Pleno dia;Cï¿½u Claro;Dupla;"Reta;Ponte";Sim;0;0
2025-08-28;quinta-feira;09:30:00;SC;101;BARRA VELHA;Condutor deixou de manter distï¿½ncia do veï¿½culo da frente;Colisï¿½o traseira;Sem Vï¿½timas;Pleno dia;Nublado;Mï¿½ltipla;Reta;Sim;0;0
2025-08-28;quinta-feira;11:20:00;PR;373;PONTA GROSSA;Ausï¿½ncia de reaï¿½ï¿½o do condutor;Colisï¿½o traseira;Com Vï¿½timas Feridas;Pleno dia;Nublado;Dupla;Reta;Sim;0;0
2025-08-28;quinta-feira;07:25:00;PE;423;GARANHUNS;Condutor desrespeitou a iluminaï¿½ï¿½o vermelha do semï¿½foro;Colisï¿½o transversal;Com Vï¿½timas Feridas;Pleno dia;Nublado;Simples;"Reta;Interseï¿½ï¿½o de Vias";Sim;0;0
2025-08-24;domingo;19:10:00;RS;290;SAO GABRIEL;Acessar a via sem observar a presenï¿½a dos outros veï¿½culos;Colisï¿½o transversal;Com Vï¿½timas Feridas;Plena Noite;Cï¿½u Claro;Simples;Rotatï¿½ria;Sim;0;0
2025-08-28;quinta-feira;10:40:00;DF;20;BRASILIA;Condutor deixou de manter distï¿½ncia do veï¿½culo da frente;Colisï¿½o traseira;Com Vï¿½timas Feridas;Pleno dia;Sol;Dupla;"Desvio Temporï¿½rio;Em Obras;Reta";Sim;0;0
2025-08-28;quinta-feira;11:45:00;MG;153;CENTRALINA;Velocidade Incompatï¿½vel;Colisï¿½o traseira;Sem Vï¿½timas;Pleno dia;Sol;Dupla;"Reta;Retorno Regulamentado";Sim;0;0
2025-08-28;quinta-feira;13:00:00;MG;40;ITABIRITO;Reaï¿½ï¿½o tardia ou ineficiente do condutor;Saï¿½da de leito carroï¿½ï¿½vel;Com Vï¿½timas Feridas;Pleno dia;Cï¿½u Claro;Dupla;Curva;Nï¿½o;0;0
2025-08-28;quinta-feira;09:40:00;CE;116;PENAFORTE;Acessar a via sem observar a presenï¿½a dos outros veï¿½culos;Colisï¿½o transversal;Com Vï¿½timas Feridas;Pleno dia;Cï¿½u Claro;Simples;Reta;Sim;0;0
2025-08-28;quinta-feira;09:50:00;RO;364;JI-PARANA;Velocidade Incompatï¿½vel;Engavetamento;Com Vï¿½timas Feridas;Pleno dia;Sol;Dupla;Reta;Sim;0;0
2025-08-28;quinta-feira;12:00:00;PR;376;MARIALVA;Manobra de mudanï¿½a de faixa;Capotamento;Com Vï¿½timas Feridas;Pleno dia;Sol;Dupla;Declive;Nï¿½o;0;0
2025-08-28;quinta-feira;13:45:00;SC;101;PORTO BELO;Demais falhas mecï¿½nicas ou elï¿½tricas;Tombamento;Com Vï¿½timas Feridas;Pleno dia;Nublado;Dupla;Reta;Nï¿½o;0;0
2025-08-28;quinta-feira;09:55:00;MG;153;FRONTEIRA;Acessar a via sem observar a presenï¿½a dos outros veï¿½culos;Colisï¿½o transversal;Com Vï¿½timas Feridas;Pleno dia;Cï¿½u Claro;Simples;"Interseï¿½ï¿½o de Vias;Reta;Retorno Regulamentado";Sim;0;0
2025-08-28;quinta-feira;12:12:00;PR;163;MARECHAL CANDIDO RONDON;Demais falhas mecï¿½nicas ou elï¿½tricas;Colisï¿½o transversal;Sem Vï¿½timas;Pleno dia;Cï¿½u Claro;Simples;Reta;Nï¿½o;0;0
2025-08-28;quinta-feira;09:00:00;PE;101;CABO DE SANTO AGOSTINHO;Demais falhas mecï¿½nicas ou elï¿½tricas;Incï¿½ndio;Sem Vï¿½timas;Pleno dia;Cï¿½u Claro;Dupla;Reta;Sim;0;0
2025-08-28;quinta-feira;13:25:00;BA;367;EUNAPOLIS;Transitar no Acostamento;Colisï¿½o transversal;Com Vï¿½timas Feridas;Pleno dia;Cï¿½u Claro;Simples;Reta;Nï¿½o;0;0
2025-08-28;quinta-feira;13:50:00;ES;101;LINHARES;Acessar a via sem observar a presenï¿½a dos outros veï¿½culos;Colisï¿½o transversal;Sem Vï¿½timas;Pleno dia;Cï¿½u Claro;Simples;"Interseï¿½ï¿½o de Vias;Curva";Nï¿½o;0;0
2025-08-28;quinta-feira;13:00:00;RJ;40;DUQUE DE CAXIAS;Reaï¿½ï¿½o tardia ou ineficiente do condutor;Colisï¿½o lateral mesmo sentido;Com Vï¿½timas Feridas;Pleno dia;Cï¿½u Claro;Dupla;Reta;Sim;0;0
2025-08-28;quinta-feira;13:15:00;MG;381;BETIM;Pedestre andava na pista;Atropelamento de Pedestre;Com Vï¿½timas Fatais;Pleno dia;Cï¿½u Claro;Dupla;Curva;Nï¿½o;1;1
2025-08-28;quinta-feira;12:20:00;SC;282;IRACEMINHA;Velocidade Incompatï¿½vel;Colisï¿½o traseira;Com Vï¿½timas Feridas;Pleno dia;Sol;Simples;Reta;Nï¿½o;0;0
2025-08-28;quinta-feira;13:15:00;BA;101;SANTO ANTONIO DE JESUS;Manobra de mudanï¿½a de faixa;Colisï¿½o transversal;Com Vï¿½timas Feridas;Pleno dia;Cï¿½u Claro;Dupla;"Reta;Declive";Sim;0;0
2025-08-28;quinta-feira;12:15:00;MG;116;GOVERNADOR VALADARES;Transitar na contramï¿½o;Colisï¿½o transversal;Com Vï¿½timas Feridas;Pleno dia;Cï¿½u Claro;Simples;Reta;Sim;0;0
2025-08-28;quinta-feira;13:00:00;MG;116;GOVERNADOR VALADARES;Acessar a via sem observar a presenï¿½a dos outros veï¿½culos;Colisï¿½o lateral mesmo sentido;Com Vï¿½timas Feridas;Pleno dia;Cï¿½u Claro;Dupla;"Reta;Interseï¿½ï¿½o de Vias";Sim;0;0
2025-07-17;quinta-feira;13:00:00;AM;319;MANAUS;Ingestï¿½o de ï¿½lcool pelo condutor;Colisï¿½o traseira;Sem Vï¿½timas;Pleno dia;Cï¿½u Claro;Dupla;"Aclive;Reta";Sim;0;0
2025-08-28;quinta-feira;13:20:00;MG;40;MATOZINHOS;Demais falhas mecï¿½nicas ou elï¿½tricas;Incï¿½ndio;Com Vï¿½timas Feridas;Pleno dia;Cï¿½u Claro;Dupla;Reta;Sim;0;0
2025-08-28;quinta-feira;14:30:00;MG;381;BETIM;Ausï¿½ncia de reaï¿½ï¿½o do condutor;Colisï¿½o lateral mesmo sentido;Com Vï¿½timas Feridas;Pleno dia;Cï¿½u Claro;Dupla;Reta;Nï¿½o;0;0
2025-06-13;sexta-feira;03:21:00;TO;242;FORMOSO DO ARAGUAIA;Ingestï¿½o de ï¿½lcool pelo condutor;Colisï¿½o lateral mesmo sentido;Com Vï¿½timas Feridas;Plena Noite;Cï¿½u Claro;Simples;Reta;Sim;0;0
2025-08-28;quinta-feira;14:40:00;RS;386;MONTENEGRO;Conversï¿½o proibida;Colisï¿½o transversal;Com Vï¿½timas Feridas;Pleno dia;Cï¿½u Claro;Simples;Reta;Sim;0;0
2025-08-28;quinta-feira;14:30:00;PI;343;PARNAIBA;Transitar no Acostamento;Colisï¿½o lateral mesmo sentido;Com Vï¿½timas Feridas;Pleno dia;Sol;Dupla;Reta;Sim;0;0
2025-07-08;terï¿½a-feira;04:40:00;PR;277;SAO MIGUEL DO IGUACU;Entrada inopinada do pedestre;Atropelamento de Pedestre;Com Vï¿½timas Fatais;Plena Noite;Nublado;Dupla;Reta;Nï¿½o;1;1
2025-08-26;terï¿½a-feira;07:40:00;MA;135;SAO LUIS;Acessar a via sem observar a presenï¿½a dos outros veï¿½culos;Colisï¿½o lateral mesmo sentido;Sem Vï¿½timas;Pleno dia;Cï¿½u Claro;Dupla;Retorno Regulamentado;Nï¿½o;0;0
2025-08-28;quinta-feira;14:10:00;AP;210;MACAPA;Transitar na contramï¿½o;Colisï¿½o transversal;Com Vï¿½timas Feridas;Pleno dia;Cï¿½u Claro;Simples;Curva;Sim;0;0
2025-08-28;quinta-feira;15:15:00;BA;116;VITORIA DA CONQUISTA;Ausï¿½ncia de reaï¿½ï¿½o do condutor;Queda de ocupante de veï¿½culo;Com Vï¿½timas Feridas;Pleno dia;Cï¿½u Claro;Simples;"Reta;Retorno Regulamentado";Nï¿½o;0;0
2025-08-28;quinta-feira;12:00:00;RJ;493;SEROPEDICA;Ausï¿½ncia de reaï¿½ï¿½o do condutor;Queda de ocupante de veï¿½culo;Com Vï¿½timas Feridas;Pleno dia;Cï¿½u Claro;Dupla;Reta;Nï¿½o;0;0
2025-08-28;quinta-feira;15:20:00;PR;153;REBOUCAS;Transitar na contramï¿½o;Colisï¿½o frontal;Com Vï¿½timas Fatais;Pleno dia;Cï¿½u Claro;Simples;Reta;Nï¿½o;2;1
2025-08-28;quinta-feira;14:45:00;GO;153;URUACU;Reaï¿½ï¿½o tardia ou ineficiente do condutor;Colisï¿½o lateral mesmo sentido;Sem Vï¿½timas;Pleno dia;Cï¿½u Claro;Simples;"Declive;Reta";Nï¿½o;0;0
2025-08-28;quinta-feira;14:35:00;MT;174;PONTES E LACERDA;Mal sï¿½bito do condutor;Colisï¿½o com objeto;Com Vï¿½timas Feridas;Pleno dia;Cï¿½u Claro;Simples;Curva;Sim;0;0
2025-08-28;quinta-feira;16:20:00;MG;50;ARAGUARI;Condutor usando celular;Saï¿½da de leito carroï¿½ï¿½vel;Com Vï¿½timas Feridas;Pleno dia;Cï¿½u Claro;Dupla;Reta;Nï¿½o;0;0
2025-08-28;quinta-feira;16:15:00;PI;230;FLORIANO;Reaï¿½ï¿½o tardia ou ineficiente do condutor;Tombamento;Com Vï¿½timas Feridas;Pleno dia;Cï¿½u Claro;Simples;Reta;Nï¿½o;0;0
2025-06-27;sexta-feira;08:21:00;TO;10;PALMAS;Reaï¿½ï¿½o tardia ou ineficiente do condutor;Colisï¿½o traseira;Com Vï¿½timas Feridas;Pleno dia;Cï¿½u Claro;Mï¿½ltipla;Reta;Nï¿½o;0;0
2025-08-28;quinta-feira;17:20:00;MG;50;UBERLANDIA;Ausï¿½ncia de reaï¿½ï¿½o do condutor;Colisï¿½o traseira;Com Vï¿½timas Feridas;Pleno dia;Cï¿½u Claro;Dupla;Reta;Nï¿½o;0;0
2025-08-28;quinta-feira;17:05:00;PB;230;CABEDELO;ï¿½rea urbana sem a presenï¿½a de local apropriado para a travessia de pedestres;Atropelamento de Pedestre;Com Vï¿½timas Feridas;Pleno dia;Sol;Dupla;Reta;Sim;0;0
2025-08-28;quinta-feira;15:00:00;MG;381;PERIQUITO;Ingestï¿½o de ï¿½lcool pelo condutor;Tombamento;Com Vï¿½timas Feridas;Pleno dia;Cï¿½u Claro;Simples;Reta;Nï¿½o;0;0
2025-08-28;quinta-feira;17:38:00;PR;153;SANTO ANTONIO DA PLATINA;Acessar a via sem observar a presenï¿½a dos outros veï¿½culos;Colisï¿½o transversal;Com Vï¿½timas Feridas;Pleno dia;Cï¿½u Claro;Simples;Interseï¿½ï¿½o de Vias;Sim;0;0
2025-07-31;quinta-feira;08:50:00;RN;101;NATAL;Condutor deixou de manter distï¿½ncia do veï¿½culo da frente;Colisï¿½o traseira;Com Vï¿½timas Feridas;Pleno dia;Cï¿½u Claro;Dupla;Reta;Nï¿½o;0;0
2025-08-28;quinta-feira;13:08:00;SC;280;ARAQUARI;Acessar a via sem observar a presenï¿½a dos outros veï¿½culos;Colisï¿½o transversal;Com Vï¿½timas Feridas;Pleno dia;Nublado;Simples;Reta;Nï¿½o;0;0
2025-08-28;quinta-feira;16:10:00;MG;116;LEOPOLDINA;Condutor deixou de manter distï¿½ncia do veï¿½culo da frente;Colisï¿½o traseira;Sem Vï¿½timas;Pleno dia;Cï¿½u Claro;Simples;Reta;Sim;0;0
2025-08-28;quinta-feira;17:15:00;SC;101;CAMBORIU;Reaï¿½ï¿½o tardia ou ineficiente do condutor;Tombamento;Com Vï¿½timas Feridas;Pleno dia;Cï¿½u Claro;Dupla;Reta;Nï¿½o;0;0
2025-08-28;quinta-feira;16:50:00;MG;40;JOAO PINHEIRO;Redutor de velocidade em desacordo;Tombamento;Com Vï¿½timas Feridas;Pleno dia;Cï¿½u Claro;Simples;Reta;Sim;0;0
2025-08-28;quinta-feira;17:40:00;MG;40;PEDRO LEOPOLDO;Condutor deixou de manter distï¿½ncia do veï¿½culo da frente;Colisï¿½o traseira;Com Vï¿½timas Feridas;Anoitecer;Cï¿½u Claro;Dupla;Reta;Sim;0;0
2025-08-28;quinta-feira;18:25:00;SP;116;SAO JOSE DOS CAMPOS;Condutor deixou de manter distï¿½ncia do veï¿½culo da frente;Colisï¿½o traseira;Com Vï¿½timas Feridas;Pleno dia;Cï¿½u Claro;Dupla;Reta;Sim;0;0
2025-08-28;quinta-feira;17:50:00;MG;262;LUZ;Velocidade Incompatï¿½vel;Saï¿½da de leito carroï¿½ï¿½vel;Com Vï¿½timas Feridas;Anoitecer;Cï¿½u Claro;Simples;Curva;Nï¿½o;0;0
2025-08-28;quinta-feira;18:15:00;ES;101;CARIACICA;Desrespeitar a preferï¿½ncia no cruzamento;Colisï¿½o transversal;Com Vï¿½timas Feridas;Plena Noite;Nublado;Dupla;Retorno Regulamentado;Sim;0;0
2025-08-28;quinta-feira;18:30:00;SC;101;SAO JOSE;Ausï¿½ncia de reaï¿½ï¿½o do condutor;Queda de ocupante de veï¿½culo;Com Vï¿½timas Feridas;Anoitecer;Cï¿½u Claro;Mï¿½ltipla;Reta;Nï¿½o;0;0
2025-08-28;quinta-feira;17:00:00;PR;376;MARIALVA;Ingestï¿½o de ï¿½lcool pelo condutor;Saï¿½da de leito carroï¿½ï¿½vel;Com Vï¿½timas Feridas;Pleno dia;Cï¿½u Claro;Dupla;Reta;Nï¿½o;0;0
2025-08-28;quinta-feira;18:40:00;RS;290;ELDORADO DO SUL;Ausï¿½ncia de sinalizaï¿½ï¿½o;Colisï¿½o lateral sentido oposto;Com Vï¿½timas Feridas;Plena Noite;Cï¿½u Claro;Simples;Reta;Nï¿½o;0;0
2025-08-28;quinta-feira;19:05:00;BA;324;SIMOES FILHO;Acessar a via sem observar a presenï¿½a dos outros veï¿½culos;Colisï¿½o lateral mesmo sentido;Com Vï¿½timas Feridas;Plena Noite;Cï¿½u Claro;Dupla;Reta;Sim;0;0
2025-08-28;quinta-feira;17:25:00;MG;267;BICAS;Velocidade Incompatï¿½vel;Saï¿½da de leito carroï¿½ï¿½vel;Com Vï¿½timas Feridas;Anoitecer;Nublado;Simples;Curva;Nï¿½o;0;0
2025-08-28;quinta-feira;19:25:00;RS;386;FAZENDA VILANOVA;Pedestre cruzava a pista fora da faixa;Atropelamento de Pedestre;Com Vï¿½timas Fatais;Plena Noite;Cï¿½u Claro;Dupla;Reta;Nï¿½o;1;1