data_inversa;dia_semana;horario;uf;br;municipio;causa_acidente;tipo_acidente;classificacao_acidente;fase_dia;condicao_metereologica;tipo_pista;tracado_via;uso_solo;mortos;acidente_fatal
2025-09-03;quarta-feira;19:20:00;RJ;101;ITAGUAI;Pedestre cruzava a pista fora da faixa;Atropelamento de Pedestre;Com Vï¿½timas Feridas;Plena Noite;Cï¿½u Claro;Dupla;Reta;Sim;0;0
2025-09-03;quarta-feira;21:45:00;RS;285;PASSO FUNDO;Ingestï¿½o de ï¿½lcool pelo condutor;Colisï¿½o com objeto;Com Vï¿½timas Feridas;Anoitecer;Cï¿½u Claro;Simples;Reta;Nï¿½o;0;0
2025-09-03;quarta-feira;20:00:00;PR;369;MARILANDIA DO SUL;Ausï¿½ncia de reaï¿½ï¿½o do condutor;Queda de ocupante de veï¿½culo;Com Vï¿½timas Feridas;Plena Noite;Cï¿½u Claro;Dupla;Declive;Sim;0;0
2025-09-03;quarta-feira;22:12:00;PB;101;MAMANGUAPE;Transitar no Acostamento;Tombamento;Com Vï¿½timas Feridas;Plena Noite;Chuva;Dupla;"Reta;Aclive;Desvio Temporï¿½rio;Em Obras";Nï¿½o;0;0
2025-09-03;quarta-feira;22:30:00;SP;116;SAO JOSE DOS CAMPOS;Ausï¿½ncia de reaï¿½ï¿½o do condutor;Queda de ocupante de veï¿½culo;Com Vï¿½timas Feridas;Plena Noite;Cï¿½u Claro;Dupla;Reta;Nï¿½o;0;0
2025-09-03;quarta-feira;23:00:00;PE;101;RECIFE;Reaï¿½ï¿½o tardia ou ineficiente do condutor;Saï¿½da de leito carroï¿½ï¿½vel;Sem Vï¿½timas;Plena Noite;Cï¿½u Claro;Dupla;Reta;Nï¿½o;0;0
2025-09-03;quarta-feira;22:20:00;RO;364;JARU;Condutor deixou de manter distï¿½ncia do veï¿½culo da frente;Tombamento;Com Vï¿½timas Feridas;Plena Noite;Cï¿½u Claro;Simples;"Declive;Reta";Nï¿½o;0;0
2025-09-04;quinta-feira;00:05:00;SC;280;MAFRA;Transitar na contramï¿½o;Colisï¿½o frontal;Com Vï¿½timas Feridas;Plena Noite;Cï¿½u Claro;Simples;Reta;Nï¿½o;0;0
2025-09-04;quinta-feira;02:05:00;RS;290;ROSARIO DO SUL;Animais na Pista;Atropelamento de Animal;Com Vï¿½timas Fatais;Plena Noite;Chuva;Simples;Reta;Nï¿½o;2;1
2025-09-04;quinta-feira;02:50:00;PR;376;PONTA GROSSA;Pedestre andava na pista;Atropelamento de Pedestre;Sem Vï¿½timas;Plena Noite;Ignorado;Dupla;Reta;Nï¿½o;0;0
2025-09-04;quinta-feira;04:40:00;MA;135;SAO LUIS;Entrada inopinada do pedestre;Atropelamento de Pedestre;Sem Vï¿½timas;Plena Noite;Cï¿½u Claro;Dupla;Reta;Sim;0;0
2025-09-04;quinta-feira;06:00:00;PR;376;APUCARANA;Animais na Pista;Atropelamento de Animal;Com Vï¿½timas Feridas;Amanhecer;Cï¿½u Claro;Dupla;Reta;Nï¿½o;0;0
2025-09-04;quinta-feira;05:50:00;MG;251;FRANCISCO SA;Pista Escorregadia;Queda de ocupante de veï¿½culo;Com Vï¿½timas Feridas;Amanhecer;Cï¿½u Claro;Simples;Curva;Nï¿½o;0;0
2025-09-03;quarta-feira;00:30:00;SC;101;ITAJAI;Ausï¿½ncia de reaï¿½ï¿½o do condutor;Capotamento;Sem Vï¿½timas;Plena Noite;Cï¿½u Claro;Simples;Interseï¿½ï¿½o de Vias;Sim;0;0
2025-09-04;quinta-feira;06:35:00;SC;101;SAO JOSE;Manobra de mudanï¿½a de faixa;Colisï¿½o lateral mesmo sentido;Com Vï¿½timas Feridas;Amanhecer;Nublado;Mï¿½ltipla;Reta;Sim;0;0
2025-09-04;quinta-feira;06:15:00;PB;101;JOAO PESSOA;Acumulo de ï¿½leo sobre o pavimento;Tombamento;Com Vï¿½timas Feridas;Pleno dia;Chuva;Dupla;Rotatï¿½ria;Sim;0;0
2025-09-04;quinta-feira;05:40:00;RJ;101;CAMPOS DOS GOYTACAZES;Reaï¿½ï¿½o tardia ou ineficiente do condutor;Queda de ocupante de veï¿½culo;Com Vï¿½timas Feridas;Amanhecer;Cï¿½u Claro;Simples;"Reta;Declive";Nï¿½o;0;0
2025-09-04;quinta-feira;06:45:00;CE;222;TIANGUA;Ultrapassagem Indevida;Colisï¿½o lateral sentido oposto;Com Vï¿½timas Feridas;Pleno dia;Cï¿½u Claro;Simples;Curva;Nï¿½o;0;0
2025-09-04;quinta-feira;06:00:00;MS;163;CAMPO GRANDE;Ausï¿½ncia de reaï¿½ï¿½o do condutor;Saï¿½da de leito carroï¿½ï¿½vel;Com Vï¿½timas Feridas;Amanhecer;Cï¿½u Claro;Dupla;Rotatï¿½ria;Nï¿½o;0;0
2025-08-23;sï¿½bado;02:30:00;RS;468;TRES PASSOS;Transitar na contramï¿½o;Colisï¿½o frontal;Com Vï¿½timas Fatais;Plena Noite;Nublado;Simples;Curva;Sim;3;1
2025-09-04;quinta-feira;07:00:00;SC;280;JARAGUA DO SUL;Acessar a via sem observar a presenï¿½a dos outros veï¿½culos;Colisï¿½o transversal;Com Vï¿½timas Feridas;Pleno dia;Nublado;Simples;"Reta;Interseï¿½ï¿½o de Vias";Sim;0;0
2025-09-04;quinta-feira;07:25:00;RS;116;SAO LEOPOLDO;Condutor deixou de manter distï¿½ncia do veï¿½culo da frente;Colisï¿½o traseira;Com Vï¿½timas Feridas;Pleno dia;Chuva;Dupla;"Reta;Viaduto";Sim;0;0
2025-09-04;quinta-feira;01:55:00;RO;364;JARU;Acostamento em desnï¿½vel;Tombamento;Com Vï¿½timas Feridas;Plena Noite;Nublado;Simples;"Retorno Regulamentado;Reta";Nï¿½o;0;0
2025-09-04;quinta-feira;02:15:00;RO;364;JARU;Desrespeitar a preferï¿½ncia no cruzamento;Colisï¿½o transversal;Com Vï¿½timas Feridas;Plena Noite;Nublado;Simples;Interseï¿½ï¿½o de Vias;Sim;0;0
2025-09-04;quinta-feira;06:25:00;SC;101;BALNEARIO CAMBORIU;Trafegar com motocicleta (ou similar) entre as faixas;Colisï¿½o traseira;Com Vï¿½timas Feridas;Amanhecer;Nublado;Dupla;Reta;Nï¿½o;0;0
2025-09-04;quinta-feira;07:40:00;CE;116;AQUIRAZ;Acessar a via sem observar a presenï¿½a dos outros veï¿½culos;Colisï¿½o transversal;Com Vï¿½timas Feridas;Pleno dia;Cï¿½u Claro;Dupla;"Reta;Interseï¿½ï¿½o de Vias";Sim;0;0
2025-09-04;quinta-feira;07:15:00;ES;101;CARIACICA;Reaï¿½ï¿½o tardia ou ineficiente do condutor;Tombamento;Com Vï¿½timas Feridas;Pleno dia;Cï¿½u Claro;Dupla;Reta;Sim;0;0
2025-04-21;segunda-feira;11:55:00;SC;101;BIGUACU;Velocidade Incompatï¿½vel;Colisï¿½o com objeto;Com Vï¿½timas Fatais;Pleno dia;Cï¿½u Claro;Dupla;Curva;Nï¿½o;1;1
2025-09-04;quinta-feira;07:30:00;ES;101;CARIACICA;Ausï¿½ncia de reaï¿½ï¿½o do condutor;Saï¿½da de leito carroï¿½ï¿½vel;Com Vï¿½timas Feridas;Pleno dia;Nublado;Dupla;Reta;Nï¿½o;0;0
2025-09-04;quinta-feira;07:05:00;RS;290;ARROIO DOS RATOS;Pista Escorregadia;Saï¿½da de leito carroï¿½ï¿½vel;Com Vï¿½timas Feridas;Amanhecer;Chuva;Simples;"Declive;Curva";Nï¿½o;0;0
2025-09-04;quinta-feira;08:15:00;RJ;40;DUQUE DE CAXIAS;Trafegar com motocicleta (ou similar) entre as faixas;Colisï¿½o traseira;Com Vï¿½timas Feridas;Pleno dia;Cï¿½u Claro;Mï¿½ltipla;Reta;Sim;0;0
2025-09-04;quinta-feira;07:00:00;BA;101;EUNAPOLIS;Demais falhas mecï¿½nicas ou elï¿½tricas;Incï¿½ndio;Sem Vï¿½timas;Pleno dia;Sol;Simples;"Reta;Interseï¿½ï¿½o de Vias;Declive";Nï¿½o;0;0
2025-09-04;quinta-feira;08:00:00;PE;232;CARUARU;Condutor deixou de manter distï¿½ncia do veï¿½culo da frente;Colisï¿½o lateral mesmo sentido;Sem Vï¿½timas;Pleno dia;Garoa/Chuvisco;Dupla;Reta;Sim;0;0
2025-09-04;quinta-feira;07:50:00;PR;369;LONDRINA;Manobra de mudanï¿½a de faixa;Colisï¿½o lateral mesmo sentido;Com Vï¿½timas Feridas;Pleno dia;Cï¿½u Claro;Dupla;Reta;Sim;0;0
2025-08-15;sexta-feira;07:45:00;BA;116;JAGUAQUARA;Acessar a via sem observar a presenï¿½a dos outros veï¿½culos;Colisï¿½o transversal;Com Vï¿½timas Feridas;Pleno dia;Cï¿½u Claro;Simples;Reta;Sim;0;0
2025-09-04;quinta-feira;06:30:00;RJ;101;RIO DE JANEIRO;Reaï¿½ï¿½o tardia ou ineficiente do condutor;Colisï¿½o com objeto;Com Vï¿½timas Feridas;Pleno dia;Cï¿½u Claro;Dupla;Reta;Sim;0;0
2025-09-04;quinta-feira;08:00:00;PR;116;CAMPINA GRANDE DO SUL;Reaï¿½ï¿½o tardia ou ineficiente do condutor;Saï¿½da de leito carroï¿½ï¿½vel;Com Vï¿½timas Feridas;Pleno dia;Cï¿½u Claro;Dupla;Curva;Nï¿½o;0;0
2025-09-04;quinta-feira;09:00:00;RJ;116;NOVA IGUACU;Ausï¿½ncia de reaï¿½ï¿½o do condutor;Colisï¿½o traseira;Com Vï¿½timas Feridas;Pleno dia;Sol;Dupla;Reta;Sim;0;0
2025-09-04;quinta-feira;07:30:00;RO;364;VILHENA;Acesso irregular;Colisï¿½o transversal;Com Vï¿½timas Feridas;Pleno dia;Cï¿½u Claro;Dupla;"Reta;Rotatï¿½ria";Nï¿½o;0;0
2025-09-04;quinta-feira;07:30:00;RJ;101;ITAGUAI;Ausï¿½ncia de reaï¿½ï¿½o do condutor;Colisï¿½o lateral mesmo sentido;Com Vï¿½timas Feridas;Pleno dia;Sol;Mï¿½ltipla;Retorno Regulamentado;Sim;0;0
2025-09-04;quinta-feira;09:10:00;SP;153;NOVA GRANADA;Desrespeitar a preferï¿½ncia no cruzamento;Colisï¿½o transversal;Com Vï¿½timas Feridas;Pleno dia;Cï¿½u Claro;Simples;"Curva;Declive";Sim;0;0
2025-09-04;quinta-feira;08:50:00;RJ;101;SAO GONCALO;Trafegar com motocicleta (ou similar) entre as faixas;Colisï¿½o lateral mesmo sentido;Com Vï¿½timas Feridas;Pleno dia;Cï¿½u Claro;Dupla;Reta;Nï¿½o;0;0
2025-09-04;quinta-feira;06:31:00;MT;163;SORRISO;Reaï¿½ï¿½o tardia ou ineficiente do condutor;Colisï¿½o traseira;Sem Vï¿½timas;Pleno dia;Cï¿½u Claro;Simples;Reta;Nï¿½o;0;0
2025-08-28;quinta-feira;23:10:00;RS;386;TIO HUGO;Acessar a via sem observar a presenï¿½a dos outros veï¿½culos;Colisï¿½o transversal;Com Vï¿½timas Feridas;Plena Noite;Nublado;Simples;Reta;Nï¿½o;0;0
2025-09-04;quinta-feira;08:52:00;PR;277;CURITIBA;Manobra de mudanï¿½a de faixa;Colisï¿½o traseira;Com Vï¿½timas Feridas;Pleno dia;Cï¿½u Claro;Dupla;Reta;Sim;0;0
2025-09-04;quinta-feira;08:20:00;MG;381;CONTAGEM;Ausï¿½ncia de reaï¿½ï¿½o do condutor;Queda de ocupante de veï¿½culo;Com Vï¿½timas Feridas;Pleno dia;Cï¿½u Claro;Dupla;Declive;Nï¿½o;0;0
2025-09-04;quinta-feira;08:25:00;SP;116;SAO JOSE DOS CAMPOS;Manobra de mudanï¿½a de faixa;Colisï¿½o lateral mesmo sentido;Com Vï¿½timas Feridas;Pleno dia;Sol;Dupla;Reta;Sim;0;0
2025-09-04;quinta-feira;09:50:00;MG;262;IGARATINGA;Frear bruscamente;Colisï¿½o traseira;Com Vï¿½timas Feridas;Pleno dia;Sol;Dupla;Reta;Nï¿½o;0;0
2025-08-01;sexta-feira;18:45:00;PR;158;PATO BRANCO;Condutor usando celular;Colisï¿½o frontal;Com Vï¿½timas Feridas;Plena Noite;Cï¿½u Claro;Simples;Reta;Sim;0;0
2025-09-04;quinta-feira;08:59:00;RS;290;PORTO ALEGRE;Chuva;Capotamento;Com Vï¿½timas Feridas;Pleno dia;Chuva;Dupla;Curva;Nï¿½o;0;0
2025-09-04;quinta-feira;08:25:00;RJ;393;BARRA MANSA;Acessar a via sem observar a presenï¿½a dos outros veï¿½culos;Colisï¿½o transversal;Com Vï¿½timas Feridas;Pleno dia;Cï¿½u Claro;Simples;Reta;Sim;0;0
2025-08-30;sï¿½bado;18:40:00;PB;101;JOAO PESSOA;Reaï¿½ï¿½o tardia ou ineficiente do condutor;Colisï¿½o traseira;Com Vï¿½timas Feridas;Plena Noite;Chuva;Mï¿½ltipla;Declive;Sim;0;0
2025-09-04;quinta-feira;10:00:00;SP;116;GUARATINGUETA;Reaï¿½ï¿½o tardia ou ineficiente do condutor;Colisï¿½o com objeto;Com Vï¿½timas Feridas;Pleno dia;Cï¿½u Claro;Dupla;Reta;Sim;0;0
2025-08-28;quinta-feira;19:00:00;MS;163;NOVA ALVORADA DO SUL;Demais falhas mecï¿½nicas ou elï¿½tricas;Incï¿½ndio;Sem Vï¿½timas;Plena Noite;Nublado;Simples;Rotatï¿½ria;Nï¿½o;0;0
2025-09-04;quinta-feira;11:00:00;CE;116;AQUIRAZ;Frear bruscamente;Saï¿½da de leito carroï¿½ï¿½vel;Sem Vï¿½timas;Pleno dia;Cï¿½u Claro;Dupla;Retorno Regulamentado;Nï¿½o;0;0
2025-09-03;quarta-feira;19:30:00;RO;319;PORTO VELHO;Ausï¿½ncia de reaï¿½ï¿½o do condutor;Atropelamento de Pedestre;Com Vï¿½timas Feridas;Plena Noite;Cï¿½u Claro;Simples;Reta;Nï¿½o;0;0
2025-09-04;quinta-feira;08:30:00;RJ;101;SAO GONCALO;Ausï¿½ncia de reaï¿½ï¿½o do condutor;Queda de ocupante de veï¿½culo;Com Vï¿½timas Feridas;Pleno dia;Cï¿½u Claro;Dupla;Curva;Nï¿½o;0;0
2025-09-04;quinta-feira;10:15:00;RJ;101;CAMPOS DOS GOYTACAZES;Reaï¿½ï¿½o tardia ou ineficiente do condutor;Colisï¿½o traseira;Com Vï¿½timas Feridas;Pleno dia;Sol;Simples;Reta;Sim;0;0
2025-09-04;quinta-feira;09:54:00;RJ;356;ITALVA;Condutor Dormindo;Saï¿½da de leito carroï¿½ï¿½vel;Com Vï¿½timas Feridas;Pleno dia;Cï¿½u Claro;Simples;Curva;Nï¿½o;0;0
2025-09-04;quinta-feira;10:00:00;MG;381;LAVRAS;Demais falhas mecï¿½nicas ou elï¿½tricas;Tombamento;Com Vï¿½timas Feridas;Pleno dia;Cï¿½u Claro;Dupla;Reta;Nï¿½o;0;0
2025-09-04;quinta-feira;12:20:00;RJ;101;CASIMIRO DE ABREU;Conversï¿½o proibida;Colisï¿½o lateral mesmo sentido;Com Vï¿½timas Feridas;Pleno dia;Cï¿½u Claro;Simples;Reta;Sim;0;0
2025-09-04;quinta-feira;11:05:00;PR;376;MARIALVA;Demais falhas mecï¿½nicas ou elï¿½tricas;Tombamento;Com Vï¿½timas Feridas;Pleno dia;Cï¿½u Claro;Dupla;"Reta;Declive";Nï¿½o;0;0
2025-09-04;quinta-feira;12:40:00;BA;324;FEIRA DE SANTANA;Reaï¿½ï¿½o tardia ou ineficiente do condutor;Tombamento;Com Vï¿½timas Feridas;Pleno dia;Chuva;Dupla;Curva;Nï¿½o;0;0
2025-09-04;quinta-feira;08:30:00;RS;285;CARAZINHO;Chuva;Saï¿½da de leito carroï¿½ï¿½vel;Com Vï¿½timas Feridas;Pleno dia;Chuva;Simples;Reta;Nï¿½o;0;0
2025-09-04;quinta-feira;12:20:00;RJ;40;DUQUE DE CAXIAS;Ausï¿½ncia de reaï¿½ï¿½o do condutor;Colisï¿½o traseira;Com Vï¿½timas Feridas;Pleno dia;Sol;Mï¿½ltipla;Reta;Sim;0;0
2025-09-04;quinta-feira;12:43:00;MG;40;SETE LAGOAS;Condutor Dormindo;Colisï¿½o com objeto;Sem Vï¿½timas;Pleno dia;Cï¿½u Claro;Dupla;Aclive;Nï¿½o;0;0
2025-07-12;sï¿½bado;19:10:00;TO;10;PALMAS;Velocidade Incompatï¿½vel;Colisï¿½o lateral mesmo sentido;Com Vï¿½timas Fatais;Plena Noite;Cï¿½u Claro;Mï¿½ltipla;Reta;Sim;1;1
2025-09-04;quinta-feira;14:30:00;SP;381;ATIBAIA;Reaï¿½ï¿½o tardia ou ineficiente do condutor;Colisï¿½o lateral mesmo sentido;Com Vï¿½timas Feridas;Pleno dia;Cï¿½u Claro;Dupla;Aclive;Nï¿½o;0;0
2025-09-04;quinta-feira;14:40:00;RS;290;ELDORADO DO SUL;Manobra de mudanï¿½a de faixa;Colisï¿½o lateral mesmo sentido;Com Vï¿½timas Feridas;Pleno dia;Chuva;Dupla;Reta;Nï¿½o;0;0
2025-09-04;quinta-feira;14:30:00;MG;40;CONSELHEIRO LAFAIETE;Ausï¿½ncia de reaï¿½ï¿½o do condutor;Colisï¿½o com objeto;Com Vï¿½timas Feridas;Pleno dia;Cï¿½u Claro;Simples;"Reta;Aclive";Nï¿½o;0;0
2025-09-04;quinta-feira;14:30:00;AL;101;SAO MIGUEL DOS CAMPOS;Pedestre cruzava a pista fora da faixa;Atropelamento de Pedestre;Com Vï¿½timas Feridas;Pleno dia;Cï¿½u Claro;Dupla;Reta;Sim;0;0
2025-09-04;quinta-feira;14:10:00;BA;324;FEIRA DE SANTANA;Reaï¿½ï¿½o tardia ou ineficiente do condutor;Colisï¿½o transversal;Com Vï¿½timas Feridas;Pleno dia;Cï¿½u Claro;Simples;Reta;Sim;0;0
2025-08-24;domingo;07:00:00;MS;376;NOVA ANDRADINA;Reaï¿½ï¿½o tardia ou ineficiente do condutor;Tombamento;Com Vï¿½timas Feridas;Pleno dia;Cï¿½u Claro;Simples;Curva;Nï¿½o;0;0
2025-09-04;quinta-feira;14:15:00;BA;116;SANTA BARBARA;Condutor deixou de manter distï¿½ncia do veï¿½culo da frente;Colisï¿½o traseira;Sem Vï¿½timas;Pleno dia;Nublado;Dupla;Reta;Sim;0;0
2025-09-04;quinta-feira;15:30:00;PE;232;RECIFE;Condutor deixou de manter distï¿½ncia do veï¿½culo da frente;Colisï¿½o traseira;Com Vï¿½timas Feridas;Pleno dia;Cï¿½u Claro;Dupla;Reta;Sim;0;0
2025-09-04;quinta-feira;14:25:00;RS;386;CARAZINHO;Velocidade Incompatï¿½vel;Saï¿½da de leito carroï¿½ï¿½vel;Com Vï¿½timas Fatais;Pleno dia;Chuva;Simples;Reta;Nï¿½o;1;1
2025-09-04;quinta-feira;15:40:00;MG;365;UBERLANDIA;Ausï¿½ncia de reaï¿½ï¿½o do condutor;Colisï¿½o traseira;Com Vï¿½timas Feridas;Pleno dia;Cï¿½u Claro;Dupla;Reta;Nï¿½o;0;0
2025-09-04;quinta-feira;15:00:00;ES;101;SERRA;Acessar a via sem observar a presenï¿½a dos outros veï¿½culos;Colisï¿½o traseira;Com Vï¿½timas Feridas;Pleno dia;Nublado;Dupla;"Declive;Reta";Sim;0;0
2025-09-04;quinta-feira;16:30:00;SC;101;PORTO BELO;Acessar a via sem observar a presenï¿½a dos outros veï¿½culos;Colisï¿½o transversal;Com Vï¿½timas Feridas;Pleno dia;Nublado;Mï¿½ltipla;Reta;Sim;0;0
2025-04-09;quarta-feira;17:30:00;BA;324;FEIRA DE SANTANA;Acessar a via sem observar a presenï¿½a dos outros veï¿½culos;Colisï¿½o transversal;Com Vï¿½timas Feridas;Pleno dia;Cï¿½u Claro;Simples;Reta;Sim;0;0
2025-09-04;quinta-feira;15:10:00;MG;116;ITAOBIM;Ausï¿½ncia de reaï¿½ï¿½o do condutor;Atropelamento de Pedestre;Com Vï¿½timas Feridas;Pleno dia;Nublado;Simples;Reta;Sim;0;0
2025-09-04;quinta-feira;10:00:00;AL;104;SAO JOSE DA LAJE;Chuva;Colisï¿½o com objeto;Com Vï¿½timas Feridas;Pleno dia;Chuva;Simples;Curva;Nï¿½o;0;0
2025-09-04;quinta-feira;14:50:00;BA;116;NOVA ITARANA;Velocidade Incompatï¿½vel;Tombamento;Com Vï¿½timas Feridas;Pleno dia;Nublado;Simples;Curva;Nï¿½o;0;0
2025-09-04;quinta-feira;17:00:00;PR;116;SAO JOSE DOS PINHAIS;Ausï¿½ncia de reaï¿½ï¿½o do condutor;Queda de ocupante de veï¿½culo;Com Vï¿½timas Feridas;Pleno dia;Cï¿½u Claro;Dupla;Reta;Sim;0;0
2025-09-04;quinta-feira;14:30:00;SC;101;ARARANGUA;Ausï¿½ncia de reaï¿½ï¿½o do condutor;Tombamento;Com Vï¿½timas Feridas;Pleno dia;Garoa/Chuvisco;Mï¿½ltipla;Reta;Nï¿½o;0;0
2025-09-04;quinta-feira;16:30:00;MA;135;SAO LUIS;Acessar a via sem observar a presenï¿½a dos outros veï¿½culos;Colisï¿½o transversal;Com Vï¿½timas Feridas;Pleno dia;Cï¿½u Claro;Simples;Reta;Sim;0;0
2025-09-04;quinta-feira;17:00:00;PI;316;VALENCA DO PIAUI;Ausï¿½ncia de reaï¿½ï¿½o do condutor;Colisï¿½o traseira;Com Vï¿½timas Feridas;Pleno dia;Cï¿½u Claro;Simples;Reta;Nï¿½o;0;0
2025-09-04;quinta-feira;17:48:00;RS;386;NOVA SANTA RITA;Acessar a via sem observar a presenï¿½a dos outros veï¿½culos;Colisï¿½o transversal;Com Vï¿½timas Feridas;Anoitecer;Chuva;Dupla;Rotatï¿½ria;Sim;0;0
2025-09-04;quinta-feira;17:20:00;SC;101;BARRA VELHA;Ultrapassagem Indevida;Colisï¿½o lateral mesmo sentido;Com Vï¿½timas Feridas;Anoitecer;Nublado;Dupla;Reta;Nï¿½o;0;0
2025-09-04;quinta-feira;17:20:00;PR;153;JACAREZINHO;Ingestï¿½o de ï¿½lcool pelo condutor;Saï¿½da de leito carroï¿½ï¿½vel;Com Vï¿½timas Feridas;Anoitecer;Cï¿½u Claro;Simples;Curva;Nï¿½o;0;0
2025-09-04;quinta-feira;15:30:00;RJ;101;ITAGUAI;Acesso irregular;Colisï¿½o traseira;Com Vï¿½timas Feridas;Pleno dia;Cï¿½u Claro;Mï¿½ltipla;Reta;Nï¿½o;0;0
2025-09-04;quinta-feira;16:15:00;MG;381;GOVERNADOR VALADARES;Acessar a via sem observar a presenï¿½a dos outros veï¿½culos;Colisï¿½o transversal;Com Vï¿½timas Feridas;Pleno dia;Cï¿½u Claro;Simples;Interseï¿½ï¿½o de Vias;Nï¿½o;0;0
2025-09-04;quinta-feira;17:20:00;ES;262;IUNA;Transitar na contramï¿½o;Colisï¿½o frontal;Com Vï¿½timas Fatais;Anoitecer;Cï¿½u Claro;Simples;"Aclive;Curva";Nï¿½o;1;1
2025-09-04;quinta-feira;17:18:00;PE;428;PETROLINA;Ingestï¿½o de ï¿½lcool pelo condutor;Colisï¿½o traseira;Com Vï¿½timas Feridas;Anoitecer;Cï¿½u Claro;Dupla;Reta;Sim;0;0
2025-09-04;quinta-feira;18:00:00;RJ;101;ANGRA DOS REIS;Reaï¿½ï¿½o tardia ou ineficiente do condutor;Queda de ocupante de veï¿½culo;Com Vï¿½timas Feridas;Plena Noite;Cï¿½u Claro;Simples;Interseï¿½ï¿½o de Vias;Sim;0;0
2025-09-04;quinta-feira;16:45:00;RJ;101;ITAGUAI;Entrada inopinada do pedestre;Atropelamento de Pedestre;Com Vï¿½timas Fatais;Pleno dia;Nublado;Dupla;Reta;Nï¿½o;1;1
2025-08-23;sï¿½bado;10:30:00;RS;386;POUSO NOVO;Pista Escorregadia;Colisï¿½o traseira;Com Vï¿½timas Feridas;Pleno dia;Chuva;Simples;Curva;Nï¿½o;0;0
2025-09-04;quinta-feira;16:40:00;SC;101;BARRA VELHA;Reaï¿½ï¿½o tardia ou ineficiente do condutor;Colisï¿½o traseira;Com Vï¿½timas Feridas;Pleno dia;Nublado;Dupla;Reta;Nï¿½o;0;0
2025-09-04;quinta-feira;18:44:00;ES;262;CARIACICA;Manobra de mudanï¿½a de faixa;Colisï¿½o lateral mesmo sentido;Com Vï¿½timas Feridas;Plena Noite;Nublado;Dupla;Ponte;Sim;0;0
2025-09-04;quinta-feira;18:00:00;PR;369;LONDRINA;Condutor deixou de manter distï¿½ncia do veï¿½culo da frente;Colisï¿½o traseira;Com Vï¿½timas Feridas;Anoitecer;Cï¿½u Claro;Dupla;Reta;Sim;0;0
2025-09-04;quinta-feira;17:40:00;PR;376;MARINGA;Carga excessiva e/ou mal acondicionada;Colisï¿½o com objeto;Sem Vï¿½timas;Pleno dia;Cï¿½u Claro;Dupla;"Curva;Aclive";Nï¿½o;0;0
2025-09-04;quinta-feira;18:30:00;SC;101;PORTO BELO;Manobra de mudanï¿½a de faixa;Colisï¿½o lateral mesmo sentido;Com Vï¿½timas Feridas;Anoitecer;Nublado;Mï¿½ltipla;Reta;Sim;0;0
2025-09-04;quinta-feira;18:30:00;RJ;116;SAO JOAO DE MERITI;Manobra de mudanï¿½a de faixa;Colisï¿½o lateral mesmo sentido;Com Vï¿½timas Feridas;Plena Noite;Cï¿½u Claro;Dupla;Reta;Nï¿½o;0;0
2025-09-04;quinta-feira;18:10:00;PE;232;JABOATAO DOS GUARARAPES;Demais falhas na via;Queda de ocupante de veï¿½culo;Com Vï¿½timas Feridas;Plena Noite;Chuva;Mï¿½ltipla;Reta;Sim;0;0
2025-09-04;quinta-feira;18:36:00;DF;70;BRASILIA;Trafegar com motocicleta (ou similar) entre as faixas;Colisï¿½o lateral mesmo sentido;Com Vï¿½timas Feridas;Anoitecer;Nublado;Dupla;Reta;Sim;0;0
2025-09-04;quinta-feira;17:40:00;MG;381;NOVA ERA;Desrespeitar a preferï¿½ncia no cruzamento;Colisï¿½o transversal;Com Vï¿½timas Feridas;Pleno dia;Cï¿½u Claro;Simples;"Reta;Interseï¿½ï¿½o de Vias";Nï¿½o;0;0
2025-09-04;quinta-feira;18:30:00;SP;116;GUARULHOS;Ausï¿½ncia de reaï¿½ï¿½o do condutor;Colisï¿½o traseira;Com Vï¿½timas Feridas;Plena Noite;Cï¿½u Claro;Mï¿½ltipla;Reta;Sim;0;0
2025-09-04;quinta-feira;19:30:00;GO;70;ARAGARCAS;Reaï¿½ï¿½o tardia ou ineficiente do condutor;Colisï¿½o transversal;Com Vï¿½timas Feridas;Plena Noite;Cï¿½u Claro;Dupla;Reta;Sim;0;0
2025-09-04;quinta-feira;11:00:00;PE;0;RECIFE;Transitar na calï¿½ada;Colisï¿½o transversal;Sem Vï¿½timas;Pleno dia;Cï¿½u Claro;Mï¿½ltipla;Reta;Sim;0;0
2025-09-04;quinta-feira;18:05:00;RO;174;VILHENA;Conversï¿½o proibida;Colisï¿½o lateral mesmo sentido;Com Vï¿½timas Feridas;Plena Noite;Cï¿½u Claro;Simples;Reta;Sim;0;0
2025-09-04;quinta-feira;19:40:00;MG;365;PATOS DE MINAS;Reaï¿½ï¿½o tardia ou ineficiente do condutor;Colisï¿½o traseira;Com Vï¿½timas Feridas;Plena Noite;Cï¿½u Claro;Dupla;Curva;Nï¿½o;0;0
2025-09-04;quinta-feira;16:45:00;RO;435;COLORADO DO OESTE;Acessar a via sem observar a presenï¿½a dos outros veï¿½culos;Colisï¿½o transversal;Com Vï¿½timas Feridas;Pleno dia;Cï¿½u Claro;Dupla;"Interseï¿½ï¿½o de Vias;Reta";Sim;0;0