data_inversa;dia_semana;horario;uf;br;municipio;causa_acidente;tipo_acidente;classificacao_acidente;fase_dia;condicao_metereologica;tipo_pista;tracado_via;uso_solo;mortos;acidente_fatal
2025-09-05;sexta-feira;13:30:00;RJ;465;SEROPEDICA;Ausï¿½ncia de reaï¿½ï¿½o do condutor;Colisï¿½o lateral mesmo sentido;Com Vï¿½timas Feridas;Pleno dia;Cï¿½u Claro;Simples;Reta;Sim;0;0
2025-09-05;sexta-feira;15:10:00;ES;101;SERRA;Acessar a via sem observar a presenï¿½a dos outros veï¿½culos;Colisï¿½o frontal;Com Vï¿½timas Feridas;Pleno dia;Cï¿½u Claro;Dupla;Interseï¿½ï¿½o de Vias;Sim;0;0
2025-09-05;sexta-feira;06:15:00;AC;364;CRUZEIRO DO SUL;Reaï¿½ï¿½o tardia ou ineficiente do condutor;Colisï¿½o traseira;Com Vï¿½timas Feridas;Pleno dia;Cï¿½u Claro;Simples;Reta;Sim;0;0
2025-09-05;sexta-feira;15:25:00;SC;101;ITAPEMA;Reaï¿½ï¿½o tardia ou ineficiente do condutor;Colisï¿½o traseira;Com Vï¿½timas Feridas;Pleno dia;Garoa/Chuvisco;Dupla;Reta;Sim;0;0
2025-09-05;sexta-feira;08:00:00;MT;70;CUIABA;Reaï¿½ï¿½o tardia ou ineficiente do condutor;Colisï¿½o traseira;Com Vï¿½timas Feridas;Pleno dia;Cï¿½u Claro;Simples;Reta;Sim;0;0
2025-08-24;domingo;17:50:00;PR;376;GUARATUBA;Reaï¿½ï¿½o tardia ou ineficiente do condutor;Colisï¿½o traseira;Com Vï¿½timas Feridas;Anoitecer;Garoa/Chuvisco;Dupla;Reta;Nï¿½o;0;0
2025-09-05;sexta-feira;13:15:00;MA;135;SAO LUIS;Acessar a via sem observar a presenï¿½a dos outros veï¿½culos;Colisï¿½o transversal;Com Vï¿½timas Feridas;Pleno dia;Sol;Dupla;Reta;Sim;0;0
2025-09-05;sexta-feira;14:17:00;AP;210;MACAPA;Reaï¿½ï¿½o tardia ou ineficiente do condutor;Colisï¿½o transversal;Com Vï¿½timas Feridas;Pleno dia;Cï¿½u Claro;Simples;Curva;Sim;0;0
2025-09-05;sexta-feira;15:30:00;MG;40;RIBEIRAO DAS NEVES;Ausï¿½ncia de reaï¿½ï¿½o do condutor;Colisï¿½o traseira;Com Vï¿½timas Feridas;Pleno dia;Cï¿½u Claro;Dupla;Reta;Sim;0;0
2025-09-05;sexta-feira;12:00:00;SC;280;RIO NEGRINHO;Acessar a via sem observar a presenï¿½a dos outros veï¿½culos;Queda de ocupante de veï¿½culo;Com Vï¿½timas Feridas;Pleno dia;Chuva;Simples;Reta;Sim;0;0
2025-09-05;sexta-feira;15:30:00;PR;116;SAO JOSE DOS PINHAIS;Reaï¿½ï¿½o tardia ou ineficiente do condutor;Engavetamento;Com Vï¿½timas Feridas;Pleno dia;Nublado;Dupla;Reta;Nï¿½o;0;0
2025-09-05;sexta-feira;08:40:00;RO;364;JARU;Ausï¿½ncia de reaï¿½ï¿½o do condutor;Colisï¿½o lateral mesmo sentido;Sem Vï¿½timas;Pleno dia;Sol;Simples;Reta;Sim;0;0
2025-09-05;sexta-feira;15:30:00;BA;367;PORTO SEGURO;Acessar a via sem observar a presenï¿½a dos outros veï¿½culos;Colisï¿½o transversal;Sem Vï¿½timas;Pleno dia;Cï¿½u Claro;Simples;Reta;Nï¿½o;0;0
2025-09-05;sexta-feira;15:40:00;SC;101;CAMBORIU;Reaï¿½ï¿½o tardia ou ineficiente do condutor;Colisï¿½o traseira;Com Vï¿½timas Feridas;Pleno dia;Garoa/Chuvisco;Dupla;Curva;Nï¿½o;0;0
2025-09-05;sexta-feira;16:15:00;GO;414;ANAPOLIS;Transitar no Acostamento;Colisï¿½o transversal;Sem Vï¿½timas;Pleno dia;Cï¿½u Claro;Simples;Interseï¿½ï¿½o de Vias;Nï¿½o;0;0
2025-09-05;sexta-feira;14:00:00;AC;364;RIO BRANCO;Ausï¿½ncia de reaï¿½ï¿½o do condutor;Colisï¿½o transversal;Sem Vï¿½timas;Pleno dia;Nublado;Dupla;Rotatï¿½ria;Sim;0;0
2025-09-05;sexta-feira;16:00:00;DF;80;BRASILIA;Reaï¿½ï¿½o tardia ou ineficiente do condutor;Capotamento;Com Vï¿½timas Feridas;Pleno dia;Cï¿½u Claro;Simples;Reta;Nï¿½o;0;0
2025-09-05;sexta-feira;17:00:00;SP;116;ARUJA;Reaï¿½ï¿½o tardia ou ineficiente do condutor;Colisï¿½o lateral mesmo sentido;Com Vï¿½timas Feridas;Pleno dia;Cï¿½u Claro;Mï¿½ltipla;Reta;Sim;0;0
2025-09-05;sexta-feira;15:50:00;PR;369;CAMBE;Manobra de mudanï¿½a de faixa;Colisï¿½o lateral mesmo sentido;Com Vï¿½timas Feridas;Pleno dia;Cï¿½u Claro;Dupla;"Reta;Aclive";Sim;0;0
2025-09-05;sexta-feira;16:40:00;BA;324;SIMOES FILHO;Ausï¿½ncia de reaï¿½ï¿½o do condutor;Queda de ocupante de veï¿½culo;Com Vï¿½timas Feridas;Pleno dia;Cï¿½u Claro;Dupla;Reta;Nï¿½o;0;0
2025-08-08;sexta-feira;06:45:00;PB;230;CABEDELO;Acessar a via sem observar a presenï¿½a dos outros veï¿½culos;Colisï¿½o transversal;Com Vï¿½timas Feridas;Pleno dia;Sol;Dupla;Interseï¿½ï¿½o de Vias;Sim;0;0
2025-09-05;sexta-feira;16:20:00;MG;116;CARATINGA;Ultrapassagem Indevida;Colisï¿½o lateral mesmo sentido;Com Vï¿½timas Feridas;Pleno dia;Cï¿½u Claro;Simples;"Reta;Interseï¿½ï¿½o de Vias";Sim;0;0
2025-09-05;sexta-feira;14:50:00;AC;364;RIO BRANCO;Reaï¿½ï¿½o tardia ou ineficiente do condutor;Tombamento;Com Vï¿½timas Feridas;Pleno dia;Nublado;Dupla;Reta;Sim;0;0
2025-09-05;sexta-feira;17:15:00;SP;116;SAO JOSE DOS CAMPOS;Manobra de mudanï¿½a de faixa;Colisï¿½o traseira;Com Vï¿½timas Feridas;Pleno dia;Cï¿½u Claro;Mï¿½ltipla;"Reta;Aclive";Sim;0;0
2025-09-05;sexta-feira;17:40:00;BA;116;FEIRA DE SANTANA;Manobra de mudanï¿½a de faixa;Colisï¿½o lateral mesmo sentido;Com Vï¿½timas Feridas;Anoitecer;Cï¿½u Claro;Dupla;Reta;Sim;0;0
2025-09-05;sexta-feira;17:40:00;SC;101;JOINVILLE;Reaï¿½ï¿½o tardia ou ineficiente do condutor;Colisï¿½o traseira;Com Vï¿½timas Feridas;Anoitecer;Chuva;Dupla;Reta;Sim;0;0
2025-09-05;sexta-feira;16:10:00;BA;367;PORTO SEGURO;Acessar a via sem observar a presenï¿½a dos outros veï¿½culos;Colisï¿½o transversal;Com Vï¿½timas Feridas;Pleno dia;Cï¿½u Claro;Simples;"Interseï¿½ï¿½o de Vias;Retorno Regulamentado";Sim;0;0
2025-09-05;sexta-feira;15:30:00;RJ;116;MAGE;Acessar a via sem observar a presenï¿½a dos outros veï¿½culos;Colisï¿½o lateral mesmo sentido;Sem Vï¿½timas;Pleno dia;Cï¿½u Claro;Simples;Reta;Nï¿½o;0;0
2025-09-05;sexta-feira;16:05:00;GO;364;SAO SIMAO;Transitar na contramï¿½o;Colisï¿½o lateral sentido oposto;Com Vï¿½timas Feridas;Pleno dia;Cï¿½u Claro;Simples;Reta;Nï¿½o;0;0
2025-09-05;sexta-feira;17:48:00;PR;153;IRATI;Acessar a via sem observar a presenï¿½a dos outros veï¿½culos;Colisï¿½o transversal;Com Vï¿½timas Feridas;Pleno dia;Cï¿½u Claro;Simples;"Interseï¿½ï¿½o de Vias;Reta";Sim;0;0
2025-09-05;sexta-feira;17:05:00;PE;101;JABOATAO DOS GUARARAPES;Reaï¿½ï¿½o tardia ou ineficiente do condutor;Colisï¿½o traseira;Com Vï¿½timas Feridas;Anoitecer;Nublado;Dupla;Reta;Nï¿½o;0;0
2025-09-05;sexta-feira;17:40:00;DF;40;BRASILIA;Ausï¿½ncia de reaï¿½ï¿½o do condutor;Colisï¿½o traseira;Com Vï¿½timas Feridas;Anoitecer;Cï¿½u Claro;Dupla;"Reta;Viaduto";Sim;0;0
2025-09-05;sexta-feira;17:40:00;MG;459;SENADOR JOSE BENTO;Ausï¿½ncia de reaï¿½ï¿½o do condutor;Saï¿½da de leito carroï¿½ï¿½vel;Com Vï¿½timas Feridas;Pleno dia;Cï¿½u Claro;Simples;Curva;Nï¿½o;0;0
2025-09-05;sexta-feira;16:40:00;RJ;101;CAMPOS DOS GOYTACAZES;Conversï¿½o proibida;Colisï¿½o transversal;Com Vï¿½timas Fatais;Pleno dia;Cï¿½u Claro;Dupla;Reta;Sim;1;1
2025-07-27;domingo;10:45:00;SC;470;POUSO REDONDO;Conversï¿½o proibida;Saï¿½da de leito carroï¿½ï¿½vel;Com Vï¿½timas Feridas;Pleno dia;Nublado;Simples;Reta;Nï¿½o;0;0
2025-09-05;sexta-feira;17:40:00;MS;60;CAMPO GRANDE;Ausï¿½ncia de reaï¿½ï¿½o do condutor;Saï¿½da de leito carroï¿½ï¿½vel;Com Vï¿½timas Feridas;Anoitecer;Cï¿½u Claro;Simples;Reta;Nï¿½o;0;0
2025-09-01;segunda-feira;12:30:00;MA;135;SANTA RITA;Condutor deixou de manter distï¿½ncia do veï¿½culo da frente;Colisï¿½o traseira;Sem Vï¿½timas;Pleno dia;Cï¿½u Claro;Simples;Reta;Sim;0;0
2025-09-05;sexta-feira;18:30:00;SC;282;FLORIANOPOLIS;Condutor deixou de manter distï¿½ncia do veï¿½culo da frente;Colisï¿½o traseira;Com Vï¿½timas Feridas;Plena Noite;Chuva;Mï¿½ltipla;Reta;Sim;0;0
2025-09-05;sexta-feira;17:45:00;ES;101;CARIACICA;Trafegar com motocicleta (ou similar) entre as faixas;Colisï¿½o traseira;Com Vï¿½timas Feridas;Anoitecer;Cï¿½u Claro;Dupla;Reta;Sim;0;0
2025-09-05;sexta-feira;18:01:00;PR;376;SAO JOSE DOS PINHAIS;Condutor usando celular;Saï¿½da de leito carroï¿½ï¿½vel;Com Vï¿½timas Feridas;Plena Noite;Cï¿½u Claro;Simples;"Reta;Declive";Nï¿½o;0;0
2025-09-05;sexta-feira;18:15:00;PR;116;RIO NEGRO;Ausï¿½ncia de reaï¿½ï¿½o do condutor;Colisï¿½o transversal;Com Vï¿½timas Feridas;Anoitecer;Garoa/Chuvisco;Simples;"Reta;Aclive";Sim;0;0
2025-09-05;sexta-feira;17:50:00;MG;116;TEOFILO OTONI;Ausï¿½ncia de reaï¿½ï¿½o do condutor;Atropelamento de Pedestre;Com Vï¿½timas Feridas;Anoitecer;Cï¿½u Claro;Simples;Reta;Sim;0;0
2025-09-05;sexta-feira;18:50:00;PE;101;IGARASSU;Animais na Pista;Atropelamento de Animal;Com Vï¿½timas Feridas;Plena Noite;Cï¿½u Claro;Dupla;"Reta;Aclive";Sim;0;0
2025-09-05;sexta-feira;14:00:00;SC;101;IMBITUBA;Velocidade Incompatï¿½vel;Saï¿½da de leito carroï¿½ï¿½vel;Com Vï¿½timas Feridas;Pleno dia;Garoa/Chuvisco;Mï¿½ltipla;Reta;Sim;0;0
2025-09-05;sexta-feira;18:40:00;BA;324;SIMOES FILHO;Trafegar com motocicleta (ou similar) entre as faixas;Colisï¿½o lateral mesmo sentido;Com Vï¿½timas Feridas;Pleno dia;Cï¿½u Claro;Dupla;Reta;Sim;0;0
2025-09-05;sexta-feira;18:30:00;RJ;393;BARRA MANSA;Deficiï¿½ncia do Sistema de Iluminaï¿½ï¿½o/Sinalizaï¿½ï¿½o;Colisï¿½o transversal;Com Vï¿½timas Feridas;Plena Noite;Cï¿½u Claro;Simples;"Reta;Interseï¿½ï¿½o de Vias";Sim;0;0
2025-09-05;sexta-feira;15:40:00;RJ;101;SAO GONCALO;Ausï¿½ncia de reaï¿½ï¿½o do condutor;Colisï¿½o traseira;Com Vï¿½timas Feridas;Pleno dia;Cï¿½u Claro;Dupla;Reta;Sim;0;0
2025-09-05;sexta-feira;19:00:00;PR;376;SAO JOSE DOS PINHAIS;Condutor deixou de manter distï¿½ncia do veï¿½culo da frente;Colisï¿½o traseira;Com Vï¿½timas Feridas;Plena Noite;Nublado;Dupla;Curva;Sim;0;0
2025-09-05;sexta-feira;15:50:00;RJ;40;DUQUE DE CAXIAS;Estacionar ou parar em local proibido;Colisï¿½o transversal;Com Vï¿½timas Feridas;Pleno dia;Cï¿½u Claro;Dupla;Reta;Sim;0;0
2025-09-05;sexta-feira;19:45:00;PR;369;APUCARANA;Transitar na contramï¿½o;Colisï¿½o lateral sentido oposto;Com Vï¿½timas Fatais;Plena Noite;Cï¿½u Claro;Simples;Reta;Sim;1;1
2025-09-05;sexta-feira;19:15:00;SC;101;TUBARAO;Condutor deixou de manter distï¿½ncia do veï¿½culo da frente;Colisï¿½o traseira;Com Vï¿½timas Feridas;Plena Noite;Chuva;Dupla;Reta;Nï¿½o;0;0
2025-09-05;sexta-feira;18:00:00;RJ;101;ITABORAI;Ausï¿½ncia de reaï¿½ï¿½o do condutor;Queda de ocupante de veï¿½culo;Sem Vï¿½timas;Pleno dia;Cï¿½u Claro;Dupla;Curva;Nï¿½o;0;0
2025-09-05;sexta-feira;18:45:00;RN;304;ACU;Animais na Pista;Atropelamento de Animal;Sem Vï¿½timas;Plena Noite;Cï¿½u Claro;Simples;Reta;Sim;0;0
2025-09-05;sexta-feira;19:20:00;DF;20;BRASILIA;Condutor deixou de manter distï¿½ncia do veï¿½culo da frente;Colisï¿½o traseira;Com Vï¿½timas Feridas;Plena Noite;Cï¿½u Claro;Mï¿½ltipla;Reta;Sim;0;0
2025-09-05;sexta-feira;16:20:00;AC;364;BUJARI;Ingestï¿½o de ï¿½lcool pelo condutor;Saï¿½da de leito carroï¿½ï¿½vel;Com Vï¿½timas Feridas;Pleno dia;Nublado;Simples;"Declive;Curva";Nï¿½o;0;0
2025-09-05;sexta-feira;19:50:00;SC;470;LONTRAS;Velocidade Incompatï¿½vel;Saï¿½da de leito carroï¿½ï¿½vel;Com Vï¿½timas Feridas;Plena Noite;Chuva;Simples;Reta;Sim;0;0
2025-09-05;sexta-feira;18:19:00;ES;393;CACHOEIRO DE ITAPEMIRIM;Condutor deixou de manter distï¿½ncia do veï¿½culo da frente;Queda de ocupante de veï¿½culo;Com Vï¿½timas Feridas;Anoitecer;Cï¿½u Claro;Simples;Reta;Sim;0;0
2025-09-05;sexta-feira;18:40:00;RJ;493;NOVA IGUACU;Animais na Pista;Atropelamento de Animal;Com Vï¿½timas Feridas;Plena Noite;Nublado;Dupla;Reta;Nï¿½o;0;0
2025-09-05;sexta-feira;19:30:00;PE;232;GRAVATA;Acesso irregular;Colisï¿½o traseira;Com Vï¿½timas Feridas;Plena Noite;Cï¿½u Claro;Dupla;Reta;Nï¿½o;0;0
2025-09-05;sexta-feira;19:20:00;ES;101;CONCEICAO DA BARRA;Velocidade Incompatï¿½vel;Saï¿½da de leito carroï¿½ï¿½vel;Com Vï¿½timas Feridas;Plena Noite;Nublado;Simples;Reta;Nï¿½o;0;0
2025-09-05;sexta-feira;18:30:00;BA;110;PAULO AFONSO;Animais na Pista;Atropelamento de Animal;Com Vï¿½timas Feridas;Plena Noite;Nublado;Simples;Reta;Nï¿½o;0;0
2025-09-05;sexta-feira;21:00:00;PR;476;CURITIBA;Avarias e/ou desgaste excessivo no pneu;Saï¿½da de leito carroï¿½ï¿½vel;Com Vï¿½timas Fatais;Plena Noite;Chuva;Dupla;Reta;Nï¿½o;1;1
2025-09-05;sexta-feira;17:35:00;PI;316;PICOS;Acessar a via sem observar a presenï¿½a dos outros veï¿½culos;Colisï¿½o transversal;Com Vï¿½timas Feridas;Pleno dia;Cï¿½u Claro;Simples;Curva;Sim;0;0
2025-09-05;sexta-feira;20:50:00;MG;40;SANTOS DUMONT;Acessar a via sem observar a presenï¿½a dos outros veï¿½culos;Atropelamento de Pedestre;Com Vï¿½timas Feridas;Plena Noite;Cï¿½u Claro;Simples;Curva;Nï¿½o;0;0
2025-09-05;sexta-feira;20:40:00;RJ;101;SAO GONCALO;Trafegar com motocicleta (ou similar) entre as faixas;Colisï¿½o lateral mesmo sentido;Com Vï¿½timas Feridas;Plena Noite;Cï¿½u Claro;Dupla;Reta;Sim;0;0
2025-09-05;sexta-feira;19:50:00;RS;290;BUTIA;Acessar a via sem observar a presenï¿½a dos outros veï¿½culos;Colisï¿½o lateral mesmo sentido;Com Vï¿½timas Feridas;Plena Noite;Cï¿½u Claro;Simples;Reta;Sim;0;0
2025-09-05;sexta-feira;21:10:00;RN;101;EXTREMOZ;Condutor deixou de manter distï¿½ncia do veï¿½culo da frente;Colisï¿½o lateral mesmo sentido;Com Vï¿½timas Feridas;Plena Noite;Nublado;Simples;Reta;Nï¿½o;0;0
2025-09-05;sexta-feira;19:30:00;RR;174;IRACEMA;Ultrapassagem Indevida;Colisï¿½o frontal;Com Vï¿½timas Fatais;Plena Noite;Cï¿½u Claro;Simples;Reta;Nï¿½o;1;1
2025-09-05;sexta-feira;21:10:00;CE;116;AQUIRAZ;Reaï¿½ï¿½o tardia ou ineficiente do condutor;Tombamento;Com Vï¿½timas Feridas;Plena Noite;Cï¿½u Claro;Dupla;Reta;Nï¿½o;0;0
2025-09-05;sexta-feira;18:30:00;RO;364;JI-PARANA;Conversï¿½o proibida;Colisï¿½o lateral mesmo sentido;Com Vï¿½timas Feridas;Plena Noite;Cï¿½u Claro;Simples;"Interseï¿½ï¿½o de Vias;Reta";Sim;0;0
2025-09-05;sexta-feira;18:30:00;RO;364;VILHENA;Desrespeitar a preferï¿½ncia no cruzamento;Colisï¿½o transversal;Com Vï¿½timas Feridas;Anoitecer;Cï¿½u Claro;Dupla;Rotatï¿½ria;Sim;0;0
2025-09-05;sexta-feira;19:10:00;PR;376;TIBAGI;Velocidade Incompatï¿½vel;Saï¿½da de leito carroï¿½ï¿½vel;Com Vï¿½timas Feridas;Plena Noite;Garoa/Chuvisco;Dupla;"Curva;Declive";Nï¿½o;0;0
2025-09-05;sexta-feira;20:50:00;RS;386;NOVA SANTA RITA;Ausï¿½ncia de reaï¿½ï¿½o do condutor;Queda de ocupante de veï¿½culo;Com Vï¿½timas Feridas;Plena Noite;Nublado;Dupla;Reta;Sim;0;0
2025-09-05;sexta-feira;21:40:00;SP;381;SAO PAULO;Pedestre andava na pista;Atropelamento de Pedestre;Sem Vï¿½timas;Plena Noite;Cï¿½u Claro;Mï¿½ltipla;Reta;Sim;0;0
2025-09-05;sexta-feira;21:20:00;RJ;393;VOLTA REDONDA;Ultrapassagem Indevida;Colisï¿½o lateral mesmo sentido;Sem Vï¿½timas;Plena Noite;Cï¿½u Claro;Simples;"Interseï¿½ï¿½o de Vias;Declive";Sim;0;0
2025-09-05;sexta-feira;21:40:00;PR;116;CURITIBA;Acessar a via sem observar a presenï¿½a dos outros veï¿½culos;Colisï¿½o lateral mesmo sentido;Com Vï¿½timas Feridas;Pleno dia;Nublado;Dupla;Reta;Nï¿½o;0;0
2025-09-05;sexta-feira;18:30:00;RJ;116;NOVA IGUACU;Entrada inopinada do pedestre;Atropelamento de Pedestre;Com Vï¿½timas Fatais;Plena Noite;Cï¿½u Claro;Dupla;Reta;Nï¿½o;1;1
2025-09-05;sexta-feira;20:15:00;MG;381;ITATIAIUCU;Avarias e/ou desgaste excessivo no pneu;Saï¿½da de leito carroï¿½ï¿½vel;Com Vï¿½timas Feridas;Plena Noite;Cï¿½u Claro;Dupla;Curva;Nï¿½o;0;0
2025-09-05;sexta-feira;19:45:00;MG;381;BRUMADINHO;Demais falhas mecï¿½nicas ou elï¿½tricas;Incï¿½ndio;Sem Vï¿½timas;Plena Noite;Nublado;Dupla;"Reta;Declive";Nï¿½o;0;0
2025-09-05;sexta-feira;20:40:00;RJ;101;CASIMIRO DE ABREU;Condutor Dormindo;Saï¿½da de leito carroï¿½ï¿½vel;Sem Vï¿½timas;Plena Noite;Cï¿½u Claro;Dupla;Reta;Nï¿½o;0;0
2025-09-05;sexta-feira;19:15:00;MG;381;CORONEL FABRICIANO;Objeto estï¿½tico sobre o leito carroï¿½ï¿½vel;Colisï¿½o com objeto;Com Vï¿½timas Feridas;Pleno dia;Cï¿½u Claro;Simples;Reta;Nï¿½o;0;0
2025-09-05;sexta-feira;18:30:00;MG;116;PONTO DOS VOLANTES;Reaï¿½ï¿½o tardia ou ineficiente do condutor;Colisï¿½o transversal;Com Vï¿½timas Feridas;Pleno dia;Cï¿½u Claro;Simples;Reta;Sim;0;0
2025-09-05;sexta-feira;15:00:00;RO;364;CHUPINGUAIA;Transitar na contramï¿½o;Colisï¿½o frontal;Com Vï¿½timas Feridas;Pleno dia;Cï¿½u Claro;Simples;Aclive;Nï¿½o;0;0
2025-09-05;sexta-feira;23:10:00;DF;80;BRASILIA;Ingestï¿½o de ï¿½lcool pelo condutor;Colisï¿½o lateral mesmo sentido;Sem Vï¿½timas;Plena Noite;Cï¿½u Claro;Simples;Reta;Sim;0;0
2025-09-05;sexta-feira;18:10:00;RO;364;VILHENA;Acessar a via sem observar a presenï¿½a dos outros veï¿½culos;Colisï¿½o transversal;Com Vï¿½timas Feridas;Plena Noite;Cï¿½u Claro;Simples;Reta;Sim;0;0
2025-09-05;sexta-feira;22:10:00;PR;376;GUARATUBA;Velocidade Incompatï¿½vel;Colisï¿½o traseira;Com Vï¿½timas Feridas;Plena Noite;Garoa/Chuvisco;Simples;Declive;Nï¿½o;0;0
2025-09-05;sexta-feira;22:40:00;DF;20;BRASILIA;Trafegar com motocicleta (ou similar) entre as faixas;Colisï¿½o com objeto;Com Vï¿½timas Feridas;Plena Noite;Cï¿½u Claro;Dupla;Declive;Sim;0;0
2025-09-05;sexta-feira;22:28:00;MG;40;NOVA LIMA;Demais falhas mecï¿½nicas ou elï¿½tricas;Tombamento;Com Vï¿½timas Feridas;Plena Noite;Cï¿½u Claro;Dupla;Reta;Nï¿½o;0;0
2025-09-05;sexta-feira;21:45:00;PR;277;CASCAVEL;Conversï¿½o proibida;Saï¿½da de leito carroï¿½ï¿½vel;Com Vï¿½timas Fatais;Plena Noite;Nevoeiro/Neblina;Simples;"Aclive;Reta";Sim;1;1
2025-09-05;sexta-feira;18:10:00;PI;316;PASSAGEM FRANCA DO PIAUI;Animais na Pista;Atropelamento de Animal;Com Vï¿½timas Feridas;Anoitecer;Cï¿½u Claro;Simples;Curva;Nï¿½o;0;0
2025-09-05;sexta-feira;23:15:00;MG;116;GOVERNADOR VALADARES;Animais na Pista;Atropelamento de Animal;Com Vï¿½timas Feridas;Plena Noite;Cï¿½u Claro;Simples;Reta;Sim;0;0
2025-09-05;sexta-feira;23:30:00;MG;381;EXTREMA;Manobra de mudanï¿½a de faixa;Colisï¿½o traseira;Com Vï¿½timas Feridas;Plena Noite;Cï¿½u Claro;Dupla;Reta;Nï¿½o;0;0
2025-09-05;sexta-feira;21:00:00;PA;230;ALTAMIRA;Transitar na contramï¿½o;Colisï¿½o frontal;Com Vï¿½timas Feridas;Plena Noite;Ignorado;Simples;Reta;Sim;0;0
2025-09-05;sexta-feira;18:20:00;MS;436;APARECIDA DO TABOADO;Ausï¿½ncia de reaï¿½ï¿½o do condutor;Colisï¿½o com objeto;Sem Vï¿½timas;Plena Noite;Cï¿½u Claro;Dupla;"Ponte;Reta;Em Obras";Nï¿½o;0;0
2025-09-05;sexta-feira;23:15:00;CE;116;FORTALEZA;Pedestre - Ingestï¿½o de ï¿½lcool/ substï¿½ncias psicoativas;Atropelamento de Pedestre;Com Vï¿½timas Feridas;Plena Noite;Cï¿½u Claro;Mï¿½ltipla;Reta;Sim;0;0
2025-09-06;sï¿½bado;00:20:00;RS;290;ELDORADO DO SUL;Ingestï¿½o de ï¿½lcool pelo condutor;Colisï¿½o com objeto;Sem Vï¿½timas;Plena Noite;Cï¿½u Claro;Dupla;Reta;Sim;0;0
2025-09-06;sï¿½bado;00:50:00;GO;20;VILA BOA;Animais na Pista;Atropelamento de Animal;Com Vï¿½timas Feridas;Plena Noite;Cï¿½u Claro;Dupla;Reta;Nï¿½o;0;0
2025-09-06;sï¿½bado;01:30:00;RS;470;CARLOS BARBOSA;Reaï¿½ï¿½o tardia ou ineficiente do condutor;Saï¿½da de leito carroï¿½ï¿½vel;Sem Vï¿½timas;Plena Noite;Nublado;Simples;Reta;Sim;0;0
2025-09-06;sï¿½bado;02:15:00;DF;70;BRASILIA;Reaï¿½ï¿½o tardia ou ineficiente do condutor;Colisï¿½o com objeto;Com Vï¿½timas Feridas;Plena Noite;Nublado;Mï¿½ltipla;Reta;Sim;0;0
2025-09-06;sï¿½bado;02:20:00;ES;101;LINHARES;Ingestï¿½o de ï¿½lcool pelo condutor;Saï¿½da de leito carroï¿½ï¿½vel;Com Vï¿½timas Feridas;Plena Noite;Cï¿½u Claro;Mï¿½ltipla;"Retorno Regulamentado;Reta";Sim;0;0
2025-09-06;sï¿½bado;01:30:00;GO;40;CRISTALINA;Reaï¿½ï¿½o tardia ou ineficiente do condutor;Saï¿½da de leito carroï¿½ï¿½vel;Com Vï¿½timas Feridas;Plena Noite;Cï¿½u Claro;Dupla;Reta;Nï¿½o;0;0
2025-09-06;sï¿½bado;01:40:00;PR;376;CAMBIRA;Ausï¿½ncia de reaï¿½ï¿½o do condutor;Saï¿½da de leito carroï¿½ï¿½vel;Com Vï¿½timas Feridas;Plena Noite;Cï¿½u Claro;Dupla;Reta;Nï¿½o;0;0
2025-09-06;sï¿½bado;02:00:00;MG;381;BETIM;Pedestre andava na pista;Atropelamento de Pedestre;Com Vï¿½timas Feridas;Plena Noite;Cï¿½u Claro;Dupla;Reta;Sim;0;0
2025-09-06;sï¿½bado;03:00:00;RS;116;SAO LEOPOLDO;Ausï¿½ncia de reaï¿½ï¿½o do condutor;Colisï¿½o com objeto;Sem Vï¿½timas;Plena Noite;Nublado;Dupla;"Rotatï¿½ria;Viaduto";Sim;0;0
2025-09-06;sï¿½bado;02:00:00;RJ;116;PIRAI;Condutor Dormindo;Colisï¿½o com objeto;Com Vï¿½timas Feridas;Plena Noite;Ignorado;Mï¿½ltipla;"Aclive;Reta";Nï¿½o;0;0
2025-09-05;sexta-feira;23:30:00;RJ;101;RIO DE JANEIRO;Avarias e/ou desgaste excessivo no pneu;Tombamento;Com Vï¿½timas Feridas;Plena Noite;Cï¿½u Claro;Simples;"Reta;Ponte";Sim;0;0
2025-09-06;sï¿½bado;03:30:00;MA;10;IMPERATRIZ;Ausï¿½ncia de reaï¿½ï¿½o do condutor;Colisï¿½o com objeto;Sem Vï¿½timas;Plena Noite;Cï¿½u Claro;Dupla;Reta;Sim;0;0
2025-09-06;sï¿½bado;05:00:00;PR;369;JATAIZINHO;Problema na suspensï¿½o;Colisï¿½o com objeto;Com Vï¿½timas Feridas;Plena Noite;Cï¿½u Claro;Dupla;"Reta;Ponte";Nï¿½o;0;0
2025-09-06;sï¿½bado;04:00:00;RJ;101;ITAGUAI;Iluminaï¿½ï¿½o deficiente;Saï¿½da de leito carroï¿½ï¿½vel;Com Vï¿½timas Feridas;Plena Noite;Ignorado;Dupla;Reta;Sim;0;0
2025-09-06;sï¿½bado;04:08:00;RJ;116;NOVA IGUACU;Entrada inopinada do pedestre;Atropelamento de Pedestre;Com Vï¿½timas Fatais;Amanhecer;Cï¿½u Claro;Dupla;Reta;Sim;1;1