data_inversa;dia_semana;horario;uf;br;municipio;causa_acidente;tipo_acidente;classificacao_acidente;fase_dia;condicao_metereologica;tipo_pista;tracado_via;uso_solo;mortos;acidente_fatal
2025-09-15;segunda-feira;21:40:00;MG;116;CARATINGA;Reaï¿½ï¿½o tardia ou ineficiente do condutor;Colisï¿½o lateral mesmo sentido;Com Vï¿½timas Feridas;Plena Noite;Nublado;Simples;Reta;Sim;0;0
2025-09-16;terï¿½a-feira;06:50:00;RJ;101;CAMPOS DOS GOYTACAZES;Demais falhas mecï¿½nicas ou elï¿½tricas;Incï¿½ndio;Sem Vï¿½timas;Pleno dia;Cï¿½u Claro;Simples;"Aclive;Curva";Nï¿½o;0;0
2025-09-16;terï¿½a-feira;07:30:00;ES;259;COLATINA;Ausï¿½ncia de reaï¿½ï¿½o do condutor;Tombamento;Com Vï¿½timas Feridas;Pleno dia;Chuva;Simples;Reta;Nï¿½o;0;0
2025-09-16;terï¿½a-feira;06:50:00;PR;369;ARAPONGAS;Pista Escorregadia;Queda de ocupante de veï¿½culo;Com Vï¿½timas Feridas;Pleno dia;Nublado;Simples;Rotatï¿½ria;Sim;0;0
2025-09-16;terï¿½a-feira;07:20:00;RJ;40;DUQUE DE CAXIAS;Conversï¿½o proibida;Colisï¿½o transversal;Com Vï¿½timas Feridas;Pleno dia;Cï¿½u Claro;Mï¿½ltipla;Reta;Sim;0;0
2025-09-16;terï¿½a-feira;07:30:00;SP;116;GUARULHOS;Reaï¿½ï¿½o tardia ou ineficiente do condutor;Colisï¿½o lateral mesmo sentido;Com Vï¿½timas Feridas;Pleno dia;Cï¿½u Claro;Mï¿½ltipla;Reta;Sim;0;0
2025-09-16;terï¿½a-feira;05:10:00;MG;381;PERIQUITO;Acessar a via sem observar a presenï¿½a dos outros veï¿½culos;Colisï¿½o frontal;Com Vï¿½timas Feridas;Amanhecer;Ignorado;Simples;Curva;Nï¿½o;0;0
2025-09-16;terï¿½a-feira;08:10:00;BA;324;AMELIA RODRIGUES;Demais falhas mecï¿½nicas ou elï¿½tricas;Incï¿½ndio;Sem Vï¿½timas;Pleno dia;Cï¿½u Claro;Dupla;Reta;Sim;0;0
2025-09-16;terï¿½a-feira;07:00:00;RJ;116;GUAPIMIRIM;Ausï¿½ncia de reaï¿½ï¿½o do condutor;Queda de ocupante de veï¿½culo;Com Vï¿½timas Feridas;Pleno dia;Cï¿½u Claro;Dupla;Reta;Sim;0;0
2025-09-16;terï¿½a-feira;07:30:00;RS;116;PELOTAS;Velocidade Incompatï¿½vel;Colisï¿½o com objeto;Com Vï¿½timas Fatais;Amanhecer;Cï¿½u Claro;Simples;Reta;Nï¿½o;1;1
2025-09-16;terï¿½a-feira;07:50:00;MG;381;BETIM;Trafegar com motocicleta (ou similar) entre as faixas;Colisï¿½o lateral mesmo sentido;Sem Vï¿½timas;Pleno dia;Cï¿½u Claro;Mï¿½ltipla;"Aclive;Reta";Nï¿½o;0;0
2025-09-16;terï¿½a-feira;07:40:00;PR;277;SAO JOSE DOS PINHAIS;Acessar a via sem observar a presenï¿½a dos outros veï¿½culos;Colisï¿½o transversal;Com Vï¿½timas Feridas;Pleno dia;Cï¿½u Claro;Dupla;Reta;Sim;0;0
2025-09-16;terï¿½a-feira;07:20:00;PR;376;GUARATUBA;Ausï¿½ncia de reaï¿½ï¿½o do condutor;Atropelamento de Pedestre;Com Vï¿½timas Fatais;Pleno dia;Cï¿½u Claro;Dupla;Curva;Nï¿½o;1;1
2025-07-27;domingo;18:40:00;PR;153;JACAREZINHO;Velocidade Incompatï¿½vel;Queda de ocupante de veï¿½culo;Com Vï¿½timas Feridas;Anoitecer;Cï¿½u Claro;Simples;Reta;Nï¿½o;0;0
2025-09-16;terï¿½a-feira;08:00:00;PR;116;COLOMBO;Demais falhas na via;Colisï¿½o com objeto;Com Vï¿½timas Feridas;Pleno dia;Cï¿½u Claro;Dupla;Reta;Sim;0;0
2025-09-16;terï¿½a-feira;08:40:00;SP;381;BRAGANCA PAULISTA;Ausï¿½ncia de reaï¿½ï¿½o do condutor;Colisï¿½o lateral mesmo sentido;Com Vï¿½timas Feridas;Pleno dia;Cï¿½u Claro;Simples;"Curva;Declive";Nï¿½o;0;0
2025-09-16;terï¿½a-feira;08:20:00;PR;277;CAMPO LARGO;Ausï¿½ncia de reaï¿½ï¿½o do condutor;Colisï¿½o traseira;Sem Vï¿½timas;Pleno dia;Cï¿½u Claro;Dupla;"Declive;Curva";Nï¿½o;0;0
2025-09-16;terï¿½a-feira;08:27:00;PE;101;JABOATAO DOS GUARARAPES;Trafegar com motocicleta (ou similar) entre as faixas;Colisï¿½o lateral mesmo sentido;Com Vï¿½timas Feridas;Pleno dia;Cï¿½u Claro;Mï¿½ltipla;Reta;Sim;0;0
2025-09-16;terï¿½a-feira;08:10:00;PR;277;SAO JOSE DOS PINHAIS;Ausï¿½ncia de reaï¿½ï¿½o do condutor;Colisï¿½o traseira;Com Vï¿½timas Feridas;Pleno dia;Sol;Dupla;Reta;Sim;0;0
2025-09-16;terï¿½a-feira;08:00:00;PI;316;PICOS;Condutor deixou de manter distï¿½ncia do veï¿½culo da frente;Colisï¿½o lateral mesmo sentido;Com Vï¿½timas Feridas;Pleno dia;Sol;Simples;Reta;Sim;0;0
2025-09-16;terï¿½a-feira;07:30:00;MG;116;MANHUACU;Acessar a via sem observar a presenï¿½a dos outros veï¿½culos;Colisï¿½o frontal;Com Vï¿½timas Feridas;Pleno dia;Cï¿½u Claro;Simples;"Curva;Declive;Interseï¿½ï¿½o de Vias";Nï¿½o;0;0
2025-09-16;terï¿½a-feira;08:15:00;SP;116;PINDAMONHANGABA;Reaï¿½ï¿½o tardia ou ineficiente do condutor;Engavetamento;Com Vï¿½timas Feridas;Pleno dia;Nublado;Dupla;Reta;Nï¿½o;0;0
2025-09-15;segunda-feira;03:59:00;MG;116;CARATINGA;Ausï¿½ncia de reaï¿½ï¿½o do condutor;Saï¿½da de leito carroï¿½ï¿½vel;Com Vï¿½timas Feridas;Plena Noite;Cï¿½u Claro;Simples;Reta;Sim;0;0
2025-09-16;terï¿½a-feira;08:40:00;ES;393;CACHOEIRO DE ITAPEMIRIM;Ausï¿½ncia de reaï¿½ï¿½o do condutor;Colisï¿½o traseira;Com Vï¿½timas Feridas;Pleno dia;Sol;Simples;"Reta;Interseï¿½ï¿½o de Vias";Sim;0;0
2025-09-16;terï¿½a-feira;08:44:00;BA;101;EUNAPOLIS;Ausï¿½ncia de reaï¿½ï¿½o do condutor;Colisï¿½o lateral mesmo sentido;Com Vï¿½timas Feridas;Pleno dia;Sol;Simples;"Interseï¿½ï¿½o de Vias;Curva";Sim;0;0
2025-09-16;terï¿½a-feira;09:00:00;MS;163;CAMPO GRANDE;Ausï¿½ncia de reaï¿½ï¿½o do condutor;Capotamento;Com Vï¿½timas Feridas;Pleno dia;Chuva;Simples;Reta;Nï¿½o;0;0
2025-09-16;terï¿½a-feira;09:54:00;PE;116;SALGUEIRO;Acessar a via sem observar a presenï¿½a dos outros veï¿½culos;Colisï¿½o lateral mesmo sentido;Com Vï¿½timas Feridas;Pleno dia;Cï¿½u Claro;Simples;Reta;Nï¿½o;0;0
2025-09-13;sï¿½bado;12:00:00;ES;262;MARECHAL FLORIANO;Avarias e/ou desgaste excessivo no pneu;Saï¿½da de leito carroï¿½ï¿½vel;Com Vï¿½timas Feridas;Pleno dia;Chuva;Simples;Retorno Regulamentado;Nï¿½o;0;0
2025-09-16;terï¿½a-feira;08:56:00;RO;319;PORTO VELHO;Acessar a via sem observar a presenï¿½a dos outros veï¿½culos;Colisï¿½o transversal;Com Vï¿½timas Feridas;Pleno dia;Sol;Mï¿½ltipla;Interseï¿½ï¿½o de Vias;Sim;0;0
2025-09-16;terï¿½a-feira;09:10:00;ES;101;ARACRUZ;Condutor Dormindo;Colisï¿½o com objeto;Com Vï¿½timas Feridas;Pleno dia;Cï¿½u Claro;Simples;Reta;Nï¿½o;0;0
2025-09-16;terï¿½a-feira;10:00:00;MG;50;UBERLANDIA;Condutor deixou de manter distï¿½ncia do veï¿½culo da frente;Colisï¿½o traseira;Com Vï¿½timas Feridas;Pleno dia;Cï¿½u Claro;Dupla;Reta;Sim;0;0
2025-09-16;terï¿½a-feira;10:10:00;ES;101;SERRA;Acesso irregular;Colisï¿½o transversal;Com Vï¿½timas Feridas;Pleno dia;Garoa/Chuvisco;Dupla;Reta;Nï¿½o;0;0
2025-09-16;terï¿½a-feira;10:00:00;SC;282;FLORIANOPOLIS;Reaï¿½ï¿½o tardia ou ineficiente do condutor;Saï¿½da de leito carroï¿½ï¿½vel;Sem Vï¿½timas;Pleno dia;Nublado;Mï¿½ltipla;Reta;Sim;0;0
2025-09-16;terï¿½a-feira;09:20:00;AM;319;TAPAUA;Acumulo de areia ou detritos sobre o pavimento;Tombamento;Com Vï¿½timas Feridas;Pleno dia;Cï¿½u Claro;Simples;Reta;Nï¿½o;0;0
2025-09-16;terï¿½a-feira;10:20:00;SE;101;ROSARIO DO CATETE;Chuva;Saï¿½da de leito carroï¿½ï¿½vel;Com Vï¿½timas Feridas;Pleno dia;Chuva;Simples;Curva;Nï¿½o;0;0
2025-09-16;terï¿½a-feira;10:35:00;PE;104;CARUARU;Animais na Pista;Atropelamento de Animal;Com Vï¿½timas Feridas;Pleno dia;Nublado;Dupla;"Reta;Retorno Regulamentado";Sim;0;0
2025-09-16;terï¿½a-feira;11:15:00;SC;101;ARARANGUA;Desrespeitar a preferï¿½ncia no cruzamento;Colisï¿½o transversal;Com Vï¿½timas Feridas;Pleno dia;Nublado;Simples;Viaduto;Sim;0;0
2025-07-26;sï¿½bado;18:00:00;RJ;116;MESQUITA;Manobra de mudanï¿½a de faixa;Colisï¿½o lateral mesmo sentido;Com Vï¿½timas Feridas;Plena Noite;Cï¿½u Claro;Mï¿½ltipla;Curva;Sim;0;0
2025-09-16;terï¿½a-feira;12:15:00;ES;447;VILA VELHA;Condutor deixou de manter distï¿½ncia do veï¿½culo da frente;Colisï¿½o traseira;Com Vï¿½timas Feridas;Pleno dia;Cï¿½u Claro;Dupla;Reta;Sim;0;0
2025-09-16;terï¿½a-feira;11:45:00;MG;40;SETE LAGOAS;Ultrapassagem Indevida;Colisï¿½o lateral mesmo sentido;Com Vï¿½timas Feridas;Pleno dia;Cï¿½u Claro;Mï¿½ltipla;Reta;Sim;0;0
2025-09-16;terï¿½a-feira;13:00:00;PR;476;ARAUCARIA;Demais falhas mecï¿½nicas ou elï¿½tricas;Tombamento;Com Vï¿½timas Feridas;Pleno dia;Cï¿½u Claro;Simples;Reta;Nï¿½o;0;0
2025-09-16;terï¿½a-feira;11:00:00;MG;116;INHAPIM;Acessar a via sem observar a presenï¿½a dos outros veï¿½culos;Colisï¿½o transversal;Com Vï¿½timas Feridas;Pleno dia;Cï¿½u Claro;Simples;"Reta;Interseï¿½ï¿½o de Vias";Sim;0;0
2025-09-16;terï¿½a-feira;13:00:00;ES;262;VIANA;Acessar a via sem observar a presenï¿½a dos outros veï¿½culos;Colisï¿½o transversal;Com Vï¿½timas Feridas;Pleno dia;Sol;Simples;Reta;Sim;0;0
2025-09-16;terï¿½a-feira;12:20:00;PI;343;ALTOS;Acessar a via sem observar a presenï¿½a dos outros veï¿½culos;Colisï¿½o transversal;Sem Vï¿½timas;Pleno dia;Cï¿½u Claro;Simples;Reta;Sim;0;0
2025-09-16;terï¿½a-feira;11:50:00;RJ;101;NITEROI;Condutor deixou de manter distï¿½ncia do veï¿½culo da frente;Colisï¿½o traseira;Com Vï¿½timas Feridas;Pleno dia;Cï¿½u Claro;Mï¿½ltipla;Reta;Nï¿½o;0;0
2025-09-16;terï¿½a-feira;13:30:00;SP;381;MAIRIPORA;Reaï¿½ï¿½o tardia ou ineficiente do condutor;Queda de ocupante de veï¿½culo;Com Vï¿½timas Feridas;Pleno dia;Chuva;Dupla;Declive;Nï¿½o;0;0
2025-09-16;terï¿½a-feira;08:15:00;MG;381;BELO ORIENTE;Condutor deixou de manter distï¿½ncia do veï¿½culo da frente;Colisï¿½o traseira;Com Vï¿½timas Feridas;Pleno dia;Sol;Simples;"Em Obras;Reta";Nï¿½o;0;0
2025-09-16;terï¿½a-feira;13:40:00;MG;381;ESTIVA;Chuva;Saï¿½da de leito carroï¿½ï¿½vel;Com Vï¿½timas Feridas;Pleno dia;Nublado;Dupla;"Curva;Aclive";Nï¿½o;0;0
2025-09-16;terï¿½a-feira;13:15:00;MS;267;JARDIM;Pedestre andava na pista;Atropelamento de Pedestre;Com Vï¿½timas Feridas;Pleno dia;Sol;Simples;Rotatï¿½ria;Sim;0;0
2025-09-16;terï¿½a-feira;14:23:00;PE;101;RECIFE;Condutor deixou de manter distï¿½ncia do veï¿½culo da frente;Colisï¿½o lateral mesmo sentido;Com Vï¿½timas Feridas;Pleno dia;Cï¿½u Claro;Dupla;Reta;Sim;0;0
2025-09-16;terï¿½a-feira;12:05:00;SC;280;MAFRA;Ingestï¿½o de substï¿½ncias psicoativas pelo condutor;Capotamento;Com Vï¿½timas Feridas;Pleno dia;Cï¿½u Claro;Simples;"Curva;Aclive";Nï¿½o;0;0
2025-03-03;segunda-feira;01:35:00;SP;116;ARUJA;Animais na Pista;Atropelamento de Animal;Com Vï¿½timas Feridas;Plena Noite;Ignorado;Dupla;"Declive;Reta";Sim;0;0
2025-09-16;terï¿½a-feira;14:00:00;AM;174;MANAUS;Reaï¿½ï¿½o tardia ou ineficiente do condutor;Colisï¿½o traseira;Com Vï¿½timas Feridas;Pleno dia;Cï¿½u Claro;Simples;"Declive;Interseï¿½ï¿½o de Vias";Sim;0;0
2025-09-16;terï¿½a-feira;15:35:00;SC;101;SAO JOSE;Objeto estï¿½tico sobre o leito carroï¿½ï¿½vel;Tombamento;Com Vï¿½timas Feridas;Pleno dia;Cï¿½u Claro;Dupla;Reta;Sim;0;0
2025-09-16;terï¿½a-feira;15:00:00;DF;20;BRASILIA;Ausï¿½ncia de reaï¿½ï¿½o do condutor;Colisï¿½o traseira;Com Vï¿½timas Feridas;Pleno dia;Cï¿½u Claro;Dupla;"Reta;Em Obras";Sim;0;0
2025-09-11;quinta-feira;17:40:00;PR;163;QUATRO PONTES;Velocidade Incompatï¿½vel;Capotamento;Sem Vï¿½timas;Pleno dia;Cï¿½u Claro;Dupla;Curva;Nï¿½o;0;0
2025-09-16;terï¿½a-feira;15:19:00;MG;262;ABRE CAMPO;Acessar a via sem observar a presenï¿½a dos outros veï¿½culos;Colisï¿½o transversal;Com Vï¿½timas Feridas;Pleno dia;Cï¿½u Claro;Simples;"Curva;Declive;Rotatï¿½ria";Sim;0;0
2025-09-16;terï¿½a-feira;15:50:00;RS;290;PORTO ALEGRE;Manobra de mudanï¿½a de faixa;Colisï¿½o lateral mesmo sentido;Com Vï¿½timas Feridas;Pleno dia;Cï¿½u Claro;Mï¿½ltipla;Reta;Sim;0;0
2025-09-16;terï¿½a-feira;15:20:00;MG;381;SAO GONCALO DO RIO ABAIXO;Ausï¿½ncia de reaï¿½ï¿½o do condutor;Colisï¿½o com objeto;Com Vï¿½timas Feridas;Pleno dia;Sol;Simples;"Curva;Aclive";Nï¿½o;0;0
2025-09-16;terï¿½a-feira;13:50:00;MS;60;SIDROLANDIA;Reaï¿½ï¿½o tardia ou ineficiente do condutor;Saï¿½da de leito carroï¿½ï¿½vel;Sem Vï¿½timas;Pleno dia;Ignorado;Simples;Curva;Nï¿½o;0;0
2025-09-16;terï¿½a-feira;15:23:00;GO;0;JATAI;Reaï¿½ï¿½o tardia ou ineficiente do condutor;Colisï¿½o traseira;Sem Vï¿½timas;Pleno dia;Garoa/Chuvisco;Simples;"Rotatï¿½ria;Interseï¿½ï¿½o de Vias;Reta";Sim;0;0
2025-09-16;terï¿½a-feira;15:00:00;ES;262;VENDA NOVA DO IMIGRANTE;Ausï¿½ncia de reaï¿½ï¿½o do condutor;Colisï¿½o traseira;Com Vï¿½timas Feridas;Pleno dia;Cï¿½u Claro;Simples;Reta;Sim;0;0
2025-09-16;terï¿½a-feira;15:21:00;SC;101;ITAPEMA;Acessar a via sem observar a presenï¿½a dos outros veï¿½culos;Colisï¿½o transversal;Com Vï¿½timas Feridas;Pleno dia;Sol;Simples;Reta;Sim;0;0
2025-08-07;quinta-feira;13:10:00;SC;282;SAO JOSE;Condutor deixou de manter distï¿½ncia do veï¿½culo da frente;Queda de ocupante de veï¿½culo;Com Vï¿½timas Feridas;Pleno dia;Nublado;Dupla;Curva;Sim;0;0
2025-09-13;sï¿½bado;06:55:00;ES;101;CONCEICAO DA BARRA;Reaï¿½ï¿½o tardia ou ineficiente do condutor;Tombamento;Com Vï¿½timas Feridas;Pleno dia;Nublado;Simples;"Aclive;Reta";Nï¿½o;0;0
2025-09-16;terï¿½a-feira;17:25:00;RN;101;NATAL;Ausï¿½ncia de reaï¿½ï¿½o do condutor;Colisï¿½o traseira;Com Vï¿½timas Feridas;Anoitecer;Cï¿½u Claro;Dupla;Reta;Sim;0;0
2025-09-16;terï¿½a-feira;17:10:00;RJ;116;GUAPIMIRIM;Chuva;Capotamento;Com Vï¿½timas Feridas;Anoitecer;Chuva;Simples;Curva;Nï¿½o;0;0
2025-09-16;terï¿½a-feira;17:20:00;PB;230;JOAO PESSOA;Acumulo de areia ou detritos sobre o pavimento;Tombamento;Com Vï¿½timas Feridas;Anoitecer;Cï¿½u Claro;Dupla;Curva;Sim;0;0
2025-09-16;terï¿½a-feira;15:10:00;RJ;101;MANGARATIBA;Acessar a via sem observar a presenï¿½a dos outros veï¿½culos;Colisï¿½o transversal;Com Vï¿½timas Feridas;Pleno dia;Chuva;Dupla;Reta;Sim;0;0
2025-09-16;terï¿½a-feira;17:32:00;RS;116;NOVO HAMBURGO;Trafegar com motocicleta (ou similar) entre as faixas;Colisï¿½o lateral mesmo sentido;Com Vï¿½timas Feridas;Anoitecer;Cï¿½u Claro;Mï¿½ltipla;Desvio Temporï¿½rio;Sim;0;0
2025-09-16;terï¿½a-feira;17:10:00;RJ;101;MANGARATIBA;Pista Escorregadia;Saï¿½da de leito carroï¿½ï¿½vel;Com Vï¿½timas Feridas;Pleno dia;Chuva;Simples;"Declive;Reta";Nï¿½o;0;0
2025-09-16;terï¿½a-feira;17:15:00;ES;101;LINHARES;Acessar a via sem observar a presenï¿½a dos outros veï¿½culos;Colisï¿½o transversal;Com Vï¿½timas Feridas;Pleno dia;Cï¿½u Claro;Mï¿½ltipla;"Reta;Interseï¿½ï¿½o de Vias";Sim;0;0
2025-09-16;terï¿½a-feira;17:40:00;SP;116;LAVRINHAS;Mal sï¿½bito do condutor;Saï¿½da de leito carroï¿½ï¿½vel;Com Vï¿½timas Feridas;Anoitecer;Chuva;Simples;Rotatï¿½ria;Nï¿½o;0;0
2025-09-16;terï¿½a-feira;11:40:00;SC;470;BLUMENAU;Trafegar com motocicleta (ou similar) entre as faixas;Colisï¿½o transversal;Com Vï¿½timas Feridas;Pleno dia;Cï¿½u Claro;Simples;Reta;Nï¿½o;0;0
2025-09-16;terï¿½a-feira;17:50:00;MG;262;UBERABA;Condutor deixou de manter distï¿½ncia do veï¿½culo da frente;Colisï¿½o traseira;Com Vï¿½timas Feridas;Anoitecer;Cï¿½u Claro;Dupla;Reta;Sim;0;0
2025-09-16;terï¿½a-feira;18:30:00;MG;40;JUIZ DE FORA;Manobra de mudanï¿½a de faixa;Colisï¿½o traseira;Com Vï¿½timas Feridas;Plena Noite;Nublado;Simples;Reta;Nï¿½o;0;0
2025-09-16;terï¿½a-feira;16:20:00;GO;153;URUACU;Acessar a via sem observar a presenï¿½a dos outros veï¿½culos;Colisï¿½o transversal;Com Vï¿½timas Feridas;Pleno dia;Cï¿½u Claro;Simples;"Retorno Regulamentado;Reta;Interseï¿½ï¿½o de Vias;Aclive";Sim;0;0
2025-09-16;terï¿½a-feira;17:00:00;PR;476;COLOMBO;Pedestre cruzava a pista fora da faixa;Atropelamento de Pedestre;Com Vï¿½timas Feridas;Plena Noite;Cï¿½u Claro;Mï¿½ltipla;Reta;Sim;0;0
2025-09-16;terï¿½a-feira;16:45:00;MA;230;BALSAS;Conversï¿½o proibida;Colisï¿½o lateral mesmo sentido;Com Vï¿½timas Feridas;Pleno dia;Cï¿½u Claro;Simples;Reta;Sim;0;0
2025-09-16;terï¿½a-feira;18:00:00;MG;116;TEOFILO OTONI;Reaï¿½ï¿½o tardia ou ineficiente do condutor;Colisï¿½o lateral mesmo sentido;Com Vï¿½timas Feridas;Plena Noite;Cï¿½u Claro;Mï¿½ltipla;Reta;Sim;0;0
2025-09-16;terï¿½a-feira;17:40:00;MG;116;TEOFILO OTONI;Avarias e/ou desgaste excessivo no pneu;Tombamento;Com Vï¿½timas Feridas;Anoitecer;Cï¿½u Claro;Mï¿½ltipla;Reta;Sim;0;0
2025-09-16;terï¿½a-feira;17:55:00;SC;282;AGUAS MORNAS;Transitar na contramï¿½o;Colisï¿½o frontal;Com Vï¿½timas Fatais;Pleno dia;Nublado;Simples;Curva;Nï¿½o;1;1
2025-09-16;terï¿½a-feira;18:00:00;RJ;356;CAMPOS DOS GOYTACAZES;Ausï¿½ncia de reaï¿½ï¿½o do condutor;Atropelamento de Pedestre;Com Vï¿½timas Feridas;Plena Noite;Cï¿½u Claro;Simples;Reta;Sim;0;0
2025-09-16;terï¿½a-feira;18:55:00;MG;40;NOVA LIMA;Acessar a via sem observar a presenï¿½a dos outros veï¿½culos;Colisï¿½o lateral mesmo sentido;Com Vï¿½timas Feridas;Plena Noite;Cï¿½u Claro;Dupla;Curva;Sim;0;0
2025-09-16;terï¿½a-feira;17:00:00;RJ;101;ANGRA DOS REIS;Pista Escorregadia;Saï¿½da de leito carroï¿½ï¿½vel;Com Vï¿½timas Feridas;Anoitecer;Chuva;Simples;"Declive;Curva";Nï¿½o;0;0
2025-09-16;terï¿½a-feira;18:30:00;RS;293;DOM PEDRITO;Desrespeitar a preferï¿½ncia no cruzamento;Colisï¿½o frontal;Com Vï¿½timas Feridas;Anoitecer;Cï¿½u Claro;Simples;Reta;Nï¿½o;0;0
2025-09-16;terï¿½a-feira;17:40:00;SC;282;XAXIM;Pedestre cruzava a pista fora da faixa;Atropelamento de Pedestre;Com Vï¿½timas Feridas;Pleno dia;Cï¿½u Claro;Simples;"Reta;Declive";Nï¿½o;0;0
2025-09-16;terï¿½a-feira;18:20:00;PR;476;ARAUCARIA;Trafegar com motocicleta (ou similar) entre as faixas;Colisï¿½o lateral mesmo sentido;Com Vï¿½timas Feridas;Anoitecer;Nublado;Dupla;Reta;Nï¿½o;0;0
2025-09-16;terï¿½a-feira;18:50:00;AL;316;MARIBONDO;Transitar na contramï¿½o;Colisï¿½o lateral sentido oposto;Com Vï¿½timas Feridas;Plena Noite;Cï¿½u Claro;Simples;Reta;Nï¿½o;0;0
2025-09-16;terï¿½a-feira;19:42:00;GO;60;RIO VERDE;Pedestre andava na pista;Atropelamento de Pedestre;Com Vï¿½timas Feridas;Plena Noite;Cï¿½u Claro;Dupla;"Reta;Aclive";Sim;0;0
2025-09-16;terï¿½a-feira;16:05:00;SC;280;GUARAMIRIM;Manobra de mudanï¿½a de faixa;Colisï¿½o lateral mesmo sentido;Com Vï¿½timas Feridas;Pleno dia;Sol;Dupla;Curva;Nï¿½o;0;0
2025-09-16;terï¿½a-feira;19:45:00;RN;405;PAU DOS FERROS;Pista Escorregadia;Queda de ocupante de veï¿½culo;Com Vï¿½timas Feridas;Plena Noite;Cï¿½u Claro;Dupla;Curva;Nï¿½o;0;0
2025-09-16;terï¿½a-feira;20:00:00;AP;156;OIAPOQUE;Desrespeitar a preferï¿½ncia no cruzamento;Colisï¿½o frontal;Com Vï¿½timas Feridas;Plena Noite;Cï¿½u Claro;Simples;Reta;Nï¿½o;0;0
2025-09-16;terï¿½a-feira;19:45:00;BA;116;SANTA BARBARA;Demais falhas mecï¿½nicas ou elï¿½tricas;Incï¿½ndio;Sem Vï¿½timas;Plena Noite;Cï¿½u Claro;Dupla;Reta;Nï¿½o;0;0
2025-09-16;terï¿½a-feira;13:33:00;MG;381;TIMOTEO;Acumulo de areia ou detritos sobre o pavimento;Queda de ocupante de veï¿½culo;Com Vï¿½timas Feridas;Pleno dia;Cï¿½u Claro;Simples;Reta;Nï¿½o;0;0
2025-09-16;terï¿½a-feira;07:30:00;PI;316;TERESINA;Frear bruscamente;Tombamento;Com Vï¿½timas Feridas;Pleno dia;Cï¿½u Claro;Mï¿½ltipla;"Reta;Declive";Sim;0;0
2025-09-16;terï¿½a-feira;17:48:00;CE;20;PEDRA BRANCA;Conversï¿½o proibida;Colisï¿½o transversal;Com Vï¿½timas Feridas;Amanhecer;Cï¿½u Claro;Simples;Interseï¿½ï¿½o de Vias;Sim;0;0
2025-09-16;terï¿½a-feira;18:40:00;RJ;101;SAO GONCALO;Trafegar com motocicleta (ou similar) entre as faixas;Colisï¿½o traseira;Com Vï¿½timas Feridas;Plena Noite;Chuva;Dupla;Curva;Sim;0;0
2025-09-16;terï¿½a-feira;19:15:00;BA;101;IBIRAPITANGA;Transitar na contramï¿½o;Colisï¿½o transversal;Com Vï¿½timas Fatais;Plena Noite;Cï¿½u Claro;Simples;Curva;Nï¿½o;1;1
2025-09-16;terï¿½a-feira;18:35:00;RS;392;SANTA MARIA;Ultrapassagem Indevida;Colisï¿½o com objeto;Com Vï¿½timas Feridas;Plena Noite;Cï¿½u Claro;Simples;Retorno Regulamentado;Sim;0;0
2025-09-16;terï¿½a-feira;15:40:00;SC;163;SAO MIGUEL DO OESTE;Acessar a via sem observar a presenï¿½a dos outros veï¿½culos;Colisï¿½o frontal;Com Vï¿½timas Feridas;Pleno dia;Cï¿½u Claro;Simples;"Reta;Interseï¿½ï¿½o de Vias";Nï¿½o;0;0
2025-08-09;sï¿½bado;21:00:00;AL;101;SAO MIGUEL DOS CAMPOS;Acessar a via sem observar a presenï¿½a dos outros veï¿½culos;Colisï¿½o transversal;Sem Vï¿½timas;Plena Noite;Cï¿½u Claro;Simples;Reta;Nï¿½o;0;0
2025-09-16;terï¿½a-feira;18:15:00;RJ;101;NITEROI;Demais Fenï¿½menos da natureza;Queda de ocupante de veï¿½culo;Com Vï¿½timas Feridas;Plena Noite;Chuva;Dupla;Reta;Sim;0;0
2025-08-31;domingo;20:00:00;RS;158;SANTA MARIA;Acessar a via sem observar a presenï¿½a dos outros veï¿½culos;Colisï¿½o traseira;Com Vï¿½timas Feridas;Plena Noite;Cï¿½u Claro;Dupla;Interseï¿½ï¿½o de Vias;Sim;0;0
2025-09-16;terï¿½a-feira;16:30:00;MG;381;TIMOTEO;Ausï¿½ncia de reaï¿½ï¿½o do condutor;Colisï¿½o traseira;Sem Vï¿½timas;Pleno dia;Cï¿½u Claro;Simples;Reta;Sim;0;0
2025-09-16;terï¿½a-feira;11:30:00;RO;435;COLORADO DO OESTE;Problema com o freio;Colisï¿½o com objeto;Sem Vï¿½timas;Pleno dia;Cï¿½u Claro;Dupla;Interseï¿½ï¿½o de Vias;Sim;0;0
2025-09-16;terï¿½a-feira;17:20:00;RJ;493;JAPERI;Demais falhas mecï¿½nicas ou elï¿½tricas;Saï¿½da de leito carroï¿½ï¿½vel;Sem Vï¿½timas;Anoitecer;Chuva;Dupla;Reta;Nï¿½o;0;0
2025-09-16;terï¿½a-feira;19:15:00;PE;423;CAETES;Ausï¿½ncia de reaï¿½ï¿½o do condutor;Colisï¿½o traseira;Com Vï¿½timas Feridas;Plena Noite;Cï¿½u Claro;Simples;"Reta;Aclive";Nï¿½o;0;0