data_inversa;dia_semana;horario;uf;br;municipio;causa_acidente;tipo_acidente;classificacao_acidente;fase_dia;condicao_metereologica;tipo_pista;tracado_via;uso_solo;mortos;acidente_fatal
2025-09-16;terï¿½a-feira;21:50:00;PB;230;CAMPINA GRANDE;Conversï¿½o proibida;Colisï¿½o transversal;Com Vï¿½timas Feridas;Plena Noite;Cï¿½u Claro;Simples;"Em Obras;Interseï¿½ï¿½o de Vias;Reta";Sim;0;0
2025-09-16;terï¿½a-feira;21:20:00;PR;153;IRATI;Acessar a via sem observar a presenï¿½a dos outros veï¿½culos;Colisï¿½o transversal;Com Vï¿½timas Feridas;Plena Noite;Cï¿½u Claro;Simples;Reta;Nï¿½o;0;0
2025-09-16;terï¿½a-feira;19:45:00;CE;116;MILAGRES;Velocidade Incompatï¿½vel;Colisï¿½o traseira;Com Vï¿½timas Feridas;Plena Noite;Cï¿½u Claro;Simples;Reta;Nï¿½o;0;0
2025-09-16;terï¿½a-feira;20:00:00;SC;0;NAVEGANTES;Acessar a via sem observar a presenï¿½a dos outros veï¿½culos;Colisï¿½o transversal;Com Vï¿½timas Feridas;Plena Noite;Cï¿½u Claro;Simples;"Retorno Regulamentado;Interseï¿½ï¿½o de Vias;Viaduto;Curva";Nï¿½o;0;0
2025-09-16;terï¿½a-feira;21:00:00;RJ;116;BARRA MANSA;Ausï¿½ncia de reaï¿½ï¿½o do condutor;Colisï¿½o traseira;Com Vï¿½timas Feridas;Plena Noite;Nublado;Dupla;"Aclive;Reta";Nï¿½o;0;0
2025-09-16;terï¿½a-feira;21:45:00;SP;116;JACAREI;Entrada inopinada do pedestre;Atropelamento de Pedestre;Com Vï¿½timas Feridas;Plena Noite;Cï¿½u Claro;Dupla;Reta;Nï¿½o;0;0
2025-09-16;terï¿½a-feira;22:40:00;PR;369;CORBELIA;Velocidade Incompatï¿½vel;Colisï¿½o com objeto;Com Vï¿½timas Feridas;Plena Noite;Cï¿½u Claro;Mï¿½ltipla;"Declive;Reta";Sim;0;0
2025-09-16;terï¿½a-feira;22:45:00;RS;392;RIO GRANDE;Ausï¿½ncia de reaï¿½ï¿½o do condutor;Colisï¿½o traseira;Com Vï¿½timas Feridas;Plena Noite;Cï¿½u Claro;Dupla;"Aclive;Reta";Nï¿½o;0;0
2025-09-16;terï¿½a-feira;17:20:00;SC;470;INDAIAL;Velocidade Incompatï¿½vel;Colisï¿½o transversal;Com Vï¿½timas Feridas;Pleno dia;Nublado;Simples;Reta;Sim;0;0
2025-09-16;terï¿½a-feira;22:32:00;RO;364;PIMENTA BUENO;Animais na Pista;Atropelamento de Animal;Com Vï¿½timas Fatais;Plena Noite;Cï¿½u Claro;Simples;"Aclive;Reta";Nï¿½o;1;1
2025-09-17;quarta-feira;00:05:00;MG;381;ITATIAIUCU;Ausï¿½ncia de reaï¿½ï¿½o do condutor;Colisï¿½o lateral mesmo sentido;Com Vï¿½timas Feridas;Plena Noite;Chuva;Dupla;Reta;Nï¿½o;0;0
2025-09-16;terï¿½a-feira;22:18:00;AC;364;SENADOR GUIOMARD;Reaï¿½ï¿½o tardia ou ineficiente do condutor;Saï¿½da de leito carroï¿½ï¿½vel;Com Vï¿½timas Feridas;Pleno dia;Cï¿½u Claro;Simples;Reta;Nï¿½o;0;0
2025-09-17;quarta-feira;04:30:00;RJ;101;RIO BONITO;Entrada inopinada do pedestre;Atropelamento de Pedestre;Com Vï¿½timas Fatais;Amanhecer;Nevoeiro/Neblina;Dupla;"Reta;Declive";Sim;1;1
2025-09-17;quarta-feira;07:05:00;PB;230;JOAO PESSOA;Frear bruscamente;Colisï¿½o com objeto;Com Vï¿½timas Feridas;Pleno dia;Cï¿½u Claro;Mï¿½ltipla;"Viaduto;Aclive;Reta";Sim;0;0
2025-09-17;quarta-feira;07:35:00;SC;101;PENHA;Manobra de mudanï¿½a de faixa;Colisï¿½o lateral mesmo sentido;Com Vï¿½timas Feridas;Pleno dia;Sol;Dupla;Reta;Nï¿½o;0;0
2025-09-17;quarta-feira;07:25:00;SC;470;RIO DO SUL;Desrespeitar a preferï¿½ncia no cruzamento;Colisï¿½o transversal;Com Vï¿½timas Feridas;Pleno dia;Cï¿½u Claro;Simples;"Reta;Retorno Regulamentado";Sim;0;0
2025-08-20;quarta-feira;17:30:00;PR;376;MARINGA;Acessar a via sem observar a presenï¿½a dos outros veï¿½culos;Colisï¿½o lateral mesmo sentido;Com Vï¿½timas Feridas;Pleno dia;Sol;Dupla;Reta;Sim;0;0
2025-09-17;quarta-feira;07:00:00;PE;232;RECIFE;Ausï¿½ncia de reaï¿½ï¿½o do condutor;Colisï¿½o lateral mesmo sentido;Com Vï¿½timas Feridas;Pleno dia;Cï¿½u Claro;Mï¿½ltipla;Reta;Nï¿½o;0;0
2025-09-17;quarta-feira;07:20:00;SC;101;CAMBORIU;Ausï¿½ncia de reaï¿½ï¿½o do condutor;Tombamento;Com Vï¿½timas Feridas;Pleno dia;Nublado;Dupla;Reta;Nï¿½o;0;0
2025-09-17;quarta-feira;06:40:00;RJ;40;DUQUE DE CAXIAS;Reaï¿½ï¿½o tardia ou ineficiente do condutor;Engavetamento;Com Vï¿½timas Feridas;Pleno dia;Nublado;Dupla;Reta;Sim;0;0
2025-09-17;quarta-feira;06:45:00;PI;316;LAGOA DO PIAUI;Ausï¿½ncia de reaï¿½ï¿½o do condutor;Colisï¿½o traseira;Com Vï¿½timas Feridas;Pleno dia;Cï¿½u Claro;Simples;"Declive;Reta";Nï¿½o;0;0
2025-09-17;quarta-feira;07:30:00;PR;116;QUATRO BARRAS;Reaï¿½ï¿½o tardia ou ineficiente do condutor;Queda de ocupante de veï¿½culo;Com Vï¿½timas Feridas;Pleno dia;Garoa/Chuvisco;Dupla;"Viaduto;Curva;Ponte";Sim;0;0
2025-09-16;terï¿½a-feira;18:45:00;RJ;101;CASIMIRO DE ABREU;Transitar na contramï¿½o;Colisï¿½o frontal;Com Vï¿½timas Feridas;Plena Noite;Garoa/Chuvisco;Dupla;Reta;Nï¿½o;0;0
2025-08-19;terï¿½a-feira;08:40:00;GO;153;APARECIDA DE GOIANIA;Velocidade Incompatï¿½vel;Colisï¿½o traseira;Com Vï¿½timas Feridas;Pleno dia;Cï¿½u Claro;Dupla;Reta;Sim;0;0
2025-09-17;quarta-feira;08:00:00;SP;116;GUARULHOS;Objeto estï¿½tico sobre o leito carroï¿½ï¿½vel;Tombamento;Com Vï¿½timas Feridas;Pleno dia;Cï¿½u Claro;Mï¿½ltipla;Reta;Sim;0;0
2025-09-17;quarta-feira;06:15:00;MS;376;IVINHEMA;Acostamento em desnï¿½vel;Tombamento;Com Vï¿½timas Feridas;Pleno dia;Sol;Simples;"Reta;Aclive";Sim;0;0
2025-09-17;quarta-feira;08:00:00;BA;242;SEABRA;Ultrapassagem Indevida;Colisï¿½o frontal;Sem Vï¿½timas;Pleno dia;Cï¿½u Claro;Simples;"Reta;Ponte";Nï¿½o;0;0
2025-09-17;quarta-feira;07:50:00;SP;153;MARILIA;Acumulo de ï¿½leo sobre o pavimento;Tombamento;Com Vï¿½timas Feridas;Pleno dia;Cï¿½u Claro;Dupla;Rotatï¿½ria;Sim;0;0
2025-09-17;quarta-feira;07:10:00;MT;364;JACIARA;Reaï¿½ï¿½o tardia ou ineficiente do condutor;Colisï¿½o transversal;Com Vï¿½timas Feridas;Pleno dia;Cï¿½u Claro;Dupla;Curva;Sim;0;0
2025-09-17;quarta-feira;09:00:00;SC;282;FLORIANOPOLIS;Manobra de mudanï¿½a de faixa;Colisï¿½o lateral mesmo sentido;Com Vï¿½timas Feridas;Pleno dia;Nublado;Dupla;Reta;Sim;0;0
2025-09-17;quarta-feira;06:40:00;BA;101;ENTRE RIOS;Mal sï¿½bito do condutor;Colisï¿½o traseira;Com Vï¿½timas Feridas;Pleno dia;Cï¿½u Claro;Dupla;Reta;Nï¿½o;0;0
2025-09-17;quarta-feira;08:35:00;GO;60;GOIANAPOLIS;Ausï¿½ncia de reaï¿½ï¿½o do condutor;Colisï¿½o traseira;Com Vï¿½timas Feridas;Pleno dia;Cï¿½u Claro;Mï¿½ltipla;Reta;Nï¿½o;0;0
2025-09-17;quarta-feira;09:20:00;SC;101;JOINVILLE;Demais falhas mecï¿½nicas ou elï¿½tricas;Capotamento;Com Vï¿½timas Feridas;Pleno dia;Cï¿½u Claro;Dupla;"Curva;Aclive";Sim;0;0
2025-09-17;quarta-feira;07:40:00;PI;343;PARNAIBA;Ausï¿½ncia de reaï¿½ï¿½o do condutor;Colisï¿½o transversal;Com Vï¿½timas Feridas;Pleno dia;Sol;Dupla;Reta;Sim;0;0
2025-09-17;quarta-feira;09:47:00;PB;230;CABEDELO;Condutor deixou de manter distï¿½ncia do veï¿½culo da frente;Colisï¿½o traseira;Com Vï¿½timas Feridas;Pleno dia;Cï¿½u Claro;Dupla;Reta;Sim;0;0
2025-09-17;quarta-feira;09:15:00;PE;232;TACAIMBO;Avarias e/ou desgaste excessivo no pneu;Queda de ocupante de veï¿½culo;Com Vï¿½timas Feridas;Pleno dia;Nublado;Simples;Reta;Nï¿½o;0;0
2025-09-17;quarta-feira;09:49:00;TO;153;PARAISO DO TOCANTINS;Ausï¿½ncia de reaï¿½ï¿½o do condutor;Tombamento;Com Vï¿½timas Feridas;Pleno dia;Cï¿½u Claro;Simples;Reta;Nï¿½o;0;0
2025-09-17;quarta-feira;10:45:00;PR;376;TIJUCAS DO SUL;Reaï¿½ï¿½o tardia ou ineficiente do condutor;Colisï¿½o com objeto;Com Vï¿½timas Feridas;Pleno dia;Nublado;Dupla;Reta;Nï¿½o;0;0
2025-09-17;quarta-feira;08:50:00;RJ;101;SAO GONCALO;Animais na Pista;Colisï¿½o traseira;Com Vï¿½timas Feridas;Pleno dia;Cï¿½u Claro;Dupla;Reta;Nï¿½o;0;0
2025-09-17;quarta-feira;09:50:00;PI;343;TERESINA;Manobra de mudanï¿½a de faixa;Colisï¿½o lateral mesmo sentido;Sem Vï¿½timas;Pleno dia;Cï¿½u Claro;Mï¿½ltipla;Reta;Sim;0;0
2025-09-14;domingo;17:20:00;RS;285;CARAZINHO;Transitar na contramï¿½o;Colisï¿½o frontal;Com Vï¿½timas Fatais;Pleno dia;Cï¿½u Claro;Simples;"Declive;Ponte;Reta";Nï¿½o;2;1
2025-09-17;quarta-feira;09:30:00;MS;163;CAMPO GRANDE;Ultrapassagem Indevida;Colisï¿½o lateral mesmo sentido;Sem Vï¿½timas;Pleno dia;Cï¿½u Claro;Dupla;"Rotatï¿½ria;Interseï¿½ï¿½o de Vias";Nï¿½o;0;0
2025-09-14;domingo;07:55:00;SP;101;UBATUBA;Problema com o freio;Colisï¿½o com objeto;Com Vï¿½timas Feridas;Pleno dia;Cï¿½u Claro;Simples;Rotatï¿½ria;Sim;0;0
2025-09-17;quarta-feira;11:00:00;SC;101;SAO JOSE;Acumulo de ï¿½leo sobre o pavimento;Tombamento;Com Vï¿½timas Feridas;Pleno dia;Nublado;Mï¿½ltipla;"Declive;Reta";Sim;0;0
2025-09-17;quarta-feira;10:18:00;BA;101;EUNAPOLIS;Condutor deixou de manter distï¿½ncia do veï¿½culo da frente;Colisï¿½o traseira;Com Vï¿½timas Feridas;Pleno dia;Cï¿½u Claro;Simples;"Reta;Aclive";Sim;0;0
2025-09-17;quarta-feira;10:50:00;BA;324;SIMOES FILHO;Reaï¿½ï¿½o tardia ou ineficiente do condutor;Colisï¿½o traseira;Com Vï¿½timas Feridas;Pleno dia;Sol;Dupla;"Reta;Aclive";Nï¿½o;0;0
2025-09-17;quarta-feira;11:00:00;DF;20;BRASILIA;Ausï¿½ncia de reaï¿½ï¿½o do condutor;Atropelamento de Pedestre;Com Vï¿½timas Fatais;Pleno dia;Cï¿½u Claro;Dupla;Reta;Sim;1;1
2025-09-17;quarta-feira;11:40:00;RJ;101;SILVA JARDIM;Ausï¿½ncia de reaï¿½ï¿½o do condutor;Colisï¿½o com objeto;Com Vï¿½timas Feridas;Pleno dia;Nublado;Dupla;Reta;Nï¿½o;0;0
2025-09-17;quarta-feira;11:50:00;BA;101;SANTO ANTONIO DE JESUS;Condutor deixou de manter distï¿½ncia do veï¿½culo da frente;Engavetamento;Sem Vï¿½timas;Pleno dia;Cï¿½u Claro;Simples;Reta;Sim;0;0
2025-09-17;quarta-feira;12:33:00;PR;277;PARANAGUA;Acessar a via sem observar a presenï¿½a dos outros veï¿½culos;Colisï¿½o lateral mesmo sentido;Com Vï¿½timas Feridas;Pleno dia;Cï¿½u Claro;Simples;"Curva;Interseï¿½ï¿½o de Vias";Sim;0;0
2025-09-17;quarta-feira;12:20:00;DF;20;BRASILIA;Velocidade Incompatï¿½vel;Colisï¿½o com objeto;Com Vï¿½timas Feridas;Pleno dia;Cï¿½u Claro;Dupla;"Declive;Curva";Nï¿½o;0;0
2025-09-17;quarta-feira;12:15:00;PE;104;CARUARU;Acessar a via sem observar a presenï¿½a dos outros veï¿½culos;Colisï¿½o lateral mesmo sentido;Sem Vï¿½timas;Pleno dia;Sol;Simples;Reta;Sim;0;0
2025-09-17;quarta-feira;10:45:00;RJ;101;CAMPOS DOS GOYTACAZES;Reaï¿½ï¿½o tardia ou ineficiente do condutor;Queda de ocupante de veï¿½culo;Com Vï¿½timas Feridas;Pleno dia;Cï¿½u Claro;Simples;Reta;Nï¿½o;0;0
2025-09-17;quarta-feira;12:35:00;MT;70;BARRA DO GARCAS;Conversï¿½o proibida;Colisï¿½o frontal;Com Vï¿½timas Feridas;Pleno dia;Cï¿½u Claro;Simples;"Reta;Interseï¿½ï¿½o de Vias";Sim;0;0
2025-09-17;quarta-feira;07:00:00;SC;282;CAMPOS NOVOS;Transitar na contramï¿½o;Colisï¿½o frontal;Com Vï¿½timas Feridas;Pleno dia;Cï¿½u Claro;Simples;"Reta;Aclive";Nï¿½o;0;0
2025-09-17;quarta-feira;14:00:00;MG;365;UBERLANDIA;Acessar a via sem observar a presenï¿½a dos outros veï¿½culos;Atropelamento de Pedestre;Com Vï¿½timas Feridas;Pleno dia;Cï¿½u Claro;Simples;Reta;Sim;0;0
2025-09-17;quarta-feira;13:30:00;BA;101;SANTO ANTONIO DE JESUS;Ausï¿½ncia de reaï¿½ï¿½o do condutor;Queda de ocupante de veï¿½culo;Com Vï¿½timas Feridas;Pleno dia;Cï¿½u Claro;Simples;"Reta;Aclive";Sim;0;0
2025-09-17;quarta-feira;13:00:00;SP;381;VARGEM;Acumulo de ï¿½leo sobre o pavimento;Tombamento;Com Vï¿½timas Feridas;Pleno dia;Cï¿½u Claro;Dupla;Reta;Sim;0;0
2025-09-17;quarta-feira;12:30:00;RJ;101;NITEROI;Manobra de mudanï¿½a de faixa;Colisï¿½o lateral mesmo sentido;Com Vï¿½timas Feridas;Pleno dia;Sol;Dupla;Reta;Sim;0;0
2025-09-17;quarta-feira;12:15:00;MG;262;JUATUBA;Ausï¿½ncia de reaï¿½ï¿½o do condutor;Tombamento;Com Vï¿½timas Feridas;Pleno dia;Cï¿½u Claro;Dupla;Reta;Nï¿½o;0;0
2025-09-17;quarta-feira;13:50:00;PR;376;TIBAGI;Velocidade Incompatï¿½vel;Capotamento;Com Vï¿½timas Feridas;Pleno dia;Cï¿½u Claro;Dupla;"Reta;Declive";Nï¿½o;0;0
2025-09-17;quarta-feira;11:40:00;MG;251;MONTES CLAROS;Ausï¿½ncia de reaï¿½ï¿½o do condutor;Colisï¿½o traseira;Sem Vï¿½timas;Pleno dia;Cï¿½u Claro;Simples;"Reta;Aclive";Nï¿½o;0;0
2025-09-17;quarta-feira;14:10:00;SP;116;SAO JOSE DOS CAMPOS;Condutor deixou de manter distï¿½ncia do veï¿½culo da frente;Engavetamento;Com Vï¿½timas Feridas;Pleno dia;Cï¿½u Claro;Mï¿½ltipla;Reta;Sim;0;0
2025-09-17;quarta-feira;14:31:00;PI;343;TERESINA;Desrespeitar a preferï¿½ncia no cruzamento;Colisï¿½o transversal;Com Vï¿½timas Feridas;Pleno dia;Sol;Dupla;Rotatï¿½ria;Sim;0;0
2025-09-10;quarta-feira;09:58:00;PE;407;PETROLINA;Acessar a via sem observar a presenï¿½a dos outros veï¿½culos;Colisï¿½o transversal;Com Vï¿½timas Feridas;Pleno dia;Cï¿½u Claro;Simples;"Interseï¿½ï¿½o de Vias;Reta";Nï¿½o;0;0
2025-09-17;quarta-feira;15:00:00;SC;101;SAO JOSE;Condutor deixou de manter distï¿½ncia do veï¿½culo da frente;Colisï¿½o traseira;Com Vï¿½timas Feridas;Pleno dia;Cï¿½u Claro;Mï¿½ltipla;Reta;Sim;0;0
2025-01-01;quarta-feira;16:15:00;PB;230;RIACHAO DO BACAMARTE;Reaï¿½ï¿½o tardia ou ineficiente do condutor;Saï¿½da de leito carroï¿½ï¿½vel;Com Vï¿½timas Feridas;Pleno dia;Cï¿½u Claro;Dupla;"Aclive;Reta";Nï¿½o;0;0
2025-09-05;sexta-feira;14:40:00;SC;280;ARAQUARI;Ausï¿½ncia de reaï¿½ï¿½o do condutor;Engavetamento;Com Vï¿½timas Feridas;Pleno dia;Garoa/Chuvisco;Simples;Reta;Nï¿½o;0;0
2025-09-17;quarta-feira;14:30:00;PB;230;INGA;Reaï¿½ï¿½o tardia ou ineficiente do condutor;Engavetamento;Com Vï¿½timas Feridas;Pleno dia;Cï¿½u Claro;Dupla;Curva;Nï¿½o;0;0
2025-09-07;domingo;22:10:00;MS;267;GUIA LOPES DA LAGUNA;Ausï¿½ncia de reaï¿½ï¿½o do condutor;Saï¿½da de leito carroï¿½ï¿½vel;Com Vï¿½timas Feridas;Plena Noite;Cï¿½u Claro;Dupla;Reta;Sim;0;0
2025-09-17;quarta-feira;15:50:00;RJ;116;NOVA IGUACU;Trafegar com motocicleta (ou similar) entre as faixas;Queda de ocupante de veï¿½culo;Com Vï¿½timas Feridas;Pleno dia;Cï¿½u Claro;Dupla;Reta;Sim;0;0
2025-09-17;quarta-feira;16:00:00;ES;101;SAO MATEUS;Condutor desrespeitou a iluminaï¿½ï¿½o vermelha do semï¿½foro;Colisï¿½o transversal;Com Vï¿½timas Feridas;Pleno dia;Cï¿½u Claro;Mï¿½ltipla;Interseï¿½ï¿½o de Vias;Sim;0;0
2025-09-17;quarta-feira;16:15:00;GO;40;VALPARAISO DE GOIAS;Condutor deixou de manter distï¿½ncia do veï¿½culo da frente;Colisï¿½o traseira;Com Vï¿½timas Feridas;Pleno dia;Cï¿½u Claro;Dupla;Curva;Nï¿½o;0;0
2025-09-17;quarta-feira;15:00:00;RN;110;UPANEMA;Reaï¿½ï¿½o tardia ou ineficiente do condutor;Colisï¿½o com objeto;Com Vï¿½timas Feridas;Pleno dia;Cï¿½u Claro;Simples;Reta;Nï¿½o;0;0
2025-09-17;quarta-feira;12:17:00;RJ;40;DUQUE DE CAXIAS;Avarias e/ou desgaste excessivo no pneu;Colisï¿½o traseira;Sem Vï¿½timas;Pleno dia;Cï¿½u Claro;Dupla;Reta;Sim;0;0
2025-09-16;terï¿½a-feira;23:30:00;RN;101;TOUROS;Condutor Dormindo;Saï¿½da de leito carroï¿½ï¿½vel;Sem Vï¿½timas;Plena Noite;Nublado;Simples;Reta;Nï¿½o;0;0
2025-09-17;quarta-feira;15:40:00;PE;428;PETROLINA;Desrespeitar a preferï¿½ncia no cruzamento;Colisï¿½o transversal;Com Vï¿½timas Feridas;Pleno dia;Cï¿½u Claro;Mï¿½ltipla;Reta;Sim;0;0
2025-09-17;quarta-feira;16:00:00;GO;60;GUAPO;Manobra de mudanï¿½a de faixa;Colisï¿½o lateral mesmo sentido;Com Vï¿½timas Feridas;Pleno dia;Sol;Dupla;Reta;Sim;0;0
2025-09-17;quarta-feira;14:10:00;RJ;101;SAO GONCALO;Transitar na contramï¿½o;Colisï¿½o frontal;Com Vï¿½timas Feridas;Pleno dia;Cï¿½u Claro;Dupla;"Viaduto;Curva";Nï¿½o;0;0
2025-09-17;quarta-feira;15:45:00;SC;280;BELA VISTA DO TOLDO;Reaï¿½ï¿½o tardia ou ineficiente do condutor;Colisï¿½o lateral sentido oposto;Com Vï¿½timas Feridas;Pleno dia;Cï¿½u Claro;Simples;Curva;Sim;0;0
2025-09-09;terï¿½a-feira;11:30:00;SC;101;IMBITUBA;Demais falhas mecï¿½nicas ou elï¿½tricas;Incï¿½ndio;Sem Vï¿½timas;Pleno dia;Cï¿½u Claro;Dupla;Reta;Nï¿½o;0;0
2025-09-17;quarta-feira;16:30:00;MG;381;BOM JESUS DO AMPARO;Reaï¿½ï¿½o tardia ou ineficiente do condutor;Tombamento;Com Vï¿½timas Feridas;Pleno dia;Cï¿½u Claro;Dupla;"Curva;Declive";Nï¿½o;0;0
2025-09-17;quarta-feira;16:45:00;SC;101;ITAJAI;Ausï¿½ncia de reaï¿½ï¿½o do condutor;Colisï¿½o traseira;Com Vï¿½timas Feridas;Pleno dia;Nublado;Dupla;Reta;Nï¿½o;0;0
2025-09-17;quarta-feira;17:00:00;SE;101;MARUIM;Conversï¿½o proibida;Colisï¿½o transversal;Com Vï¿½timas Fatais;Pleno dia;Garoa/Chuvisco;Simples;"Reta;Desvio Temporï¿½rio;Em Obras;Aclive";Sim;1;1
2025-09-17;quarta-feira;17:12:00;MS;163;DOURADOS;Acessar a via sem observar a presenï¿½a dos outros veï¿½culos;Colisï¿½o lateral mesmo sentido;Com Vï¿½timas Feridas;Anoitecer;Cï¿½u Claro;Dupla;Rotatï¿½ria;Nï¿½o;0;0
2025-09-17;quarta-feira;17:00:00;SP;116;JACAREI;Manobra de mudanï¿½a de faixa;Colisï¿½o lateral mesmo sentido;Com Vï¿½timas Feridas;Pleno dia;Cï¿½u Claro;Mï¿½ltipla;"Reta;Aclive";Nï¿½o;0;0
2025-09-17;quarta-feira;17:50:00;SP;116;GUARULHOS;Manobra de mudanï¿½a de faixa;Colisï¿½o traseira;Com Vï¿½timas Feridas;Anoitecer;Cï¿½u Claro;Mï¿½ltipla;Reta;Sim;0;0
2025-09-17;quarta-feira;18:13:00;CE;116;EUSEBIO;Ausï¿½ncia de reaï¿½ï¿½o do condutor;Colisï¿½o traseira;Com Vï¿½timas Feridas;Plena Noite;Cï¿½u Claro;Dupla;Reta;Sim;0;0
2025-09-17;quarta-feira;15:15:00;SC;470;NAVEGANTES;Mal sï¿½bito do condutor;Saï¿½da de leito carroï¿½ï¿½vel;Com Vï¿½timas Feridas;Pleno dia;Nublado;Dupla;Reta;Sim;0;0
2025-09-17;quarta-feira;16:55:00;SC;101;ITAJAI;Ausï¿½ncia de reaï¿½ï¿½o do condutor;Tombamento;Com Vï¿½timas Feridas;Pleno dia;Nublado;Dupla;Reta;Sim;0;0
2025-09-17;quarta-feira;18:19:00;RS;470;GARIBALDI;Acessar a via sem observar a presenï¿½a dos outros veï¿½culos;Colisï¿½o transversal;Com Vï¿½timas Feridas;Anoitecer;Cï¿½u Claro;Simples;"Reta;Declive";Nï¿½o;0;0
2025-09-17;quarta-feira;18:15:00;AL;101;SAO MIGUEL DOS CAMPOS;Acesso irregular;Colisï¿½o lateral sentido oposto;Com Vï¿½timas Fatais;Plena Noite;Cï¿½u Claro;Simples;"Em Obras;Reta";Nï¿½o;1;1
2025-09-17;quarta-feira;16:00:00;PI;316;INHUMA;Condutor Dormindo;Colisï¿½o com objeto;Com Vï¿½timas Feridas;Pleno dia;Cï¿½u Claro;Simples;Reta;Sim;0;0
2025-09-17;quarta-feira;19:15:00;RS;116;JAGUARAO;Deficiï¿½ncia do Sistema de Iluminaï¿½ï¿½o/Sinalizaï¿½ï¿½o;Colisï¿½o transversal;Com Vï¿½timas Feridas;Plena Noite;Cï¿½u Claro;Simples;"Reta;Interseï¿½ï¿½o de Vias";Sim;0;0
2025-09-17;quarta-feira;19:25:00;SC;101;SAO JOSE;Manobra de mudanï¿½a de faixa;Colisï¿½o lateral mesmo sentido;Com Vï¿½timas Feridas;Plena Noite;Nublado;Mï¿½ltipla;Reta;Sim;0;0
2025-09-17;quarta-feira;18:30:00;RO;319;PORTO VELHO;Ausï¿½ncia de reaï¿½ï¿½o do condutor;Tombamento;Com Vï¿½timas Feridas;Plena Noite;Nublado;Simples;"Reta;Ponte";Nï¿½o;0;0
2025-09-17;quarta-feira;19:30:00;DF;40;BRASILIA;Ausï¿½ncia de reaï¿½ï¿½o do condutor;Colisï¿½o com objeto;Com Vï¿½timas Fatais;Plena Noite;Cï¿½u Claro;Dupla;Reta;Sim;1;1
2025-09-17;quarta-feira;18:45:00;PR;487;CAMPO MOURAO;Reaï¿½ï¿½o tardia ou ineficiente do condutor;Colisï¿½o traseira;Com Vï¿½timas Feridas;Plena Noite;Cï¿½u Claro;Simples;Declive;Nï¿½o;0;0
2025-07-27;domingo;21:50:00;MG;40;JUIZ DE FORA;Ausï¿½ncia de reaï¿½ï¿½o do condutor;Tombamento;Com Vï¿½timas Feridas;Plena Noite;Nublado;Dupla;Reta;Nï¿½o;0;0
2025-09-17;quarta-feira;18:20:00;SP;101;UBATUBA;Retorno proibido;Colisï¿½o lateral mesmo sentido;Com Vï¿½timas Feridas;Anoitecer;Nublado;Simples;Reta;Sim;0;0
2025-09-17;quarta-feira;20:30:00;SP;116;SAO LOURENCO DA SERRA;Reaï¿½ï¿½o tardia ou ineficiente do condutor;Saï¿½da de leito carroï¿½ï¿½vel;Com Vï¿½timas Feridas;Plena Noite;Garoa/Chuvisco;Dupla;"Curva;Aclive";Nï¿½o;0;0
2025-09-17;quarta-feira;17:16:00;AC;317;SENADOR GUIOMARD;Transitar na contramï¿½o;Colisï¿½o frontal;Com Vï¿½timas Feridas;Plena Noite;Cï¿½u Claro;Simples;Reta;Nï¿½o;0;0
2025-09-17;quarta-feira;20:00:00;PI;343;PIRIPIRI;Animais na Pista;Atropelamento de Animal;Com Vï¿½timas Feridas;Plena Noite;Cï¿½u Claro;Simples;Reta;Sim;0;0
2025-09-17;quarta-feira;21:10:00;GO;60;ANAPOLIS;Demais falhas mecï¿½nicas ou elï¿½tricas;Incï¿½ndio;Sem Vï¿½timas;Plena Noite;Cï¿½u Claro;Dupla;Reta;Sim;0;0
2025-09-17;quarta-feira;18:40:00;RO;364;JI-PARANA;Ausï¿½ncia de reaï¿½ï¿½o do condutor;Colisï¿½o traseira;Com Vï¿½timas Feridas;Plena Noite;Cï¿½u Claro;Simples;Interseï¿½ï¿½o de Vias;Nï¿½o;0;0
2025-09-17;quarta-feira;19:46:00;RS;470;BENTO GONCALVES;Acessar a via sem observar a presenï¿½a dos outros veï¿½culos;Colisï¿½o lateral sentido oposto;Com Vï¿½timas Feridas;Plena Noite;Cï¿½u Claro;Simples;"Curva;Aclive;Interseï¿½ï¿½o de Vias";Nï¿½o;0;0
2025-09-17;quarta-feira;21:10:00;DF;20;BRASILIA;Acessar a via sem observar a presenï¿½a dos outros veï¿½culos;Colisï¿½o transversal;Com Vï¿½timas Feridas;Plena Noite;Cï¿½u Claro;Simples;"Desvio Temporï¿½rio;Reta;Em Obras";Sim;0;0
2025-09-17;quarta-feira;21:30:00;RJ;116;RIO DE JANEIRO;Reaï¿½ï¿½o tardia ou ineficiente do condutor;Colisï¿½o lateral mesmo sentido;Com Vï¿½timas Feridas;Plena Noite;Cï¿½u Claro;Dupla;Reta;Nï¿½o;0;0
2025-09-17;quarta-feira;19:00:00;RJ;493;NOVA IGUACU;Reaï¿½ï¿½o tardia ou ineficiente do condutor;Saï¿½da de leito carroï¿½ï¿½vel;Com Vï¿½timas Feridas;Plena Noite;Nublado;Dupla;Reta;Nï¿½o;0;0
2025-09-17;quarta-feira;21:05:00;MG;116;UBAPORANGA;Avarias e/ou desgaste excessivo no pneu;Tombamento;Com Vï¿½timas Feridas;Plena Noite;Nublado;Simples;Reta;Nï¿½o;0;0
2025-09-17;quarta-feira;17:32:00;MG;381;SANTANA DO PARAISO;Retorno proibido;Colisï¿½o transversal;Com Vï¿½timas Feridas;Anoitecer;Cï¿½u Claro;Simples;"Reta;Declive";Nï¿½o;0;0