data_inversa;dia_semana;horario;uf;br;municipio;causa_acidente;tipo_acidente;classificacao_acidente;fase_dia;condicao_metereologica;tipo_pista;tracado_via;uso_solo;mortos;acidente_fatal
2025-09-28;domingo;14:10:00;MG;364;FRUTAL;Acessar a via sem observar a presenï¿½a dos outros veï¿½culos;Colisï¿½o transversal;Com Vï¿½timas Feridas;Pleno dia;Cï¿½u Claro;Simples;Interseï¿½ï¿½o de Vias;Nï¿½o;0;0
2025-09-28;domingo;14:00:00;RJ;101;MANGARATIBA;Manobra de mudanï¿½a de faixa;Tombamento;Com Vï¿½timas Feridas;Pleno dia;Cï¿½u Claro;Simples;Reta;Nï¿½o;0;0
2025-09-28;domingo;14:15:00;MG;459;SENADOR JOSE BENTO;Velocidade Incompatï¿½vel;Saï¿½da de leito carroï¿½ï¿½vel;Com Vï¿½timas Feridas;Pleno dia;Cï¿½u Claro;Simples;"Curva;Declive";Nï¿½o;0;0
2025-09-28;domingo;14:00:00;PR;376;TIJUCAS DO SUL;Demais falhas mecï¿½nicas ou elï¿½tricas;Saï¿½da de leito carroï¿½ï¿½vel;Com Vï¿½timas Feridas;Pleno dia;Garoa/Chuvisco;Simples;"Curva;Declive";Nï¿½o;0;0
2025-09-27;sï¿½bado;13:40:00;RJ;40;COMENDADOR LEVY GASPARIAN;Velocidade Incompatï¿½vel;Queda de ocupante de veï¿½culo;Com Vï¿½timas Feridas;Pleno dia;Cï¿½u Claro;Dupla;Curva;Nï¿½o;0;0
2025-09-28;domingo;10:50:00;MG;251;CACHOEIRA DE PAJEU;Demais falhas mecï¿½nicas ou elï¿½tricas;Saï¿½da de leito carroï¿½ï¿½vel;Com Vï¿½timas Feridas;Pleno dia;Cï¿½u Claro;Simples;Reta;Nï¿½o;0;0
2025-09-28;domingo;14:40:00;RS;290;PORTO ALEGRE;Manobra de mudanï¿½a de faixa;Colisï¿½o traseira;Com Vï¿½timas Feridas;Pleno dia;Cï¿½u Claro;Mï¿½ltipla;Curva;Sim;0;0
2025-09-28;domingo;14:35:00;SE;235;ITABAIANA;Ausï¿½ncia de reaï¿½ï¿½o do condutor;Colisï¿½o lateral mesmo sentido;Com Vï¿½timas Feridas;Pleno dia;Chuva;Simples;Reta;Nï¿½o;0;0
2025-09-28;domingo;14:14:00;SC;282;CAMPOS NOVOS;Acessar a via sem observar a presenï¿½a dos outros veï¿½culos;Colisï¿½o transversal;Com Vï¿½timas Feridas;Pleno dia;Nublado;Simples;"Reta;Declive";Nï¿½o;0;0
2025-09-28;domingo;15:20:00;MG;40;PARAOPEBA;Ingestï¿½o de ï¿½lcool pelo condutor;Capotamento;Com Vï¿½timas Feridas;Pleno dia;Cï¿½u Claro;Dupla;Reta;Nï¿½o;0;0
2025-09-28;domingo;12:00:00;MT;364;COMODORO;Demais Fenï¿½menos da natureza;Queda de ocupante de veï¿½culo;Com Vï¿½timas Feridas;Pleno dia;Cï¿½u Claro;Simples;Reta;Nï¿½o;0;0
2025-09-28;domingo;15:50:00;PB;230;JOAO PESSOA;Trafegar com motocicleta (ou similar) entre as faixas;Colisï¿½o traseira;Com Vï¿½timas Feridas;Pleno dia;Cï¿½u Claro;Dupla;"Aclive;Curva";Sim;0;0
2025-09-28;domingo;14:50:00;PR;376;TIJUCAS DO SUL;Reaï¿½ï¿½o tardia ou ineficiente do condutor;Colisï¿½o traseira;Com Vï¿½timas Feridas;Pleno dia;Sol;Dupla;"Declive;Reta";Nï¿½o;0;0
2025-09-28;domingo;15:20:00;SC;101;JOINVILLE;Desrespeitar a preferï¿½ncia no cruzamento;Colisï¿½o transversal;Com Vï¿½timas Feridas;Pleno dia;Nublado;Simples;"Rotatï¿½ria;Interseï¿½ï¿½o de Vias";Sim;0;0
2025-09-28;domingo;15:54:00;ES;101;CARIACICA;Conversï¿½o proibida;Colisï¿½o transversal;Com Vï¿½timas Feridas;Pleno dia;Cï¿½u Claro;Dupla;Reta;Sim;0;0
2025-09-28;domingo;14:20:00;RJ;40;RIO DE JANEIRO;Entrada inopinada do pedestre;Colisï¿½o traseira;Com Vï¿½timas Feridas;Pleno dia;Cï¿½u Claro;Dupla;Reta;Sim;0;0
2025-09-28;domingo;13:00:00;RJ;101;ITABORAI;Condutor deixou de manter distï¿½ncia do veï¿½culo da frente;Queda de ocupante de veï¿½culo;Com Vï¿½timas Feridas;Pleno dia;Cï¿½u Claro;Dupla;Reta;Sim;0;0
2025-09-28;domingo;17:00:00;RN;304;MOSSORO;Reaï¿½ï¿½o tardia ou ineficiente do condutor;Saï¿½da de leito carroï¿½ï¿½vel;Com Vï¿½timas Feridas;Anoitecer;Cï¿½u Claro;Dupla;Rotatï¿½ria;Nï¿½o;0;0
2025-09-28;domingo;15:00:00;MA;135;PERITORO;Ausï¿½ncia de reaï¿½ï¿½o do condutor;Saï¿½da de leito carroï¿½ï¿½vel;Com Vï¿½timas Fatais;Pleno dia;Cï¿½u Claro;Simples;Curva;Sim;1;1
2025-09-28;domingo;14:00:00;AC;364;SENADOR GUIOMARD;Avarias e/ou desgaste excessivo no pneu;Saï¿½da de leito carroï¿½ï¿½vel;Com Vï¿½timas Feridas;Pleno dia;Cï¿½u Claro;Simples;"Aclive;Reta";Nï¿½o;0;0
2025-09-28;domingo;15:05:00;BA;135;SANTA MARIA DA VITORIA;Ausï¿½ncia de reaï¿½ï¿½o do condutor;Colisï¿½o traseira;Sem Vï¿½timas;Pleno dia;Sol;Simples;Reta;Nï¿½o;0;0
2025-09-28;domingo;12:30:00;RJ;116;SAPUCAIA;Acumulo de ï¿½leo sobre o pavimento;Capotamento;Com Vï¿½timas Feridas;Pleno dia;Cï¿½u Claro;Simples;Curva;Nï¿½o;0;0
2025-09-28;domingo;14:30:00;MS;163;RIO VERDE DE MATO GROSSO;Reaï¿½ï¿½o tardia ou ineficiente do condutor;Capotamento;Sem Vï¿½timas;Pleno dia;Nublado;Simples;Reta;Nï¿½o;0;0
2025-09-28;domingo;16:00:00;MG;262;UBERABA;Ingestï¿½o de ï¿½lcool pelo condutor;Colisï¿½o transversal;Com Vï¿½timas Feridas;Pleno dia;Cï¿½u Claro;Dupla;Retorno Regulamentado;Sim;0;0
2025-09-28;domingo;12:10:00;SC;280;SAO BENTO DO SUL;Reaï¿½ï¿½o tardia ou ineficiente do condutor;Saï¿½da de leito carroï¿½ï¿½vel;Sem Vï¿½timas;Pleno dia;Garoa/Chuvisco;Simples;"Curva;Aclive";Nï¿½o;0;0
2025-09-28;domingo;16:55:00;RS;116;CAXIAS DO SUL;Ausï¿½ncia de reaï¿½ï¿½o do condutor;Colisï¿½o traseira;Sem Vï¿½timas;Pleno dia;Cï¿½u Claro;Simples;Reta;Nï¿½o;0;0
2025-09-28;domingo;17:15:00;GO;153;ANAPOLIS;Manobra de mudanï¿½a de faixa;Colisï¿½o traseira;Com Vï¿½timas Feridas;Pleno dia;Cï¿½u Claro;Dupla;"Reta;Aclive";Sim;0;0
2025-09-28;domingo;16:20:00;RO;435;COLORADO DO OESTE;Transitar na contramï¿½o;Colisï¿½o frontal;Com Vï¿½timas Feridas;Pleno dia;Garoa/Chuvisco;Simples;Curva;Sim;0;0
2025-09-28;domingo;17:30:00;MA;135;SAO LUIS;Entrada inopinada do pedestre;Atropelamento de Pedestre;Com Vï¿½timas Feridas;Anoitecer;Cï¿½u Claro;Dupla;Reta;Sim;0;0
2025-09-28;domingo;16:33:00;MT;163;SORRISO;Acessar a via sem observar a presenï¿½a dos outros veï¿½culos;Atropelamento de Pedestre;Com Vï¿½timas Feridas;Anoitecer;Cï¿½u Claro;Dupla;Declive;Sim;0;0
2025-09-28;domingo;17:40:00;MG;354;POUSO ALTO;Ingestï¿½o de ï¿½lcool pelo condutor;Saï¿½da de leito carroï¿½ï¿½vel;Com Vï¿½timas Feridas;Anoitecer;Cï¿½u Claro;Simples;"Declive;Reta";Nï¿½o;0;0
2025-09-28;domingo;08:00:00;RS;472;ITAQUI;Ausï¿½ncia de reaï¿½ï¿½o do condutor;Saï¿½da de leito carroï¿½ï¿½vel;Com Vï¿½timas Feridas;Pleno dia;Cï¿½u Claro;Simples;Reta;Nï¿½o;0;0
2025-09-28;domingo;18:11:00;GO;40;VALPARAISO DE GOIAS;Transitar no Acostamento;Colisï¿½o lateral mesmo sentido;Sem Vï¿½timas;Anoitecer;Cï¿½u Claro;Dupla;Reta;Nï¿½o;0;0
2025-09-28;domingo;17:42:00;PE;101;RECIFE;Entrada inopinada do pedestre;Atropelamento de Pedestre;Com Vï¿½timas Feridas;Plena Noite;Cï¿½u Claro;Dupla;Reta;Sim;0;0
2025-09-28;domingo;18:10:00;SP;116;SAO JOSE DOS CAMPOS;Ausï¿½ncia de reaï¿½ï¿½o do condutor;Colisï¿½o com objeto;Com Vï¿½timas Feridas;Plena Noite;Cï¿½u Claro;Dupla;"Reta;Em Obras";Sim;0;0
2025-09-28;domingo;17:55:00;ES;101;SERRA;Reaï¿½ï¿½o tardia ou ineficiente do condutor;Tombamento;Com Vï¿½timas Feridas;Anoitecer;Cï¿½u Claro;Dupla;"Curva;Declive;Em Obras";Nï¿½o;0;0
2025-08-19;terï¿½a-feira;15:30:00;RS;101;MAQUINE;Condutor Dormindo;Saï¿½da de leito carroï¿½ï¿½vel;Com Vï¿½timas Feridas;Pleno dia;Cï¿½u Claro;Dupla;Reta;Sim;0;0
2025-09-28;domingo;14:00:00;MT;163;SINOP;Ingestï¿½o de ï¿½lcool pelo condutor;Queda de ocupante de veï¿½culo;Com Vï¿½timas Feridas;Pleno dia;Cï¿½u Claro;Simples;Curva;Nï¿½o;0;0
2025-09-28;domingo;18:45:00;RJ;116;RIO DE JANEIRO;Mal sï¿½bito do condutor;Colisï¿½o traseira;Com Vï¿½timas Feridas;Plena Noite;Cï¿½u Claro;Dupla;Reta;Sim;0;0
2025-09-28;domingo;18:30:00;DF;251;BRASILIA;Ausï¿½ncia de reaï¿½ï¿½o do condutor;Colisï¿½o traseira;Com Vï¿½timas Feridas;Plena Noite;Cï¿½u Claro;Dupla;Rotatï¿½ria;Nï¿½o;0;0
2025-09-28;domingo;18:45:00;RJ;40;PETROPOLIS;Pista Escorregadia;Queda de ocupante de veï¿½culo;Com Vï¿½timas Feridas;Anoitecer;Garoa/Chuvisco;Simples;Curva;Nï¿½o;0;0
2025-09-28;domingo;18:00:00;RJ;116;GUAPIMIRIM;Transitar na contramï¿½o;Colisï¿½o frontal;Com Vï¿½timas Feridas;Plena Noite;Cï¿½u Claro;Simples;Reta;Sim;0;0
2025-09-28;domingo;18:58:00;SP;116;ITAPECERICA DA SERRA;Ingestï¿½o de ï¿½lcool pelo condutor;Colisï¿½o traseira;Com Vï¿½timas Feridas;Plena Noite;Nublado;Dupla;"Declive;Reta";Nï¿½o;0;0
2025-09-28;domingo;19:00:00;MG;40;MATIAS BARBOSA;Avarias e/ou desgaste excessivo no pneu;Tombamento;Com Vï¿½timas Feridas;Plena Noite;Cï¿½u Claro;Dupla;Reta;Nï¿½o;0;0
2025-09-28;domingo;18:00:00;PR;277;MEDIANEIRA;Ausï¿½ncia de reaï¿½ï¿½o do condutor;Saï¿½da de leito carroï¿½ï¿½vel;Com Vï¿½timas Feridas;Pleno dia;Cï¿½u Claro;Dupla;Reta;Nï¿½o;0;0
2025-09-28;domingo;17:55:00;PB;104;ESPERANCA;Ingestï¿½o de ï¿½lcool pelo condutor;Colisï¿½o traseira;Sem Vï¿½timas;Plena Noite;Ignorado;Simples;Reta;Sim;0;0
2025-09-28;domingo;17:50:00;BA;116;VITORIA DA CONQUISTA;Ausï¿½ncia de reaï¿½ï¿½o do condutor;Colisï¿½o com objeto;Com Vï¿½timas Feridas;Anoitecer;Cï¿½u Claro;Dupla;Reta;Nï¿½o;0;0
2025-09-28;domingo;19:00:00;SC;101;SOMBRIO;Conversï¿½o proibida;Colisï¿½o frontal;Com Vï¿½timas Feridas;Plena Noite;Nublado;Mï¿½ltipla;Reta;Nï¿½o;0;0
2025-09-28;domingo;18:20:00;PA;308;CAPANEMA;Acessar a via sem observar a presenï¿½a dos outros veï¿½culos;Colisï¿½o frontal;Com Vï¿½timas Feridas;Plena Noite;Cï¿½u Claro;Simples;Curva;Sim;0;0
2025-09-28;domingo;19:30:00;SP;381;ATIBAIA;Ausï¿½ncia de reaï¿½ï¿½o do condutor;Colisï¿½o traseira;Com Vï¿½timas Feridas;Plena Noite;Cï¿½u Claro;Mï¿½ltipla;Reta;Nï¿½o;0;0
2025-09-28;domingo;18:30:00;MG;40;FELIXLANDIA;Acessar a via sem observar a presenï¿½a dos outros veï¿½culos;Colisï¿½o transversal;Com Vï¿½timas Feridas;Anoitecer;Cï¿½u Claro;Simples;"Reta;Interseï¿½ï¿½o de Vias";Nï¿½o;0;0
2025-07-16;quarta-feira;07:00:00;PI;343;TERESINA;Ausï¿½ncia de reaï¿½ï¿½o do condutor;Colisï¿½o com objeto;Com Vï¿½timas Feridas;Pleno dia;Cï¿½u Claro;Dupla;"Viaduto;Reta";Sim;0;0
2025-09-28;domingo;15:05:00;MT;70;VARZEA GRANDE;Condutor deixou de manter distï¿½ncia do veï¿½culo da frente;Colisï¿½o transversal;Com Vï¿½timas Feridas;Pleno dia;Cï¿½u Claro;Simples;"Interseï¿½ï¿½o de Vias;Reta";Sim;0;0
2025-09-28;domingo;19:45:00;PR;153;GUAPIRAMA;Ausï¿½ncia de reaï¿½ï¿½o do condutor;Colisï¿½o com objeto;Com Vï¿½timas Feridas;Pleno dia;Cï¿½u Claro;Dupla;Reta;Nï¿½o;0;0
2025-09-28;domingo;17:50:00;GO;364;JATAI;Ingestï¿½o de ï¿½lcool pelo condutor;Queda de ocupante de veï¿½culo;Com Vï¿½timas Feridas;Anoitecer;Cï¿½u Claro;Simples;Rotatï¿½ria;Sim;0;0
2025-09-28;domingo;18:30:00;MG;251;SANTA CRUZ DE SALINAS;Acessar a via sem observar a presenï¿½a dos outros veï¿½culos;Colisï¿½o transversal;Com Vï¿½timas Feridas;Anoitecer;Cï¿½u Claro;Simples;"Reta;Aclive";Nï¿½o;0;0
2025-09-28;domingo;20:05:00;RS;386;SARANDI;Ingestï¿½o de ï¿½lcool pelo condutor;Colisï¿½o lateral sentido oposto;Sem Vï¿½timas;Plena Noite;Cï¿½u Claro;Simples;Curva;Sim;0;0
2025-09-28;domingo;18:30:00;GO;40;CRISTALINA;Animais na Pista;Atropelamento de Animal;Com Vï¿½timas Feridas;Plena Noite;Cï¿½u Claro;Dupla;Reta;Nï¿½o;0;0
2025-09-28;domingo;19:47:00;MG;459;CONGONHAL;Pedestre cruzava a pista fora da faixa;Atropelamento de Pedestre;Com Vï¿½timas Fatais;Plena Noite;Cï¿½u Claro;Simples;"Declive;Reta";Nï¿½o;1;1
2025-09-28;domingo;20:15:00;RS;116;GUAIBA;Ultrapassagem Indevida;Colisï¿½o lateral mesmo sentido;Com Vï¿½timas Feridas;Plena Noite;Cï¿½u Claro;Simples;Reta;Sim;0;0
2025-09-28;domingo;19:15:00;MT;364;JACIARA;Acessar a via sem observar a presenï¿½a dos outros veï¿½culos;Colisï¿½o transversal;Com Vï¿½timas Feridas;Plena Noite;Cï¿½u Claro;Dupla;Reta;Sim;0;0
2025-09-28;domingo;18:20:00;MG;262;UBERABA;Reaï¿½ï¿½o tardia ou ineficiente do condutor;Atropelamento de Pedestre;Com Vï¿½timas Feridas;Anoitecer;Cï¿½u Claro;Dupla;Reta;Nï¿½o;0;0
2025-09-28;domingo;18:50:00;GO;60;GOIANIA;Objeto estï¿½tico sobre o leito carroï¿½ï¿½vel;Queda de ocupante de veï¿½culo;Com Vï¿½timas Feridas;Plena Noite;Cï¿½u Claro;Dupla;Reta;Sim;0;0
2025-09-28;domingo;18:50:00;PE;428;PETROLINA;Deficiï¿½ncia do Sistema de Iluminaï¿½ï¿½o/Sinalizaï¿½ï¿½o;Colisï¿½o traseira;Com Vï¿½timas Feridas;Plena Noite;Cï¿½u Claro;Simples;Reta;Nï¿½o;0;0
2025-09-28;domingo;19:20:00;PR;376;NOVA ESPERANCA;Ausï¿½ncia de reaï¿½ï¿½o do condutor;Saï¿½da de leito carroï¿½ï¿½vel;Com Vï¿½timas Feridas;Plena Noite;Cï¿½u Claro;Dupla;"Declive;Reta";Nï¿½o;0;0
2025-09-28;domingo;21:00:00;BA;116;FEIRA DE SANTANA;Acessar a via sem observar a presenï¿½a dos outros veï¿½culos;Queda de ocupante de veï¿½culo;Com Vï¿½timas Fatais;Plena Noite;Cï¿½u Claro;Dupla;Reta;Sim;1;1
2025-09-28;domingo;19:10:00;MG;116;INHAPIM;Transitar no Acostamento;Colisï¿½o traseira;Com Vï¿½timas Feridas;Plena Noite;Cï¿½u Claro;Simples;Reta;Nï¿½o;0;0
2025-09-28;domingo;20:50:00;PR;376;ALTO PARANA;Ausï¿½ncia de sinalizaï¿½ï¿½o;Colisï¿½o com objeto;Com Vï¿½timas Feridas;Plena Noite;Cï¿½u Claro;Dupla;Declive;Nï¿½o;0;0
2025-09-28;domingo;20:55:00;RS;386;SAO JOSE DAS MISSOES;Ausï¿½ncia de reaï¿½ï¿½o do condutor;Saï¿½da de leito carroï¿½ï¿½vel;Sem Vï¿½timas;Plena Noite;Nevoeiro/Neblina;Simples;Curva;Nï¿½o;0;0
2025-09-28;domingo;20:50:00;SP;153;JOSE BONIFACIO;Reaï¿½ï¿½o tardia ou ineficiente do condutor;Saï¿½da de leito carroï¿½ï¿½vel;Com Vï¿½timas Feridas;Plena Noite;Cï¿½u Claro;Dupla;Rotatï¿½ria;Sim;0;0
2025-09-28;domingo;21:05:00;RS;386;TAQUARI;Reaï¿½ï¿½o tardia ou ineficiente do condutor;Colisï¿½o com objeto;Com Vï¿½timas Feridas;Plena Noite;Cï¿½u Claro;Simples;Curva;Nï¿½o;0;0
2025-09-28;domingo;18:12:00;BA;116;VITORIA DA CONQUISTA;Acessar a via sem observar a presenï¿½a dos outros veï¿½culos;Colisï¿½o transversal;Com Vï¿½timas Feridas;Anoitecer;Cï¿½u Claro;Simples;"Rotatï¿½ria;Interseï¿½ï¿½o de Vias;Reta";Sim;0;0
2025-09-28;domingo;20:50:00;PR;277;MATELANDIA;Ultrapassagem Indevida;Colisï¿½o frontal;Com Vï¿½timas Fatais;Plena Noite;Cï¿½u Claro;Simples;"Reta;Aclive";Nï¿½o;1;1
2025-09-28;domingo;18:40:00;MG;116;MANHUACU;Ausï¿½ncia de reaï¿½ï¿½o do condutor;Colisï¿½o traseira;Com Vï¿½timas Feridas;Plena Noite;Cï¿½u Claro;Simples;Reta;Nï¿½o;0;0
2025-09-28;domingo;20:30:00;PE;232;GRAVATA;Ausï¿½ncia de reaï¿½ï¿½o do condutor;Colisï¿½o com objeto;Sem Vï¿½timas;Plena Noite;Cï¿½u Claro;Simples;Reta;Nï¿½o;0;0
2025-09-28;domingo;20:50:00;PE;232;GRAVATA;Manobra de mudanï¿½a de faixa;Colisï¿½o frontal;Com Vï¿½timas Feridas;Plena Noite;Cï¿½u Claro;Simples;Curva;Sim;0;0
2025-09-28;domingo;21:45:00;RS;386;ALMIRANTE TAMANDARE DO SUL;Transitar na contramï¿½o;Colisï¿½o frontal;Com Vï¿½timas Fatais;Plena Noite;Nevoeiro/Neblina;Simples;Curva;Nï¿½o;1;1
2025-09-28;domingo;22:00:00;RS;386;CARAZINHO;Ausï¿½ncia de reaï¿½ï¿½o do condutor;Tombamento;Com Vï¿½timas Feridas;Plena Noite;Cï¿½u Claro;Simples;Reta;Sim;0;0
2025-09-28;domingo;21:50:00;RJ;116;QUEIMADOS;Manobra de mudanï¿½a de faixa;Colisï¿½o lateral mesmo sentido;Com Vï¿½timas Feridas;Plena Noite;Cï¿½u Claro;Dupla;Reta;Nï¿½o;0;0
2025-09-28;domingo;21:35:00;PB;230;JOAO PESSOA;Condutor deixou de manter distï¿½ncia do veï¿½culo da frente;Colisï¿½o traseira;Com Vï¿½timas Feridas;Plena Noite;Cï¿½u Claro;Dupla;Reta;Sim;0;0
2025-09-28;domingo;20:00:00;MS;267;GUIA LOPES DA LAGUNA;Ausï¿½ncia de reaï¿½ï¿½o do condutor;Tombamento;Com Vï¿½timas Feridas;Plena Noite;Cï¿½u Claro;Simples;Reta;Sim;0;0
2025-09-28;domingo;21:00:00;GO;153;APARECIDA DE GOIANIA;Ingestï¿½o de ï¿½lcool pelo condutor;Saï¿½da de leito carroï¿½ï¿½vel;Com Vï¿½timas Feridas;Plena Noite;Cï¿½u Claro;Dupla;Reta;Sim;0;0
2025-09-28;domingo;22:00:00;RJ;116;RIO DE JANEIRO;Ausï¿½ncia de reaï¿½ï¿½o do condutor;Atropelamento de Pedestre;Com Vï¿½timas Feridas;Plena Noite;Cï¿½u Claro;Dupla;Reta;Sim;0;0
2025-09-28;domingo;21:55:00;PA;316;SAO FRANCISCO DO PARA;Entrada inopinada do pedestre;Atropelamento de Pedestre;Com Vï¿½timas Feridas;Plena Noite;Cï¿½u Claro;Simples;Reta;Nï¿½o;0;0
2025-09-28;domingo;23:20:00;GO;70;JUSSARA;Ultrapassagem Indevida;Colisï¿½o frontal;Com Vï¿½timas Fatais;Plena Noite;Cï¿½u Claro;Simples;"Curva;Declive";Nï¿½o;1;1
2025-09-28;domingo;20:09:00;BA;418;NOVA VICOSA;Ingestï¿½o de ï¿½lcool pelo condutor;Colisï¿½o lateral sentido oposto;Com Vï¿½timas Feridas;Plena Noite;Cï¿½u Claro;Simples;Reta;Sim;0;0
2025-09-28;domingo;22:50:00;GO;153;GOIANIA;Reaï¿½ï¿½o tardia ou ineficiente do condutor;Capotamento;Com Vï¿½timas Feridas;Plena Noite;Cï¿½u Claro;Dupla;Reta;Sim;0;0
2025-09-28;domingo;21:40:00;PR;277;PALMEIRA;Reaï¿½ï¿½o tardia ou ineficiente do condutor;Queda de ocupante de veï¿½culo;Com Vï¿½timas Feridas;Plena Noite;Cï¿½u Claro;Simples;Reta;Nï¿½o;0;0
2025-09-28;domingo;21:07:00;PA;163;TRAIRAO;Velocidade Incompatï¿½vel;Colisï¿½o transversal;Com Vï¿½timas Feridas;Plena Noite;Cï¿½u Claro;Simples;Curva;Sim;0;0
2025-09-29;segunda-feira;00:00:00;RJ;465;NOVA IGUACU;Condutor Dormindo;Saï¿½da de leito carroï¿½ï¿½vel;Com Vï¿½timas Feridas;Plena Noite;Ignorado;Simples;Reta;Sim;0;0
2025-09-28;domingo;22:20:00;MT;364;PEDRA PRETA;Ingestï¿½o de ï¿½lcool pelo condutor;Colisï¿½o frontal;Com Vï¿½timas Fatais;Plena Noite;Cï¿½u Claro;Simples;Reta;Nï¿½o;1;1
2025-09-29;segunda-feira;01:10:00;SP;116;SAO JOSE DOS CAMPOS;Condutor Dormindo;Capotamento;Com Vï¿½timas Feridas;Plena Noite;Cï¿½u Claro;Dupla;Reta;Nï¿½o;0;0
2025-09-28;domingo;19:45:00;PA;230;SAO JOAO DO ARAGUAIA;Ausï¿½ncia de reaï¿½ï¿½o do condutor;Colisï¿½o frontal;Com Vï¿½timas Fatais;Plena Noite;Ignorado;Simples;Reta;Nï¿½o;1;1
2025-09-29;segunda-feira;02:05:00;SC;282;LAGES;Ingestï¿½o de ï¿½lcool pelo condutor;Colisï¿½o com objeto;Sem Vï¿½timas;Plena Noite;Nevoeiro/Neblina;Simples;Rotatï¿½ria;Sim;0;0
2025-09-28;domingo;20:00:00;BA;110;CATU;Ultrapassagem Indevida;Colisï¿½o frontal;Sem Vï¿½timas;Plena Noite;Cï¿½u Claro;Simples;Reta;Nï¿½o;0;0
2025-09-29;segunda-feira;00:20:00;SC;101;CAMBORIU;Reaï¿½ï¿½o tardia ou ineficiente do condutor;Colisï¿½o com objeto;Sem Vï¿½timas;Plena Noite;Cï¿½u Claro;Mï¿½ltipla;Curva;Sim;0;0
2025-09-29;segunda-feira;01:00:00;GO;153;RIALMA;Animais na Pista;Atropelamento de Animal;Com Vï¿½timas Feridas;Plena Noite;Cï¿½u Claro;Simples;"Reta;Em Obras";Nï¿½o;0;0
2025-09-29;segunda-feira;04:30:00;CE;20;CARIDADE;Animais na Pista;Atropelamento de Animal;Com Vï¿½timas Feridas;Amanhecer;Cï¿½u Claro;Simples;Reta;Sim;0;0
2025-09-29;segunda-feira;04:00:00;PR;116;CURITIBA;Reaï¿½ï¿½o tardia ou ineficiente do condutor;Colisï¿½o com objeto;Sem Vï¿½timas;Plena Noite;Nublado;Dupla;Reta;Nï¿½o;0;0
2025-09-29;segunda-feira;04:30:00;RJ;116;GUAPIMIRIM;Reaï¿½ï¿½o tardia ou ineficiente do condutor;Tombamento;Com Vï¿½timas Feridas;Amanhecer;Nublado;Simples;Reta;Sim;0;0
2025-09-29;segunda-feira;04:50:00;DF;70;BRASILIA;Condutor Dormindo;Saï¿½da de leito carroï¿½ï¿½vel;Com Vï¿½timas Feridas;Amanhecer;Cï¿½u Claro;Dupla;Reta;Nï¿½o;0;0
2025-09-29;segunda-feira;04:50:00;PB;101;JOAO PESSOA;Ingestï¿½o de ï¿½lcool pelo condutor;Atropelamento de Pedestre;Com Vï¿½timas Fatais;Amanhecer;Nublado;Dupla;"Reta;Aclive";Sim;1;1
2025-09-29;segunda-feira;04:30:00;PE;428;PETROLINA;Ingestï¿½o de ï¿½lcool pelo condutor;Saï¿½da de leito carroï¿½ï¿½vel;Sem Vï¿½timas;Plena Noite;Cï¿½u Claro;Mï¿½ltipla;"Reta;Interseï¿½ï¿½o de Vias";Sim;0;0
2025-09-29;segunda-feira;05:30:00;RJ;40;DUQUE DE CAXIAS;Mal sï¿½bito do condutor;Colisï¿½o com objeto;Com Vï¿½timas Feridas;Amanhecer;Cï¿½u Claro;Mï¿½ltipla;Reta;Sim;0;0
2025-09-29;segunda-feira;05:35:00;PI;343;TERESINA;Acessar a via sem observar a presenï¿½a dos outros veï¿½culos;Colisï¿½o lateral mesmo sentido;Com Vï¿½timas Feridas;Pleno dia;Cï¿½u Claro;Simples;Reta;Nï¿½o;0;0
2025-09-29;segunda-feira;06:30:00;SC;101;SAO JOSE;Trafegar com motocicleta (ou similar) entre as faixas;Tombamento;Com Vï¿½timas Feridas;Pleno dia;Cï¿½u Claro;Mï¿½ltipla;Reta;Sim;0;0
2025-09-29;segunda-feira;04:25:00;BA;101;RIO REAL;Ingestï¿½o de ï¿½lcool pelo condutor;Colisï¿½o lateral sentido oposto;Com Vï¿½timas Feridas;Amanhecer;Nublado;Simples;"Aclive;Curva";Nï¿½o;0;0
2025-09-28;domingo;20:30:00;PR;163;TOLEDO;Transitar na contramï¿½o;Colisï¿½o frontal;Com Vï¿½timas Fatais;Plena Noite;Cï¿½u Claro;Dupla;Reta;Nï¿½o;1;1
2025-09-29;segunda-feira;05:46:00;MS;60;SIDROLANDIA;Reaï¿½ï¿½o tardia ou ineficiente do condutor;Saï¿½da de leito carroï¿½ï¿½vel;Com Vï¿½timas Feridas;Amanhecer;Cï¿½u Claro;Simples;Reta;Nï¿½o;0;0
2025-09-29;segunda-feira;00:45:00;MT;163;SINOP;Reaï¿½ï¿½o tardia ou ineficiente do condutor;Saï¿½da de leito carroï¿½ï¿½vel;Com Vï¿½timas Feridas;Plena Noite;Cï¿½u Claro;Simples;Reta;Nï¿½o;0;0
2025-09-29;segunda-feira;07:15:00;PR;376;SARANDI;Condutor deixou de manter distï¿½ncia do veï¿½culo da frente;Colisï¿½o traseira;Com Vï¿½timas Feridas;Pleno dia;Cï¿½u Claro;Dupla;"Viaduto;Reta;Declive";Sim;0;0
2025-09-29;segunda-feira;07:35:00;PE;428;PETROLINA;Frear bruscamente;Colisï¿½o traseira;Com Vï¿½timas Feridas;Pleno dia;Cï¿½u Claro;Dupla;Reta;Sim;0;0
2025-09-29;segunda-feira;08:00:00;RS;158;SANTA MARIA;Reaï¿½ï¿½o tardia ou ineficiente do condutor;Colisï¿½o traseira;Com Vï¿½timas Feridas;Pleno dia;Cï¿½u Claro;Dupla;"Em Obras;Reta;Ponte";Sim;0;0