data_inversa;dia_semana;horario;uf;br;municipio;causa_acidente;tipo_acidente;classificacao_acidente;fase_dia;condicao_metereologica;tipo_pista;tracado_via;uso_solo;mortos;acidente_fatal
2025-10-01;quarta-feira;23:00:00;BA;116;VITORIA DA CONQUISTA;Ingestï¿½o de ï¿½lcool pelo condutor;Saï¿½da de leito carroï¿½ï¿½vel;Com Vï¿½timas Feridas;Plena Noite;Ignorado;Simples;Reta;Nï¿½o;0;0
2025-10-02;quinta-feira;11:13:00;MA;10;IMPERATRIZ;Ausï¿½ncia de reaï¿½ï¿½o do condutor;Colisï¿½o lateral mesmo sentido;Com Vï¿½timas Feridas;Pleno dia;Cï¿½u Claro;Dupla;Reta;Sim;0;0
2025-10-02;quinta-feira;19:00:00;PR;116;COLOMBO;Entrada inopinada do pedestre;Atropelamento de Pedestre;Com Vï¿½timas Feridas;Plena Noite;Garoa/Chuvisco;Simples;"Interseï¿½ï¿½o de Vias;Viaduto";Sim;0;0
2025-10-01;quarta-feira;16:30:00;SC;282;CORDILHEIRA ALTA;Ausï¿½ncia de reaï¿½ï¿½o do condutor;Saï¿½da de leito carroï¿½ï¿½vel;Sem Vï¿½timas;Pleno dia;Nublado;Simples;"Reta;Declive";Nï¿½o;0;0
2025-10-02;quinta-feira;17:45:00;AL;101;SAO MIGUEL DOS CAMPOS;Acessar a via sem observar a presenï¿½a dos outros veï¿½culos;Colisï¿½o transversal;Com Vï¿½timas Feridas;Anoitecer;Cï¿½u Claro;Simples;"Rotatï¿½ria;Interseï¿½ï¿½o de Vias;Em Obras";Sim;0;0
2025-10-02;quinta-feira;19:15:00;RN;101;NATAL;Ingestï¿½o de ï¿½lcool pelo condutor;Colisï¿½o com objeto;Sem Vï¿½timas;Plena Noite;Cï¿½u Claro;Dupla;Reta;Sim;0;0
2025-10-02;quinta-feira;20:20:00;RS;290;URUGUAIANA;Ausï¿½ncia de reaï¿½ï¿½o do condutor;Queda de ocupante de veï¿½culo;Com Vï¿½timas Feridas;Plena Noite;Cï¿½u Claro;Simples;Reta;Nï¿½o;0;0
2025-10-02;quinta-feira;20:30:00;PB;230;JOAO PESSOA;Manobra de mudanï¿½a de faixa;Colisï¿½o lateral mesmo sentido;Com Vï¿½timas Feridas;Plena Noite;Cï¿½u Claro;Dupla;Viaduto;Sim;0;0
2025-10-02;quinta-feira;19:30:00;SC;101;SAO JOSE;Reaï¿½ï¿½o tardia ou ineficiente do condutor;Colisï¿½o transversal;Com Vï¿½timas Feridas;Plena Noite;Garoa/Chuvisco;Dupla;Reta;Sim;0;0
2025-10-02;quinta-feira;21:25:00;CE;20;CAUCAIA;Reaï¿½ï¿½o tardia ou ineficiente do condutor;Saï¿½da de leito carroï¿½ï¿½vel;Com Vï¿½timas Feridas;Plena Noite;Cï¿½u Claro;Simples;Reta;Nï¿½o;0;0
2025-10-02;quinta-feira;21:20:00;RJ;101;NITEROI;Acessar a via sem observar a presenï¿½a dos outros veï¿½culos;Colisï¿½o traseira;Com Vï¿½timas Feridas;Plena Noite;Cï¿½u Claro;Mï¿½ltipla;Reta;Sim;0;0
2025-10-02;quinta-feira;21:05:00;SC;101;BALNEARIO CAMBORIU;Ausï¿½ncia de reaï¿½ï¿½o do condutor;Colisï¿½o transversal;Com Vï¿½timas Feridas;Plena Noite;Chuva;Dupla;"Interseï¿½ï¿½o de Vias;Viaduto";Nï¿½o;0;0
2025-10-02;quinta-feira;19:40:00;RJ;356;ITAPERUNA;Reaï¿½ï¿½o tardia ou ineficiente do condutor;Colisï¿½o transversal;Com Vï¿½timas Feridas;Plena Noite;Cï¿½u Claro;Simples;Interseï¿½ï¿½o de Vias;Nï¿½o;0;0
2025-10-02;quinta-feira;21:40:00;CE;116;ITAITINGA;Ausï¿½ncia de reaï¿½ï¿½o do condutor;Colisï¿½o traseira;Com Vï¿½timas Feridas;Plena Noite;Cï¿½u Claro;Dupla;Reta;Nï¿½o;0;0
2025-06-27;sexta-feira;19:55:00;SC;116;CORREIA PINTO;Reaï¿½ï¿½o tardia ou ineficiente do condutor;Colisï¿½o traseira;Com Vï¿½timas Feridas;Plena Noite;Nublado;Simples;"Aclive;Reta";Sim;0;0
2025-10-02;quinta-feira;08:45:00;BA;324;SALVADOR;Avarias e/ou desgaste excessivo no pneu;Queda de ocupante de veï¿½culo;Com Vï¿½timas Feridas;Pleno dia;Nublado;Dupla;Reta;Nï¿½o;0;0
2025-10-02;quinta-feira;21:55:00;PE;232;CARUARU;Acumulo de areia ou detritos sobre o pavimento;Colisï¿½o traseira;Com Vï¿½timas Feridas;Plena Noite;Cï¿½u Claro;Dupla;"Interseï¿½ï¿½o de Vias;Viaduto";Nï¿½o;0;0
2025-10-02;quinta-feira;22:00:00;RJ;101;CAMPOS DOS GOYTACAZES;Condutor deixou de manter distï¿½ncia do veï¿½culo da frente;Colisï¿½o traseira;Com Vï¿½timas Feridas;Plena Noite;Cï¿½u Claro;Simples;"Em Obras;Reta";Nï¿½o;0;0
2025-09-15;segunda-feira;18:38:00;SC;101;SOMBRIO;Pedestre andava na pista;Atropelamento de Pedestre;Com Vï¿½timas Feridas;Plena Noite;Chuva;Mï¿½ltipla;Reta;Sim;0;0
2025-10-02;quinta-feira;20:30:00;PR;487;CRUZEIRO DO OESTE;Ausï¿½ncia de reaï¿½ï¿½o do condutor;Capotamento;Com Vï¿½timas Feridas;Plena Noite;Cï¿½u Claro;Simples;"Declive;Reta";Sim;0;0
2025-10-02;quinta-feira;22:10:00;SP;116;SAO PAULO;Velocidade Incompatï¿½vel;Colisï¿½o transversal;Com Vï¿½timas Feridas;Plena Noite;Ignorado;Mï¿½ltipla;Reta;Sim;0;0
2025-10-02;quinta-feira;20:05:00;RJ;101;SAO GONCALO;Manobra de mudanï¿½a de faixa;Colisï¿½o lateral mesmo sentido;Com Vï¿½timas Feridas;Plena Noite;Nublado;Dupla;Reta;Sim;0;0
2025-10-02;quinta-feira;22:20:00;SC;282;LAGES;Velocidade Incompatï¿½vel;Saï¿½da de leito carroï¿½ï¿½vel;Com Vï¿½timas Feridas;Plena Noite;Garoa/Chuvisco;Simples;"Declive;Reta";Nï¿½o;0;0
2025-10-02;quinta-feira;07:00:00;MG;116;CAMPANARIO;Ausï¿½ncia de reaï¿½ï¿½o do condutor;Saï¿½da de leito carroï¿½ï¿½vel;Sem Vï¿½timas;Pleno dia;Nublado;Simples;Curva;Nï¿½o;0;0
2025-10-02;quinta-feira;20:10:00;MG;116;MURIAE;Ausï¿½ncia de reaï¿½ï¿½o do condutor;Colisï¿½o lateral sentido oposto;Com Vï¿½timas Feridas;Plena Noite;Nublado;Simples;"Reta;Declive";Nï¿½o;0;0
2025-10-02;quinta-feira;22:49:00;DF;70;BRASILIA;Reaï¿½ï¿½o tardia ou ineficiente do condutor;Colisï¿½o com objeto;Com Vï¿½timas Feridas;Plena Noite;Cï¿½u Claro;Dupla;Reta;Sim;0;0
2025-10-02;quinta-feira;22:30:00;PR;376;CURITIBA;Ausï¿½ncia de reaï¿½ï¿½o do condutor;Colisï¿½o lateral sentido oposto;Com Vï¿½timas Feridas;Plena Noite;Cï¿½u Claro;Dupla;Reta;Sim;0;0
2025-10-02;quinta-feira;22:45:00;RJ;40;COMENDADOR LEVY GASPARIAN;Animais na Pista;Atropelamento de Animal;Com Vï¿½timas Feridas;Plena Noite;Cï¿½u Claro;Dupla;"Aclive;Reta";Nï¿½o;0;0
2025-10-02;quinta-feira;22:15:00;PR;376;SAO JOSE DOS PINHAIS;Reaï¿½ï¿½o tardia ou ineficiente do condutor;Saï¿½da de leito carroï¿½ï¿½vel;Com Vï¿½timas Feridas;Plena Noite;Garoa/Chuvisco;Mï¿½ltipla;"Aclive;Interseï¿½ï¿½o de Vias;Reta";Nï¿½o;0;0
2025-10-02;quinta-feira;20:35:00;PR;376;SAO JOSE DOS PINHAIS;Acumulo de ï¿½gua sobre o pavimento;Saï¿½da de leito carroï¿½ï¿½vel;Com Vï¿½timas Feridas;Plena Noite;Chuva;Dupla;"Curva;Declive";Nï¿½o;0;0
2025-09-28;domingo;22:30:00;BA;110;ALAGOINHAS;Ausï¿½ncia de sinalizaï¿½ï¿½o;Colisï¿½o traseira;Com Vï¿½timas Feridas;Plena Noite;Nublado;Simples;Reta;Nï¿½o;0;0
2025-10-02;quinta-feira;21:44:00;AC;364;RIO BRANCO;Retorno proibido;Colisï¿½o traseira;Com Vï¿½timas Feridas;Plena Noite;Cï¿½u Claro;Dupla;Reta;Sim;0;0
2025-10-03;sexta-feira;00:40:00;SP;116;SAO JOSE DOS CAMPOS;Reaï¿½ï¿½o tardia ou ineficiente do condutor;Colisï¿½o traseira;Com Vï¿½timas Feridas;Plena Noite;Cï¿½u Claro;Dupla;Reta;Sim;0;0
2025-10-02;quinta-feira;23:20:00;PR;277;SAO JOSE DOS PINHAIS;Ingestï¿½o de ï¿½lcool pelo condutor;Colisï¿½o traseira;Com Vï¿½timas Fatais;Plena Noite;Cï¿½u Claro;Dupla;"Reta;Ponte";Sim;1;1
2025-10-02;quinta-feira;09:20:00;BA;324;SALVADOR;Ausï¿½ncia de reaï¿½ï¿½o do condutor;Colisï¿½o traseira;Com Vï¿½timas Feridas;Pleno dia;Cï¿½u Claro;Dupla;Reta;Sim;0;0
2025-09-19;sexta-feira;18:50:00;MT;364;PEDRA PRETA;Acessar a via sem observar a presenï¿½a dos outros veï¿½culos;Colisï¿½o transversal;Com Vï¿½timas Feridas;Plena Noite;Cï¿½u Claro;Simples;Reta;Nï¿½o;0;0
2025-10-03;sexta-feira;02:10:00;PR;163;LINDOESTE;Condutor Dormindo;Saï¿½da de leito carroï¿½ï¿½vel;Com Vï¿½timas Feridas;Plena Noite;Garoa/Chuvisco;Dupla;Curva;Nï¿½o;0;0
2025-10-03;sexta-feira;02:10:00;ES;101;LINHARES;Condutor desrespeitou a iluminaï¿½ï¿½o vermelha do semï¿½foro;Colisï¿½o transversal;Com Vï¿½timas Feridas;Plena Noite;Nublado;Mï¿½ltipla;"Interseï¿½ï¿½o de Vias;Reta";Sim;0;0
2025-10-03;sexta-feira;01:15:00;CE;116;JAGUARIBARA;Ausï¿½ncia de reaï¿½ï¿½o do condutor;Capotamento;Com Vï¿½timas Feridas;Plena Noite;Cï¿½u Claro;Simples;Reta;Nï¿½o;0;0
2025-10-03;sexta-feira;03:30:00;MG;381;SAO SEBASTIAO DA BELA VISTA;Animais na Pista;Atropelamento de Animal;Com Vï¿½timas Feridas;Plena Noite;Cï¿½u Claro;Dupla;Reta;Nï¿½o;0;0
2025-10-03;sexta-feira;03:30:00;RS;116;PORTO ALEGRE;Ausï¿½ncia de reaï¿½ï¿½o do condutor;Colisï¿½o traseira;Com Vï¿½timas Feridas;Plena Noite;Nublado;Dupla;"Reta;Em Obras";Sim;0;0
2025-10-03;sexta-feira;05:46:00;RN;304;LAJES;Manobra de mudanï¿½a de faixa;Colisï¿½o transversal;Com Vï¿½timas Feridas;Pleno dia;Sol;Simples;Reta;Sim;0;0
2025-10-03;sexta-feira;04:30:00;MG;262;UBERABA;Ultrapassagem Indevida;Saï¿½da de leito carroï¿½ï¿½vel;Sem Vï¿½timas;Amanhecer;Cï¿½u Claro;Simples;Reta;Nï¿½o;0;0
2025-10-03;sexta-feira;06:20:00;MG;381;EXTREMA;Ausï¿½ncia de reaï¿½ï¿½o do condutor;Colisï¿½o lateral mesmo sentido;Com Vï¿½timas Feridas;Amanhecer;Nublado;Dupla;"Aclive;Curva";Nï¿½o;0;0
2025-10-03;sexta-feira;06:20:00;MG;381;EXTREMA;Reaï¿½ï¿½o tardia ou ineficiente do condutor;Tombamento;Com Vï¿½timas Feridas;Amanhecer;Cï¿½u Claro;Dupla;"Aclive;Curva";Nï¿½o;0;0
2025-10-03;sexta-feira;06:00:00;RJ;101;MANGARATIBA;Pedestre andava na pista;Atropelamento de Pedestre;Com Vï¿½timas Feridas;Amanhecer;Cï¿½u Claro;Simples;Reta;Sim;0;0
2025-10-03;sexta-feira;04:45:00;SC;280;GUARAMIRIM;Acessar a via sem observar a presenï¿½a dos outros veï¿½culos;Colisï¿½o transversal;Com Vï¿½timas Feridas;Plena Noite;Chuva;Simples;Reta;Nï¿½o;0;0
2025-10-03;sexta-feira;06:50:00;RS;285;IJUI;Pedestre andava na pista;Atropelamento de Pedestre;Com Vï¿½timas Feridas;Pleno dia;Cï¿½u Claro;Simples;"Aclive;Reta;Em Obras";Sim;0;0
2025-10-03;sexta-feira;06:40:00;SP;381;MAIRIPORA;Ingestï¿½o de ï¿½lcool pelo condutor;Colisï¿½o com objeto;Sem Vï¿½timas;Pleno dia;Cï¿½u Claro;Dupla;Reta;Nï¿½o;0;0
2025-10-03;sexta-feira;06:40:00;PB;101;ALHANDRA;Afundamento ou ondulaï¿½ï¿½o no pavimento;Tombamento;Com Vï¿½timas Feridas;Pleno dia;Cï¿½u Claro;Dupla;Reta;Sim;0;0
2025-10-03;sexta-feira;07:05:00;SP;116;SAO JOSE DOS CAMPOS;Trafegar com motocicleta (ou similar) entre as faixas;Colisï¿½o lateral mesmo sentido;Com Vï¿½timas Feridas;Pleno dia;Nublado;Dupla;Reta;Nï¿½o;0;0
2025-10-03;sexta-feira;06:40:00;RJ;116;TERESOPOLIS;Acumulo de ï¿½leo sobre o pavimento;Tombamento;Com Vï¿½timas Feridas;Pleno dia;Cï¿½u Claro;Simples;"Interseï¿½ï¿½o de Vias;Rotatï¿½ria";Sim;0;0
2025-10-03;sexta-feira;05:00:00;PI;230;FLORIANO;Pedestre andava na pista;Atropelamento de Pedestre;Com Vï¿½timas Fatais;Amanhecer;Cï¿½u Claro;Simples;"Reta;Declive";Nï¿½o;1;1
2025-10-03;sexta-feira;07:33:00;MG;40;RIBEIRAO DAS NEVES;Trafegar com motocicleta (ou similar) entre as faixas;Colisï¿½o lateral mesmo sentido;Com Vï¿½timas Feridas;Pleno dia;Cï¿½u Claro;Dupla;Reta;Sim;0;0
2025-10-03;sexta-feira;07:45:00;RS;470;BENTO GONCALVES;Velocidade Incompatï¿½vel;Saï¿½da de leito carroï¿½ï¿½vel;Com Vï¿½timas Feridas;Pleno dia;Chuva;Simples;"Curva;Aclive";Nï¿½o;0;0
2025-10-03;sexta-feira;07:40:00;ES;101;CONCEICAO DA BARRA;Acessar a via sem observar a presenï¿½a dos outros veï¿½culos;Colisï¿½o transversal;Com Vï¿½timas Feridas;Pleno dia;Cï¿½u Claro;Simples;Interseï¿½ï¿½o de Vias;Sim;0;0
2025-10-03;sexta-feira;06:30:00;SC;101;JOINVILLE;Desrespeitar a preferï¿½ncia no cruzamento;Colisï¿½o lateral mesmo sentido;Com Vï¿½timas Feridas;Pleno dia;Nublado;Mï¿½ltipla;Viaduto;Sim;0;0
2025-10-03;sexta-feira;07:38:00;SP;153;SAO JOSE DO RIO PRETO;Condutor deixou de manter distï¿½ncia do veï¿½culo da frente;Engavetamento;Com Vï¿½timas Feridas;Pleno dia;Cï¿½u Claro;Dupla;"Aclive;Reta";Nï¿½o;0;0
2025-10-03;sexta-feira;06:30:00;PR;376;GUAIRACA;Desrespeitar a preferï¿½ncia no cruzamento;Colisï¿½o transversal;Com Vï¿½timas Feridas;Pleno dia;Cï¿½u Claro;Simples;Interseï¿½ï¿½o de Vias;Nï¿½o;0;0
2025-10-03;sexta-feira;08:30:00;SP;153;SAO JOSE DO RIO PRETO;Condutor Dormindo;Colisï¿½o traseira;Com Vï¿½timas Fatais;Pleno dia;Cï¿½u Claro;Dupla;Reta;Sim;1;1
2025-09-13;sï¿½bado;21:00:00;SC;470;ASCURRA;Transitar na contramï¿½o;Colisï¿½o frontal;Com Vï¿½timas Feridas;Plena Noite;Cï¿½u Claro;Simples;Interseï¿½ï¿½o de Vias;Nï¿½o;0;0
2025-10-03;sexta-feira;08:15:00;GO;153;ANAPOLIS;Condutor deixou de manter distï¿½ncia do veï¿½culo da frente;Colisï¿½o traseira;Com Vï¿½timas Feridas;Pleno dia;Cï¿½u Claro;Dupla;Em Obras;Sim;0;0
2025-10-03;sexta-feira;01:30:00;MT;364;VARZEA GRANDE;Chuva;Saï¿½da de leito carroï¿½ï¿½vel;Com Vï¿½timas Feridas;Plena Noite;Chuva;Simples;Reta;Nï¿½o;0;0
2025-10-03;sexta-feira;07:55:00;SP;381;ATIBAIA;Trafegar com motocicleta (ou similar) entre as faixas;Saï¿½da de leito carroï¿½ï¿½vel;Com Vï¿½timas Feridas;Pleno dia;Cï¿½u Claro;Dupla;"Aclive;Reta";Sim;0;0
2025-10-03;sexta-feira;06:35:00;PR;376;MARINGA;Condutor deixou de manter distï¿½ncia do veï¿½culo da frente;Colisï¿½o traseira;Com Vï¿½timas Feridas;Amanhecer;Cï¿½u Claro;Dupla;Reta;Sim;0;0
2025-10-03;sexta-feira;08:00:00;RO;364;VILHENA;Manobra de mudanï¿½a de faixa;Colisï¿½o traseira;Com Vï¿½timas Feridas;Pleno dia;Sol;Mï¿½ltipla;Rotatï¿½ria;Sim;0;0
2025-10-03;sexta-feira;08:35:00;RJ;101;NITEROI;Manobra de mudanï¿½a de faixa;Queda de ocupante de veï¿½culo;Com Vï¿½timas Feridas;Pleno dia;Cï¿½u Claro;Dupla;Reta;Nï¿½o;0;0
2025-10-03;sexta-feira;07:00:00;MT;70;CAMPO VERDE;Acessar a via sem observar a presenï¿½a dos outros veï¿½culos;Colisï¿½o transversal;Com Vï¿½timas Feridas;Pleno dia;Cï¿½u Claro;Simples;"Interseï¿½ï¿½o de Vias;Retorno Regulamentado";Sim;0;0
2025-10-03;sexta-feira;06:55:00;RJ;116;DUQUE DE CAXIAS;Ausï¿½ncia de reaï¿½ï¿½o do condutor;Colisï¿½o transversal;Com Vï¿½timas Feridas;Amanhecer;Cï¿½u Claro;Dupla;Reta;Sim;0;0
2025-10-03;sexta-feira;09:20:00;PB;230;JOAO PESSOA;Trafegar com motocicleta (ou similar) entre as faixas;Colisï¿½o traseira;Com Vï¿½timas Feridas;Pleno dia;Cï¿½u Claro;Dupla;Reta;Sim;0;0
2025-09-20;sï¿½bado;22:30:00;PA;10;IPIXUNA DO PARA;Condutor Dormindo;Saï¿½da de leito carroï¿½ï¿½vel;Com Vï¿½timas Feridas;Plena Noite;Cï¿½u Claro;Simples;Reta;Nï¿½o;0;0
2025-08-04;segunda-feira;23:50:00;ES;393;CACHOEIRO DE ITAPEMIRIM;Ingestï¿½o de ï¿½lcool pelo condutor;Colisï¿½o frontal;Com Vï¿½timas Feridas;Plena Noite;Cï¿½u Claro;Simples;Reta;Sim;0;0
2025-10-03;sexta-feira;07:30:00;MT;364;RONDONOPOLIS;Ausï¿½ncia de reaï¿½ï¿½o do condutor;Colisï¿½o traseira;Com Vï¿½timas Feridas;Pleno dia;Cï¿½u Claro;Dupla;Interseï¿½ï¿½o de Vias;Sim;0;0
2025-10-03;sexta-feira;09:00:00;PE;232;ARCOVERDE;Acessar a via sem observar a presenï¿½a dos outros veï¿½culos;Colisï¿½o transversal;Com Vï¿½timas Fatais;Pleno dia;Cï¿½u Claro;Simples;Aclive;Nï¿½o;1;1
2025-10-03;sexta-feira;03:20:00;BA;101;CAMACAN;Ingestï¿½o de ï¿½lcool pelo condutor;Colisï¿½o frontal;Com Vï¿½timas Fatais;Plena Noite;Cï¿½u Claro;Simples;Reta;Nï¿½o;2;1
2025-10-03;sexta-feira;09:00:00;TO;153;GUARAI;Reaï¿½ï¿½o tardia ou ineficiente do condutor;Colisï¿½o traseira;Com Vï¿½timas Feridas;Pleno dia;Cï¿½u Claro;Mï¿½ltipla;"Reta;Interseï¿½ï¿½o de Vias";Sim;0;0
2025-10-03;sexta-feira;09:30:00;RS;116;ESTEIO;Manobra de mudanï¿½a de faixa;Tombamento;Com Vï¿½timas Feridas;Pleno dia;Nublado;Dupla;Reta;Sim;0;0
2025-10-03;sexta-feira;06:00:00;AC;317;SENADOR GUIOMARD;Ausï¿½ncia de reaï¿½ï¿½o do condutor;Saï¿½da de leito carroï¿½ï¿½vel;Com Vï¿½timas Fatais;Amanhecer;Cï¿½u Claro;Simples;Reta;Nï¿½o;1;1
2025-10-03;sexta-feira;09:20:00;MA;135;SAO LUIS;Reaï¿½ï¿½o tardia ou ineficiente do condutor;Colisï¿½o traseira;Com Vï¿½timas Feridas;Pleno dia;Sol;Simples;Reta;Nï¿½o;0;0
2025-09-21;domingo;09:30:00;RN;304;MACAIBA;Condutor deixou de manter distï¿½ncia do veï¿½culo da frente;Colisï¿½o traseira;Com Vï¿½timas Feridas;Pleno dia;Sol;Dupla;Reta;Nï¿½o;0;0
2025-10-03;sexta-feira;10:20:00;SP;381;ATIBAIA;Ausï¿½ncia de reaï¿½ï¿½o do condutor;Tombamento;Com Vï¿½timas Feridas;Pleno dia;Cï¿½u Claro;Dupla;"Aclive;Curva";Sim;0;0
2025-10-03;sexta-feira;08:10:00;ES;262;VENDA NOVA DO IMIGRANTE;Manobra de mudanï¿½a de faixa;Colisï¿½o lateral mesmo sentido;Com Vï¿½timas Feridas;Pleno dia;Nublado;Simples;Reta;Sim;0;0
2025-10-03;sexta-feira;10:30:00;SE;235;ITABAIANA;Acessar a via sem observar a presenï¿½a dos outros veï¿½culos;Colisï¿½o transversal;Com Vï¿½timas Feridas;Pleno dia;Garoa/Chuvisco;Simples;Curva;Nï¿½o;0;0
2025-10-03;sexta-feira;11:00:00;PR;116;CAMPINA GRANDE DO SUL;Falta de elemento de contenï¿½ï¿½o que evite a saï¿½da do leito carroï¿½ï¿½vel;Saï¿½da de leito carroï¿½ï¿½vel;Com Vï¿½timas Feridas;Pleno dia;Chuva;Dupla;"Curva;Declive";Nï¿½o;0;0
2025-09-28;domingo;03:00:00;PR;277;FOZ DO IGUACU;Reaï¿½ï¿½o tardia ou ineficiente do condutor;Colisï¿½o traseira;Com Vï¿½timas Feridas;Plena Noite;Garoa/Chuvisco;Dupla;Reta;Sim;0;0
2025-10-03;sexta-feira;12:00:00;PR;116;CAMPINA GRANDE DO SUL;Chuva;Capotamento;Com Vï¿½timas Feridas;Pleno dia;Chuva;Dupla;Reta;Nï¿½o;0;0
2025-10-03;sexta-feira;12:00:00;RN;101;PARNAMIRIM;Estacionar ou parar em local proibido;Colisï¿½o com objeto;Com Vï¿½timas Feridas;Pleno dia;Cï¿½u Claro;Dupla;"Aclive;Viaduto;Reta";Sim;0;0
2025-10-03;sexta-feira;11:15:00;PR;158;CORONEL VIVIDA;Velocidade Incompatï¿½vel;Saï¿½da de leito carroï¿½ï¿½vel;Com Vï¿½timas Feridas;Pleno dia;Chuva;Simples;Reta;Nï¿½o;0;0
2025-10-03;sexta-feira;11:05:00;PR;277;CURITIBA;Ausï¿½ncia de reaï¿½ï¿½o do condutor;Colisï¿½o traseira;Com Vï¿½timas Feridas;Pleno dia;Chuva;Mï¿½ltipla;Reta;Sim;0;0
2025-10-03;sexta-feira;11:15:00;PR;272;JANIOPOLIS;Ultrapassagem Indevida;Colisï¿½o frontal;Com Vï¿½timas Feridas;Pleno dia;Chuva;Simples;Reta;Nï¿½o;0;0
2025-10-03;sexta-feira;12:15:00;BA;116;FEIRA DE SANTANA;Velocidade Incompatï¿½vel;Atropelamento de Pedestre;Com Vï¿½timas Feridas;Pleno dia;Cï¿½u Claro;Simples;Reta;Sim;0;0
2025-10-03;sexta-feira;12:30:00;PR;376;MARINGA;Desrespeitar a preferï¿½ncia no cruzamento;Colisï¿½o transversal;Com Vï¿½timas Feridas;Pleno dia;Cï¿½u Claro;Dupla;Interseï¿½ï¿½o de Vias;Sim;0;0
2025-10-03;sexta-feira;11:30:00;PR;369;ROLANDIA;Reaï¿½ï¿½o tardia ou ineficiente do condutor;Saï¿½da de leito carroï¿½ï¿½vel;Com Vï¿½timas Feridas;Pleno dia;Garoa/Chuvisco;Simples;Declive;Sim;0;0
2025-10-03;sexta-feira;11:25:00;MA;230;BALSAS;Acessar a via sem observar a presenï¿½a dos outros veï¿½culos;Colisï¿½o transversal;Com Vï¿½timas Feridas;Pleno dia;Cï¿½u Claro;Simples;"Reta;Retorno Regulamentado";Sim;0;0
2025-09-29;segunda-feira;21:10:00;RJ;40;DUQUE DE CAXIAS;Manobra de mudanï¿½a de faixa;Colisï¿½o lateral mesmo sentido;Com Vï¿½timas Feridas;Plena Noite;Cï¿½u Claro;Mï¿½ltipla;Reta;Sim;0;0
2025-10-03;sexta-feira;13:20:00;RJ;116;SAO JOAO DE MERITI;Ausï¿½ncia de reaï¿½ï¿½o do condutor;Colisï¿½o traseira;Com Vï¿½timas Feridas;Pleno dia;Cï¿½u Claro;Mï¿½ltipla;Reta;Sim;0;0
2025-10-03;sexta-feira;09:52:00;MS;262;ANASTACIO;Acostamento em desnï¿½vel;Saï¿½da de leito carroï¿½ï¿½vel;Com Vï¿½timas Feridas;Pleno dia;Nublado;Simples;Reta;Nï¿½o;0;0
2025-10-03;sexta-feira;09:40:00;RJ;101;NITEROI;Manobra de mudanï¿½a de faixa;Colisï¿½o traseira;Com Vï¿½timas Feridas;Pleno dia;Cï¿½u Claro;Mï¿½ltipla;Reta;Nï¿½o;0;0
2025-10-03;sexta-feira;11:50:00;PR;153;CONSELHEIRO MAIRINCK;Desrespeitar a preferï¿½ncia no cruzamento;Colisï¿½o transversal;Com Vï¿½timas Fatais;Pleno dia;Cï¿½u Claro;Simples;"Interseï¿½ï¿½o de Vias;Rotatï¿½ria";Nï¿½o;1;1
2025-10-03;sexta-feira;13:30:00;ES;101;SERRA;Manobra de mudanï¿½a de faixa;Colisï¿½o lateral mesmo sentido;Com Vï¿½timas Feridas;Pleno dia;Sol;Dupla;Reta;Sim;0;0
2025-10-03;sexta-feira;13:00:00;RS;290;GLORINHA;Reaï¿½ï¿½o tardia ou ineficiente do condutor;Saï¿½da de leito carroï¿½ï¿½vel;Com Vï¿½timas Feridas;Pleno dia;Garoa/Chuvisco;Dupla;Reta;Nï¿½o;0;0
2025-10-03;sexta-feira;11:00:00;RJ;101;NITEROI;Manobra de mudanï¿½a de faixa;Colisï¿½o lateral mesmo sentido;Sem Vï¿½timas;Pleno dia;Cï¿½u Claro;Mï¿½ltipla;Reta;Nï¿½o;0;0
2025-10-03;sexta-feira;08:40:00;PI;343;PIRACURUCA;Acessar a via sem observar a presenï¿½a dos outros veï¿½culos;Colisï¿½o transversal;Sem Vï¿½timas;Pleno dia;Cï¿½u Claro;Dupla;Reta;Sim;0;0
2025-10-03;sexta-feira;12:30:00;BA;324;FEIRA DE SANTANA;Ausï¿½ncia de reaï¿½ï¿½o do condutor;Colisï¿½o frontal;Com Vï¿½timas Feridas;Pleno dia;Sol;Simples;Reta;Sim;0;0
2025-10-03;sexta-feira;07:45:00;PR;376;ORTIGUEIRA;Chuva;Saï¿½da de leito carroï¿½ï¿½vel;Com Vï¿½timas Feridas;Pleno dia;Chuva;Simples;"Curva;Declive";Nï¿½o;0;0
2025-05-31;sï¿½bado;18:20:00;GO;251;CRISTALINA;Ingestï¿½o de ï¿½lcool pelo condutor;Saï¿½da de leito carroï¿½ï¿½vel;Sem Vï¿½timas;Plena Noite;Cï¿½u Claro;Simples;Reta;Nï¿½o;0;0
2025-10-03;sexta-feira;12:50:00;PR;277;VIRMOND;Avarias e/ou desgaste excessivo no pneu;Saï¿½da de leito carroï¿½ï¿½vel;Com Vï¿½timas Feridas;Pleno dia;Chuva;Simples;"Declive;Curva";Nï¿½o;0;0
2025-10-03;sexta-feira;14:42:00;PI;343;TERESINA;Ultrapassagem Indevida;Colisï¿½o frontal;Com Vï¿½timas Feridas;Pleno dia;Sol;Simples;Reta;Nï¿½o;0;0
2025-10-03;sexta-feira;11:00:00;PR;277;MATELANDIA;Chuva;Saï¿½da de leito carroï¿½ï¿½vel;Com Vï¿½timas Feridas;Pleno dia;Chuva;Dupla;Curva;Nï¿½o;0;0