data_inversa;dia_semana;horario;uf;br;municipio;causa_acidente;tipo_acidente;classificacao_acidente;fase_dia;condicao_metereologica;tipo_pista;tracado_via;uso_solo;mortos;acidente_fatal
2025-10-15;quarta-feira;18:05:00;PR;277;CASCAVEL;Acessar a via sem observar a presenï¿½a dos outros veï¿½culos;Colisï¿½o lateral mesmo sentido;Com Vï¿½timas Feridas;Pleno dia;Cï¿½u Claro;Dupla;Reta;Sim;0;0
2025-10-09;quinta-feira;08:50:00;PI;343;ALTOS;Ausï¿½ncia de reaï¿½ï¿½o do condutor;Colisï¿½o traseira;Com Vï¿½timas Feridas;Pleno dia;Cï¿½u Claro;Simples;Reta;Sim;0;0
2025-09-25;quinta-feira;23:05:00;PR;376;PONTA GROSSA;Animais na Pista;Atropelamento de Animal;Sem Vï¿½timas;Plena Noite;Ignorado;Dupla;Reta;Nï¿½o;0;0
2025-10-15;quarta-feira;12:00:00;MG;262;CAMPO FLORIDO;Condutor Dormindo;Saï¿½da de leito carroï¿½ï¿½vel;Com Vï¿½timas Feridas;Pleno dia;Cï¿½u Claro;Dupla;Curva;Nï¿½o;0;0
2025-10-15;quarta-feira;18:40:00;GO;80;PADRE BERNARDO;Iluminaï¿½ï¿½o deficiente;Saï¿½da de leito carroï¿½ï¿½vel;Com Vï¿½timas Feridas;Plena Noite;Nublado;Dupla;"Declive;Reta";Sim;0;0
2025-10-15;quarta-feira;19:20:00;PR;369;IBIPORA;Acumulo de areia ou detritos sobre o pavimento;Tombamento;Com Vï¿½timas Feridas;Plena Noite;Cï¿½u Claro;Dupla;"Interseï¿½ï¿½o de Vias;Reta;Declive";Nï¿½o;0;0
2025-10-15;quarta-feira;17:40:00;PR;376;ORTIGUEIRA;Reaï¿½ï¿½o tardia ou ineficiente do condutor;Saï¿½da de leito carroï¿½ï¿½vel;Com Vï¿½timas Feridas;Anoitecer;Nublado;Simples;"Declive;Reta";Nï¿½o;0;0
2025-09-30;terï¿½a-feira;19:00:00;PA;153;SAO DOMINGOS DO ARAGUAIA;Manobra de mudanï¿½a de faixa;Colisï¿½o frontal;Com Vï¿½timas Feridas;Plena Noite;Cï¿½u Claro;Simples;Curva;Nï¿½o;0;0
2025-10-15;quarta-feira;18:46:00;PB;101;SANTA RITA;Ausï¿½ncia de reaï¿½ï¿½o do condutor;Tombamento;Com Vï¿½timas Feridas;Plena Noite;Cï¿½u Claro;Dupla;Reta;Nï¿½o;0;0
2025-10-15;quarta-feira;18:30:00;SP;116;ITAPECERICA DA SERRA;Manobra de mudanï¿½a de faixa;Colisï¿½o lateral mesmo sentido;Com Vï¿½timas Feridas;Anoitecer;Cï¿½u Claro;Dupla;Reta;Nï¿½o;0;0
2025-10-15;quarta-feira;18:30:00;MG;381;CAETE;Demais falhas na via;Queda de ocupante de veï¿½culo;Com Vï¿½timas Feridas;Plena Noite;Cï¿½u Claro;Dupla;"Aclive;Curva";Nï¿½o;0;0
2025-10-15;quarta-feira;16:30:00;MT;70;BARRA DO GARCAS;Manobra de mudanï¿½a de faixa;Colisï¿½o lateral mesmo sentido;Com Vï¿½timas Feridas;Pleno dia;Cï¿½u Claro;Dupla;Reta;Sim;0;0
2025-10-15;quarta-feira;19:50:00;SP;116;GUARATINGUETA;Ausï¿½ncia de reaï¿½ï¿½o do condutor;Tombamento;Com Vï¿½timas Feridas;Plena Noite;Cï¿½u Claro;Dupla;"Aclive;Curva";Nï¿½o;0;0
2025-10-15;quarta-feira;18:10:00;AC;364;RIO BRANCO;Condutor deixou de manter distï¿½ncia do veï¿½culo da frente;Colisï¿½o traseira;Sem Vï¿½timas;Plena Noite;Chuva;Dupla;Declive;Sim;0;0
2025-10-15;quarta-feira;16:37:00;SP;116;GUARULHOS;Mal sï¿½bito do condutor;Tombamento;Com Vï¿½timas Fatais;Pleno dia;Nublado;Mï¿½ltipla;"Aclive;Reta";Sim;1;1
2025-10-15;quarta-feira;17:30:00;SC;470;BLUMENAU;Ausï¿½ncia de reaï¿½ï¿½o do condutor;Saï¿½da de leito carroï¿½ï¿½vel;Com Vï¿½timas Feridas;Pleno dia;Cï¿½u Claro;Dupla;Curva;Nï¿½o;0;0
2025-10-15;quarta-feira;16:00:00;SC;101;ICARA;Pista Escorregadia;Tombamento;Com Vï¿½timas Feridas;Pleno dia;Cï¿½u Claro;Simples;Interseï¿½ï¿½o de Vias;Nï¿½o;0;0
2025-10-15;quarta-feira;20:00:00;PR;277;MORRETES;Entrada inopinada do pedestre;Atropelamento de Pedestre;Com Vï¿½timas Fatais;Plena Noite;Cï¿½u Claro;Dupla;Curva;Sim;1;1
2025-10-15;quarta-feira;18:15:00;PR;116;COLOMBO;Velocidade Incompatï¿½vel;Tombamento;Com Vï¿½timas Feridas;Pleno dia;Ignorado;Dupla;Reta;Sim;0;0
2025-10-15;quarta-feira;16:40:00;RJ;116;QUEIMADOS;Frear bruscamente;Colisï¿½o com objeto;Com Vï¿½timas Feridas;Pleno dia;Nublado;Dupla;"Em Obras;Curva";Nï¿½o;0;0
2025-10-15;quarta-feira;18:45:00;PR;153;IBAITI;Reaï¿½ï¿½o tardia ou ineficiente do condutor;Colisï¿½o transversal;Com Vï¿½timas Feridas;Anoitecer;Cï¿½u Claro;Simples;Reta;Sim;0;0
2025-10-15;quarta-feira;18:25:00;SC;280;PORTO UNIAO;Acessar a via sem observar a presenï¿½a dos outros veï¿½culos;Colisï¿½o frontal;Com Vï¿½timas Feridas;Plena Noite;Cï¿½u Claro;Simples;Reta;Sim;0;0
2025-10-15;quarta-feira;16:00:00;PA;230;ITAITUBA;Ausï¿½ncia de reaï¿½ï¿½o do condutor;Colisï¿½o lateral mesmo sentido;Com Vï¿½timas Feridas;Pleno dia;Sol;Simples;Reta;Nï¿½o;0;0
2025-10-15;quarta-feira;19:40:00;RS;116;BARRA DO RIBEIRO;Ausï¿½ncia de sinalizaï¿½ï¿½o;Saï¿½da de leito carroï¿½ï¿½vel;Sem Vï¿½timas;Plena Noite;Nublado;Dupla;Curva;Nï¿½o;0;0
2025-10-15;quarta-feira;18:45:00;AP;210;PORTO GRANDE;Acessar a via sem observar a presenï¿½a dos outros veï¿½culos;Colisï¿½o frontal;Com Vï¿½timas Feridas;Plena Noite;Cï¿½u Claro;Simples;Reta;Sim;0;0
2025-10-15;quarta-feira;18:16:00;MS;463;PONTA PORA;Reaï¿½ï¿½o tardia ou ineficiente do condutor;Saï¿½da de leito carroï¿½ï¿½vel;Com Vï¿½timas Feridas;Plena Noite;Cï¿½u Claro;Simples;Reta;Nï¿½o;0;0
2025-10-15;quarta-feira;19:30:00;RO;364;PORTO VELHO;Ausï¿½ncia de reaï¿½ï¿½o do condutor;Colisï¿½o lateral mesmo sentido;Com Vï¿½timas Feridas;Plena Noite;Nublado;Dupla;Reta;Sim;0;0
2025-10-15;quarta-feira;19:10:00;PI;222;PIRIPIRI;Pedestre andava na pista;Atropelamento de Pedestre;Com Vï¿½timas Feridas;Plena Noite;Cï¿½u Claro;Simples;Curva;Nï¿½o;0;0
2025-10-15;quarta-feira;19:00:00;PA;230;MEDICILANDIA;Reaï¿½ï¿½o tardia ou ineficiente do condutor;Colisï¿½o lateral mesmo sentido;Com Vï¿½timas Feridas;Plena Noite;Cï¿½u Claro;Simples;Reta;Nï¿½o;0;0
2025-10-15;quarta-feira;20:19:00;BA;101;GOVERNADOR MANGABEIRA;Transitar na contramï¿½o;Colisï¿½o frontal;Com Vï¿½timas Fatais;Plena Noite;Cï¿½u Claro;Simples;"Reta;Aclive";Nï¿½o;1;1
2025-10-15;quarta-feira;19:10:00;SC;282;RANCHO QUEIMADO;Velocidade Incompatï¿½vel;Tombamento;Com Vï¿½timas Feridas;Pleno dia;Cï¿½u Claro;Simples;Reta;Nï¿½o;0;0
2025-10-15;quarta-feira;20:25:00;PE;232;TACAIMBO;Pedestre andava na pista;Atropelamento de Pedestre;Com Vï¿½timas Fatais;Plena Noite;Cï¿½u Claro;Simples;Reta;Nï¿½o;1;1
2025-10-15;quarta-feira;21:12:00;RJ;101;ITAGUAI;Ingestï¿½o de ï¿½lcool pelo condutor;Saï¿½da de leito carroï¿½ï¿½vel;Com Vï¿½timas Feridas;Plena Noite;Nublado;Dupla;Curva;Nï¿½o;0;0
2025-10-15;quarta-feira;23:15:00;RN;101;GOIANINHA;Condutor Dormindo;Saï¿½da de leito carroï¿½ï¿½vel;Com Vï¿½timas Feridas;Plena Noite;Cï¿½u Claro;Dupla;Reta;Nï¿½o;0;0
2025-10-15;quarta-feira;23:00:00;SP;116;SAO JOSE DOS CAMPOS;Manobra de mudanï¿½a de faixa;Colisï¿½o com objeto;Com Vï¿½timas Feridas;Plena Noite;Nublado;Mï¿½ltipla;"Reta;Aclive";Sim;0;0
2025-10-16;quinta-feira;00:10:00;SP;116;GUARULHOS;Reaï¿½ï¿½o tardia ou ineficiente do condutor;Colisï¿½o traseira;Com Vï¿½timas Feridas;Plena Noite;Vento;Mï¿½ltipla;Reta;Sim;0;0
2025-10-15;quarta-feira;22:20:00;MS;267;NOVA ANDRADINA;Acesso irregular;Colisï¿½o lateral sentido oposto;Com Vï¿½timas Fatais;Plena Noite;Cï¿½u Claro;Simples;Reta;Nï¿½o;1;1
2025-10-16;quinta-feira;00:00:00;SC;101;BARRA VELHA;Reaï¿½ï¿½o tardia ou ineficiente do condutor;Saï¿½da de leito carroï¿½ï¿½vel;Sem Vï¿½timas;Plena Noite;Cï¿½u Claro;Simples;Reta;Sim;0;0
2025-10-15;quarta-feira;19:30:00;PI;135;BOM JESUS;Ausï¿½ncia de reaï¿½ï¿½o do condutor;Saï¿½da de leito carroï¿½ï¿½vel;Com Vï¿½timas Feridas;Plena Noite;Cï¿½u Claro;Simples;Reta;Nï¿½o;0;0
2025-10-16;quinta-feira;00:20:00;RS;290;CACHOEIRA DO SUL;Condutor Dormindo;Colisï¿½o frontal;Sem Vï¿½timas;Plena Noite;Nublado;Simples;Reta;Nï¿½o;0;0
2025-10-15;quarta-feira;23:40:00;MG;40;FELIXLANDIA;Condutor Dormindo;Saï¿½da de leito carroï¿½ï¿½vel;Com Vï¿½timas Feridas;Plena Noite;Cï¿½u Claro;Simples;"Interseï¿½ï¿½o de Vias;Reta;Rotatï¿½ria";Nï¿½o;0;0
2025-10-16;quinta-feira;00:50:00;BA;116;BOA NOVA;Pedestre andava na pista;Atropelamento de Pedestre;Com Vï¿½timas Feridas;Plena Noite;Cï¿½u Claro;Simples;Declive;Nï¿½o;0;0
2025-10-16;quinta-feira;00:01:00;RJ;116;SAPUCAIA;Ausï¿½ncia de reaï¿½ï¿½o do condutor;Capotamento;Com Vï¿½timas Feridas;Plena Noite;Cï¿½u Claro;Simples;Reta;Nï¿½o;0;0
2025-10-16;quinta-feira;05:10:00;ES;101;RIO NOVO DO SUL;Ausï¿½ncia de reaï¿½ï¿½o do condutor;Saï¿½da de leito carroï¿½ï¿½vel;Com Vï¿½timas Feridas;Amanhecer;Cï¿½u Claro;Simples;Reta;Nï¿½o;0;0
2025-10-16;quinta-feira;03:00:00;RS;290;URUGUAIANA;Reaï¿½ï¿½o tardia ou ineficiente do condutor;Saï¿½da de leito carroï¿½ï¿½vel;Com Vï¿½timas Feridas;Plena Noite;Nublado;Simples;Reta;Nï¿½o;0;0
2025-10-15;quarta-feira;21:55:00;GO;60;RIO VERDE;Retorno proibido;Colisï¿½o frontal;Com Vï¿½timas Feridas;Plena Noite;Cï¿½u Claro;Dupla;Reta;Sim;0;0
2025-10-15;quarta-feira;19:30:00;MT;364;VARZEA GRANDE;Animais na Pista;Atropelamento de Animal;Com Vï¿½timas Feridas;Plena Noite;Cï¿½u Claro;Mï¿½ltipla;Reta;Sim;0;0
2025-10-16;quinta-feira;05:28:00;RN;304;MACAIBA;Ausï¿½ncia de reaï¿½ï¿½o do condutor;Colisï¿½o traseira;Com Vï¿½timas Feridas;Pleno dia;Sol;Dupla;Reta;Nï¿½o;0;0
2025-10-16;quinta-feira;00:30:00;MS;267;BATAGUASSU;Animais na Pista;Atropelamento de Animal;Com Vï¿½timas Feridas;Pleno dia;Cï¿½u Claro;Simples;Reta;Nï¿½o;0;0
2025-10-15;quarta-feira;22:15:00;RJ;116;SAO JOAO DE MERITI;Condutor deixou de manter distï¿½ncia do veï¿½culo da frente;Colisï¿½o lateral mesmo sentido;Com Vï¿½timas Feridas;Plena Noite;Cï¿½u Claro;Dupla;Reta;Nï¿½o;0;0
2025-10-16;quinta-feira;07:10:00;MG;50;UBERABA;Reaï¿½ï¿½o tardia ou ineficiente do condutor;Colisï¿½o traseira;Com Vï¿½timas Feridas;Pleno dia;Cï¿½u Claro;Dupla;Viaduto;Sim;0;0
2025-10-16;quinta-feira;06:40:00;PE;104;CARUARU;Reaï¿½ï¿½o tardia ou ineficiente do condutor;Colisï¿½o com objeto;Com Vï¿½timas Feridas;Pleno dia;Cï¿½u Claro;Mï¿½ltipla;Ponte;Sim;0;0
2025-10-16;quinta-feira;07:00:00;SC;470;RIO DO SUL;Conversï¿½o proibida;Colisï¿½o transversal;Com Vï¿½timas Feridas;Pleno dia;Sol;Simples;"Reta;Declive";Sim;0;0
2025-10-16;quinta-feira;06:35:00;RJ;116;NOVA IGUACU;Demais falhas mecï¿½nicas ou elï¿½tricas;Tombamento;Com Vï¿½timas Feridas;Pleno dia;Cï¿½u Claro;Dupla;Reta;Sim;0;0
2025-10-16;quinta-feira;06:45:00;BA;110;CIPO;Manobra de mudanï¿½a de faixa;Colisï¿½o frontal;Com Vï¿½timas Feridas;Pleno dia;Cï¿½u Claro;Simples;Reta;Sim;0;0
2025-10-15;quarta-feira;22:35:00;RO;364;JARU;Acessar a via sem observar a presenï¿½a dos outros veï¿½culos;Colisï¿½o transversal;Com Vï¿½timas Feridas;Plena Noite;Nublado;Simples;"Reta;Interseï¿½ï¿½o de Vias";Nï¿½o;0;0
2025-10-16;quinta-feira;06:55:00;RN;101;PARNAMIRIM;Manobra de mudanï¿½a de faixa;Queda de ocupante de veï¿½culo;Sem Vï¿½timas;Pleno dia;Sol;Mï¿½ltipla;Viaduto;Sim;0;0
2025-10-16;quinta-feira;07:55:00;RS;386;ESTRELA;Reaï¿½ï¿½o tardia ou ineficiente do condutor;Saï¿½da de leito carroï¿½ï¿½vel;Com Vï¿½timas Feridas;Pleno dia;Chuva;Dupla;Reta;Nï¿½o;0;0
2025-10-16;quinta-feira;07:25:00;MG;262;BETIM;Objeto estï¿½tico sobre o leito carroï¿½ï¿½vel;Colisï¿½o com objeto;Com Vï¿½timas Feridas;Pleno dia;Cï¿½u Claro;Dupla;"Aclive;Reta";Nï¿½o;0;0
2025-10-16;quinta-feira;07:20:00;MG;381;BETIM;Condutor deixou de manter distï¿½ncia do veï¿½culo da frente;Colisï¿½o traseira;Com Vï¿½timas Feridas;Pleno dia;Cï¿½u Claro;Dupla;Reta;Sim;0;0
2025-10-16;quinta-feira;06:00:00;PR;163;BARRACAO;Velocidade Incompatï¿½vel;Tombamento;Sem Vï¿½timas;Amanhecer;Cï¿½u Claro;Simples;Reta;Nï¿½o;0;0
2025-09-22;segunda-feira;16:50:00;MG;381;CAMPANHA;Reaï¿½ï¿½o tardia ou ineficiente do condutor;Colisï¿½o traseira;Com Vï¿½timas Feridas;Pleno dia;Chuva;Dupla;Reta;Nï¿½o;0;0
2025-10-16;quinta-feira;07:50:00;RS;290;PORTO ALEGRE;Reaï¿½ï¿½o tardia ou ineficiente do condutor;Colisï¿½o lateral mesmo sentido;Com Vï¿½timas Feridas;Pleno dia;Nublado;Dupla;Reta;Nï¿½o;0;0
2025-10-15;quarta-feira;15:40:00;MA;135;SAO LUIS;Reaï¿½ï¿½o tardia ou ineficiente do condutor;Colisï¿½o traseira;Sem Vï¿½timas;Pleno dia;Cï¿½u Claro;Dupla;Reta;Sim;0;0
2025-08-21;quinta-feira;16:35:00;MG;381;BETIM;Ausï¿½ncia de reaï¿½ï¿½o do condutor;Tombamento;Com Vï¿½timas Feridas;Pleno dia;Cï¿½u Claro;Dupla;Reta;Sim;0;0
2025-10-16;quinta-feira;08:11:00;ES;101;ANCHIETA;Velocidade Incompatï¿½vel;Tombamento;Com Vï¿½timas Feridas;Pleno dia;Cï¿½u Claro;Simples;Curva;Nï¿½o;0;0
2025-10-16;quinta-feira;07:50:00;SC;101;CAMBORIU;Reaï¿½ï¿½o tardia ou ineficiente do condutor;Colisï¿½o traseira;Com Vï¿½timas Feridas;Pleno dia;Cï¿½u Claro;Dupla;Reta;Nï¿½o;0;0
2025-10-16;quinta-feira;08:10:00;PR;116;SAO JOSE DOS PINHAIS;Ausï¿½ncia de reaï¿½ï¿½o do condutor;Colisï¿½o traseira;Com Vï¿½timas Feridas;Pleno dia;Cï¿½u Claro;Dupla;Reta;Sim;0;0
2025-10-16;quinta-feira;06:10:00;BA;116;SERRINHA;Ultrapassagem Indevida;Colisï¿½o lateral sentido oposto;Com Vï¿½timas Feridas;Pleno dia;Cï¿½u Claro;Simples;Curva;Nï¿½o;0;0
2025-10-16;quinta-feira;08:15:00;PR;116;CURITIBA;Ausï¿½ncia de reaï¿½ï¿½o do condutor;Saï¿½da de leito carroï¿½ï¿½vel;Com Vï¿½timas Feridas;Pleno dia;Cï¿½u Claro;Mï¿½ltipla;Reta;Sim;0;0
2025-10-16;quinta-feira;00:30:00;RJ;40;DUQUE DE CAXIAS;Ingestï¿½o de ï¿½lcool pelo condutor;Colisï¿½o com objeto;Com Vï¿½timas Fatais;Plena Noite;Cï¿½u Claro;Mï¿½ltipla;Curva;Sim;1;1
2025-08-25;segunda-feira;18:31:00;PE;407;PETROLINA;Condutor deixou de manter distï¿½ncia do veï¿½culo da frente;Tombamento;Com Vï¿½timas Feridas;Plena Noite;Ignorado;Simples;"Reta;Ponte";Nï¿½o;0;0
2025-10-16;quinta-feira;06:40:00;RJ;493;ITAGUAI;Condutor Dormindo;Saï¿½da de leito carroï¿½ï¿½vel;Com Vï¿½timas Feridas;Pleno dia;Cï¿½u Claro;Dupla;Curva;Nï¿½o;0;0
2025-10-16;quinta-feira;08:40:00;MG;365;UBERLANDIA;Desrespeitar a preferï¿½ncia no cruzamento;Colisï¿½o transversal;Com Vï¿½timas Feridas;Pleno dia;Cï¿½u Claro;Simples;Interseï¿½ï¿½o de Vias;Sim;0;0
2025-10-16;quinta-feira;08:17:00;CE;116;AQUIRAZ;Acessar a via sem observar a presenï¿½a dos outros veï¿½culos;Colisï¿½o lateral mesmo sentido;Com Vï¿½timas Feridas;Pleno dia;Sol;Dupla;Curva;Nï¿½o;0;0
2025-10-16;quinta-feira;08:15:00;SC;101;BALNEARIO CAMBORIU;Ausï¿½ncia de reaï¿½ï¿½o do condutor;Queda de ocupante de veï¿½culo;Com Vï¿½timas Feridas;Pleno dia;Cï¿½u Claro;Dupla;Reta;Sim;0;0
2025-10-16;quinta-feira;09:00:00;PR;376;SARANDI;Ausï¿½ncia de reaï¿½ï¿½o do condutor;Colisï¿½o traseira;Com Vï¿½timas Feridas;Pleno dia;Cï¿½u Claro;Mï¿½ltipla;Reta;Sim;0;0
2025-08-10;domingo;18:30:00;PR;277;CAMPO LARGO;Reaï¿½ï¿½o tardia ou ineficiente do condutor;Colisï¿½o traseira;Sem Vï¿½timas;Plena Noite;Cï¿½u Claro;Dupla;Reta;Nï¿½o;0;0
2025-10-16;quinta-feira;09:45:00;SC;282;FLORIANOPOLIS;Manobra de mudanï¿½a de faixa;Colisï¿½o lateral mesmo sentido;Com Vï¿½timas Feridas;Pleno dia;Cï¿½u Claro;Mï¿½ltipla;Reta;Sim;0;0
2025-10-16;quinta-feira;10:30:00;PR;376;SARANDI;Velocidade Incompatï¿½vel;Colisï¿½o traseira;Com Vï¿½timas Feridas;Pleno dia;Sol;Dupla;Reta;Sim;0;0
2025-10-16;quinta-feira;05:20:00;CE;116;MILAGRES;Condutor Dormindo;Saï¿½da de leito carroï¿½ï¿½vel;Com Vï¿½timas Feridas;Amanhecer;Cï¿½u Claro;Simples;Reta;Nï¿½o;0;0
2025-10-16;quinta-feira;08:15:00;RJ;101;ANGRA DOS REIS;Mal sï¿½bito do condutor;Queda de ocupante de veï¿½culo;Com Vï¿½timas Fatais;Pleno dia;Cï¿½u Claro;Simples;Curva;Sim;1;1
2025-10-16;quinta-feira;09:30:00;MG;381;BETIM;Ausï¿½ncia de reaï¿½ï¿½o do condutor;Colisï¿½o com objeto;Sem Vï¿½timas;Pleno dia;Cï¿½u Claro;Dupla;"Aclive;Curva";Nï¿½o;0;0
2025-09-22;segunda-feira;19:00:00;RJ;101;CAMPOS DOS GOYTACAZES;Pedestre andava na pista;Atropelamento de Pedestre;Com Vï¿½timas Fatais;Plena Noite;Chuva;Simples;"Declive;Reta";Nï¿½o;1;1
2025-10-16;quinta-feira;10:00:00;PE;101;GOIANA;Reaï¿½ï¿½o tardia ou ineficiente do condutor;Colisï¿½o traseira;Com Vï¿½timas Feridas;Pleno dia;Cï¿½u Claro;Dupla;Reta;Sim;0;0
2025-10-16;quinta-feira;11:20:00;SC;280;GUARAMIRIM;Reaï¿½ï¿½o tardia ou ineficiente do condutor;Colisï¿½o transversal;Com Vï¿½timas Feridas;Pleno dia;Cï¿½u Claro;Dupla;Reta;Sim;0;0
2025-10-16;quinta-feira;10:50:00;SP;116;SAO PAULO;Ausï¿½ncia de reaï¿½ï¿½o do condutor;Colisï¿½o traseira;Com Vï¿½timas Feridas;Pleno dia;Sol;Mï¿½ltipla;"Aclive;Curva";Sim;0;0
2025-09-14;domingo;16:32:00;PR;277;MEDIANEIRA;Animais na Pista;Colisï¿½o traseira;Com Vï¿½timas Feridas;Pleno dia;Cï¿½u Claro;Dupla;Reta;Sim;0;0
2025-10-16;quinta-feira;10:40:00;BA;324;SAO SEBASTIAO DO PASSE;Condutor deixou de manter distï¿½ncia do veï¿½culo da frente;Colisï¿½o traseira;Sem Vï¿½timas;Pleno dia;Cï¿½u Claro;Mï¿½ltipla;Reta;Nï¿½o;0;0
2025-10-16;quinta-feira;11:55:00;ES;101;LINHARES;Transitar no Acostamento;Colisï¿½o transversal;Com Vï¿½timas Feridas;Pleno dia;Nublado;Simples;Interseï¿½ï¿½o de Vias;Nï¿½o;0;0
2025-10-16;quinta-feira;12:00:00;SP;101;UBATUBA;Entrada inopinada do pedestre;Atropelamento de Pedestre;Com Vï¿½timas Feridas;Pleno dia;Nublado;Simples;Reta;Sim;0;0
2025-10-16;quinta-feira;10:56:00;ES;259;BAIXO GUANDU;Ausï¿½ncia de reaï¿½ï¿½o do condutor;Tombamento;Com Vï¿½timas Feridas;Pleno dia;Sol;Simples;Reta;Nï¿½o;0;0
2025-10-16;quinta-feira;11:20:00;SE;101;JAPARATUBA;Sinalizaï¿½ï¿½o mal posicionada;Saï¿½da de leito carroï¿½ï¿½vel;Com Vï¿½timas Fatais;Pleno dia;Sol;Simples;"Reta;Desvio Temporï¿½rio";Nï¿½o;2;1
2025-10-16;quinta-feira;12:30:00;AL;101;SAO SEBASTIAO;Transitar na contramï¿½o;Colisï¿½o frontal;Com Vï¿½timas Feridas;Pleno dia;Cï¿½u Claro;Dupla;Reta;Nï¿½o;0;0
2025-10-16;quinta-feira;11:20:00;SP;116;JACAREI;Manobra de mudanï¿½a de faixa;Colisï¿½o lateral mesmo sentido;Com Vï¿½timas Feridas;Pleno dia;Cï¿½u Claro;Dupla;Reta;Sim;0;0
2025-10-16;quinta-feira;08:10:00;MT;163;GUARANTA DO NORTE;Acessar a via sem observar a presenï¿½a dos outros veï¿½culos;Colisï¿½o transversal;Com Vï¿½timas Feridas;Pleno dia;Cï¿½u Claro;Simples;Reta;Sim;0;0
2025-10-16;quinta-feira;13:00:00;MG;116;MURIAE;Desrespeitar a preferï¿½ncia no cruzamento;Colisï¿½o transversal;Com Vï¿½timas Feridas;Pleno dia;Sol;Simples;Interseï¿½ï¿½o de Vias;Sim;0;0
2025-08-17;domingo;12:00:00;PE;101;JABOATAO DOS GUARARAPES;Transitar na contramï¿½o;Colisï¿½o frontal;Com Vï¿½timas Feridas;Pleno dia;Cï¿½u Claro;Dupla;Reta;Nï¿½o;0;0
2025-10-16;quinta-feira;12:30:00;MG;262;MANHUACU;Acessar a via sem observar a presenï¿½a dos outros veï¿½culos;Colisï¿½o transversal;Com Vï¿½timas Feridas;Pleno dia;Cï¿½u Claro;Simples;Reta;Sim;0;0
2025-10-16;quinta-feira;09:30:00;MA;402;PRIMEIRA CRUZ;Velocidade Incompatï¿½vel;Colisï¿½o frontal;Com Vï¿½timas Fatais;Pleno dia;Cï¿½u Claro;Simples;Curva;Nï¿½o;2;1
2025-10-16;quinta-feira;11:30:00;PR;369;ANDIRA;Transitar no Acostamento;Colisï¿½o traseira;Com Vï¿½timas Feridas;Pleno dia;Sol;Simples;Reta;Sim;0;0
2025-07-04;sexta-feira;16:15:00;RN;304;SAO PEDRO;Ausï¿½ncia de reaï¿½ï¿½o do condutor;Colisï¿½o traseira;Sem Vï¿½timas;Pleno dia;Cï¿½u Claro;Simples;Reta;Nï¿½o;0;0
2025-10-16;quinta-feira;13:50:00;PE;101;RECIFE;Condutor deixou de manter distï¿½ncia do veï¿½culo da frente;Colisï¿½o traseira;Com Vï¿½timas Feridas;Pleno dia;Sol;Mï¿½ltipla;Reta;Sim;0;0
2025-10-16;quinta-feira;09:30:00;MG;262;ARAXA;Ultrapassagem Indevida;Colisï¿½o frontal;Com Vï¿½timas Feridas;Pleno dia;Sol;Simples;Reta;Nï¿½o;0;0
2025-09-11;quinta-feira;11:50:00;MG;153;ARAPORA;Reaï¿½ï¿½o tardia ou ineficiente do condutor;Colisï¿½o lateral mesmo sentido;Com Vï¿½timas Feridas;Pleno dia;Ignorado;Mï¿½ltipla;"Interseï¿½ï¿½o de Vias;Reta";Sim;0;0
2025-10-16;quinta-feira;12:35:00;MS;163;CAMPO GRANDE;Ausï¿½ncia de reaï¿½ï¿½o do condutor;Colisï¿½o traseira;Com Vï¿½timas Feridas;Pleno dia;Cï¿½u Claro;Simples;Reta;Sim;0;0
2025-10-16;quinta-feira;11:30:00;MS;163;CAMPO GRANDE;Velocidade Incompatï¿½vel;Saï¿½da de leito carroï¿½ï¿½vel;Sem Vï¿½timas;Pleno dia;Cï¿½u Claro;Simples;Reta;Nï¿½o;0;0
2025-10-16;quinta-feira;13:40:00;GO;60;SANTO ANTONIO DA BARRA;Reaï¿½ï¿½o tardia ou ineficiente do condutor;Capotamento;Com Vï¿½timas Feridas;Pleno dia;Cï¿½u Claro;Dupla;Reta;Nï¿½o;0;0
2025-10-16;quinta-feira;11:30:00;PI;343;PIRACURUCA;Reaï¿½ï¿½o tardia ou ineficiente do condutor;Colisï¿½o transversal;Com Vï¿½timas Feridas;Pleno dia;Cï¿½u Claro;Simples;Reta;Nï¿½o;0;0
2025-07-30;quarta-feira;15:00:00;MS;163;DOURADOS;Acesso irregular;Colisï¿½o transversal;Com Vï¿½timas Feridas;Pleno dia;Cï¿½u Claro;Simples;Reta;Nï¿½o;0;0
2025-10-16;quinta-feira;14:50:00;RJ;101;ANGRA DOS REIS;Ausï¿½ncia de reaï¿½ï¿½o do condutor;Colisï¿½o traseira;Com Vï¿½timas Feridas;Pleno dia;Cï¿½u Claro;Simples;"Declive;Reta";Nï¿½o;0;0
2025-10-16;quinta-feira;14:30:00;MG;116;FERVEDOURO;Reaï¿½ï¿½o tardia ou ineficiente do condutor;Saï¿½da de leito carroï¿½ï¿½vel;Com Vï¿½timas Feridas;Pleno dia;Cï¿½u Claro;Simples;Reta;Nï¿½o;0;0
2025-10-16;quinta-feira;08:10:00;SC;480;CHAPECO;Ausï¿½ncia de reaï¿½ï¿½o do condutor;Colisï¿½o traseira;Com Vï¿½timas Feridas;Pleno dia;Garoa/Chuvisco;Simples;Interseï¿½ï¿½o de Vias;Nï¿½o;0;0
2025-08-27;quarta-feira;16:39:00;PB;0;SANTA LUZIA;Pedestre andava na pista;Atropelamento de Pedestre;Com Vï¿½timas Feridas;Pleno dia;Cï¿½u Claro;Simples;Reta;Sim;0;0