data_inversa;dia_semana;horario;uf;br;municipio;causa_acidente;tipo_acidente;classificacao_acidente;fase_dia;condicao_metereologica;tipo_pista;tracado_via;uso_solo;mortos;acidente_fatal
2025-10-26;domingo;20:50:00;SP;459;LORENA;Demais falhas mecï¿½nicas ou elï¿½tricas;Incï¿½ndio;Sem Vï¿½timas;Plena Noite;Cï¿½u Claro;Simples;Reta;Sim;0;0
2025-10-26;domingo;19:30:00;MA;222;IGARAPE DO MEIO;Transitar na contramï¿½o;Colisï¿½o frontal;Com Vï¿½timas Feridas;Plena Noite;Cï¿½u Claro;Simples;Reta;Nï¿½o;0;0
2025-10-26;domingo;20:00:00;BA;242;SEABRA;Ausï¿½ncia de reaï¿½ï¿½o do condutor;Colisï¿½o traseira;Com Vï¿½timas Feridas;Plena Noite;Cï¿½u Claro;Simples;Reta;Nï¿½o;0;0
2025-10-26;domingo;19:30:00;MG;381;CAETE;Acessar a via sem observar a presenï¿½a dos outros veï¿½culos;Colisï¿½o lateral sentido oposto;Com Vï¿½timas Feridas;Plena Noite;Cï¿½u Claro;Simples;Interseï¿½ï¿½o de Vias;Sim;0;0
2025-10-26;domingo;21:10:00;MG;116;TEOFILO OTONI;Ausï¿½ncia de reaï¿½ï¿½o do condutor;Colisï¿½o traseira;Com Vï¿½timas Feridas;Plena Noite;Nublado;Simples;Reta;Sim;0;0
2025-10-26;domingo;21:20:00;SP;116;GUARULHOS;Ausï¿½ncia de reaï¿½ï¿½o do condutor;Saï¿½da de leito carroï¿½ï¿½vel;Com Vï¿½timas Feridas;Anoitecer;Cï¿½u Claro;Mï¿½ltipla;Reta;Sim;0;0
2025-10-26;domingo;21:00:00;BA;116;JEQUIE;Condutor deixou de manter distï¿½ncia do veï¿½culo da frente;Colisï¿½o traseira;Com Vï¿½timas Feridas;Plena Noite;Cï¿½u Claro;Simples;Reta;Nï¿½o;0;0
2025-10-26;domingo;20:40:00;SP;116;GUARULHOS;Ausï¿½ncia de reaï¿½ï¿½o do condutor;Colisï¿½o lateral mesmo sentido;Com Vï¿½timas Feridas;Plena Noite;Cï¿½u Claro;Mï¿½ltipla;Reta;Sim;0;0
2025-10-26;domingo;21:20:00;RS;116;CANOAS;Ausï¿½ncia de reaï¿½ï¿½o do condutor;Queda de ocupante de veï¿½culo;Com Vï¿½timas Feridas;Plena Noite;Nublado;Mï¿½ltipla;Reta;Nï¿½o;0;0
2025-10-26;domingo;19:30:00;RJ;116;PORTO REAL;Ingestï¿½o de ï¿½lcool pelo condutor;Colisï¿½o com objeto;Com Vï¿½timas Feridas;Plena Noite;Nublado;Dupla;"Reta;Declive";Nï¿½o;0;0
2025-10-26;domingo;20:40:00;RJ;493;NOVA IGUACU;Condutor Dormindo;Saï¿½da de leito carroï¿½ï¿½vel;Com Vï¿½timas Feridas;Plena Noite;Cï¿½u Claro;Dupla;Curva;Nï¿½o;0;0
2025-10-26;domingo;19:50:00;PR;369;ARAPONGAS;Ingestï¿½o de ï¿½lcool pelo condutor;Saï¿½da de leito carroï¿½ï¿½vel;Sem Vï¿½timas;Plena Noite;Nublado;Dupla;Reta;Nï¿½o;0;0
2025-10-26;domingo;21:40:00;SC;116;MAFRA;Reaï¿½ï¿½o tardia ou ineficiente do condutor;Tombamento;Com Vï¿½timas Feridas;Plena Noite;Cï¿½u Claro;Simples;"Reta;Declive";Nï¿½o;0;0
2025-10-26;domingo;21:40:00;MG;40;BARBACENA;Demais falhas mecï¿½nicas ou elï¿½tricas;Tombamento;Com Vï¿½timas Feridas;Plena Noite;Cï¿½u Claro;Dupla;Curva;Nï¿½o;0;0
2025-10-26;domingo;21:20:00;PR;277;MORRETES;Reaï¿½ï¿½o tardia ou ineficiente do condutor;Colisï¿½o com objeto;Com Vï¿½timas Feridas;Plena Noite;Chuva;Dupla;Curva;Nï¿½o;0;0
2025-10-26;domingo;21:15:00;MG;116;TEOFILO OTONI;Acessar a via sem observar a presenï¿½a dos outros veï¿½culos;Colisï¿½o lateral mesmo sentido;Com Vï¿½timas Feridas;Plena Noite;Cï¿½u Claro;Simples;Reta;Sim;0;0
2025-10-26;domingo;20:12:00;MT;163;GUARANTA DO NORTE;Acostamento em desnï¿½vel;Capotamento;Com Vï¿½timas Feridas;Plena Noite;Ignorado;Simples;Reta;Nï¿½o;0;0
2025-10-26;domingo;21:50:00;SC;470;BLUMENAU;Acessar a via sem observar a presenï¿½a dos outros veï¿½culos;Colisï¿½o lateral mesmo sentido;Com Vï¿½timas Feridas;Plena Noite;Garoa/Chuvisco;Simples;"Curva;Em Obras";Sim;0;0
2025-10-26;domingo;16:00:00;PI;135;BERTOLINIA;Ingestï¿½o de ï¿½lcool pelo condutor;Saï¿½da de leito carroï¿½ï¿½vel;Com Vï¿½timas Fatais;Pleno dia;Cï¿½u Claro;Simples;Reta;Nï¿½o;1;1
2025-10-26;domingo;22:00:00;RJ;40;DUQUE DE CAXIAS;Demais falhas mecï¿½nicas ou elï¿½tricas;Tombamento;Sem Vï¿½timas;Plena Noite;Cï¿½u Claro;Mï¿½ltipla;Reta;Sim;0;0
2025-10-26;domingo;17:30:00;MT;70;NOSSA SENHORA DO LIVRAMENTO;Ausï¿½ncia de reaï¿½ï¿½o do condutor;Colisï¿½o lateral mesmo sentido;Sem Vï¿½timas;Pleno dia;Chuva;Simples;"Reta;Aclive";Nï¿½o;0;0
2025-10-26;domingo;22:20:00;ES;101;IBIRACU;Animais na Pista;Atropelamento de Animal;Com Vï¿½timas Feridas;Plena Noite;Cï¿½u Claro;Dupla;"Aclive;Curva";Nï¿½o;0;0
2025-10-26;domingo;21:50:00;RJ;116;BARRA MANSA;Demais falhas mecï¿½nicas ou elï¿½tricas;Eventos atï¿½picos;Com Vï¿½timas Feridas;Plena Noite;Nublado;Dupla;Reta;Nï¿½o;0;0
2025-10-26;domingo;22:30:00;BA;101;EUNAPOLIS;Reaï¿½ï¿½o tardia ou ineficiente do condutor;Capotamento;Sem Vï¿½timas;Plena Noite;Cï¿½u Claro;Simples;Reta;Sim;0;0
2025-10-26;domingo;22:33:00;PE;101;IGARASSU;Acessar a via sem observar a presenï¿½a dos outros veï¿½culos;Colisï¿½o transversal;Sem Vï¿½timas;Plena Noite;Cï¿½u Claro;Mï¿½ltipla;Reta;Sim;0;0
2025-10-26;domingo;21:30:00;PR;376;MARINGA;Ingestï¿½o de ï¿½lcool pelo condutor;Colisï¿½o lateral mesmo sentido;Com Vï¿½timas Feridas;Plena Noite;Nublado;Dupla;Reta;Nï¿½o;0;0
2025-10-26;domingo;23:00:00;AL;316;PILAR;Transitar na contramï¿½o;Colisï¿½o frontal;Com Vï¿½timas Feridas;Plena Noite;Chuva;Simples;Reta;Sim;0;0
2025-10-26;domingo;21:30:00;SC;282;LAGES;Reaï¿½ï¿½o tardia ou ineficiente do condutor;Saï¿½da de leito carroï¿½ï¿½vel;Com Vï¿½timas Feridas;Plena Noite;Chuva;Simples;Reta;Nï¿½o;0;0
2025-10-26;domingo;22:30:00;PR;376;MARIALVA;Pedestre andava na pista;Atropelamento de Pedestre;Com Vï¿½timas Fatais;Plena Noite;Nublado;Dupla;"Declive;Curva";Nï¿½o;1;1
2025-10-26;domingo;23:02:00;GO;20;POSSE;Transitar na contramï¿½o;Colisï¿½o frontal;Com Vï¿½timas Feridas;Plena Noite;Cï¿½u Claro;Simples;"Reta;Declive";Nï¿½o;0;0
2025-10-26;domingo;22:35:00;SC;280;CORUPA;Ingestï¿½o de ï¿½lcool pelo condutor;Colisï¿½o com objeto;Com Vï¿½timas Feridas;Plena Noite;Garoa/Chuvisco;Simples;Rotatï¿½ria;Nï¿½o;0;0
2025-10-26;domingo;14:00:00;MG;262;NOVA SERRANA;Avarias e/ou desgaste excessivo no pneu;Tombamento;Com Vï¿½timas Feridas;Pleno dia;Sol;Dupla;Reta;Sim;0;0
2025-10-27;segunda-feira;00:20:00;PB;230;JOAO PESSOA;Transitar no Acostamento;Colisï¿½o traseira;Sem Vï¿½timas;Plena Noite;Cï¿½u Claro;Dupla;Reta;Sim;0;0
2025-10-26;domingo;17:15:00;SP;116;GUARATINGUETA;Ausï¿½ncia de reaï¿½ï¿½o do condutor;Colisï¿½o traseira;Sem Vï¿½timas;Pleno dia;Cï¿½u Claro;Dupla;Reta;Nï¿½o;0;0
2025-10-26;domingo;23:30:00;SP;116;GUARATINGUETA;Ausï¿½ncia de reaï¿½ï¿½o do condutor;Capotamento;Com Vï¿½timas Feridas;Plena Noite;Cï¿½u Claro;Dupla;Curva;Nï¿½o;0;0
2025-10-26;domingo;23:20:00;SC;101;PENHA;Ingestï¿½o de ï¿½lcool pelo condutor;Colisï¿½o com objeto;Sem Vï¿½timas;Plena Noite;Nublado;Dupla;Curva;Nï¿½o;0;0
2025-10-27;segunda-feira;01:00:00;MG;381;BETIM;Ingestï¿½o de ï¿½lcool pelo condutor;Colisï¿½o lateral mesmo sentido;Sem Vï¿½timas;Plena Noite;Cï¿½u Claro;Dupla;Curva;Sim;0;0
2025-10-27;segunda-feira;01:45:00;SP;116;QUELUZ;Entrada inopinada do pedestre;Atropelamento de Pedestre;Com Vï¿½timas Feridas;Plena Noite;Cï¿½u Claro;Dupla;Interseï¿½ï¿½o de Vias;Sim;0;0
2025-10-27;segunda-feira;01:15:00;SC;101;LAGUNA;Reaï¿½ï¿½o tardia ou ineficiente do condutor;Colisï¿½o com objeto;Com Vï¿½timas Feridas;Plena Noite;Chuva;Dupla;Curva;Nï¿½o;0;0
2025-10-27;segunda-feira;00:30:00;PR;376;TIBAGI;Chuva;Capotamento;Com Vï¿½timas Feridas;Plena Noite;Garoa/Chuvisco;Dupla;Curva;Nï¿½o;0;0
2025-10-27;segunda-feira;02:40:00;PR;369;ARAPONGAS;Acessar a via sem observar a presenï¿½a dos outros veï¿½culos;Colisï¿½o traseira;Com Vï¿½timas Fatais;Plena Noite;Nevoeiro/Neblina;Dupla;Reta;Sim;1;1
2025-10-27;segunda-feira;01:30:00;PR;116;CAMPINA GRANDE DO SUL;Pedestre - Ingestï¿½o de ï¿½lcool/ substï¿½ncias psicoativas;Atropelamento de Pedestre;Com Vï¿½timas Fatais;Plena Noite;Nevoeiro/Neblina;Dupla;Reta;Sim;1;1
2025-10-26;domingo;22:30:00;RO;364;JI-PARANA;Reaï¿½ï¿½o tardia ou ineficiente do condutor;Tombamento;Com Vï¿½timas Feridas;Plena Noite;Chuva;Simples;Reta;Sim;0;0
2025-10-27;segunda-feira;03:20:00;BA;101;RIO REAL;Ausï¿½ncia de reaï¿½ï¿½o do condutor;Saï¿½da de leito carroï¿½ï¿½vel;Sem Vï¿½timas;Plena Noite;Cï¿½u Claro;Dupla;"Curva;Declive";Nï¿½o;0;0
2025-10-27;segunda-feira;05:20:00;MG;116;ITAOBIM;Ausï¿½ncia de reaï¿½ï¿½o do condutor;Colisï¿½o com objeto;Sem Vï¿½timas;Amanhecer;Cï¿½u Claro;Simples;Curva;Nï¿½o;0;0
2025-10-27;segunda-feira;04:35:00;SC;101;ICARA;Demais falhas mecï¿½nicas ou elï¿½tricas;Incï¿½ndio;Sem Vï¿½timas;Plena Noite;Nublado;Mï¿½ltipla;Reta;Nï¿½o;0;0
2025-10-27;segunda-feira;05:30:00;GO;153;GOIANIA;Ausï¿½ncia de reaï¿½ï¿½o do condutor;Queda de ocupante de veï¿½culo;Com Vï¿½timas Feridas;Amanhecer;Cï¿½u Claro;Dupla;"Reta;Declive";Sim;0;0
2025-10-27;segunda-feira;06:00:00;SC;101;ITAJAI;Chuva;Tombamento;Com Vï¿½timas Feridas;Pleno dia;Cï¿½u Claro;Dupla;Reta;Nï¿½o;0;0
2025-10-27;segunda-feira;04:40:00;PE;101;RECIFE;Ausï¿½ncia de reaï¿½ï¿½o do condutor;Saï¿½da de leito carroï¿½ï¿½vel;Com Vï¿½timas Fatais;Amanhecer;Cï¿½u Claro;Dupla;Reta;Nï¿½o;1;1
2025-10-27;segunda-feira;06:20:00;RN;406;SAO GONCALO DO AMARANTE;Ausï¿½ncia de reaï¿½ï¿½o do condutor;Colisï¿½o traseira;Com Vï¿½timas Feridas;Pleno dia;Chuva;Dupla;"Retorno Regulamentado;Reta;Interseï¿½ï¿½o de Vias";Sim;0;0
2025-10-27;segunda-feira;05:07:00;PI;316;PICOS;Reaï¿½ï¿½o tardia ou ineficiente do condutor;Colisï¿½o transversal;Sem Vï¿½timas;Amanhecer;Cï¿½u Claro;Dupla;Reta;Sim;0;0
2025-10-27;segunda-feira;06:30:00;PB;230;JOAO PESSOA;Trafegar com motocicleta (ou similar) entre as faixas;Tombamento;Com Vï¿½timas Feridas;Pleno dia;Cï¿½u Claro;Dupla;Reta;Sim;0;0
2025-10-27;segunda-feira;06:00:00;GO;60;ABADIANIA;Ingestï¿½o de ï¿½lcool pelo condutor;Capotamento;Sem Vï¿½timas;Pleno dia;Cï¿½u Claro;Dupla;Reta;Nï¿½o;0;0
2025-10-27;segunda-feira;05:00:00;RJ;116;GUAPIMIRIM;Condutor deixou de manter distï¿½ncia do veï¿½culo da frente;Colisï¿½o traseira;Com Vï¿½timas Feridas;Pleno dia;Cï¿½u Claro;Dupla;Curva;Sim;0;0
2025-10-27;segunda-feira;05:30:00;MG;262;SAO GONCALO DO PARA;Ausï¿½ncia de reaï¿½ï¿½o do condutor;Saï¿½da de leito carroï¿½ï¿½vel;Com Vï¿½timas Feridas;Amanhecer;Sol;Dupla;Declive;Nï¿½o;0;0
2025-10-27;segunda-feira;06:18:00;BA;324;AMELIA RODRIGUES;Demais falhas na via;Queda de ocupante de veï¿½culo;Com Vï¿½timas Feridas;Amanhecer;Cï¿½u Claro;Dupla;Reta;Nï¿½o;0;0
2025-10-26;domingo;23:00:00;RJ;465;SEROPEDICA;Acessar a via sem observar a presenï¿½a dos outros veï¿½culos;Colisï¿½o lateral mesmo sentido;Com Vï¿½timas Feridas;Plena Noite;Nublado;Simples;Reta;Nï¿½o;0;0
2025-10-26;domingo;22:00:00;MG;116;GOVERNADOR VALADARES;Acessar a via sem observar a presenï¿½a dos outros veï¿½culos;Colisï¿½o lateral mesmo sentido;Com Vï¿½timas Feridas;Plena Noite;Cï¿½u Claro;Dupla;Reta;Sim;0;0
2025-10-27;segunda-feira;04:00:00;PE;316;BELEM DE SAO FRANCISCO;Frear bruscamente;Saï¿½da de leito carroï¿½ï¿½vel;Com Vï¿½timas Feridas;Amanhecer;Cï¿½u Claro;Simples;Reta;Nï¿½o;0;0
2025-10-27;segunda-feira;05:15:00;SC;470;INDAIAL;Ausï¿½ncia de reaï¿½ï¿½o do condutor;Atropelamento de Pedestre;Com Vï¿½timas Feridas;Amanhecer;Garoa/Chuvisco;Simples;Rotatï¿½ria;Nï¿½o;0;0
2025-10-27;segunda-feira;07:25:00;PE;101;RECIFE;Trafegar com motocicleta (ou similar) entre as faixas;Engavetamento;Com Vï¿½timas Feridas;Pleno dia;Cï¿½u Claro;Dupla;Reta;Sim;0;0
2025-10-27;segunda-feira;06:20:00;BA;101;PORTO SEGURO;Acessar a via sem observar a presenï¿½a dos outros veï¿½culos;Colisï¿½o transversal;Com Vï¿½timas Feridas;Pleno dia;Nublado;Simples;Reta;Nï¿½o;0;0
2025-10-27;segunda-feira;07:00:00;RS;472;TRES DE MAIO;Ausï¿½ncia de reaï¿½ï¿½o do condutor;Saï¿½da de leito carroï¿½ï¿½vel;Com Vï¿½timas Feridas;Pleno dia;Nublado;Simples;Reta;Nï¿½o;0;0
2025-10-27;segunda-feira;07:20:00;MG;381;BETIM;Manobra de mudanï¿½a de faixa;Colisï¿½o lateral mesmo sentido;Com Vï¿½timas Feridas;Pleno dia;Cï¿½u Claro;Dupla;Reta;Nï¿½o;0;0
2025-10-27;segunda-feira;07:30:00;MG;50;UBERABA;Afundamento ou ondulaï¿½ï¿½o no pavimento;Queda de ocupante de veï¿½culo;Com Vï¿½timas Feridas;Pleno dia;Cï¿½u Claro;Dupla;"Declive;Reta";Sim;0;0
2025-10-27;segunda-feira;07:00:00;PR;277;SAO JOSE DOS PINHAIS;Ausï¿½ncia de reaï¿½ï¿½o do condutor;Queda de ocupante de veï¿½culo;Com Vï¿½timas Feridas;Pleno dia;Cï¿½u Claro;Dupla;Reta;Sim;0;0
2025-10-27;segunda-feira;07:00:00;RJ;40;DUQUE DE CAXIAS;Reaï¿½ï¿½o tardia ou ineficiente do condutor;Colisï¿½o transversal;Com Vï¿½timas Feridas;Amanhecer;Cï¿½u Claro;Dupla;Reta;Sim;0;0
2025-10-27;segunda-feira;06:36:00;SC;280;SAO BENTO DO SUL;Reaï¿½ï¿½o tardia ou ineficiente do condutor;Saï¿½da de leito carroï¿½ï¿½vel;Com Vï¿½timas Feridas;Pleno dia;Garoa/Chuvisco;Simples;Reta;Nï¿½o;0;0
2025-10-27;segunda-feira;07:30:00;RJ;101;ANGRA DOS REIS;Acessar a via sem observar a presenï¿½a dos outros veï¿½culos;Colisï¿½o traseira;Com Vï¿½timas Feridas;Pleno dia;Cï¿½u Claro;Simples;"Reta;Rotatï¿½ria";Sim;0;0
2025-10-27;segunda-feira;07:15:00;SC;470;AGRONOMICA;Ausï¿½ncia de reaï¿½ï¿½o do condutor;Saï¿½da de leito carroï¿½ï¿½vel;Com Vï¿½timas Feridas;Pleno dia;Chuva;Simples;"Retorno Regulamentado;Interseï¿½ï¿½o de Vias";Nï¿½o;0;0
2025-10-27;segunda-feira;06:30:00;PR;116;CURITIBA;Ausï¿½ncia de reaï¿½ï¿½o do condutor;Saï¿½da de leito carroï¿½ï¿½vel;Com Vï¿½timas Feridas;Pleno dia;Nublado;Dupla;Reta;Nï¿½o;0;0
2025-10-27;segunda-feira;07:20:00;SP;153;GUAICARA;Condutor deixou de manter distï¿½ncia do veï¿½culo da frente;Colisï¿½o traseira;Com Vï¿½timas Feridas;Pleno dia;Chuva;Simples;"Reta;Interseï¿½ï¿½o de Vias";Sim;0;0
2025-10-27;segunda-feira;07:30:00;RS;116;GUAIBA;Condutor Dormindo;Atropelamento de Pedestre;Com Vï¿½timas Feridas;Pleno dia;Cï¿½u Claro;Simples;Reta;Sim;0;0
2025-10-27;segunda-feira;08:00:00;SP;116;GUARULHOS;Reaï¿½ï¿½o tardia ou ineficiente do condutor;Colisï¿½o traseira;Com Vï¿½timas Feridas;Pleno dia;Cï¿½u Claro;Dupla;Aclive;Nï¿½o;0;0
2025-10-27;segunda-feira;06:30:00;SC;101;PALHOCA;Acumulo de ï¿½gua sobre o pavimento;Colisï¿½o traseira;Com Vï¿½timas Feridas;Pleno dia;Chuva;Dupla;"Aclive;Curva";Nï¿½o;0;0
2025-10-27;segunda-feira;07:05:00;DF;20;BRASILIA;Ausï¿½ncia de reaï¿½ï¿½o do condutor;Colisï¿½o traseira;Com Vï¿½timas Feridas;Pleno dia;Cï¿½u Claro;Dupla;"Reta;Ponte";Sim;0;0
2025-10-27;segunda-feira;07:20:00;SC;101;NAVEGANTES;Ausï¿½ncia de reaï¿½ï¿½o do condutor;Tombamento;Com Vï¿½timas Feridas;Pleno dia;Chuva;Dupla;Reta;Nï¿½o;0;0
2025-10-27;segunda-feira;08:20:00;SP;116;MIRACATU;Reaï¿½ï¿½o tardia ou ineficiente do condutor;Tombamento;Com Vï¿½timas Feridas;Pleno dia;Nublado;Dupla;"Aclive;Reta";Nï¿½o;0;0
2025-10-27;segunda-feira;07:25:00;BA;101;EUNAPOLIS;Ausï¿½ncia de reaï¿½ï¿½o do condutor;Colisï¿½o traseira;Com Vï¿½timas Feridas;Pleno dia;Cï¿½u Claro;Simples;Reta;Nï¿½o;0;0
2025-09-18;quinta-feira;06:50:00;PR;277;CURITIBA;Condutor deixou de manter distï¿½ncia do veï¿½culo da frente;Colisï¿½o traseira;Com Vï¿½timas Feridas;Pleno dia;Cï¿½u Claro;Dupla;Reta;Sim;0;0
2025-10-26;domingo;17:50:00;MA;135;SAO LUIS;Ingestï¿½o de ï¿½lcool pelo condutor;Colisï¿½o lateral mesmo sentido;Sem Vï¿½timas;Plena Noite;Cï¿½u Claro;Dupla;Reta;Sim;0;0
2025-10-12;domingo;19:00:00;ES;101;LINHARES;Manobra de mudanï¿½a de faixa;Colisï¿½o traseira;Com Vï¿½timas Feridas;Plena Noite;Cï¿½u Claro;Dupla;Reta;Sim;0;0
2025-10-27;segunda-feira;07:20:00;GO;60;RIO VERDE;Avarias e/ou desgaste excessivo no pneu;Tombamento;Com Vï¿½timas Feridas;Pleno dia;Cï¿½u Claro;Dupla;"Reta;Declive";Nï¿½o;0;0
2025-10-27;segunda-feira;06:05:00;RN;304;CAICARA DO RIO DO VENTO;Avarias e/ou desgaste excessivo no pneu;Capotamento;Com Vï¿½timas Feridas;Pleno dia;Chuva;Simples;Curva;Nï¿½o;0;0
2025-10-27;segunda-feira;08:35:00;RS;290;PORTO ALEGRE;Ingestï¿½o de ï¿½lcool pelo condutor;Queda de ocupante de veï¿½culo;Com Vï¿½timas Feridas;Pleno dia;Nublado;Dupla;Curva;Nï¿½o;0;0
2025-10-27;segunda-feira;08:10:00;SC;282;FLORIANOPOLIS;Reaï¿½ï¿½o tardia ou ineficiente do condutor;Queda de ocupante de veï¿½culo;Com Vï¿½timas Feridas;Pleno dia;Chuva;Dupla;Reta;Sim;0;0
2025-10-27;segunda-feira;05:40:00;PR;116;CAMPO DO TENENTE;Reaï¿½ï¿½o tardia ou ineficiente do condutor;Saï¿½da de leito carroï¿½ï¿½vel;Com Vï¿½timas Feridas;Amanhecer;Nublado;Simples;Curva;Nï¿½o;0;0
2025-10-27;segunda-feira;08:05:00;SC;101;PALHOCA;Trafegar com motocicleta (ou similar) entre as faixas;Colisï¿½o lateral mesmo sentido;Com Vï¿½timas Feridas;Pleno dia;Chuva;Mï¿½ltipla;Reta;Sim;0;0
2025-10-27;segunda-feira;08:50:00;SC;101;SAO JOSE;Ausï¿½ncia de reaï¿½ï¿½o do condutor;Colisï¿½o traseira;Com Vï¿½timas Feridas;Pleno dia;Chuva;Dupla;"Viaduto;Reta";Sim;0;0
2025-10-27;segunda-feira;08:00:00;SC;282;ALFREDO WAGNER;Chuva;Saï¿½da de leito carroï¿½ï¿½vel;Com Vï¿½timas Feridas;Pleno dia;Chuva;Simples;Curva;Nï¿½o;0;0
2025-10-27;segunda-feira;09:45:00;PR;369;LONDRINA;Conversï¿½o proibida;Colisï¿½o transversal;Com Vï¿½timas Feridas;Pleno dia;Cï¿½u Claro;Mï¿½ltipla;Interseï¿½ï¿½o de Vias;Sim;0;0
2025-10-27;segunda-feira;09:00:00;SC;101;SAO JOSE;Desrespeitar a preferï¿½ncia no cruzamento;Colisï¿½o transversal;Com Vï¿½timas Feridas;Pleno dia;Chuva;Dupla;"Viaduto;Reta";Sim;0;0
2025-10-27;segunda-feira;10:20:00;PI;343;LUIS CORREIA;Ingestï¿½o de ï¿½lcool pelo condutor;Colisï¿½o lateral mesmo sentido;Sem Vï¿½timas;Pleno dia;Sol;Simples;Reta;Sim;0;0
2025-10-27;segunda-feira;08:10:00;RO;364;VILHENA;Reaï¿½ï¿½o tardia ou ineficiente do condutor;Colisï¿½o lateral mesmo sentido;Com Vï¿½timas Feridas;Pleno dia;Cï¿½u Claro;Dupla;Reta;Sim;0;0
2025-09-22;segunda-feira;15:40:00;AL;101;CAMPO ALEGRE;Acessar a via sem observar a presenï¿½a dos outros veï¿½culos;Colisï¿½o traseira;Com Vï¿½timas Feridas;Pleno dia;Sol;Dupla;"Retorno Regulamentado;Reta";Sim;0;0
2025-10-27;segunda-feira;09:15:00;MT;364;JACIARA;Condutor Dormindo;Saï¿½da de leito carroï¿½ï¿½vel;Com Vï¿½timas Feridas;Pleno dia;Cï¿½u Claro;Dupla;Reta;Nï¿½o;0;0
2025-10-23;quinta-feira;18:00:00;MG;381;SANTO ANTONIO DO AMPARO;Animais na Pista;Atropelamento de Animal;Com Vï¿½timas Feridas;Plena Noite;Cï¿½u Claro;Dupla;Reta;Nï¿½o;0;0
2025-10-27;segunda-feira;10:20:00;RO;174;VILHENA;Ausï¿½ncia de reaï¿½ï¿½o do condutor;Colisï¿½o lateral mesmo sentido;Com Vï¿½timas Feridas;Pleno dia;Nublado;Dupla;"Reta;Em Obras";Sim;0;0
2025-10-27;segunda-feira;11:25:00;GO;20;FORMOSA;Mal sï¿½bito do condutor;Colisï¿½o frontal;Com Vï¿½timas Feridas;Pleno dia;Cï¿½u Claro;Simples;"Reta;Em Obras";Nï¿½o;0;0
2025-10-27;segunda-feira;10:55:00;MG;40;BELO HORIZONTE;Reaï¿½ï¿½o tardia ou ineficiente do condutor;Colisï¿½o traseira;Com Vï¿½timas Feridas;Pleno dia;Cï¿½u Claro;Dupla;Declive;Sim;0;0
2025-10-27;segunda-feira;11:30:00;RS;285;PASSO FUNDO;Acessar a via sem observar a presenï¿½a dos outros veï¿½culos;Colisï¿½o lateral sentido oposto;Com Vï¿½timas Feridas;Pleno dia;Cï¿½u Claro;Simples;"Interseï¿½ï¿½o de Vias;Curva";Nï¿½o;0;0
2025-10-27;segunda-feira;11:20:00;RS;471;PANTANO GRANDE;Ausï¿½ncia de reaï¿½ï¿½o do condutor;Queda de ocupante de veï¿½culo;Com Vï¿½timas Feridas;Pleno dia;Cï¿½u Claro;Dupla;"Curva;Rotatï¿½ria";Nï¿½o;0;0
2025-10-27;segunda-feira;10:25:00;MT;70;CAMPO VERDE;Acessar a via sem observar a presenï¿½a dos outros veï¿½culos;Colisï¿½o transversal;Com Vï¿½timas Feridas;Pleno dia;Cï¿½u Claro;Simples;"Retorno Regulamentado;Reta;Interseï¿½ï¿½o de Vias";Sim;0;0
2025-10-27;segunda-feira;10:55:00;ES;101;SOORETAMA;Ingestï¿½o de ï¿½lcool pelo condutor;Colisï¿½o traseira;Com Vï¿½timas Feridas;Pleno dia;Cï¿½u Claro;Simples;Reta;Nï¿½o;0;0
2025-10-27;segunda-feira;08:30:00;RJ;116;RIO DE JANEIRO;Reaï¿½ï¿½o tardia ou ineficiente do condutor;Colisï¿½o com objeto;Sem Vï¿½timas;Pleno dia;Cï¿½u Claro;Dupla;Reta;Sim;0;0
2025-10-26;domingo;23:00:00;MT;70;POCONE;Animais na Pista;Atropelamento de Animal;Sem Vï¿½timas;Plena Noite;Chuva;Simples;Curva;Nï¿½o;0;0
2025-10-27;segunda-feira;11:45:00;BA;101;CARAVELAS;Animais na Pista;Atropelamento de Animal;Sem Vï¿½timas;Pleno dia;Sol;Simples;Reta;Nï¿½o;0;0
2025-10-27;segunda-feira;11:10:00;GO;40;CRISTALINA;Reaï¿½ï¿½o tardia ou ineficiente do condutor;Colisï¿½o traseira;Sem Vï¿½timas;Pleno dia;Cï¿½u Claro;Simples;"Em Obras;Aclive;Reta";Sim;0;0
2025-10-27;segunda-feira;07:10:00;PE;316;ARARIPINA;Manobra de mudanï¿½a de faixa;Colisï¿½o lateral sentido oposto;Com Vï¿½timas Feridas;Pleno dia;Sol;Simples;Reta;Sim;0;0
2025-10-27;segunda-feira;12:50:00;SC;282;AGUAS MORNAS;Ausï¿½ncia de reaï¿½ï¿½o do condutor;Saï¿½da de leito carroï¿½ï¿½vel;Com Vï¿½timas Feridas;Pleno dia;Garoa/Chuvisco;Simples;Reta;Nï¿½o;0;0
2025-10-27;segunda-feira;12:30:00;PR;376;MARINGA;Ausï¿½ncia de reaï¿½ï¿½o do condutor;Colisï¿½o traseira;Com Vï¿½timas Feridas;Pleno dia;Nublado;Dupla;"Viaduto;Reta";Sim;0;0
2025-10-27;segunda-feira;09:40:00;MS;163;SAO GABRIEL DO OESTE;Reaï¿½ï¿½o tardia ou ineficiente do condutor;Saï¿½da de leito carroï¿½ï¿½vel;Com Vï¿½timas Feridas;Pleno dia;Cï¿½u Claro;Dupla;Reta;Nï¿½o;0;0