data_inversa;dia_semana;horario;uf;br;municipio;causa_acidente;tipo_acidente;classificacao_acidente;fase_dia;condicao_metereologica;tipo_pista;tracado_via;uso_solo;mortos;acidente_fatal
2025-11-08;sï¿½bado;18:00:00;MG;116;TARUMIRIM;Acessar a via sem observar a presenï¿½a dos outros veï¿½culos;Colisï¿½o transversal;Com Vï¿½timas Feridas;Plena Noite;Nublado;Simples;Reta;Nï¿½o;0;0
2025-11-08;sï¿½bado;18:05:00;PE;316;OURICURI;Reaï¿½ï¿½o tardia ou ineficiente do condutor;Queda de ocupante de veï¿½culo;Com Vï¿½timas Feridas;Anoitecer;Cï¿½u Claro;Simples;Reta;Nï¿½o;0;0
2025-11-08;sï¿½bado;18:35:00;RJ;101;CAMPOS DOS GOYTACAZES;Acessar a via sem observar a presenï¿½a dos outros veï¿½culos;Colisï¿½o traseira;Sem Vï¿½timas;Plena Noite;Chuva;Simples;Reta;Sim;0;0
2025-11-08;sï¿½bado;16:45:00;MG;40;JUIZ DE FORA;Pista Escorregadia;Colisï¿½o com objeto;Com Vï¿½timas Feridas;Pleno dia;Chuva;Dupla;Curva;Nï¿½o;0;0
2025-11-08;sï¿½bado;16:20:00;MS;463;PONTA PORA;Acessar a via sem observar a presenï¿½a dos outros veï¿½culos;Colisï¿½o transversal;Com Vï¿½timas Feridas;Pleno dia;Cï¿½u Claro;Simples;"Interseï¿½ï¿½o de Vias;Reta";Nï¿½o;0;0
2025-11-08;sï¿½bado;18:18:00;SP;116;GUARULHOS;Velocidade Incompatï¿½vel;Colisï¿½o traseira;Com Vï¿½timas Feridas;Plena Noite;Nublado;Mï¿½ltipla;Reta;Sim;0;0
2025-11-08;sï¿½bado;18:20:00;SP;116;GUARULHOS;Reaï¿½ï¿½o tardia ou ineficiente do condutor;Engavetamento;Com Vï¿½timas Feridas;Anoitecer;Nublado;Dupla;Reta;Sim;0;0
2025-11-08;sï¿½bado;17:30:00;SC;101;TUBARAO;Ingestï¿½o de ï¿½lcool pelo condutor;Colisï¿½o com objeto;Sem Vï¿½timas;Pleno dia;Nublado;Mï¿½ltipla;Curva;Nï¿½o;0;0
2025-11-08;sï¿½bado;18:40:00;GO;153;GOIANIA;Pedestre cruzava a pista fora da faixa;Atropelamento de Pedestre;Com Vï¿½timas Feridas;Plena Noite;Chuva;Dupla;Reta;Sim;0;0
2025-11-08;sï¿½bado;18:20:00;PI;343;PARNAIBA;Entrada inopinada do pedestre;Atropelamento de Pedestre;Com Vï¿½timas Feridas;Plena Noite;Cï¿½u Claro;Dupla;Reta;Sim;0;0
2025-11-08;sï¿½bado;18:35:00;MA;10;IMPERATRIZ;Desrespeitar a preferï¿½ncia no cruzamento;Colisï¿½o transversal;Com Vï¿½timas Feridas;Plena Noite;Cï¿½u Claro;Simples;Interseï¿½ï¿½o de Vias;Sim;0;0
2025-11-08;sï¿½bado;14:47:00;RO;364;JARU;Acessar a via sem observar a presenï¿½a dos outros veï¿½culos;Colisï¿½o transversal;Com Vï¿½timas Feridas;Pleno dia;Cï¿½u Claro;Simples;"Interseï¿½ï¿½o de Vias;Declive;Reta";Sim;0;0
2025-11-08;sï¿½bado;18:50:00;MG;262;BOM DESPACHO;Ausï¿½ncia de reaï¿½ï¿½o do condutor;Saï¿½da de leito carroï¿½ï¿½vel;Com Vï¿½timas Feridas;Plena Noite;Nublado;Simples;Curva;Nï¿½o;0;0
2025-11-08;sï¿½bado;17:45:00;RJ;116;PIRAI;Reaï¿½ï¿½o tardia ou ineficiente do condutor;Colisï¿½o com objeto;Com Vï¿½timas Feridas;Anoitecer;Garoa/Chuvisco;Dupla;"Aclive;Curva";Nï¿½o;0;0
2025-11-08;sï¿½bado;19:20:00;PB;230;JOAO PESSOA;Iluminaï¿½ï¿½o deficiente;Tombamento;Com Vï¿½timas Feridas;Plena Noite;Cï¿½u Claro;Dupla;Curva;Sim;0;0
2025-11-08;sï¿½bado;18:25:00;PI;343;CAMPO MAIOR;Transitar na contramï¿½o;Colisï¿½o frontal;Com Vï¿½timas Feridas;Plena Noite;Cï¿½u Claro;Simples;Reta;Sim;0;0
2025-11-08;sï¿½bado;19:10:00;SC;101;BIGUACU;Reaï¿½ï¿½o tardia ou ineficiente do condutor;Colisï¿½o com objeto;Com Vï¿½timas Feridas;Plena Noite;Nublado;Mï¿½ltipla;Viaduto;Sim;0;0
2025-11-08;sï¿½bado;18:20:00;PR;376;MARIALVA;Ausï¿½ncia de reaï¿½ï¿½o do condutor;Saï¿½da de leito carroï¿½ï¿½vel;Com Vï¿½timas Feridas;Pleno dia;Cï¿½u Claro;Dupla;"Aclive;Reta";Nï¿½o;0;0
2025-09-21;domingo;20:30:00;SC;101;MARACAJA;Pedestre andava na pista;Atropelamento de Pedestre;Com Vï¿½timas Feridas;Plena Noite;Chuva;Mï¿½ltipla;Reta;Nï¿½o;0;0
2025-11-08;sï¿½bado;19:40:00;RJ;116;NOVA IGUACU;Manobra de mudanï¿½a de faixa;Colisï¿½o lateral mesmo sentido;Com Vï¿½timas Feridas;Plena Noite;Nublado;Mï¿½ltipla;Reta;Sim;0;0
2025-11-08;sï¿½bado;19:30:00;MA;135;BACABEIRA;Retorno proibido;Colisï¿½o transversal;Com Vï¿½timas Fatais;Plena Noite;Cï¿½u Claro;Dupla;"Reta;Declive";Sim;1;1
2025-11-08;sï¿½bado;19:10:00;PR;277;CASCAVEL;Acessar a via sem observar a presenï¿½a dos outros veï¿½culos;Colisï¿½o frontal;Com Vï¿½timas Feridas;Plena Noite;Cï¿½u Claro;Simples;Interseï¿½ï¿½o de Vias;Sim;0;0
2025-11-08;sï¿½bado;19:45:00;PE;101;RECIFE;Condutor deixou de manter distï¿½ncia do veï¿½culo da frente;Colisï¿½o traseira;Com Vï¿½timas Feridas;Plena Noite;Cï¿½u Claro;Dupla;Reta;Sim;0;0
2025-11-08;sï¿½bado;19:45:00;PR;376;CAMBIRA;Acessar a via sem observar a presenï¿½a dos outros veï¿½culos;Colisï¿½o transversal;Com Vï¿½timas Feridas;Plena Noite;Cï¿½u Claro;Dupla;Interseï¿½ï¿½o de Vias;Sim;0;0
2025-11-08;sï¿½bado;18:00:00;BA;324;CONCEICAO DO JACUIPE;Manobra de mudanï¿½a de faixa;Colisï¿½o lateral mesmo sentido;Sem Vï¿½timas;Anoitecer;Ignorado;Dupla;Reta;Nï¿½o;0;0
2025-11-08;sï¿½bado;15:18:00;PR;376;ALTO PARANA;Demais falhas mecï¿½nicas ou elï¿½tricas;Queda de ocupante de veï¿½culo;Com Vï¿½timas Feridas;Pleno dia;Cï¿½u Claro;Dupla;"Reta;Declive";Nï¿½o;0;0
2025-11-08;sï¿½bado;17:10:00;RS;470;CARLOS BARBOSA;Velocidade Incompatï¿½vel;Saï¿½da de leito carroï¿½ï¿½vel;Com Vï¿½timas Feridas;Pleno dia;Nublado;Simples;"Declive;Curva";Nï¿½o;0;0
2025-11-08;sï¿½bado;19:30:00;PE;101;RECIFE;Manobra de mudanï¿½a de faixa;Colisï¿½o lateral mesmo sentido;Sem Vï¿½timas;Plena Noite;Cï¿½u Claro;Mï¿½ltipla;"Interseï¿½ï¿½o de Vias;Reta";Sim;0;0
2025-11-08;sï¿½bado;19:30:00;PI;316;DEMERVAL LOBAO;Transitar na contramï¿½o;Colisï¿½o frontal;Com Vï¿½timas Feridas;Plena Noite;Cï¿½u Claro;Mï¿½ltipla;Reta;Sim;0;0
2025-11-08;sï¿½bado;18:00:00;RS;290;ALEGRETE;Acessar a via sem observar a presenï¿½a dos outros veï¿½culos;Colisï¿½o transversal;Sem Vï¿½timas;Anoitecer;Cï¿½u Claro;Simples;"Interseï¿½ï¿½o de Vias;Rotatï¿½ria";Nï¿½o;0;0
2025-11-08;sï¿½bado;18:32:00;MT;163;SINOP;Ultrapassagem Indevida;Colisï¿½o com objeto;Sem Vï¿½timas;Plena Noite;Chuva;Simples;Reta;Nï¿½o;0;0
2025-11-08;sï¿½bado;19:30:00;PR;373;IPIRANGA;Ultrapassagem Indevida;Colisï¿½o frontal;Com Vï¿½timas Fatais;Plena Noite;Cï¿½u Claro;Simples;"Aclive;Reta";Nï¿½o;1;1
2025-11-08;sï¿½bado;19:20:00;SC;101;ICARA;Demais falhas mecï¿½nicas ou elï¿½tricas;Tombamento;Com Vï¿½timas Feridas;Plena Noite;Chuva;Dupla;Reta;Nï¿½o;0;0
2025-11-08;sï¿½bado;20:30:00;BA;407;JAGUARARI;Animais na Pista;Colisï¿½o frontal;Com Vï¿½timas Feridas;Plena Noite;Cï¿½u Claro;Simples;"Declive;Curva";Nï¿½o;0;0
2025-09-25;quinta-feira;09:10:00;ES;101;LINHARES;Objeto estï¿½tico sobre o leito carroï¿½ï¿½vel;Colisï¿½o traseira;Com Vï¿½timas Feridas;Pleno dia;Nublado;Mï¿½ltipla;Reta;Sim;0;0
2025-11-08;sï¿½bado;19:18:00;BA;330;JEQUIE;Acessar a via sem observar a presenï¿½a dos outros veï¿½culos;Colisï¿½o transversal;Com Vï¿½timas Feridas;Plena Noite;Nublado;Simples;Reta;Nï¿½o;0;0
2025-11-08;sï¿½bado;21:10:00;RS;392;SAO SEPE;Ausï¿½ncia de reaï¿½ï¿½o do condutor;Saï¿½da de leito carroï¿½ï¿½vel;Sem Vï¿½timas;Plena Noite;Cï¿½u Claro;Simples;Curva;Nï¿½o;0;0
2025-11-08;sï¿½bado;21:00:00;BA;415;ITABUNA;Ausï¿½ncia de sinalizaï¿½ï¿½o;Colisï¿½o traseira;Com Vï¿½timas Feridas;Plena Noite;Cï¿½u Claro;Simples;Reta;Sim;0;0
2025-11-08;sï¿½bado;18:00:00;RO;364;PORTO VELHO;Condutor deixou de manter distï¿½ncia do veï¿½culo da frente;Colisï¿½o lateral mesmo sentido;Com Vï¿½timas Feridas;Plena Noite;Cï¿½u Claro;Simples;Reta;Nï¿½o;0;0
2025-11-08;sï¿½bado;18:50:00;SP;116;JACUPIRANGA;Reaï¿½ï¿½o tardia ou ineficiente do condutor;Colisï¿½o traseira;Com Vï¿½timas Feridas;Plena Noite;Nublado;Dupla;Reta;Nï¿½o;0;0
2025-11-06;quinta-feira;20:00:00;RJ;493;ITABORAI;Reaï¿½ï¿½o tardia ou ineficiente do condutor;Colisï¿½o com objeto;Com Vï¿½timas Feridas;Plena Noite;Cï¿½u Claro;Simples;"Desvio Temporï¿½rio;Reta";Sim;0;0
2025-11-08;sï¿½bado;20:20:00;MG;381;TRES CORACOES;Pedestre - Ingestï¿½o de ï¿½lcool/ substï¿½ncias psicoativas;Atropelamento de Pedestre;Com Vï¿½timas Feridas;Plena Noite;Garoa/Chuvisco;Dupla;Reta;Sim;0;0
2025-11-08;sï¿½bado;19:30:00;RS;116;CAXIAS DO SUL;Condutor desrespeitou a iluminaï¿½ï¿½o vermelha do semï¿½foro;Colisï¿½o transversal;Com Vï¿½timas Feridas;Plena Noite;Cï¿½u Claro;Mï¿½ltipla;Interseï¿½ï¿½o de Vias;Sim;0;0
2025-11-08;sï¿½bado;20:38:00;MS;60;SIDROLANDIA;Pedestre andava na pista;Atropelamento de Pedestre;Com Vï¿½timas Feridas;Plena Noite;Cï¿½u Claro;Simples;Reta;Nï¿½o;0;0
2025-11-08;sï¿½bado;20:50:00;SP;101;UBATUBA;Acessar a via sem observar a presenï¿½a dos outros veï¿½culos;Colisï¿½o transversal;Com Vï¿½timas Feridas;Plena Noite;Nublado;Simples;Reta;Sim;0;0
2025-11-08;sï¿½bado;20:50:00;PE;104;CARUARU;Condutor deixou de manter distï¿½ncia do veï¿½culo da frente;Colisï¿½o traseira;Com Vï¿½timas Feridas;Plena Noite;Cï¿½u Claro;Simples;Reta;Nï¿½o;0;0
2025-11-08;sï¿½bado;21:00:00;MT;364;CAMPOS DE JULIO;Ausï¿½ncia de reaï¿½ï¿½o do condutor;Saï¿½da de leito carroï¿½ï¿½vel;Com Vï¿½timas Feridas;Plena Noite;Cï¿½u Claro;Simples;Reta;Nï¿½o;0;0
2025-11-08;sï¿½bado;18:00:00;SP;116;REGISTRO;Reaï¿½ï¿½o tardia ou ineficiente do condutor;Colisï¿½o com objeto;Com Vï¿½timas Feridas;Anoitecer;Nublado;Dupla;Curva;Nï¿½o;0;0
2025-11-08;sï¿½bado;20:40:00;PI;316;PICOS;Reaï¿½ï¿½o tardia ou ineficiente do condutor;Queda de ocupante de veï¿½culo;Com Vï¿½timas Feridas;Plena Noite;Cï¿½u Claro;Simples;"Declive;Curva";Nï¿½o;0;0
2025-11-08;sï¿½bado;21:30:00;BA;101;CARAVELAS;Condutor deixou de manter distï¿½ncia do veï¿½culo da frente;Colisï¿½o traseira;Com Vï¿½timas Feridas;Plena Noite;Nublado;Simples;Reta;Sim;0;0
2025-11-08;sï¿½bado;21:50:00;SE;101;MALHADA DOS BOIS;Ingestï¿½o de ï¿½lcool pelo condutor;Saï¿½da de leito carroï¿½ï¿½vel;Com Vï¿½timas Feridas;Plena Noite;Cï¿½u Claro;Dupla;Reta;Sim;0;0
2025-11-08;sï¿½bado;19:35:00;PR;116;RIO NEGRO;Velocidade Incompatï¿½vel;Colisï¿½o com objeto;Com Vï¿½timas Feridas;Plena Noite;Nublado;Simples;Reta;Sim;0;0
2025-11-08;sï¿½bado;20:00:00;RJ;101;RIO DE JANEIRO;Manobra de mudanï¿½a de faixa;Colisï¿½o lateral mesmo sentido;Com Vï¿½timas Feridas;Plena Noite;Nublado;Mï¿½ltipla;Reta;Sim;0;0
2025-11-08;sï¿½bado;20:50:00;PR;369;CORBELIA;Transitar na contramï¿½o;Colisï¿½o frontal;Com Vï¿½timas Fatais;Plena Noite;Cï¿½u Claro;Dupla;Curva;Sim;1;1
2025-11-08;sï¿½bado;22:05:00;MS;376;IVINHEMA;Reaï¿½ï¿½o tardia ou ineficiente do condutor;Colisï¿½o traseira;Com Vï¿½timas Feridas;Plena Noite;Cï¿½u Claro;Simples;"Reta;Declive";Sim;0;0
2025-11-08;sï¿½bado;22:30:00;ES;101;VILA VELHA;Animais na Pista;Atropelamento de Animal;Com Vï¿½timas Feridas;Plena Noite;Cï¿½u Claro;Dupla;Reta;Nï¿½o;0;0
2025-11-08;sï¿½bado;19:20:00;PR;277;CEU AZUL;Condutor deixou de manter distï¿½ncia do veï¿½culo da frente;Colisï¿½o traseira;Com Vï¿½timas Feridas;Plena Noite;Cï¿½u Claro;Simples;Reta;Nï¿½o;0;0
2025-11-08;sï¿½bado;22:10:00;MA;316;SANTA INES;Animais na Pista;Atropelamento de Animal;Com Vï¿½timas Feridas;Plena Noite;Cï¿½u Claro;Simples;Reta;Sim;0;0
2025-11-08;sï¿½bado;23:00:00;ES;101;ITAPEMIRIM;Acessar a via sem observar a presenï¿½a dos outros veï¿½culos;Colisï¿½o transversal;Com Vï¿½timas Feridas;Plena Noite;Nublado;Simples;Curva;Nï¿½o;0;0
2025-11-08;sï¿½bado;20:08:00;MT;70;CACERES;Acessar a via sem observar a presenï¿½a dos outros veï¿½culos;Colisï¿½o frontal;Com Vï¿½timas Feridas;Plena Noite;Cï¿½u Claro;Simples;Reta;Nï¿½o;0;0
2025-11-08;sï¿½bado;22:00:00;DF;251;BRASILIA;Reaï¿½ï¿½o tardia ou ineficiente do condutor;Engavetamento;Com Vï¿½timas Feridas;Plena Noite;Chuva;Dupla;Reta;Nï¿½o;0;0
2025-11-08;sï¿½bado;23:55:00;SP;116;EMBU DAS ARTES;Pista Escorregadia;Queda de ocupante de veï¿½culo;Com Vï¿½timas Feridas;Plena Noite;Garoa/Chuvisco;Dupla;Reta;Nï¿½o;0;0
2025-11-08;sï¿½bado;23:45:00;GO;50;CATALAO;Velocidade Incompatï¿½vel;Saï¿½da de leito carroï¿½ï¿½vel;Sem Vï¿½timas;Plena Noite;Nublado;Dupla;Curva;Nï¿½o;0;0
2025-11-08;sï¿½bado;16:30:00;PR;373;GUAMIRANGA;Ingestï¿½o de ï¿½lcool pelo condutor;Colisï¿½o lateral mesmo sentido;Com Vï¿½timas Feridas;Pleno dia;Cï¿½u Claro;Simples;"Aclive;Curva";Nï¿½o;0;0
2025-11-09;domingo;00:01:00;MG;50;ARAGUARI;Demais falhas mecï¿½nicas ou elï¿½tricas;Incï¿½ndio;Sem Vï¿½timas;Plena Noite;Nublado;Dupla;"Aclive;Reta";Nï¿½o;0;0
2025-11-08;sï¿½bado;23:45:00;PE;232;RECIFE;Ausï¿½ncia de reaï¿½ï¿½o do condutor;Saï¿½da de leito carroï¿½ï¿½vel;Sem Vï¿½timas;Plena Noite;Cï¿½u Claro;Mï¿½ltipla;Reta;Sim;0;0
2025-11-09;domingo;00:30:00;SP;116;GUARATINGUETA;Ausï¿½ncia de reaï¿½ï¿½o do condutor;Colisï¿½o com objeto;Sem Vï¿½timas;Plena Noite;Nublado;Dupla;Reta;Nï¿½o;0;0
2025-11-09;domingo;00:15:00;PR;116;FAZENDA RIO GRANDE;Transitar na contramï¿½o;Colisï¿½o frontal;Com Vï¿½timas Fatais;Plena Noite;Nublado;Dupla;Reta;Sim;1;1
2025-11-09;domingo;00:30:00;ES;101;SERRA;Acessar a via sem observar a presenï¿½a dos outros veï¿½culos;Colisï¿½o lateral mesmo sentido;Com Vï¿½timas Feridas;Plena Noite;Nublado;Mï¿½ltipla;Retorno Regulamentado;Sim;0;0
2025-11-09;domingo;00:00:00;ES;259;COLATINA;Ausï¿½ncia de reaï¿½ï¿½o do condutor;Colisï¿½o transversal;Com Vï¿½timas Feridas;Plena Noite;Cï¿½u Claro;Simples;"Interseï¿½ï¿½o de Vias;Reta";Sim;0;0
2025-11-09;domingo;01:00:00;SP;116;GUARATINGUETA;Ausï¿½ncia de reaï¿½ï¿½o do condutor;Colisï¿½o traseira;Com Vï¿½timas Feridas;Plena Noite;Nublado;Dupla;Reta;Nï¿½o;0;0
2025-11-08;sï¿½bado;23:20:00;PR;369;BANDEIRANTES;Reaï¿½ï¿½o tardia ou ineficiente do condutor;Colisï¿½o lateral sentido oposto;Com Vï¿½timas Feridas;Plena Noite;Cï¿½u Claro;Simples;Reta;Nï¿½o;0;0
2025-11-09;domingo;00:38:00;RS;116;SAO LEOPOLDO;Reaï¿½ï¿½o tardia ou ineficiente do condutor;Colisï¿½o com objeto;Sem Vï¿½timas;Plena Noite;Cï¿½u Claro;Dupla;Curva;Sim;0;0
2025-11-09;domingo;00:20:00;SP;116;PINDAMONHANGABA;Demais falhas mecï¿½nicas ou elï¿½tricas;Colisï¿½o com objeto;Sem Vï¿½timas;Plena Noite;Nublado;Simples;"Aclive;Curva";Nï¿½o;0;0
2025-11-08;sï¿½bado;17:15:00;MG;40;SANTOS DUMONT;Ausï¿½ncia de reaï¿½ï¿½o do condutor;Saï¿½da de leito carroï¿½ï¿½vel;Com Vï¿½timas Feridas;Pleno dia;Chuva;Simples;Curva;Nï¿½o;0;0
2025-11-09;domingo;00:15:00;RS;386;FREDERICO WESTPHALEN;Acessar a via sem observar a presenï¿½a dos outros veï¿½culos;Colisï¿½o transversal;Sem Vï¿½timas;Plena Noite;Cï¿½u Claro;Simples;Reta;Sim;0;0
2025-11-09;domingo;01:00:00;SC;101;BALNEARIO CAMBORIU;Reaï¿½ï¿½o tardia ou ineficiente do condutor;Colisï¿½o frontal;Sem Vï¿½timas;Plena Noite;Cï¿½u Claro;Simples;"Viaduto;Reta";Nï¿½o;0;0
2025-11-08;sï¿½bado;22:00:00;MT;163;LUCAS DO RIO VERDE;Ausï¿½ncia de reaï¿½ï¿½o do condutor;Saï¿½da de leito carroï¿½ï¿½vel;Sem Vï¿½timas;Plena Noite;Garoa/Chuvisco;Simples;Reta;Nï¿½o;0;0
2025-11-08;sï¿½bado;16:30:00;MG;40;SANTOS DUMONT;Chuva;Capotamento;Com Vï¿½timas Feridas;Pleno dia;Chuva;Simples;Curva;Nï¿½o;0;0
2025-11-09;domingo;01:25:00;PR;277;SAO JOSE DOS PINHAIS;Velocidade Incompatï¿½vel;Capotamento;Com Vï¿½timas Feridas;Plena Noite;Cï¿½u Claro;Dupla;Reta;Nï¿½o;0;0
2025-11-08;sï¿½bado;21:42:00;MT;364;CUIABA;Ausï¿½ncia de reaï¿½ï¿½o do condutor;Colisï¿½o lateral mesmo sentido;Com Vï¿½timas Feridas;Plena Noite;Cï¿½u Claro;Mï¿½ltipla;Reta;Sim;0;0
2025-11-09;domingo;01:40:00;RJ;101;RIO BONITO;Condutor Dormindo;Saï¿½da de leito carroï¿½ï¿½vel;Com Vï¿½timas Feridas;Plena Noite;Garoa/Chuvisco;Dupla;Curva;Nï¿½o;0;0
2025-11-08;sï¿½bado;09:45:00;MG;40;SANTOS DUMONT;Ausï¿½ncia de reaï¿½ï¿½o do condutor;Saï¿½da de leito carroï¿½ï¿½vel;Com Vï¿½timas Feridas;Pleno dia;Chuva;Simples;Curva;Nï¿½o;0;0
2025-11-09;domingo;01:10:00;MG;116;UBAPORANGA;Transitar na contramï¿½o;Colisï¿½o frontal;Com Vï¿½timas Fatais;Plena Noite;Nublado;Simples;Reta;Nï¿½o;1;1
2025-11-09;domingo;02:45:00;MG;50;ARAGUARI;Chuva;Saï¿½da de leito carroï¿½ï¿½vel;Sem Vï¿½timas;Plena Noite;Chuva;Dupla;"Aclive;Curva";Nï¿½o;0;0
2025-11-09;domingo;01:45:00;RS;158;PALMEIRA DAS MISSOES;Ingestï¿½o de ï¿½lcool pelo condutor;Saï¿½da de leito carroï¿½ï¿½vel;Com Vï¿½timas Feridas;Plena Noite;Cï¿½u Claro;Simples;Curva;Nï¿½o;0;0
2025-11-09;domingo;03:00:00;PR;476;COLOMBO;Ingestï¿½o de ï¿½lcool pelo condutor;Colisï¿½o traseira;Com Vï¿½timas Feridas;Plena Noite;Cï¿½u Claro;Dupla;"Reta;Declive";Sim;0;0
2025-11-09;domingo;03:45:00;SP;116;GUARULHOS;Acessar a via sem observar a presenï¿½a dos outros veï¿½culos;Colisï¿½o lateral mesmo sentido;Com Vï¿½timas Feridas;Plena Noite;Nublado;Mï¿½ltipla;Reta;Sim;0;0
2025-11-09;domingo;02:10:00;PR;277;MEDIANEIRA;Ingestï¿½o de ï¿½lcool pelo condutor;Colisï¿½o traseira;Com Vï¿½timas Fatais;Plena Noite;Cï¿½u Claro;Dupla;Reta;Nï¿½o;1;1
2025-11-09;domingo;03:00:00;BA;135;RIACHAO DAS NEVES;Animais na Pista;Atropelamento de Animal;Com Vï¿½timas Feridas;Plena Noite;Cï¿½u Claro;Simples;Reta;Nï¿½o;0;0
2025-11-09;domingo;03:30:00;GO;50;CATALAO;Velocidade Incompatï¿½vel;Capotamento;Com Vï¿½timas Feridas;Plena Noite;Chuva;Dupla;Curva;Sim;0;0
2025-11-09;domingo;03:22:00;PI;407;PICOS;Reaï¿½ï¿½o tardia ou ineficiente do condutor;Colisï¿½o traseira;Sem Vï¿½timas;Pleno dia;Cï¿½u Claro;Simples;"Declive;Reta";Sim;0;0
2025-11-09;domingo;04:00:00;RJ;116;RIO DE JANEIRO;Entrada inopinada do pedestre;Atropelamento de Pedestre;Com Vï¿½timas Feridas;Plena Noite;Garoa/Chuvisco;Mï¿½ltipla;Reta;Nï¿½o;0;0
2025-11-09;domingo;04:11:00;PE;232;RECIFE;Velocidade Incompatï¿½vel;Colisï¿½o lateral mesmo sentido;Sem Vï¿½timas;Amanhecer;Sol;Dupla;"Viaduto;Aclive";Nï¿½o;0;0
2025-11-09;domingo;02:50:00;GO;364;SANTA RITA DO ARAGUAIA;Ingestï¿½o de ï¿½lcool pelo condutor;Colisï¿½o traseira;Com Vï¿½timas Feridas;Plena Noite;Cï¿½u Claro;Dupla;Reta;Sim;0;0
2025-11-09;domingo;04:50:00;ES;101;CONCEICAO DA BARRA;Reaï¿½ï¿½o tardia ou ineficiente do condutor;Saï¿½da de leito carroï¿½ï¿½vel;Sem Vï¿½timas;Amanhecer;Cï¿½u Claro;Simples;Reta;Nï¿½o;0;0
2025-11-09;domingo;04:30:00;PB;361;PATOS;Ingestï¿½o de ï¿½lcool pelo condutor;Colisï¿½o traseira;Com Vï¿½timas Feridas;Amanhecer;Cï¿½u Claro;Simples;Reta;Sim;0;0
2025-11-09;domingo;03:15:00;SC;101;TUBARAO;Velocidade Incompatï¿½vel;Colisï¿½o traseira;Com Vï¿½timas Feridas;Plena Noite;Garoa/Chuvisco;Mï¿½ltipla;"Aclive;Curva";Sim;0;0
2025-11-09;domingo;04:00:00;MS;436;APARECIDA DO TABOADO;Condutor Dormindo;Saï¿½da de leito carroï¿½ï¿½vel;Com Vï¿½timas Feridas;Plena Noite;Cï¿½u Claro;Simples;Reta;Nï¿½o;0;0
2025-11-09;domingo;04:30:00;PR;376;JANDAIA DO SUL;Velocidade Incompatï¿½vel;Colisï¿½o com objeto;Com Vï¿½timas Feridas;Plena Noite;Nublado;Simples;Rotatï¿½ria;Sim;0;0
2025-11-09;domingo;04:45:00;CE;20;BOA VIAGEM;Ingestï¿½o de ï¿½lcool pelo condutor;Queda de ocupante de veï¿½culo;Com Vï¿½timas Feridas;Amanhecer;Cï¿½u Claro;Simples;Reta;Nï¿½o;0;0
2025-11-09;domingo;01:20:00;RR;174;BOA VISTA;Transitar na contramï¿½o;Colisï¿½o transversal;Com Vï¿½timas Feridas;Plena Noite;Nublado;Simples;Reta;Nï¿½o;0;0
2025-11-09;domingo;03:55:00;SP;116;PINDAMONHANGABA;Pedestre cruzava a pista fora da faixa;Atropelamento de Pedestre;Com Vï¿½timas Fatais;Amanhecer;Cï¿½u Claro;Dupla;Reta;Sim;1;1
2025-11-09;domingo;05:10:00;MG;40;CARANDAI;Chuva;Tombamento;Sem Vï¿½timas;Amanhecer;Chuva;Simples;Reta;Nï¿½o;0;0
2025-11-09;domingo;05:50:00;MG;40;CONTAGEM;Ausï¿½ncia de reaï¿½ï¿½o do condutor;Saï¿½da de leito carroï¿½ï¿½vel;Com Vï¿½timas Feridas;Amanhecer;Garoa/Chuvisco;Dupla;"Declive;Reta";Sim;0;0
2025-11-09;domingo;04:19:00;MG;381;BETIM;Ausï¿½ncia de reaï¿½ï¿½o do condutor;Colisï¿½o com objeto;Sem Vï¿½timas;Amanhecer;Chuva;Mï¿½ltipla;Reta;Nï¿½o;0;0
2025-11-09;domingo;04:00:00;SC;101;IMBITUBA;Reaï¿½ï¿½o tardia ou ineficiente do condutor;Colisï¿½o traseira;Com Vï¿½timas Feridas;Plena Noite;Chuva;Mï¿½ltipla;Reta;Sim;0;0
2025-11-09;domingo;05:30:00;SC;101;CAMBORIU;Ausï¿½ncia de reaï¿½ï¿½o do condutor;Capotamento;Sem Vï¿½timas;Pleno dia;Cï¿½u Claro;Dupla;Reta;Nï¿½o;0;0
2025-11-09;domingo;01:00:00;MG;262;MATIPO;Reaï¿½ï¿½o tardia ou ineficiente do condutor;Queda de ocupante de veï¿½culo;Com Vï¿½timas Feridas;Pleno dia;Cï¿½u Claro;Simples;"Reta;Declive";Nï¿½o;0;0
2025-11-09;domingo;05:35:00;MG;381;BETIM;Pista Escorregadia;Colisï¿½o com objeto;Com Vï¿½timas Feridas;Pleno dia;Garoa/Chuvisco;Mï¿½ltipla;Declive;Nï¿½o;0;0
2025-11-09;domingo;06:40:00;PB;101;SANTA RITA;Ausï¿½ncia de reaï¿½ï¿½o do condutor;Queda de ocupante de veï¿½culo;Sem Vï¿½timas;Pleno dia;Cï¿½u Claro;Dupla;Reta;Nï¿½o;0;0
2025-11-09;domingo;06:30:00;PE;316;ARARIPINA;Ausï¿½ncia de reaï¿½ï¿½o do condutor;Colisï¿½o traseira;Sem Vï¿½timas;Pleno dia;Cï¿½u Claro;Simples;Reta;Nï¿½o;0;0
2025-11-09;domingo;06:58:00;MG;381;IGARAPE;Reaï¿½ï¿½o tardia ou ineficiente do condutor;Colisï¿½o com objeto;Com Vï¿½timas Feridas;Pleno dia;Garoa/Chuvisco;Dupla;Curva;Nï¿½o;0;0
2025-11-09;domingo;07:00:00;MG;381;CAMBUI;Condutor deixou de manter distï¿½ncia do veï¿½culo da frente;Colisï¿½o traseira;Sem Vï¿½timas;Pleno dia;Cï¿½u Claro;Mï¿½ltipla;Reta;Nï¿½o;0;0
2025-11-09;domingo;05:05:00;PR;153;JACAREZINHO;Velocidade Incompatï¿½vel;Colisï¿½o transversal;Com Vï¿½timas Feridas;Amanhecer;Cï¿½u Claro;Simples;Interseï¿½ï¿½o de Vias;Sim;0;0