data_inversa;dia_semana;horario;uf;br;municipio;causa_acidente;tipo_acidente;classificacao_acidente;fase_dia;condicao_metereologica;tipo_pista;tracado_via;uso_solo;mortos;acidente_fatal
2025-11-14;sexta-feira;19:32:00;MG;365;MONTES CLAROS;Deficiï¿½ncia do Sistema de Iluminaï¿½ï¿½o/Sinalizaï¿½ï¿½o;Saï¿½da de leito carroï¿½ï¿½vel;Com Vï¿½timas Feridas;Plena Noite;Cï¿½u Claro;Simples;Reta;Nï¿½o;0;0
2025-11-15;sï¿½bado;05:00:00;PR;116;RIO NEGRO;Ausï¿½ncia de reaï¿½ï¿½o do condutor;Saï¿½da de leito carroï¿½ï¿½vel;Sem Vï¿½timas;Pleno dia;Cï¿½u Claro;Simples;Reta;Sim;0;0
2025-11-15;sï¿½bado;02:30:00;SP;116;BARRA DO TURVO;Reaï¿½ï¿½o tardia ou ineficiente do condutor;Queda de ocupante de veï¿½culo;Com Vï¿½timas Feridas;Pleno dia;Cï¿½u Claro;Simples;"Retorno Regulamentado;Declive;Curva";Nï¿½o;0;0
2025-11-15;sï¿½bado;06:30:00;MG;40;CONTAGEM;Velocidade Incompatï¿½vel;Colisï¿½o lateral mesmo sentido;Com Vï¿½timas Feridas;Pleno dia;Cï¿½u Claro;Dupla;Reta;Nï¿½o;0;0
2025-11-15;sï¿½bado;06:20:00;AL;104;MURICI;Acumulo de ï¿½gua sobre o pavimento;Colisï¿½o com objeto;Com Vï¿½timas Feridas;Pleno dia;Chuva;Simples;Reta;Nï¿½o;0;0
2025-10-26;domingo;11:20:00;SC;101;JAGUARUNA;Transitar na contramï¿½o;Saï¿½da de leito carroï¿½ï¿½vel;Com Vï¿½timas Feridas;Pleno dia;Nublado;Dupla;Reta;Nï¿½o;0;0
2025-11-15;sï¿½bado;07:30:00;PE;101;RECIFE;Acessar a via sem observar a presenï¿½a dos outros veï¿½culos;Tombamento;Com Vï¿½timas Feridas;Pleno dia;Sol;Dupla;Reta;Sim;0;0
2025-04-30;quarta-feira;19:40:00;SC;470;NAVEGANTES;Pedestre andava na pista;Atropelamento de Pedestre;Com Vï¿½timas Fatais;Plena Noite;Nublado;Dupla;"Aclive;Reta";Nï¿½o;1;1
2025-09-09;terï¿½a-feira;06:45:00;MG;262;JUATUBA;Ausï¿½ncia de reaï¿½ï¿½o do condutor;Colisï¿½o lateral mesmo sentido;Com Vï¿½timas Feridas;Amanhecer;Ignorado;Dupla;Curva;Nï¿½o;0;0
2025-11-15;sï¿½bado;08:30:00;ES;101;VIANA;Ausï¿½ncia de reaï¿½ï¿½o do condutor;Colisï¿½o traseira;Com Vï¿½timas Feridas;Pleno dia;Sol;Dupla;Reta;Sim;0;0
2025-11-15;sï¿½bado;08:40:00;RJ;116;NOVA IGUACU;Reaï¿½ï¿½o tardia ou ineficiente do condutor;Colisï¿½o traseira;Com Vï¿½timas Feridas;Pleno dia;Garoa/Chuvisco;Mï¿½ltipla;Reta;Nï¿½o;0;0
2025-11-15;sï¿½bado;09:20:00;ES;101;CARIACICA;Ausï¿½ncia de reaï¿½ï¿½o do condutor;Queda de ocupante de veï¿½culo;Com Vï¿½timas Feridas;Pleno dia;Cï¿½u Claro;Dupla;Reta;Nï¿½o;0;0
2025-11-15;sï¿½bado;07:00:00;MT;364;NOBRES;Acessar a via sem observar a presenï¿½a dos outros veï¿½culos;Colisï¿½o transversal;Com Vï¿½timas Feridas;Pleno dia;Nublado;Dupla;"Reta;Interseï¿½ï¿½o de Vias";Nï¿½o;0;0
2025-11-15;sï¿½bado;07:30:00;RO;174;VILHENA;Condutor deixou de manter distï¿½ncia do veï¿½culo da frente;Colisï¿½o traseira;Com Vï¿½timas Feridas;Pleno dia;Nublado;Dupla;Interseï¿½ï¿½o de Vias;Sim;0;0
2025-11-15;sï¿½bado;09:15:00;PR;476;ARAUCARIA;Reaï¿½ï¿½o tardia ou ineficiente do condutor;Saï¿½da de leito carroï¿½ï¿½vel;Sem Vï¿½timas;Pleno dia;Cï¿½u Claro;Dupla;Reta;Sim;0;0
2025-11-15;sï¿½bado;08:00:00;SP;116;PARIQUERA-ACU;Condutor deixou de manter distï¿½ncia do veï¿½culo da frente;Colisï¿½o traseira;Com Vï¿½timas Feridas;Pleno dia;Cï¿½u Claro;Dupla;Reta;Nï¿½o;0;0
2025-11-15;sï¿½bado;09:50:00;PE;101;GAMELEIRA;Avarias e/ou desgaste excessivo no pneu;Saï¿½da de leito carroï¿½ï¿½vel;Com Vï¿½timas Feridas;Pleno dia;Chuva;Dupla;"Aclive;Curva";Nï¿½o;0;0
2025-11-15;sï¿½bado;08:15:00;MT;364;RONDONOPOLIS;Ingestï¿½o de substï¿½ncias psicoativas pelo condutor;Saï¿½da de leito carroï¿½ï¿½vel;Com Vï¿½timas Feridas;Pleno dia;Cï¿½u Claro;Dupla;Reta;Sim;0;0
2025-11-15;sï¿½bado;08:21:00;RS;116;GUAIBA;Condutor Dormindo;Tombamento;Com Vï¿½timas Feridas;Pleno dia;Cï¿½u Claro;Dupla;Reta;Nï¿½o;0;0
2025-11-15;sï¿½bado;09:50:00;ES;101;VIANA;Acessar a via sem observar a presenï¿½a dos outros veï¿½culos;Colisï¿½o frontal;Com Vï¿½timas Feridas;Pleno dia;Sol;Dupla;Retorno Regulamentado;Sim;0;0
2025-11-12;quarta-feira;15:30:00;PI;407;PICOS;Ausï¿½ncia de reaï¿½ï¿½o do condutor;Atropelamento de Pedestre;Com Vï¿½timas Fatais;Pleno dia;Cï¿½u Claro;Simples;Reta;Nï¿½o;1;1
2025-11-15;sï¿½bado;09:35:00;PR;116;CAMPINA GRANDE DO SUL;Reaï¿½ï¿½o tardia ou ineficiente do condutor;Colisï¿½o com objeto;Com Vï¿½timas Feridas;Pleno dia;Cï¿½u Claro;Dupla;Curva;Nï¿½o;0;0
2025-11-15;sï¿½bado;10:30:00;SC;101;JOINVILLE;Carga excessiva e/ou mal acondicionada;Colisï¿½o lateral mesmo sentido;Com Vï¿½timas Feridas;Pleno dia;Cï¿½u Claro;Simples;Reta;Sim;0;0
2025-11-15;sï¿½bado;10:45:00;RS;290;PORTO ALEGRE;Acessar a via sem observar a presenï¿½a dos outros veï¿½culos;Colisï¿½o traseira;Com Vï¿½timas Feridas;Pleno dia;Cï¿½u Claro;Mï¿½ltipla;Reta;Sim;0;0
2025-11-15;sï¿½bado;11:00:00;TO;153;GUARAI;Reaï¿½ï¿½o tardia ou ineficiente do condutor;Colisï¿½o lateral mesmo sentido;Com Vï¿½timas Feridas;Pleno dia;Cï¿½u Claro;Simples;Reta;Sim;0;0
2025-11-15;sï¿½bado;11:00:00;ES;262;MARECHAL FLORIANO;Avarias e/ou desgaste excessivo no pneu;Saï¿½da de leito carroï¿½ï¿½vel;Com Vï¿½timas Feridas;Pleno dia;Chuva;Simples;Curva;Nï¿½o;0;0
2025-11-15;sï¿½bado;10:15:00;RS;392;CANGUCU;Velocidade Incompatï¿½vel;Saï¿½da de leito carroï¿½ï¿½vel;Com Vï¿½timas Feridas;Pleno dia;Cï¿½u Claro;Simples;"Declive;Curva";Nï¿½o;0;0
2025-11-15;sï¿½bado;10:25:00;RJ;40;DUQUE DE CAXIAS;Reaï¿½ï¿½o tardia ou ineficiente do condutor;Colisï¿½o traseira;Com Vï¿½timas Feridas;Pleno dia;Nublado;Dupla;Reta;Sim;0;0
2025-11-15;sï¿½bado;10:15:00;SC;101;SANTA ROSA DO SUL;Avarias e/ou desgaste excessivo no pneu;Tombamento;Com Vï¿½timas Feridas;Pleno dia;Nublado;Mï¿½ltipla;Reta;Nï¿½o;0;0
2025-11-15;sï¿½bado;09:30:00;MT;364;DIAMANTINO;Acesso irregular;Colisï¿½o traseira;Com Vï¿½timas Feridas;Pleno dia;Nublado;Simples;Reta;Nï¿½o;0;0
2025-11-15;sï¿½bado;10:45:00;MG;50;ARAGUARI;Reaï¿½ï¿½o tardia ou ineficiente do condutor;Saï¿½da de leito carroï¿½ï¿½vel;Com Vï¿½timas Feridas;Pleno dia;Cï¿½u Claro;Dupla;Curva;Nï¿½o;0;0
2025-11-15;sï¿½bado;12:00:00;PB;230;JOAO PESSOA;Avarias e/ou desgaste excessivo no pneu;Tombamento;Com Vï¿½timas Feridas;Pleno dia;Cï¿½u Claro;Dupla;Reta;Sim;0;0
2025-11-15;sï¿½bado;11:00:00;PA;10;MAE DO RIO;Manobra de mudanï¿½a de faixa;Colisï¿½o frontal;Com Vï¿½timas Feridas;Pleno dia;Cï¿½u Claro;Simples;Reta;Nï¿½o;0;0
2025-11-15;sï¿½bado;11:55:00;SC;101;SAO JOSE;Reaï¿½ï¿½o tardia ou ineficiente do condutor;Colisï¿½o transversal;Com Vï¿½timas Feridas;Pleno dia;Cï¿½u Claro;Dupla;Reta;Sim;0;0
2025-11-15;sï¿½bado;11:30:00;SP;381;ATIBAIA;Ausï¿½ncia de reaï¿½ï¿½o do condutor;Colisï¿½o com objeto;Com Vï¿½timas Fatais;Pleno dia;Nublado;Dupla;Reta;Nï¿½o;1;1
2025-11-15;sï¿½bado;11:45:00;PB;230;JOAO PESSOA;Velocidade Incompatï¿½vel;Colisï¿½o traseira;Com Vï¿½timas Feridas;Pleno dia;Cï¿½u Claro;Dupla;Reta;Sim;0;0
2025-11-15;sï¿½bado;12:00:00;PR;369;LONDRINA;Manobra de mudanï¿½a de faixa;Colisï¿½o lateral mesmo sentido;Com Vï¿½timas Feridas;Pleno dia;Garoa/Chuvisco;Dupla;Reta;Sim;0;0
2025-11-15;sï¿½bado;12:15:00;BA;324;FEIRA DE SANTANA;Conversï¿½o proibida;Colisï¿½o lateral mesmo sentido;Com Vï¿½timas Feridas;Pleno dia;Cï¿½u Claro;Simples;Reta;Sim;0;0
2025-11-15;sï¿½bado;12:30:00;SP;116;GUARULHOS;Condutor deixou de manter distï¿½ncia do veï¿½culo da frente;Colisï¿½o com objeto;Com Vï¿½timas Feridas;Pleno dia;Cï¿½u Claro;Mï¿½ltipla;Reta;Sim;0;0
2025-11-15;sï¿½bado;11:30:00;MA;135;ITAPECURU MIRIM;Reaï¿½ï¿½o tardia ou ineficiente do condutor;Queda de ocupante de veï¿½culo;Com Vï¿½timas Feridas;Pleno dia;Cï¿½u Claro;Simples;Reta;Nï¿½o;0;0
2025-11-15;sï¿½bado;12:30:00;SP;381;MAIRIPORA;Condutor usando celular;Colisï¿½o traseira;Sem Vï¿½timas;Pleno dia;Cï¿½u Claro;Dupla;Reta;Nï¿½o;0;0
2025-11-15;sï¿½bado;12:30:00;SP;153;SAO JOSE DO RIO PRETO;Manobra de mudanï¿½a de faixa;Colisï¿½o lateral mesmo sentido;Com Vï¿½timas Feridas;Pleno dia;Cï¿½u Claro;Dupla;Reta;Sim;0;0
2025-11-15;sï¿½bado;12:50:00;PB;230;JOAO PESSOA;Reaï¿½ï¿½o tardia ou ineficiente do condutor;Colisï¿½o traseira;Com Vï¿½timas Feridas;Pleno dia;Cï¿½u Claro;Simples;"Viaduto;Curva";Sim;0;0
2025-11-15;sï¿½bado;13:15:00;SP;153;SAO JOSE DO RIO PRETO;Condutor Dormindo;Colisï¿½o com objeto;Com Vï¿½timas Fatais;Pleno dia;Cï¿½u Claro;Dupla;"Aclive;Curva";Sim;1;1
2025-11-15;sï¿½bado;12:10:00;RJ;40;PETROPOLIS;Pista Escorregadia;Tombamento;Com Vï¿½timas Feridas;Pleno dia;Garoa/Chuvisco;Simples;"Aclive;Curva";Nï¿½o;0;0
2025-11-15;sï¿½bado;13:19:00;DF;60;BRASILIA;Mal sï¿½bito do condutor;Saï¿½da de leito carroï¿½ï¿½vel;Com Vï¿½timas Feridas;Pleno dia;Cï¿½u Claro;Dupla;Reta;Nï¿½o;0;0
2025-11-15;sï¿½bado;12:00:00;RJ;101;TANGUA;Trafegar com motocicleta (ou similar) entre as faixas;Colisï¿½o lateral mesmo sentido;Com Vï¿½timas Feridas;Pleno dia;Nublado;Dupla;Reta;Nï¿½o;0;0
2025-11-15;sï¿½bado;13:15:00;SP;116;SAO JOSE DOS CAMPOS;Ausï¿½ncia de reaï¿½ï¿½o do condutor;Tombamento;Com Vï¿½timas Feridas;Pleno dia;Cï¿½u Claro;Dupla;Reta;Nï¿½o;0;0
2025-11-15;sï¿½bado;14:20:00;SC;282;FLORIANOPOLIS;Manobra de mudanï¿½a de faixa;Colisï¿½o lateral mesmo sentido;Com Vï¿½timas Feridas;Pleno dia;Cï¿½u Claro;Mï¿½ltipla;"Aclive;Reta";Nï¿½o;0;0
2025-11-15;sï¿½bado;14:30:00;GO;70;AGUAS LINDAS DE GOIAS;ï¿½rea urbana sem a presenï¿½a de local apropriado para a travessia de pedestres;Atropelamento de Pedestre;Com Vï¿½timas Feridas;Pleno dia;Cï¿½u Claro;Dupla;Reta;Sim;0;0
2025-11-15;sï¿½bado;14:30:00;PR;376;MARINGA;Velocidade Incompatï¿½vel;Saï¿½da de leito carroï¿½ï¿½vel;Com Vï¿½timas Fatais;Pleno dia;Chuva;Dupla;Reta;Sim;1;1
2025-11-15;sï¿½bado;15:10:00;RS;116;CANOAS;Condutor deixou de manter distï¿½ncia do veï¿½culo da frente;Colisï¿½o traseira;Com Vï¿½timas Feridas;Pleno dia;Cï¿½u Claro;Mï¿½ltipla;Reta;Sim;0;0
2025-11-15;sï¿½bado;15:00:00;MG;381;SANTO ANTONIO DO AMPARO;Condutor Dormindo;Saï¿½da de leito carroï¿½ï¿½vel;Com Vï¿½timas Feridas;Pleno dia;Cï¿½u Claro;Dupla;Curva;Nï¿½o;0;0
2025-11-15;sï¿½bado;15:00:00;MG;381;BETIM;Demais falhas mecï¿½nicas ou elï¿½tricas;Incï¿½ndio;Sem Vï¿½timas;Pleno dia;Cï¿½u Claro;Mï¿½ltipla;"Declive;Curva";Sim;0;0
2025-11-15;sï¿½bado;15:20:00;GO;70;AGUAS LINDAS DE GOIAS;Mal sï¿½bito do condutor;Colisï¿½o com objeto;Sem Vï¿½timas;Pleno dia;Sol;Dupla;Reta;Sim;0;0
2025-11-15;sï¿½bado;14:35:00;MG;262;IBIA;Animais na Pista;Queda de ocupante de veï¿½culo;Com Vï¿½timas Feridas;Pleno dia;Cï¿½u Claro;Simples;Reta;Nï¿½o;0;0
2025-11-15;sï¿½bado;14:50:00;PI;343;TERESINA;Condutor deixou de manter distï¿½ncia do veï¿½culo da frente;Colisï¿½o traseira;Com Vï¿½timas Feridas;Pleno dia;Cï¿½u Claro;Dupla;Reta;Sim;0;0
2025-11-15;sï¿½bado;11:30:00;RO;425;GUAJARA-MIRIM;Ausï¿½ncia de reaï¿½ï¿½o do condutor;Colisï¿½o lateral mesmo sentido;Com Vï¿½timas Feridas;Pleno dia;Cï¿½u Claro;Mï¿½ltipla;"Reta;Interseï¿½ï¿½o de Vias";Sim;0;0
2025-11-15;sï¿½bado;14:50:00;ES;101;GUARAPARI;Ausï¿½ncia de reaï¿½ï¿½o do condutor;Colisï¿½o com objeto;Com Vï¿½timas Feridas;Pleno dia;Nublado;Dupla;Curva;Nï¿½o;0;0
2025-11-15;sï¿½bado;14:30:00;SC;282;FLORIANOPOLIS;Condutor deixou de manter distï¿½ncia do veï¿½culo da frente;Colisï¿½o traseira;Com Vï¿½timas Feridas;Pleno dia;Cï¿½u Claro;Mï¿½ltipla;Reta;Sim;0;0
2025-11-15;sï¿½bado;16:00:00;RJ;493;MAGE;Acessar a via sem observar a presenï¿½a dos outros veï¿½culos;Colisï¿½o transversal;Com Vï¿½timas Feridas;Pleno dia;Cï¿½u Claro;Simples;"Em Obras;Reta";Sim;0;0
2025-11-15;sï¿½bado;16:15:00;PR;116;CURITIBA;Ausï¿½ncia de reaï¿½ï¿½o do condutor;Saï¿½da de leito carroï¿½ï¿½vel;Com Vï¿½timas Feridas;Anoitecer;Cï¿½u Claro;Dupla;Reta;Nï¿½o;0;0
2025-11-15;sï¿½bado;16:00:00;SC;470;ILHOTA;Ausï¿½ncia de reaï¿½ï¿½o do condutor;Saï¿½da de leito carroï¿½ï¿½vel;Com Vï¿½timas Feridas;Pleno dia;Cï¿½u Claro;Dupla;Curva;Nï¿½o;0;0
2025-11-15;sï¿½bado;14:00:00;RJ;101;CAMPOS DOS GOYTACAZES;Velocidade Incompatï¿½vel;Saï¿½da de leito carroï¿½ï¿½vel;Com Vï¿½timas Feridas;Pleno dia;Garoa/Chuvisco;Dupla;Curva;Nï¿½o;0;0
2025-11-15;sï¿½bado;09:48:00;SC;282;FAXINAL DOS GUEDES;Ausï¿½ncia de reaï¿½ï¿½o do condutor;Colisï¿½o com objeto;Com Vï¿½timas Feridas;Pleno dia;Cï¿½u Claro;Simples;Rotatï¿½ria;Nï¿½o;0;0
2025-11-15;sï¿½bado;16:30:00;MG;40;NOVA LIMA;Ausï¿½ncia de reaï¿½ï¿½o do condutor;Colisï¿½o lateral mesmo sentido;Com Vï¿½timas Feridas;Pleno dia;Chuva;Mï¿½ltipla;Curva;Sim;0;0
2025-11-15;sï¿½bado;16:20:00;MG;381;OLIVEIRA;Reaï¿½ï¿½o tardia ou ineficiente do condutor;Saï¿½da de leito carroï¿½ï¿½vel;Com Vï¿½timas Feridas;Pleno dia;Chuva;Dupla;Curva;Nï¿½o;0;0
2025-11-15;sï¿½bado;14:30:00;MG;50;UBERABA;Ausï¿½ncia de reaï¿½ï¿½o do condutor;Tombamento;Com Vï¿½timas Feridas;Pleno dia;Cï¿½u Claro;Dupla;Reta;Nï¿½o;0;0
2025-11-15;sï¿½bado;17:00:00;SC;101;SAO JOSE;Reaï¿½ï¿½o tardia ou ineficiente do condutor;Colisï¿½o traseira;Com Vï¿½timas Feridas;Pleno dia;Sol;Mï¿½ltipla;"Reta;Aclive";Sim;0;0
2025-11-15;sï¿½bado;12:15:00;BA;367;PORTO SEGURO;Carga excessiva e/ou mal acondicionada;Colisï¿½o com objeto;Com Vï¿½timas Feridas;Pleno dia;Sol;Simples;Curva;Nï¿½o;0;0
2025-11-15;sï¿½bado;17:05:00;PE;428;SANTA MARIA DA BOA VISTA;Acessar a via sem observar a presenï¿½a dos outros veï¿½culos;Atropelamento de Animal;Com Vï¿½timas Fatais;Pleno dia;Cï¿½u Claro;Simples;Reta;Nï¿½o;1;1
2025-11-15;sï¿½bado;16:45:00;SC;101;BALNEARIO CAMBORIU;Reaï¿½ï¿½o tardia ou ineficiente do condutor;Tombamento;Com Vï¿½timas Feridas;Pleno dia;Cï¿½u Claro;Dupla;"Reta;Viaduto";Sim;0;0
2025-11-15;sï¿½bado;17:40:00;MG;381;BETIM;Ausï¿½ncia de reaï¿½ï¿½o do condutor;Queda de ocupante de veï¿½culo;Com Vï¿½timas Feridas;Anoitecer;Garoa/Chuvisco;Simples;Declive;Sim;0;0
2025-11-15;sï¿½bado;16:20:00;PR;376;GUARATUBA;Demais falhas mecï¿½nicas ou elï¿½tricas;Tombamento;Com Vï¿½timas Feridas;Pleno dia;Nublado;Dupla;Reta;Sim;0;0
2025-11-15;sï¿½bado;16:00:00;SC;101;PAULO LOPES;Reaï¿½ï¿½o tardia ou ineficiente do condutor;Colisï¿½o com objeto;Sem Vï¿½timas;Pleno dia;Cï¿½u Claro;Dupla;Reta;Nï¿½o;0;0
2025-11-15;sï¿½bado;11:10:00;AP;156;OIAPOQUE;Acessar a via sem observar a presenï¿½a dos outros veï¿½culos;Colisï¿½o lateral mesmo sentido;Com Vï¿½timas Feridas;Pleno dia;Cï¿½u Claro;Simples;Reta;Nï¿½o;0;0
2025-11-15;sï¿½bado;13:15:00;MT;70;CACERES;Acumulo de ï¿½gua sobre o pavimento;Saï¿½da de leito carroï¿½ï¿½vel;Com Vï¿½timas Feridas;Pleno dia;Chuva;Simples;Declive;Nï¿½o;0;0
2025-11-15;sï¿½bado;18:43:00;PE;408;SAO LOURENCO DA MATA;Manobra de mudanï¿½a de faixa;Colisï¿½o lateral mesmo sentido;Com Vï¿½timas Feridas;Plena Noite;Cï¿½u Claro;Dupla;"Retorno Regulamentado;Declive;Reta";Nï¿½o;0;0
2025-11-15;sï¿½bado;18:10:00;PE;232;CARUARU;Avarias e/ou desgaste excessivo no pneu;Saï¿½da de leito carroï¿½ï¿½vel;Com Vï¿½timas Fatais;Plena Noite;Cï¿½u Claro;Dupla;Reta;Nï¿½o;1;1
2025-11-15;sï¿½bado;18:27:00;PE;101;ITAPISSUMA;Ausï¿½ncia de reaï¿½ï¿½o do condutor;Saï¿½da de leito carroï¿½ï¿½vel;Com Vï¿½timas Feridas;Plena Noite;Cï¿½u Claro;Dupla;Reta;Sim;0;0
2025-11-15;sï¿½bado;14:50:00;SC;101;CAPIVARI DE BAIXO;Manobra de mudanï¿½a de faixa;Colisï¿½o lateral mesmo sentido;Com Vï¿½timas Feridas;Pleno dia;Cï¿½u Claro;Dupla;Reta;Sim;0;0
2025-11-15;sï¿½bado;18:10:00;PI;343;LUIS CORREIA;Acessar a via sem observar a presenï¿½a dos outros veï¿½culos;Colisï¿½o transversal;Com Vï¿½timas Feridas;Plena Noite;Cï¿½u Claro;Simples;Reta;Sim;0;0
2025-11-15;sï¿½bado;18:23:00;PA;316;CASTANHAL;Conversï¿½o proibida;Colisï¿½o transversal;Com Vï¿½timas Feridas;Anoitecer;Cï¿½u Claro;Dupla;Reta;Sim;0;0
2025-11-15;sï¿½bado;18:30:00;ES;101;LINHARES;Acessar a via sem observar a presenï¿½a dos outros veï¿½culos;Colisï¿½o transversal;Com Vï¿½timas Feridas;Plena Noite;Nublado;Simples;Reta;Nï¿½o;0;0
2025-11-15;sï¿½bado;17:50:00;MA;222;ACAILANDIA;Conversï¿½o proibida;Tombamento;Com Vï¿½timas Feridas;Anoitecer;Cï¿½u Claro;Simples;Reta;Sim;0;0
2025-11-15;sï¿½bado;18:58:00;PB;101;ALHANDRA;Reaï¿½ï¿½o tardia ou ineficiente do condutor;Colisï¿½o lateral mesmo sentido;Com Vï¿½timas Feridas;Anoitecer;Cï¿½u Claro;Dupla;Reta;Nï¿½o;0;0
2025-11-15;sï¿½bado;18:30:00;SC;470;BLUMENAU;Ingestï¿½o de ï¿½lcool pelo condutor;Colisï¿½o lateral sentido oposto;Com Vï¿½timas Feridas;Anoitecer;Nublado;Simples;"Reta;Interseï¿½ï¿½o de Vias";Sim;0;0
2025-11-15;sï¿½bado;18:25:00;SP;153;ONDA VERDE;Desrespeitar a preferï¿½ncia no cruzamento;Colisï¿½o transversal;Com Vï¿½timas Feridas;Anoitecer;Nublado;Simples;"Reta;Interseï¿½ï¿½o de Vias";Nï¿½o;0;0
2025-11-15;sï¿½bado;15:40:00;GO;60;ACREUNA;Velocidade Incompatï¿½vel;Saï¿½da de leito carroï¿½ï¿½vel;Com Vï¿½timas Feridas;Pleno dia;Cï¿½u Claro;Dupla;"Reta;Declive";Nï¿½o;0;0
2025-11-15;sï¿½bado;18:40:00;BA;415;ITABUNA;Velocidade Incompatï¿½vel;Colisï¿½o traseira;Com Vï¿½timas Feridas;Plena Noite;Cï¿½u Claro;Simples;Interseï¿½ï¿½o de Vias;Sim;0;0
2025-11-15;sï¿½bado;18:45:00;SP;116;PINDAMONHANGABA;Reaï¿½ï¿½o tardia ou ineficiente do condutor;Colisï¿½o traseira;Com Vï¿½timas Feridas;Plena Noite;Cï¿½u Claro;Dupla;Reta;Nï¿½o;0;0
2025-11-15;sï¿½bado;18:30:00;MG;381;BRUMADINHO;Velocidade Incompatï¿½vel;Saï¿½da de leito carroï¿½ï¿½vel;Com Vï¿½timas Feridas;Plena Noite;Chuva;Dupla;"Curva;Declive";Nï¿½o;0;0
2025-11-15;sï¿½bado;19:50:00;ES;262;DOMINGOS MARTINS;Acessar a via sem observar a presenï¿½a dos outros veï¿½culos;Colisï¿½o transversal;Com Vï¿½timas Feridas;Plena Noite;Cï¿½u Claro;Simples;Rotatï¿½ria;Nï¿½o;0;0
2025-11-15;sï¿½bado;19:00:00;RO;364;VILHENA;Velocidade Incompatï¿½vel;Queda de ocupante de veï¿½culo;Com Vï¿½timas Feridas;Plena Noite;Nublado;Dupla;Reta;Sim;0;0
2025-11-15;sï¿½bado;18:55:00;MT;364;RONDONOPOLIS;Ausï¿½ncia de reaï¿½ï¿½o do condutor;Capotamento;Com Vï¿½timas Feridas;Plena Noite;Nublado;Dupla;Curva;Sim;0;0
2025-11-15;sï¿½bado;19:20:00;GO;60;ANAPOLIS;Ingestï¿½o de substï¿½ncias psicoativas pelo condutor;Colisï¿½o traseira;Com Vï¿½timas Feridas;Plena Noite;Cï¿½u Claro;Dupla;Reta;Nï¿½o;0;0
2025-11-15;sï¿½bado;20:00:00;MG;40;CARANDAI;Ausï¿½ncia de reaï¿½ï¿½o do condutor;Colisï¿½o lateral mesmo sentido;Com Vï¿½timas Feridas;Plena Noite;Cï¿½u Claro;Simples;Retorno Regulamentado;Sim;0;0
2025-11-15;sï¿½bado;19:40:00;SP;116;QUELUZ;Velocidade Incompatï¿½vel;Colisï¿½o com objeto;Com Vï¿½timas Feridas;Plena Noite;Nublado;Dupla;Reta;Nï¿½o;0;0
2025-11-15;sï¿½bado;19:45:00;PR;369;ARAPONGAS;Chuva;Capotamento;Com Vï¿½timas Feridas;Plena Noite;Chuva;Dupla;Reta;Nï¿½o;0;0
2025-11-15;sï¿½bado;19:00:00;BA;101;NOVA VICOSA;Transitar na contramï¿½o;Colisï¿½o frontal;Com Vï¿½timas Fatais;Plena Noite;Cï¿½u Claro;Simples;Curva;Nï¿½o;1;1
2025-11-15;sï¿½bado;20:15:00;SC;282;XAXIM;Ingestï¿½o de ï¿½lcool pelo condutor;Queda de ocupante de veï¿½culo;Com Vï¿½timas Feridas;Plena Noite;Cï¿½u Claro;Simples;"Declive;Curva";Nï¿½o;0;0
2025-11-15;sï¿½bado;21:00:00;PR;476;CURITIBA;Chuva;Colisï¿½o traseira;Sem Vï¿½timas;Plena Noite;Cï¿½u Claro;Dupla;Curva;Nï¿½o;0;0
2025-11-15;sï¿½bado;19:30:00;RS;158;SANTANA DO LIVRAMENTO;Desrespeitar a preferï¿½ncia no cruzamento;Colisï¿½o transversal;Com Vï¿½timas Feridas;Anoitecer;Cï¿½u Claro;Simples;Rotatï¿½ria;Sim;0;0
2025-11-15;sï¿½bado;20:10:00;RS;392;SANTA MARIA;Reaï¿½ï¿½o tardia ou ineficiente do condutor;Colisï¿½o com objeto;Com Vï¿½timas Feridas;Plena Noite;Vento;Dupla;"Em Obras;Reta";Sim;0;0
2025-11-15;sï¿½bado;18:00:00;SC;470;BLUMENAU;Demais falhas mecï¿½nicas ou elï¿½tricas;Tombamento;Com Vï¿½timas Feridas;Pleno dia;Cï¿½u Claro;Dupla;Reta;Sim;0;0
2025-11-15;sï¿½bado;20:00:00;BA;101;UBAITABA;Acessar a via sem observar a presenï¿½a dos outros veï¿½culos;Colisï¿½o transversal;Com Vï¿½timas Feridas;Plena Noite;Cï¿½u Claro;Simples;"Retorno Regulamentado;Reta;Rotatï¿½ria";Sim;0;0
2025-11-15;sï¿½bado;21:00:00;PE;101;RECIFE;Acesso irregular;Colisï¿½o transversal;Com Vï¿½timas Feridas;Plena Noite;Nublado;Simples;Viaduto;Sim;0;0
2025-11-15;sï¿½bado;16:35:00;RJ;116;QUEIMADOS;Ausï¿½ncia de reaï¿½ï¿½o do condutor;Saï¿½da de leito carroï¿½ï¿½vel;Com Vï¿½timas Feridas;Pleno dia;Ignorado;Dupla;Reta;Nï¿½o;0;0
2025-11-15;sï¿½bado;19:20:00;BA;420;LAJE;Pedestre andava na pista;Atropelamento de Pedestre;Com Vï¿½timas Fatais;Plena Noite;Cï¿½u Claro;Simples;Reta;Nï¿½o;1;1
2025-11-15;sï¿½bado;20:30:00;PB;101;BAYEUX;Pedestre andava na pista;Atropelamento de Pedestre;Com Vï¿½timas Fatais;Plena Noite;Cï¿½u Claro;Dupla;Reta;Sim;1;1
2025-11-15;sï¿½bado;20:00:00;GO;153;APARECIDA DE GOIANIA;Condutor deixou de manter distï¿½ncia do veï¿½culo da frente;Engavetamento;Sem Vï¿½timas;Plena Noite;Garoa/Chuvisco;Dupla;Declive;Sim;0;0
2025-11-15;sï¿½bado;20:29:00;RN;406;TAIPU;Acessar a via sem observar a presenï¿½a dos outros veï¿½culos;Colisï¿½o transversal;Com Vï¿½timas Feridas;Plena Noite;Cï¿½u Claro;Simples;Interseï¿½ï¿½o de Vias;Sim;0;0
2025-11-15;sï¿½bado;16:20:00;RS;392;CANGUCU;Ausï¿½ncia de reaï¿½ï¿½o do condutor;Tombamento;Com Vï¿½timas Feridas;Pleno dia;Nublado;Simples;Reta;Nï¿½o;0;0