data_inversa;dia_semana;horario;uf;br;municipio;causa_acidente;tipo_acidente;classificacao_acidente;fase_dia;condicao_metereologica;tipo_pista;tracado_via;uso_solo;mortos;acidente_fatal
2025-11-17;segunda-feira;11:50:00;RJ;40;AREAL;Velocidade Incompatï¿½vel;Queda de ocupante de veï¿½culo;Com Vï¿½timas Feridas;Pleno dia;Cï¿½u Claro;Simples;Curva;Nï¿½o;0;0
2025-11-17;segunda-feira;18:10:00;RS;116;TAPES;Ausï¿½ncia de reaï¿½ï¿½o do condutor;Saï¿½da de leito carroï¿½ï¿½vel;Com Vï¿½timas Feridas;Pleno dia;Sol;Dupla;"Declive;Reta";Nï¿½o;0;0
2025-11-17;segunda-feira;18:30:00;DF;70;BRASILIA;Acessar a via sem observar a presenï¿½a dos outros veï¿½culos;Colisï¿½o transversal;Sem Vï¿½timas;Anoitecer;Nublado;Dupla;Reta;Sim;0;0
2025-11-17;segunda-feira;19:20:00;RJ;116;NOVA IGUACU;Acumulo de areia ou detritos sobre o pavimento;Eventos atï¿½picos;Com Vï¿½timas Feridas;Plena Noite;Chuva;Simples;"Desvio Temporï¿½rio;Reta;Em Obras";Sim;0;0
2025-11-17;segunda-feira;10:30:00;SP;116;CAJATI;Reaï¿½ï¿½o tardia ou ineficiente do condutor;Saï¿½da de leito carroï¿½ï¿½vel;Com Vï¿½timas Feridas;Pleno dia;Chuva;Dupla;"Declive;Curva";Nï¿½o;0;0
2025-11-17;segunda-feira;18:40:00;MG;381;EXTREMA;Ausï¿½ncia de reaï¿½ï¿½o do condutor;Colisï¿½o traseira;Com Vï¿½timas Feridas;Plena Noite;Garoa/Chuvisco;Dupla;Reta;Nï¿½o;0;0
2025-11-17;segunda-feira;18:20:00;PR;376;TIJUCAS DO SUL;Reaï¿½ï¿½o tardia ou ineficiente do condutor;Saï¿½da de leito carroï¿½ï¿½vel;Com Vï¿½timas Feridas;Plena Noite;Garoa/Chuvisco;Simples;"Declive;Curva";Nï¿½o;0;0
2025-11-17;segunda-feira;18:30:00;PR;369;IBIPORA;Manobra de mudanï¿½a de faixa;Colisï¿½o transversal;Com Vï¿½timas Feridas;Anoitecer;Garoa/Chuvisco;Simples;Reta;Sim;0;0
2025-11-17;segunda-feira;18:50:00;SC;101;CAMBORIU;Ausï¿½ncia de reaï¿½ï¿½o do condutor;Queda de ocupante de veï¿½culo;Com Vï¿½timas Feridas;Plena Noite;Chuva;Dupla;Reta;Sim;0;0
2025-11-17;segunda-feira;18:30:00;RO;364;PORTO VELHO;Acessar a via sem observar a presenï¿½a dos outros veï¿½culos;Colisï¿½o traseira;Com Vï¿½timas Feridas;Plena Noite;Nublado;Dupla;Retorno Regulamentado;Sim;0;0
2025-11-17;segunda-feira;13:42:00;MT;70;VARZEA GRANDE;Acessar a via sem observar a presenï¿½a dos outros veï¿½culos;Colisï¿½o lateral mesmo sentido;Com Vï¿½timas Feridas;Pleno dia;Cï¿½u Claro;Simples;"Aclive;Reta";Nï¿½o;0;0
2025-11-17;segunda-feira;15:10:00;MT;163;GUARANTA DO NORTE;Acessar a via sem observar a presenï¿½a dos outros veï¿½culos;Colisï¿½o frontal;Com Vï¿½timas Feridas;Pleno dia;Sol;Simples;Reta;Sim;0;0
2025-11-17;segunda-feira;20:00:00;PR;116;COLOMBO;Velocidade Incompatï¿½vel;Tombamento;Com Vï¿½timas Feridas;Plena Noite;Garoa/Chuvisco;Dupla;Reta;Sim;0;0
2025-11-17;segunda-feira;18:46:00;RO;364;PORTO VELHO;Reaï¿½ï¿½o tardia ou ineficiente do condutor;Colisï¿½o lateral mesmo sentido;Sem Vï¿½timas;Plena Noite;Chuva;Mï¿½ltipla;Reta;Sim;0;0
2025-11-17;segunda-feira;18:10:00;PR;116;CAMPINA GRANDE DO SUL;Reaï¿½ï¿½o tardia ou ineficiente do condutor;Saï¿½da de leito carroï¿½ï¿½vel;Com Vï¿½timas Feridas;Anoitecer;Chuva;Dupla;Curva;Nï¿½o;0;0
2025-11-11;terï¿½a-feira;06:12:00;BA;324;SALVADOR;Acessar a via sem observar a presenï¿½a dos outros veï¿½culos;Colisï¿½o traseira;Com Vï¿½timas Feridas;Pleno dia;Cï¿½u Claro;Simples;Reta;Sim;0;0
2025-11-17;segunda-feira;19:48:00;RO;364;VILHENA;Acessar a via sem observar a presenï¿½a dos outros veï¿½culos;Colisï¿½o traseira;Com Vï¿½timas Fatais;Plena Noite;Nublado;Simples;Reta;Nï¿½o;1;1
2025-11-17;segunda-feira;21:10:00;PR;153;SANTO ANTONIO DA PLATINA;Acessar a via sem observar a presenï¿½a dos outros veï¿½culos;Colisï¿½o transversal;Com Vï¿½timas Feridas;Plena Noite;Nublado;Simples;Interseï¿½ï¿½o de Vias;Nï¿½o;0;0
2025-11-17;segunda-feira;18:25:00;MS;262;RIBAS DO RIO PARDO;Acessar a via sem observar a presenï¿½a dos outros veï¿½culos;Colisï¿½o transversal;Com Vï¿½timas Feridas;Anoitecer;Garoa/Chuvisco;Simples;Reta;Sim;0;0
2025-11-17;segunda-feira;21:30:00;SP;116;SAO JOSE DOS CAMPOS;Reaï¿½ï¿½o tardia ou ineficiente do condutor;Capotamento;Sem Vï¿½timas;Plena Noite;Garoa/Chuvisco;Dupla;Reta;Sim;0;0
2025-11-17;segunda-feira;20:00:00;PB;361;SANTA TERESINHA;Ausï¿½ncia de reaï¿½ï¿½o do condutor;Colisï¿½o traseira;Com Vï¿½timas Fatais;Plena Noite;Cï¿½u Claro;Simples;Aclive;Nï¿½o;1;1
2025-11-17;segunda-feira;12:35:00;SC;101;JOINVILLE;Pista Escorregadia;Queda de ocupante de veï¿½culo;Com Vï¿½timas Feridas;Pleno dia;Garoa/Chuvisco;Dupla;Curva;Sim;0;0
2025-11-17;segunda-feira;21:40:00;SC;101;PALHOCA;Acessar a via sem observar a presenï¿½a dos outros veï¿½culos;Tombamento;Com Vï¿½timas Feridas;Plena Noite;Cï¿½u Claro;Dupla;Reta;Nï¿½o;0;0
2025-10-26;domingo;17:52:00;RJ;101;NITEROI;Ausï¿½ncia de reaï¿½ï¿½o do condutor;Colisï¿½o com objeto;Com Vï¿½timas Feridas;Anoitecer;Cï¿½u Claro;Mï¿½ltipla;Reta;Sim;0;0
2025-11-17;segunda-feira;20:50:00;PA;316;CAPANEMA;Ultrapassagem Indevida;Colisï¿½o frontal;Com Vï¿½timas Feridas;Plena Noite;Cï¿½u Claro;Simples;Declive;Nï¿½o;0;0
2025-11-17;segunda-feira;21:30:00;ES;101;LINHARES;Acessar a via sem observar a presenï¿½a dos outros veï¿½culos;Colisï¿½o lateral mesmo sentido;Com Vï¿½timas Feridas;Plena Noite;Cï¿½u Claro;Dupla;"Reta;Interseï¿½ï¿½o de Vias";Sim;0;0
2025-11-17;segunda-feira;21:10:00;MA;316;CAXIAS;Suicï¿½dio (presumido);Queda de ocupante de veï¿½culo;Com Vï¿½timas Feridas;Plena Noite;Cï¿½u Claro;Simples;Reta;Nï¿½o;0;0
2025-11-17;segunda-feira;19:20:00;SP;116;SAO JOSE DOS CAMPOS;Reaï¿½ï¿½o tardia ou ineficiente do condutor;Colisï¿½o com objeto;Com Vï¿½timas Feridas;Plena Noite;Garoa/Chuvisco;Mï¿½ltipla;Reta;Sim;0;0
2025-11-17;segunda-feira;22:50:00;SP;116;TAUBATE;Iluminaï¿½ï¿½o deficiente;Colisï¿½o com objeto;Com Vï¿½timas Feridas;Plena Noite;Garoa/Chuvisco;Dupla;Reta;Nï¿½o;0;0
2025-11-17;segunda-feira;21:40:00;RJ;101;PARATY;Reaï¿½ï¿½o tardia ou ineficiente do condutor;Saï¿½da de leito carroï¿½ï¿½vel;Sem Vï¿½timas;Plena Noite;Garoa/Chuvisco;Simples;Curva;Nï¿½o;0;0
2025-11-17;segunda-feira;20:55:00;PR;153;UNIAO DA VITORIA;Velocidade Incompatï¿½vel;Colisï¿½o com objeto;Com Vï¿½timas Feridas;Plena Noite;Garoa/Chuvisco;Simples;"Em Obras;Curva";Nï¿½o;0;0
2025-11-17;segunda-feira;19:30:00;RO;435;COLORADO DO OESTE;Acessar a via sem observar a presenï¿½a dos outros veï¿½culos;Colisï¿½o transversal;Com Vï¿½timas Feridas;Plena Noite;Cï¿½u Claro;Simples;Reta;Sim;0;0
2025-11-17;segunda-feira;21:30:00;RR;174;BOA VISTA;Condutor deixou de manter distï¿½ncia do veï¿½culo da frente;Colisï¿½o traseira;Com Vï¿½timas Feridas;Plena Noite;Cï¿½u Claro;Simples;Reta;Nï¿½o;0;0
2025-11-17;segunda-feira;22:13:00;RN;110;AREIA BRANCA;Ultrapassagem Indevida;Colisï¿½o frontal;Com Vï¿½timas Fatais;Plena Noite;Cï¿½u Claro;Simples;Reta;Sim;1;1
2025-11-17;segunda-feira;19:00:00;MT;163;LUCAS DO RIO VERDE;Ausï¿½ncia de reaï¿½ï¿½o do condutor;Colisï¿½o com objeto;Com Vï¿½timas Feridas;Plena Noite;Chuva;Dupla;"Reta;Em Obras";Nï¿½o;0;0
2025-11-17;segunda-feira;23:50:00;PR;277;GUARAPUAVA;Reaï¿½ï¿½o tardia ou ineficiente do condutor;Tombamento;Com Vï¿½timas Feridas;Plena Noite;Chuva;Simples;Reta;Sim;0;0
2025-11-17;segunda-feira;22:15:00;PE;101;CABO DE SANTO AGOSTINHO;Demais falhas mecï¿½nicas ou elï¿½tricas;Incï¿½ndio;Sem Vï¿½timas;Plena Noite;Cï¿½u Claro;Dupla;Reta;Nï¿½o;0;0
2025-11-17;segunda-feira;21:40:00;RJ;101;ANGRA DOS REIS;Reaï¿½ï¿½o tardia ou ineficiente do condutor;Tombamento;Com Vï¿½timas Feridas;Plena Noite;Nublado;Simples;Curva;Nï¿½o;0;0
2025-11-18;terï¿½a-feira;00:10:00;MG;381;POUSO ALEGRE;Ausï¿½ncia de reaï¿½ï¿½o do condutor;Tombamento;Com Vï¿½timas Feridas;Plena Noite;Nublado;Dupla;Reta;Nï¿½o;0;0
2025-11-17;segunda-feira;20:40:00;RN;304;ACU;Animais na Pista;Atropelamento de Animal;Com Vï¿½timas Feridas;Plena Noite;Cï¿½u Claro;Simples;Reta;Nï¿½o;0;0
2025-11-17;segunda-feira;22:00:00;GO;60;RIO VERDE;Reaï¿½ï¿½o tardia ou ineficiente do condutor;Capotamento;Com Vï¿½timas Feridas;Plena Noite;Chuva;Dupla;Reta;Nï¿½o;0;0
2025-11-18;terï¿½a-feira;01:40:00;MG;116;GOVERNADOR VALADARES;Entrada inopinada do pedestre;Atropelamento de Pedestre;Com Vï¿½timas Feridas;Plena Noite;Nublado;Simples;"Interseï¿½ï¿½o de Vias;Reta;Retorno Regulamentado";Sim;0;0
2025-11-17;segunda-feira;16:30:00;BA;367;PORTO SEGURO;Acessar a via sem observar a presenï¿½a dos outros veï¿½culos;Atropelamento de Animal;Sem Vï¿½timas;Pleno dia;Cï¿½u Claro;Simples;Curva;Nï¿½o;0;0
2025-11-18;terï¿½a-feira;06:15:00;MG;50;UBERLANDIA;Acumulo de areia ou detritos sobre o pavimento;Queda de ocupante de veï¿½culo;Com Vï¿½timas Feridas;Pleno dia;Cï¿½u Claro;Simples;Curva;Sim;0;0
2025-11-18;terï¿½a-feira;06:55:00;RS;285;PASSO FUNDO;Acessar a via sem observar a presenï¿½a dos outros veï¿½culos;Colisï¿½o lateral mesmo sentido;Com Vï¿½timas Feridas;Pleno dia;Sol;Simples;Interseï¿½ï¿½o de Vias;Sim;0;0
2025-11-18;terï¿½a-feira;06:20:00;MG;381;ITAGUARA;Condutor Dormindo;Saï¿½da de leito carroï¿½ï¿½vel;Com Vï¿½timas Feridas;Pleno dia;Cï¿½u Claro;Dupla;Reta;Nï¿½o;0;0
2025-11-17;segunda-feira;23:00:00;GO;60;SANTO ANTONIO DA BARRA;Animais na Pista;Atropelamento de Animal;Sem Vï¿½timas;Plena Noite;Cï¿½u Claro;Dupla;Reta;Nï¿½o;0;0
2025-11-18;terï¿½a-feira;04:15:00;MT;174;CACERES;Animais na Pista;Atropelamento de Animal;Sem Vï¿½timas;Amanhecer;Nublado;Simples;Reta;Nï¿½o;0;0
2025-11-18;terï¿½a-feira;07:15:00;SC;101;JAGUARUNA;Conversï¿½o proibida;Colisï¿½o frontal;Com Vï¿½timas Feridas;Pleno dia;Cï¿½u Claro;Simples;Reta;Nï¿½o;0;0
2025-11-18;terï¿½a-feira;07:10:00;RJ;116;RIO DE JANEIRO;Manobra de mudanï¿½a de faixa;Colisï¿½o lateral mesmo sentido;Com Vï¿½timas Feridas;Pleno dia;Cï¿½u Claro;Mï¿½ltipla;Reta;Sim;0;0
2025-11-18;terï¿½a-feira;07:00:00;RS;290;PORTO ALEGRE;Demais falhas mecï¿½nicas ou elï¿½tricas;Incï¿½ndio;Sem Vï¿½timas;Pleno dia;Cï¿½u Claro;Dupla;Reta;Nï¿½o;0;0
2025-11-18;terï¿½a-feira;07:35:00;BA;324;SIMOES FILHO;Trafegar com motocicleta (ou similar) entre as faixas;Colisï¿½o lateral mesmo sentido;Com Vï¿½timas Feridas;Pleno dia;Cï¿½u Claro;Dupla;Reta;Sim;0;0
2025-11-18;terï¿½a-feira;07:00:00;RJ;116;RIO DE JANEIRO;Ausï¿½ncia de reaï¿½ï¿½o do condutor;Colisï¿½o lateral mesmo sentido;Com Vï¿½timas Feridas;Pleno dia;Cï¿½u Claro;Dupla;Reta;Nï¿½o;0;0
2025-11-18;terï¿½a-feira;07:30:00;RS;116;CAXIAS DO SUL;Manobra de mudanï¿½a de faixa;Colisï¿½o lateral mesmo sentido;Com Vï¿½timas Feridas;Pleno dia;Cï¿½u Claro;Dupla;Reta;Nï¿½o;0;0
2025-11-18;terï¿½a-feira;05:27:00;RJ;40;DUQUE DE CAXIAS;Demais falhas mecï¿½nicas ou elï¿½tricas;Incï¿½ndio;Sem Vï¿½timas;Amanhecer;Cï¿½u Claro;Mï¿½ltipla;"Interseï¿½ï¿½o de Vias;Curva";Sim;0;0
2025-11-18;terï¿½a-feira;07:20:00;PR;277;PARANAGUA;Acesso irregular;Colisï¿½o traseira;Com Vï¿½timas Feridas;Pleno dia;Chuva;Dupla;Reta;Nï¿½o;0;0
2025-11-18;terï¿½a-feira;07:10:00;RN;101;EXTREMOZ;Acessar a via sem observar a presenï¿½a dos outros veï¿½culos;Colisï¿½o transversal;Com Vï¿½timas Feridas;Pleno dia;Cï¿½u Claro;Simples;Interseï¿½ï¿½o de Vias;Nï¿½o;0;0
2025-11-18;terï¿½a-feira;07:40:00;SC;101;ITAJAI;Trafegar com motocicleta (ou similar) entre as faixas;Colisï¿½o lateral mesmo sentido;Com Vï¿½timas Feridas;Pleno dia;Chuva;Dupla;Reta;Sim;0;0
2025-11-18;terï¿½a-feira;08:00:00;PR;376;SAO JOSE DOS PINHAIS;Trafegar com motocicleta (ou similar) entre as faixas;Colisï¿½o lateral mesmo sentido;Com Vï¿½timas Feridas;Pleno dia;Garoa/Chuvisco;Dupla;Reta;Sim;0;0
2025-11-18;terï¿½a-feira;07:45:00;MG;40;RIBEIRAO DAS NEVES;Pedestre - Ingestï¿½o de ï¿½lcool/ substï¿½ncias psicoativas;Atropelamento de Pedestre;Com Vï¿½timas Feridas;Pleno dia;Nublado;Dupla;Reta;Nï¿½o;0;0
2025-11-18;terï¿½a-feira;07:10:00;RS;472;TRES DE MAIO;Desrespeitar a preferï¿½ncia no cruzamento;Colisï¿½o transversal;Sem Vï¿½timas;Pleno dia;Sol;Simples;"Reta;Interseï¿½ï¿½o de Vias";Nï¿½o;0;0
2025-11-18;terï¿½a-feira;07:50:00;PR;116;CURITIBA;Reaï¿½ï¿½o tardia ou ineficiente do condutor;Colisï¿½o lateral mesmo sentido;Com Vï¿½timas Feridas;Pleno dia;Garoa/Chuvisco;Mï¿½ltipla;Reta;Sim;0;0
2025-11-18;terï¿½a-feira;07:00:00;BA;116;VITORIA DA CONQUISTA;Conversï¿½o proibida;Colisï¿½o transversal;Com Vï¿½timas Feridas;Pleno dia;Cï¿½u Claro;Simples;Reta;Sim;0;0
2025-11-18;terï¿½a-feira;07:35:00;SC;101;PORTO BELO;Reaï¿½ï¿½o tardia ou ineficiente do condutor;Colisï¿½o traseira;Com Vï¿½timas Feridas;Pleno dia;Chuva;Dupla;Reta;Nï¿½o;0;0
2025-11-06;quinta-feira;11:40:00;PB;230;CAMPINA GRANDE;Acesso irregular;Colisï¿½o traseira;Sem Vï¿½timas;Pleno dia;Cï¿½u Claro;Simples;"Reta;Aclive";Nï¿½o;0;0
2025-11-18;terï¿½a-feira;07:15:00;MA;135;SAO LUIS;Reaï¿½ï¿½o tardia ou ineficiente do condutor;Colisï¿½o traseira;Com Vï¿½timas Feridas;Pleno dia;Cï¿½u Claro;Dupla;Reta;Sim;0;0
2025-11-18;terï¿½a-feira;06:00:00;BA;324;SIMOES FILHO;Condutor deixou de manter distï¿½ncia do veï¿½culo da frente;Colisï¿½o traseira;Sem Vï¿½timas;Pleno dia;Cï¿½u Claro;Dupla;Reta;Nï¿½o;0;0
2025-11-18;terï¿½a-feira;08:20:00;GO;153;APARECIDA DE GOIANIA;Reaï¿½ï¿½o tardia ou ineficiente do condutor;Colisï¿½o traseira;Com Vï¿½timas Feridas;Pleno dia;Cï¿½u Claro;Dupla;Reta;Sim;0;0
2025-11-18;terï¿½a-feira;08:20:00;RS;290;PORTO ALEGRE;Condutor deixou de manter distï¿½ncia do veï¿½culo da frente;Engavetamento;Com Vï¿½timas Feridas;Pleno dia;Cï¿½u Claro;Mï¿½ltipla;Reta;Nï¿½o;0;0
2025-11-18;terï¿½a-feira;09:00:00;RS;116;CANOAS;Condutor deixou de manter distï¿½ncia do veï¿½culo da frente;Colisï¿½o traseira;Com Vï¿½timas Feridas;Pleno dia;Cï¿½u Claro;Dupla;Reta;Sim;0;0
2025-11-18;terï¿½a-feira;07:30:00;RS;285;CARAZINHO;Pista esburacada;Tombamento;Com Vï¿½timas Feridas;Pleno dia;Nublado;Simples;"Reta;Declive";Nï¿½o;0;0
2025-11-18;terï¿½a-feira;08:00:00;SC;101;SAO JOSE;Acumulo de areia ou detritos sobre o pavimento;Colisï¿½o traseira;Sem Vï¿½timas;Pleno dia;Chuva;Mï¿½ltipla;Interseï¿½ï¿½o de Vias;Sim;0;0
2025-11-18;terï¿½a-feira;08:50:00;PB;230;SAO MAMEDE;Acessar a via sem observar a presenï¿½a dos outros veï¿½culos;Colisï¿½o transversal;Com Vï¿½timas Feridas;Pleno dia;Cï¿½u Claro;Simples;Reta;Nï¿½o;0;0
2025-11-18;terï¿½a-feira;05:40:00;MA;135;SAO LUIS;Transitar no Acostamento;Atropelamento de Pedestre;Com Vï¿½timas Fatais;Amanhecer;Cï¿½u Claro;Dupla;"Reta;Declive";Nï¿½o;1;1
2025-11-18;terï¿½a-feira;09:17:00;MG;381;BETIM;Trafegar com motocicleta (ou similar) entre as faixas;Colisï¿½o lateral mesmo sentido;Com Vï¿½timas Feridas;Pleno dia;Cï¿½u Claro;Mï¿½ltipla;"Reta;Aclive";Sim;0;0
2025-11-18;terï¿½a-feira;08:45:00;RS;116;SAPUCAIA DO SUL;Ausï¿½ncia de reaï¿½ï¿½o do condutor;Colisï¿½o traseira;Com Vï¿½timas Feridas;Pleno dia;Cï¿½u Claro;Dupla;Reta;Sim;0;0
2025-11-18;terï¿½a-feira;08:30:00;PA;230;MARABA;Transitar no Acostamento;Colisï¿½o transversal;Com Vï¿½timas Feridas;Pleno dia;Cï¿½u Claro;Simples;Reta;Nï¿½o;0;0
2025-11-18;terï¿½a-feira;09:17:00;SP;116;GUARULHOS;Ausï¿½ncia de reaï¿½ï¿½o do condutor;Tombamento;Com Vï¿½timas Feridas;Pleno dia;Nublado;Mï¿½ltipla;Reta;Sim;0;0
2025-11-18;terï¿½a-feira;08:55:00;PE;232;JABOATAO DOS GUARARAPES;Reaï¿½ï¿½o tardia ou ineficiente do condutor;Saï¿½da de leito carroï¿½ï¿½vel;Sem Vï¿½timas;Pleno dia;Sol;Mï¿½ltipla;"Interseï¿½ï¿½o de Vias;Curva";Nï¿½o;0;0
2025-11-18;terï¿½a-feira;10:00:00;SC;282;FLORIANOPOLIS;Trafegar com motocicleta (ou similar) entre as faixas;Tombamento;Com Vï¿½timas Feridas;Pleno dia;Chuva;Mï¿½ltipla;Reta;Sim;0;0
2025-11-18;terï¿½a-feira;07:50:00;SC;282;RANCHO QUEIMADO;Velocidade Incompatï¿½vel;Saï¿½da de leito carroï¿½ï¿½vel;Com Vï¿½timas Feridas;Pleno dia;Chuva;Simples;Curva;Nï¿½o;0;0
2025-11-18;terï¿½a-feira;08:45:00;RJ;493;MAGE;Ultrapassagem Indevida;Colisï¿½o transversal;Com Vï¿½timas Feridas;Pleno dia;Cï¿½u Claro;Simples;Reta;Nï¿½o;0;0
2025-11-18;terï¿½a-feira;09:00:00;PR;469;FOZ DO IGUACU;Ausï¿½ncia de reaï¿½ï¿½o do condutor;Tombamento;Com Vï¿½timas Feridas;Pleno dia;Cï¿½u Claro;Simples;Reta;Sim;0;0
2025-11-18;terï¿½a-feira;06:00:00;MT;163;ITIQUIRA;Ausï¿½ncia de reaï¿½ï¿½o do condutor;Queda de ocupante de veï¿½culo;Com Vï¿½timas Feridas;Pleno dia;Chuva;Dupla;Reta;Nï¿½o;0;0
2025-11-18;terï¿½a-feira;09:30:00;RJ;101;SILVA JARDIM;Reaï¿½ï¿½o tardia ou ineficiente do condutor;Queda de ocupante de veï¿½culo;Com Vï¿½timas Feridas;Pleno dia;Cï¿½u Claro;Simples;Viaduto;Nï¿½o;0;0
2025-11-18;terï¿½a-feira;08:40:00;SC;116;MAFRA;Acessar a via sem observar a presenï¿½a dos outros veï¿½culos;Colisï¿½o transversal;Com Vï¿½timas Feridas;Pleno dia;Chuva;Simples;"Interseï¿½ï¿½o de Vias;Retorno Regulamentado;Reta";Sim;0;0
2025-11-18;terï¿½a-feira;08:30:00;BA;367;PORTO SEGURO;Acessar a via sem observar a presenï¿½a dos outros veï¿½culos;Colisï¿½o com objeto;Com Vï¿½timas Feridas;Pleno dia;Cï¿½u Claro;Simples;"Interseï¿½ï¿½o de Vias;Curva";Nï¿½o;0;0
2025-11-18;terï¿½a-feira;09:30:00;CE;222;SOBRAL;Reaï¿½ï¿½o tardia ou ineficiente do condutor;Saï¿½da de leito carroï¿½ï¿½vel;Com Vï¿½timas Feridas;Pleno dia;Cï¿½u Claro;Simples;"Reta;Aclive";Nï¿½o;0;0
2025-11-18;terï¿½a-feira;10:06:00;RN;101;NATAL;Condutor deixou de manter distï¿½ncia do veï¿½culo da frente;Engavetamento;Com Vï¿½timas Feridas;Pleno dia;Sol;Dupla;Viaduto;Sim;0;0
2025-11-18;terï¿½a-feira;09:00:00;PE;232;TERRA NOVA;Demais falhas mecï¿½nicas ou elï¿½tricas;Incï¿½ndio;Sem Vï¿½timas;Pleno dia;Cï¿½u Claro;Simples;Reta;Nï¿½o;0;0
2025-11-18;terï¿½a-feira;10:35:00;MG;116;TEOFILO OTONI;Acessar a via sem observar a presenï¿½a dos outros veï¿½culos;Colisï¿½o transversal;Com Vï¿½timas Feridas;Pleno dia;Cï¿½u Claro;Simples;Aclive;Nï¿½o;0;0
2025-11-18;terï¿½a-feira;11:15:00;PE;428;PETROLINA;Acessar a via sem observar a presenï¿½a dos outros veï¿½culos;Colisï¿½o transversal;Com Vï¿½timas Feridas;Pleno dia;Sol;Simples;Reta;Nï¿½o;0;0
2025-11-18;terï¿½a-feira;11:45:00;PE;101;RECIFE;Reaï¿½ï¿½o tardia ou ineficiente do condutor;Colisï¿½o traseira;Com Vï¿½timas Feridas;Pleno dia;Cï¿½u Claro;Dupla;Reta;Sim;0;0
2025-11-18;terï¿½a-feira;08:30:00;MG;262;UBERABA;Condutor deixou de manter distï¿½ncia do veï¿½culo da frente;Colisï¿½o traseira;Com Vï¿½timas Feridas;Pleno dia;Nublado;Dupla;Reta;Sim;0;0
2025-11-18;terï¿½a-feira;07:00:00;RJ;40;DUQUE DE CAXIAS;Acumulo de ï¿½leo sobre o pavimento;Tombamento;Com Vï¿½timas Feridas;Pleno dia;Cï¿½u Claro;Dupla;Curva;Nï¿½o;0;0
2025-11-18;terï¿½a-feira;11:30:00;ES;101;LINHARES;Acessar a via sem observar a presenï¿½a dos outros veï¿½culos;Colisï¿½o lateral mesmo sentido;Com Vï¿½timas Feridas;Pleno dia;Cï¿½u Claro;Dupla;"Interseï¿½ï¿½o de Vias;Reta";Sim;0;0
2025-11-18;terï¿½a-feira;11:00:00;BA;101;SAO JOSE DA VITORIA;Condutor Dormindo;Saï¿½da de leito carroï¿½ï¿½vel;Com Vï¿½timas Feridas;Pleno dia;Cï¿½u Claro;Simples;Curva;Nï¿½o;0;0
2025-11-18;terï¿½a-feira;11:54:00;AP;210;MACAPA;Acessar a via sem observar a presenï¿½a dos outros veï¿½culos;Atropelamento de Pedestre;Com Vï¿½timas Feridas;Pleno dia;Cï¿½u Claro;Simples;Reta;Nï¿½o;0;0
2025-11-18;terï¿½a-feira;09:30:00;AL;316;SATUBA;Ausï¿½ncia de reaï¿½ï¿½o do condutor;Atropelamento de Pedestre;Com Vï¿½timas Feridas;Pleno dia;Cï¿½u Claro;Simples;Reta;Sim;0;0
2025-11-18;terï¿½a-feira;12:05:00;SP;116;GUARULHOS;Objeto estï¿½tico sobre o leito carroï¿½ï¿½vel;Colisï¿½o com objeto;Com Vï¿½timas Feridas;Pleno dia;Cï¿½u Claro;Mï¿½ltipla;Reta;Sim;0;0
2025-11-18;terï¿½a-feira;12:45:00;MG;262;CAMPOS ALTOS;Ausï¿½ncia de reaï¿½ï¿½o do condutor;Tombamento;Com Vï¿½timas Feridas;Pleno dia;Cï¿½u Claro;Simples;Curva;Nï¿½o;0;0
2025-11-18;terï¿½a-feira;12:10:00;SP;116;JUQUITIBA;Ausï¿½ncia de reaï¿½ï¿½o do condutor;Queda de ocupante de veï¿½culo;Com Vï¿½timas Feridas;Pleno dia;Chuva;Dupla;Reta;Nï¿½o;0;0
2025-06-29;domingo;21:10:00;SC;101;ITAPEMA;Avarias e/ou desgaste excessivo no pneu;Queda de ocupante de veï¿½culo;Com Vï¿½timas Feridas;Plena Noite;Garoa/Chuvisco;Dupla;Reta;Nï¿½o;0;0
2025-11-18;terï¿½a-feira;11:40:00;MS;163;DOURADOS;Reaï¿½ï¿½o tardia ou ineficiente do condutor;Colisï¿½o traseira;Com Vï¿½timas Feridas;Pleno dia;Cï¿½u Claro;Dupla;"Curva;Aclive";Nï¿½o;0;0
2025-11-18;terï¿½a-feira;11:40:00;BA;235;JEREMOABO;Velocidade Incompatï¿½vel;Capotamento;Com Vï¿½timas Fatais;Pleno dia;Cï¿½u Claro;Simples;Reta;Nï¿½o;1;1
2025-11-18;terï¿½a-feira;13:15:00;SC;282;RANCHO QUEIMADO;Velocidade Incompatï¿½vel;Saï¿½da de leito carroï¿½ï¿½vel;Com Vï¿½timas Feridas;Pleno dia;Chuva;Simples;Reta;Nï¿½o;0;0
2025-11-18;terï¿½a-feira;07:30:00;AP;210;MACAPA;Manobra de mudanï¿½a de faixa;Queda de ocupante de veï¿½culo;Com Vï¿½timas Feridas;Pleno dia;Cï¿½u Claro;Simples;Reta;Sim;0;0
2025-11-18;terï¿½a-feira;13:20:00;PR;116;CAMPINA GRANDE DO SUL;Acumulo de ï¿½gua sobre o pavimento;Saï¿½da de leito carroï¿½ï¿½vel;Com Vï¿½timas Feridas;Pleno dia;Chuva;Dupla;Curva;Nï¿½o;0;0