data_inversa;dia_semana;horario;uf;br;municipio;causa_acidente;tipo_acidente;classificacao_acidente;fase_dia;condicao_metereologica;tipo_pista;tracado_via;uso_solo;mortos;acidente_fatal
2025-11-21;sexta-feira;18:15:00;SC;101;SAO JOSE;Trafegar com motocicleta (ou similar) entre as faixas;Colisï¿½o lateral mesmo sentido;Com Vï¿½timas Feridas;Anoitecer;Cï¿½u Claro;Mï¿½ltipla;Reta;Sim;0;0
2025-11-21;sexta-feira;16:30:00;PR;277;GUARANIACU;Acessar a via sem observar a presenï¿½a dos outros veï¿½culos;Colisï¿½o traseira;Com Vï¿½timas Feridas;Pleno dia;Cï¿½u Claro;Simples;"Reta;Declive";Nï¿½o;0;0
2025-11-21;sexta-feira;17:30:00;SC;101;PENHA;Trafegar com motocicleta (ou similar) entre as faixas;Colisï¿½o traseira;Com Vï¿½timas Feridas;Pleno dia;Cï¿½u Claro;Mï¿½ltipla;Reta;Nï¿½o;0;0
2025-11-21;sexta-feira;18:00:00;RS;386;FAZENDA VILANOVA;Velocidade Incompatï¿½vel;Saï¿½da de leito carroï¿½ï¿½vel;Com Vï¿½timas Feridas;Anoitecer;Cï¿½u Claro;Simples;Curva;Nï¿½o;0;0
2025-11-21;sexta-feira;15:39:00;MT;163;RONDONOPOLIS;Ausï¿½ncia de reaï¿½ï¿½o do condutor;Queda de ocupante de veï¿½culo;Com Vï¿½timas Feridas;Pleno dia;Cï¿½u Claro;Dupla;Viaduto;Nï¿½o;0;0
2025-11-21;sexta-feira;18:40:00;RN;101;CANGUARETAMA;Iluminaï¿½ï¿½o deficiente;Atropelamento de Animal;Com Vï¿½timas Feridas;Plena Noite;Cï¿½u Claro;Mï¿½ltipla;"Reta;Declive";Sim;0;0
2025-11-21;sexta-feira;18:54:00;BA;367;EUNAPOLIS;Reaï¿½ï¿½o tardia ou ineficiente do condutor;Colisï¿½o transversal;Com Vï¿½timas Feridas;Plena Noite;Cï¿½u Claro;Simples;"Reta;Ponte";Nï¿½o;0;0
2025-11-21;sexta-feira;18:37:00;PB;230;CABEDELO;Ausï¿½ncia de reaï¿½ï¿½o do condutor;Tombamento;Com Vï¿½timas Feridas;Plena Noite;Cï¿½u Claro;Mï¿½ltipla;Viaduto;Nï¿½o;0;0
2025-11-21;sexta-feira;17:50:00;PR;277;FOZ DO IGUACU;Mal sï¿½bito do condutor;Saï¿½da de leito carroï¿½ï¿½vel;Com Vï¿½timas Feridas;Anoitecer;Cï¿½u Claro;Dupla;Reta;Sim;0;0
2025-11-21;sexta-feira;18:45:00;BA;110;CIPO;Acessar a via sem observar a presenï¿½a dos outros veï¿½culos;Colisï¿½o lateral mesmo sentido;Com Vï¿½timas Feridas;Plena Noite;Cï¿½u Claro;Simples;Reta;Nï¿½o;0;0
2025-11-21;sexta-feira;17:30:00;CE;20;MARANGUAPE;Demais falhas mecï¿½nicas ou elï¿½tricas;Eventos atï¿½picos;Com Vï¿½timas Fatais;Anoitecer;Ignorado;Simples;Reta;Nï¿½o;1;1
2025-11-21;sexta-feira;20:00:00;PR;277;MORRETES;Condutor deixou de manter distï¿½ncia do veï¿½culo da frente;Colisï¿½o traseira;Com Vï¿½timas Feridas;Plena Noite;Cï¿½u Claro;Dupla;Curva;Nï¿½o;0;0
2025-11-21;sexta-feira;19:40:00;PR;116;FAZENDA RIO GRANDE;Ausï¿½ncia de reaï¿½ï¿½o do condutor;Tombamento;Com Vï¿½timas Feridas;Plena Noite;Cï¿½u Claro;Dupla;Reta;Sim;0;0
2025-11-21;sexta-feira;14:00:00;RJ;101;SAO GONCALO;Reaï¿½ï¿½o tardia ou ineficiente do condutor;Colisï¿½o traseira;Com Vï¿½timas Feridas;Pleno dia;Cï¿½u Claro;Simples;Reta;Sim;0;0
2025-11-21;sexta-feira;20:00:00;MG;50;UBERLANDIA;Ausï¿½ncia de reaï¿½ï¿½o do condutor;Saï¿½da de leito carroï¿½ï¿½vel;Com Vï¿½timas Feridas;Plena Noite;Cï¿½u Claro;Dupla;Reta;Nï¿½o;0;0
2025-11-21;sexta-feira;19:40:00;DF;70;BRASILIA;Velocidade Incompatï¿½vel;Colisï¿½o transversal;Com Vï¿½timas Feridas;Plena Noite;Cï¿½u Claro;Dupla;Reta;Sim;0;0
2025-11-21;sexta-feira;20:10:00;SC;282;AGUAS MORNAS;Ausï¿½ncia de reaï¿½ï¿½o do condutor;Saï¿½da de leito carroï¿½ï¿½vel;Com Vï¿½timas Feridas;Plena Noite;Cï¿½u Claro;Simples;Curva;Nï¿½o;0;0
2025-11-21;sexta-feira;20:10:00;DF;20;BRASILIA;Velocidade Incompatï¿½vel;Colisï¿½o com objeto;Sem Vï¿½timas;Plena Noite;Nublado;Dupla;Reta;Sim;0;0
2025-11-21;sexta-feira;18:25:00;PB;230;RIACHAO DO POCO;Ausï¿½ncia de reaï¿½ï¿½o do condutor;Saï¿½da de leito carroï¿½ï¿½vel;Sem Vï¿½timas;Plena Noite;Cï¿½u Claro;Dupla;Reta;Nï¿½o;0;0
2025-11-21;sexta-feira;20:10:00;SC;116;SANTA CECILIA;Reaï¿½ï¿½o tardia ou ineficiente do condutor;Saï¿½da de leito carroï¿½ï¿½vel;Com Vï¿½timas Feridas;Plena Noite;Cï¿½u Claro;Simples;"Reta;Declive";Nï¿½o;0;0
2025-11-21;sexta-feira;20:20:00;GO;60;SANTO ANTONIO DO DESCOBERTO;Reaï¿½ï¿½o tardia ou ineficiente do condutor;Saï¿½da de leito carroï¿½ï¿½vel;Com Vï¿½timas Feridas;Plena Noite;Nublado;Dupla;"Declive;Curva";Nï¿½o;0;0
2025-11-21;sexta-feira;20:30:00;PI;316;TERESINA;Reaï¿½ï¿½o tardia ou ineficiente do condutor;Tombamento;Com Vï¿½timas Feridas;Plena Noite;Cï¿½u Claro;Mï¿½ltipla;"Aclive;Reta";Sim;0;0
2025-11-21;sexta-feira;21:05:00;MG;381;CONTAGEM;Ausï¿½ncia de reaï¿½ï¿½o do condutor;Queda de ocupante de veï¿½culo;Com Vï¿½timas Feridas;Plena Noite;Cï¿½u Claro;Dupla;Reta;Sim;0;0
2025-11-21;sexta-feira;21:00:00;ES;101;SERRA;Condutor desrespeitou a iluminaï¿½ï¿½o vermelha do semï¿½foro;Atropelamento de Pedestre;Com Vï¿½timas Feridas;Plena Noite;Nublado;Dupla;"Interseï¿½ï¿½o de Vias;Reta";Sim;0;0
2025-11-21;sexta-feira;19:20:00;RJ;40;PETROPOLIS;Acessar a via sem observar a presenï¿½a dos outros veï¿½culos;Colisï¿½o frontal;Com Vï¿½timas Feridas;Plena Noite;Cï¿½u Claro;Simples;"Retorno Regulamentado;Reta;Viaduto";Nï¿½o;0;0
2025-11-21;sexta-feira;20:30:00;AL;104;RIO LARGO;Entrada inopinada do pedestre;Atropelamento de Pedestre;Com Vï¿½timas Feridas;Plena Noite;Cï¿½u Claro;Dupla;Reta;Sim;0;0
2025-11-10;segunda-feira;11:30:00;DF;20;BRASILIA;Condutor deixou de manter distï¿½ncia do veï¿½culo da frente;Colisï¿½o traseira;Com Vï¿½timas Feridas;Pleno dia;Cï¿½u Claro;Simples;"Interseï¿½ï¿½o de Vias;Reta";Sim;0;0
2025-11-21;sexta-feira;20:30:00;ES;101;LINHARES;Condutor desrespeitou a iluminaï¿½ï¿½o vermelha do semï¿½foro;Colisï¿½o transversal;Com Vï¿½timas Feridas;Plena Noite;Nublado;Dupla;Interseï¿½ï¿½o de Vias;Sim;0;0
2025-11-21;sexta-feira;20:50:00;PR;376;GUARATUBA;Pedestre andava na pista;Atropelamento de Pedestre;Com Vï¿½timas Fatais;Plena Noite;Nublado;Dupla;Declive;Nï¿½o;1;1
2025-11-21;sexta-feira;07:30:00;BA;324;CANDEIAS;Condutor Dormindo;Saï¿½da de leito carroï¿½ï¿½vel;Com Vï¿½timas Feridas;Pleno dia;Chuva;Mï¿½ltipla;Reta;Nï¿½o;0;0
2025-11-21;sexta-feira;19:00:00;BA;116;SANTO ESTEVAO;Chuva;Saï¿½da de leito carroï¿½ï¿½vel;Com Vï¿½timas Feridas;Plena Noite;Chuva;Dupla;Reta;Nï¿½o;0;0
2025-11-21;sexta-feira;20:20:00;PI;343;ALTOS;Acessar a via sem observar a presenï¿½a dos outros veï¿½culos;Colisï¿½o frontal;Com Vï¿½timas Feridas;Plena Noite;Cï¿½u Claro;Simples;Reta;Sim;0;0
2025-11-21;sexta-feira;17:00:00;RS;116;PICADA CAFE;Ausï¿½ncia de reaï¿½ï¿½o do condutor;Saï¿½da de leito carroï¿½ï¿½vel;Com Vï¿½timas Feridas;Pleno dia;Cï¿½u Claro;Simples;Reta;Sim;0;0
2025-11-21;sexta-feira;21:50:00;ES;101;SERRA;Reaï¿½ï¿½o tardia ou ineficiente do condutor;Colisï¿½o traseira;Com Vï¿½timas Feridas;Plena Noite;Cï¿½u Claro;Mï¿½ltipla;Reta;Sim;0;0
2025-11-21;sexta-feira;20:30:00;RN;226;NATAL;Transitar na contramï¿½o;Colisï¿½o lateral sentido oposto;Com Vï¿½timas Feridas;Plena Noite;Cï¿½u Claro;Simples;"Declive;Curva";Sim;0;0
2025-11-21;sexta-feira;21:15:00;PR;369;CAMBARA;Conversï¿½o proibida;Colisï¿½o transversal;Com Vï¿½timas Feridas;Plena Noite;Cï¿½u Claro;Simples;Reta;Sim;0;0
2025-11-21;sexta-feira;15:56:00;MA;402;AXIXA;Condutor Dormindo;Saï¿½da de leito carroï¿½ï¿½vel;Com Vï¿½timas Feridas;Pleno dia;Cï¿½u Claro;Simples;Reta;Nï¿½o;0;0
2025-11-21;sexta-feira;19:40:00;BA;242;LENCOIS;Acessar a via sem observar a presenï¿½a dos outros veï¿½culos;Colisï¿½o transversal;Com Vï¿½timas Feridas;Plena Noite;Cï¿½u Claro;Simples;"Reta;Rotatï¿½ria";Nï¿½o;0;0
2025-11-21;sexta-feira;21:15:00;SC;101;JOINVILLE;Ausï¿½ncia de reaï¿½ï¿½o do condutor;Colisï¿½o traseira;Com Vï¿½timas Feridas;Plena Noite;Nublado;Dupla;"Reta;Ponte";Nï¿½o;0;0
2025-11-21;sexta-feira;22:16:00;SC;470;BLUMENAU;Conversï¿½o proibida;Colisï¿½o lateral mesmo sentido;Com Vï¿½timas Feridas;Plena Noite;Cï¿½u Claro;Simples;Em Obras;Nï¿½o;0;0
2025-11-21;sexta-feira;19:00:00;RO;364;JI-PARANA;Ausï¿½ncia de reaï¿½ï¿½o do condutor;Queda de ocupante de veï¿½culo;Com Vï¿½timas Feridas;Plena Noite;Cï¿½u Claro;Dupla;Reta;Sim;0;0
2025-11-21;sexta-feira;21:40:00;SC;101;ITAPEMA;Ausï¿½ncia de reaï¿½ï¿½o do condutor;Tombamento;Com Vï¿½timas Feridas;Plena Noite;Nublado;Dupla;Reta;Sim;0;0
2025-11-21;sexta-feira;21:30:00;AP;210;MACAPA;Avarias e/ou desgaste excessivo no pneu;Tombamento;Com Vï¿½timas Feridas;Plena Noite;Cï¿½u Claro;Simples;Reta;Nï¿½o;0;0
2025-11-21;sexta-feira;15:30:00;MG;381;ITATIAIUCU;Ingestï¿½o de ï¿½lcool pelo condutor;Saï¿½da de leito carroï¿½ï¿½vel;Sem Vï¿½timas;Pleno dia;Cï¿½u Claro;Dupla;Reta;Sim;0;0
2025-11-21;sexta-feira;19:40:00;MA;230;BARAO DE GRAJAU;Manobra de mudanï¿½a de faixa;Colisï¿½o transversal;Com Vï¿½timas Feridas;Plena Noite;Cï¿½u Claro;Simples;Reta;Sim;0;0
2025-11-21;sexta-feira;22:05:00;PR;277;CURITIBA;Acessar a via sem observar a presenï¿½a dos outros veï¿½culos;Tombamento;Com Vï¿½timas Feridas;Plena Noite;Cï¿½u Claro;Dupla;Reta;Sim;0;0
2025-11-21;sexta-feira;19:00:00;BA;420;JIQUIRICA;Ingestï¿½o de ï¿½lcool pelo condutor;Colisï¿½o frontal;Com Vï¿½timas Feridas;Plena Noite;Cï¿½u Claro;Simples;Curva;Nï¿½o;0;0
2025-11-21;sexta-feira;20:10:00;MA;10;DAVINOPOLIS;Ingestï¿½o de ï¿½lcool pelo condutor;Saï¿½da de leito carroï¿½ï¿½vel;Sem Vï¿½timas;Plena Noite;Cï¿½u Claro;Simples;Reta;Nï¿½o;0;0
2025-11-21;sexta-feira;21:50:00;RO;364;CANDEIAS DO JAMARI;Reaï¿½ï¿½o tardia ou ineficiente do condutor;Saï¿½da de leito carroï¿½ï¿½vel;Sem Vï¿½timas;Plena Noite;Cï¿½u Claro;Dupla;Curva;Sim;0;0
2025-11-21;sexta-feira;21:20:00;AC;364;RIO BRANCO;Ausï¿½ncia de reaï¿½ï¿½o do condutor;Colisï¿½o lateral mesmo sentido;Com Vï¿½timas Feridas;Plena Noite;Cï¿½u Claro;Dupla;Rotatï¿½ria;Nï¿½o;0;0
2025-11-21;sexta-feira;22:30:00;PI;343;PARNAIBA;Trafegar com motocicleta (ou similar) entre as faixas;Colisï¿½o lateral mesmo sentido;Com Vï¿½timas Feridas;Plena Noite;Cï¿½u Claro;Dupla;Rotatï¿½ria;Sim;0;0
2025-11-21;sexta-feira;23:20:00;PE;232;JABOATAO DOS GUARARAPES;Transitar no Acostamento;Colisï¿½o traseira;Com Vï¿½timas Feridas;Plena Noite;Cï¿½u Claro;Dupla;Reta;Sim;0;0
2025-11-21;sexta-feira;23:05:00;RJ;116;SEROPEDICA;Reaï¿½ï¿½o tardia ou ineficiente do condutor;Colisï¿½o com objeto;Com Vï¿½timas Feridas;Plena Noite;Cï¿½u Claro;Simples;"Reta;Em Obras";Nï¿½o;0;0
2025-11-22;sï¿½bado;00:20:00;ES;101;SAO MATEUS;Pedestre - Ingestï¿½o de ï¿½lcool/ substï¿½ncias psicoativas;Atropelamento de Pedestre;Com Vï¿½timas Fatais;Plena Noite;Nublado;Simples;"Reta;Declive";Nï¿½o;1;1
2025-11-22;sï¿½bado;00:30:00;SP;116;SAO JOSE DOS CAMPOS;Condutor deixou de manter distï¿½ncia do veï¿½culo da frente;Colisï¿½o traseira;Com Vï¿½timas Feridas;Plena Noite;Cï¿½u Claro;Dupla;Reta;Sim;0;0
2025-11-22;sï¿½bado;00:40:00;MG;381;BETIM;Ingestï¿½o de ï¿½lcool pelo condutor;Saï¿½da de leito carroï¿½ï¿½vel;Com Vï¿½timas Feridas;Plena Noite;Cï¿½u Claro;Dupla;"Declive;Reta";Nï¿½o;0;0
2025-11-22;sï¿½bado;01:00:00;MG;262;NOVA SERRANA;Reaï¿½ï¿½o tardia ou ineficiente do condutor;Saï¿½da de leito carroï¿½ï¿½vel;Com Vï¿½timas Feridas;Plena Noite;Vento;Dupla;Reta;Sim;0;0
2025-11-22;sï¿½bado;01:20:00;PE;232;SAO CAITANO;Animais na Pista;Atropelamento de Animal;Com Vï¿½timas Feridas;Plena Noite;Cï¿½u Claro;Dupla;"Reta;Declive";Nï¿½o;0;0
2025-11-22;sï¿½bado;01:20:00;RJ;101;RIO BONITO;Ausï¿½ncia de reaï¿½ï¿½o do condutor;Tombamento;Com Vï¿½timas Feridas;Plena Noite;Cï¿½u Claro;Dupla;Reta;Sim;0;0
2025-11-22;sï¿½bado;04:09:00;PB;230;JOAO PESSOA;Ausï¿½ncia de reaï¿½ï¿½o do condutor;Tombamento;Com Vï¿½timas Fatais;Amanhecer;Cï¿½u Claro;Dupla;Reta;Sim;1;1
2025-11-22;sï¿½bado;05:28:00;SC;101;PALHOCA;Velocidade Incompatï¿½vel;Capotamento;Sem Vï¿½timas;Amanhecer;Cï¿½u Claro;Mï¿½ltipla;Reta;Sim;0;0
2025-11-21;sexta-feira;17:45:00;MG;153;PRATA;Chuva;Saï¿½da de leito carroï¿½ï¿½vel;Com Vï¿½timas Feridas;Pleno dia;Chuva;Mï¿½ltipla;"Aclive;Curva";Nï¿½o;0;0
2025-11-22;sï¿½bado;00:20:00;BA;116;POCOES;Condutor Dormindo;Capotamento;Com Vï¿½timas Feridas;Plena Noite;Cï¿½u Claro;Simples;Reta;Nï¿½o;0;0
2025-11-22;sï¿½bado;03:00:00;SC;282;NOVA ERECHIM;Demais falhas mecï¿½nicas ou elï¿½tricas;Incï¿½ndio;Sem Vï¿½timas;Plena Noite;Cï¿½u Claro;Simples;Reta;Nï¿½o;0;0
2025-11-21;sexta-feira;16:37:00;MT;70;VARZEA GRANDE;Reaï¿½ï¿½o tardia ou ineficiente do condutor;Colisï¿½o lateral mesmo sentido;Com Vï¿½timas Feridas;Pleno dia;Chuva;Dupla;"Aclive;Reta";Sim;0;0
2025-11-22;sï¿½bado;04:00:00;RS;470;CARLOS BARBOSA;Neblina;Saï¿½da de leito carroï¿½ï¿½vel;Com Vï¿½timas Feridas;Pleno dia;Nevoeiro/Neblina;Simples;Reta;Nï¿½o;0;0
2025-10-11;sï¿½bado;15:44:00;RJ;393;SAPUCAIA;Ausï¿½ncia de reaï¿½ï¿½o do condutor;Capotamento;Com Vï¿½timas Feridas;Pleno dia;Nevoeiro/Neblina;Simples;Curva;Nï¿½o;0;0
2025-11-22;sï¿½bado;03:20:00;RJ;493;SEROPEDICA;Reaï¿½ï¿½o tardia ou ineficiente do condutor;Saï¿½da de leito carroï¿½ï¿½vel;Com Vï¿½timas Fatais;Plena Noite;Nublado;Dupla;Reta;Nï¿½o;1;1
2025-11-22;sï¿½bado;07:00:00;RS;285;BOM JESUS;Velocidade Incompatï¿½vel;Saï¿½da de leito carroï¿½ï¿½vel;Com Vï¿½timas Feridas;Pleno dia;Cï¿½u Claro;Simples;Reta;Nï¿½o;0;0
2025-11-20;quinta-feira;04:50:00;SC;163;GUARUJA DO SUL;Reaï¿½ï¿½o tardia ou ineficiente do condutor;Tombamento;Com Vï¿½timas Feridas;Plena Noite;Cï¿½u Claro;Simples;"Curva;Declive";Nï¿½o;0;0
2025-11-22;sï¿½bado;06:15:00;SP;116;SAO JOSE DOS CAMPOS;Objeto estï¿½tico sobre o leito carroï¿½ï¿½vel;Colisï¿½o com objeto;Com Vï¿½timas Feridas;Pleno dia;Cï¿½u Claro;Mï¿½ltipla;Reta;Sim;0;0
2025-11-22;sï¿½bado;08:05:00;RJ;116;PINHEIRAL;Acessar a via sem observar a presenï¿½a dos outros veï¿½culos;Colisï¿½o transversal;Com Vï¿½timas Feridas;Pleno dia;Cï¿½u Claro;Simples;Retorno Regulamentado;Nï¿½o;0;0
2025-11-22;sï¿½bado;07:50:00;RS;116;ELDORADO DO SUL;Condutor Dormindo;Saï¿½da de leito carroï¿½ï¿½vel;Com Vï¿½timas Feridas;Pleno dia;Cï¿½u Claro;Dupla;Reta;Nï¿½o;0;0
2025-11-22;sï¿½bado;08:10:00;ES;101;SERRA;Semï¿½foro com defeito;Colisï¿½o traseira;Com Vï¿½timas Feridas;Pleno dia;Cï¿½u Claro;Dupla;"Reta;Interseï¿½ï¿½o de Vias";Sim;0;0
2025-11-22;sï¿½bado;07:30:00;MG;40;RIBEIRAO DAS NEVES;Velocidade Incompatï¿½vel;Saï¿½da de leito carroï¿½ï¿½vel;Sem Vï¿½timas;Pleno dia;Cï¿½u Claro;Dupla;Reta;Nï¿½o;0;0
2025-11-22;sï¿½bado;09:25:00;GO;70;AGUAS LINDAS DE GOIAS;Ausï¿½ncia de reaï¿½ï¿½o do condutor;Colisï¿½o lateral mesmo sentido;Com Vï¿½timas Feridas;Pleno dia;Cï¿½u Claro;Dupla;Reta;Sim;0;0
2025-11-22;sï¿½bado;08:20:00;PR;116;FAZENDA RIO GRANDE;Reaï¿½ï¿½o tardia ou ineficiente do condutor;Tombamento;Com Vï¿½timas Feridas;Pleno dia;Cï¿½u Claro;Dupla;Reta;Sim;0;0
2025-11-22;sï¿½bado;06:50:00;MG;40;ESMERALDAS;Demais falhas mecï¿½nicas ou elï¿½tricas;Incï¿½ndio;Sem Vï¿½timas;Pleno dia;Cï¿½u Claro;Dupla;Curva;Nï¿½o;0;0
2025-11-03;segunda-feira;18:00:00;SC;280;MAFRA;Chuva;Colisï¿½o lateral sentido oposto;Com Vï¿½timas Feridas;Anoitecer;Chuva;Simples;Curva;Nï¿½o;0;0
2025-11-22;sï¿½bado;07:17:00;MG;40;TRES MARIAS;Reaï¿½ï¿½o tardia ou ineficiente do condutor;Colisï¿½o traseira;Com Vï¿½timas Feridas;Amanhecer;Cï¿½u Claro;Simples;"Ponte;Aclive;Curva";Nï¿½o;0;0
2025-11-22;sï¿½bado;09:30:00;MG;50;UBERABA;Reaï¿½ï¿½o tardia ou ineficiente do condutor;Colisï¿½o com objeto;Com Vï¿½timas Feridas;Pleno dia;Cï¿½u Claro;Dupla;"Declive;Curva";Nï¿½o;0;0
2025-11-22;sï¿½bado;09:55:00;PB;101;JOAO PESSOA;Avarias e/ou desgaste excessivo no pneu;Tombamento;Com Vï¿½timas Feridas;Pleno dia;Cï¿½u Claro;Dupla;Curva;Sim;0;0
2025-11-22;sï¿½bado;07:55:00;MG;381;EXTREMA;Velocidade Incompatï¿½vel;Colisï¿½o com objeto;Com Vï¿½timas Feridas;Pleno dia;Cï¿½u Claro;Dupla;Curva;Nï¿½o;0;0
2025-11-22;sï¿½bado;07:25:00;MS;158;PARANAIBA;Reaï¿½ï¿½o tardia ou ineficiente do condutor;Tombamento;Com Vï¿½timas Feridas;Pleno dia;Cï¿½u Claro;Simples;Reta;Nï¿½o;0;0
2025-11-22;sï¿½bado;08:39:00;AP;210;MACAPA;Velocidade Incompatï¿½vel;Saï¿½da de leito carroï¿½ï¿½vel;Sem Vï¿½timas;Pleno dia;Cï¿½u Claro;Simples;Reta;Nï¿½o;0;0
2025-11-22;sï¿½bado;09:00:00;PR;277;CURITIBA;Ingestï¿½o de ï¿½lcool pelo condutor;Saï¿½da de leito carroï¿½ï¿½vel;Com Vï¿½timas Feridas;Pleno dia;Cï¿½u Claro;Dupla;Reta;Sim;0;0
2025-11-22;sï¿½bado;09:15:00;PR;369;ARAPONGAS;Ingestï¿½o de ï¿½lcool pelo condutor;Colisï¿½o lateral mesmo sentido;Sem Vï¿½timas;Pleno dia;Cï¿½u Claro;Dupla;Reta;Nï¿½o;0;0
2025-11-22;sï¿½bado;10:20:00;SC;470;GASPAR;Reaï¿½ï¿½o tardia ou ineficiente do condutor;Tombamento;Com Vï¿½timas Feridas;Pleno dia;Cï¿½u Claro;Dupla;Reta;Nï¿½o;0;0
2025-11-22;sï¿½bado;10:32:00;SP;116;GUARULHOS;Carga excessiva e/ou mal acondicionada;Colisï¿½o com objeto;Sem Vï¿½timas;Pleno dia;Sol;Mï¿½ltipla;Reta;Sim;0;0
2025-11-22;sï¿½bado;10:00:00;MG;262;MATIPO;Acesso irregular;Colisï¿½o traseira;Com Vï¿½timas Feridas;Pleno dia;Cï¿½u Claro;Simples;Reta;Nï¿½o;0;0
2025-11-22;sï¿½bado;11:00:00;BA;101;TEIXEIRA DE FREITAS;Desrespeitar a preferï¿½ncia no cruzamento;Colisï¿½o transversal;Com Vï¿½timas Feridas;Pleno dia;Cï¿½u Claro;Simples;Reta;Sim;0;0
2025-11-22;sï¿½bado;10:05:00;RO;364;PORTO VELHO;Transtornos Mentais (exceto suicidio);Eventos atï¿½picos;Sem Vï¿½timas;Pleno dia;Cï¿½u Claro;Dupla;Reta;Nï¿½o;0;0
2025-11-22;sï¿½bado;12:00:00;SP;116;SAO PAULO;Pedestre andava na pista;Atropelamento de Pedestre;Com Vï¿½timas Feridas;Pleno dia;Cï¿½u Claro;Mï¿½ltipla;Reta;Sim;0;0
2025-11-22;sï¿½bado;10:00:00;BA;418;NOVA VICOSA;Animais na Pista;Capotamento;Com Vï¿½timas Feridas;Pleno dia;Cï¿½u Claro;Simples;Reta;Nï¿½o;0;0
2025-11-22;sï¿½bado;07:30:00;MG;153;FRONTEIRA;Acessar a via sem observar a presenï¿½a dos outros veï¿½culos;Colisï¿½o transversal;Com Vï¿½timas Feridas;Pleno dia;Cï¿½u Claro;Simples;"Reta;Interseï¿½ï¿½o de Vias";Sim;0;0
2025-11-22;sï¿½bado;12:15:00;SP;116;CANAS;Ausï¿½ncia de reaï¿½ï¿½o do condutor;Engavetamento;Com Vï¿½timas Feridas;Pleno dia;Sol;Dupla;Reta;Nï¿½o;0;0
2025-11-22;sï¿½bado;11:40:00;RN;101;NATAL;Manobra de mudanï¿½a de faixa;Colisï¿½o lateral mesmo sentido;Com Vï¿½timas Feridas;Pleno dia;Sol;Mï¿½ltipla;Reta;Sim;0;0
2025-11-19;quarta-feira;07:20:00;RJ;465;SEROPEDICA;Trafegar com motocicleta (ou similar) entre as faixas;Colisï¿½o lateral mesmo sentido;Com Vï¿½timas Feridas;Pleno dia;Sol;Simples;Reta;Sim;0;0
2025-11-22;sï¿½bado;12:45:00;RS;158;SANTA MARIA;Desrespeitar a preferï¿½ncia no cruzamento;Colisï¿½o transversal;Com Vï¿½timas Feridas;Pleno dia;Cï¿½u Claro;Dupla;"Interseï¿½ï¿½o de Vias;Rotatï¿½ria";Sim;0;0
2025-11-22;sï¿½bado;09:40:00;RJ;40;PETROPOLIS;Ausï¿½ncia de reaï¿½ï¿½o do condutor;Colisï¿½o com objeto;Com Vï¿½timas Feridas;Pleno dia;Cï¿½u Claro;Dupla;Curva;Nï¿½o;0;0
2025-11-22;sï¿½bado;12:20:00;BA;116;FEIRA DE SANTANA;Trafegar com motocicleta (ou similar) entre as faixas;Colisï¿½o lateral mesmo sentido;Com Vï¿½timas Feridas;Pleno dia;Cï¿½u Claro;Dupla;Interseï¿½ï¿½o de Vias;Sim;0;0
2025-11-22;sï¿½bado;12:05:00;PR;116;CURITIBA;Reaï¿½ï¿½o tardia ou ineficiente do condutor;Saï¿½da de leito carroï¿½ï¿½vel;Com Vï¿½timas Feridas;Pleno dia;Sol;Mï¿½ltipla;Reta;Sim;0;0
2025-11-22;sï¿½bado;13:05:00;SC;101;TUBARAO;Acumulo de ï¿½gua sobre o pavimento;Colisï¿½o com objeto;Com Vï¿½timas Feridas;Pleno dia;Garoa/Chuvisco;Mï¿½ltipla;Reta;Sim;0;0
2025-11-22;sï¿½bado;12:50:00;BA;324;SIMOES FILHO;Ausï¿½ncia de reaï¿½ï¿½o do condutor;Tombamento;Com Vï¿½timas Feridas;Pleno dia;Chuva;Dupla;Reta;Sim;0;0
2025-11-22;sï¿½bado;09:30:00;SC;101;SOMBRIO;Mal sï¿½bito do condutor;Colisï¿½o com objeto;Com Vï¿½timas Feridas;Pleno dia;Nublado;Dupla;"Reta;Aclive";Sim;0;0
2025-11-22;sï¿½bado;13:15:00;RN;406;CEARA-MIRIM;Condutor deixou de manter distï¿½ncia do veï¿½culo da frente;Colisï¿½o traseira;Com Vï¿½timas Feridas;Pleno dia;Cï¿½u Claro;Simples;Reta;Sim;0;0
2025-11-22;sï¿½bado;07:20:00;SC;470;ILHOTA;Condutor Dormindo;Saï¿½da de leito carroï¿½ï¿½vel;Com Vï¿½timas Feridas;Pleno dia;Sol;Dupla;Reta;Nï¿½o;0;0
2025-11-22;sï¿½bado;13:40:00;RS;290;PORTO ALEGRE;Ausï¿½ncia de reaï¿½ï¿½o do condutor;Colisï¿½o com objeto;Com Vï¿½timas Feridas;Pleno dia;Cï¿½u Claro;Mï¿½ltipla;Reta;Sim;0;0
2025-11-22;sï¿½bado;11:32:00;MT;364;JACIARA;Chuva;Saï¿½da de leito carroï¿½ï¿½vel;Com Vï¿½timas Feridas;Pleno dia;Chuva;Dupla;"Declive;Curva";Nï¿½o;0;0
2025-11-22;sï¿½bado;12:10:00;MT;364;JACIARA;Chuva;Colisï¿½o com objeto;Sem Vï¿½timas;Pleno dia;Chuva;Dupla;"Aclive;Curva";Nï¿½o;0;0
2025-11-22;sï¿½bado;12:20:00;MA;10;IMPERATRIZ;Desrespeitar a preferï¿½ncia no cruzamento;Colisï¿½o transversal;Com Vï¿½timas Feridas;Pleno dia;Cï¿½u Claro;Mï¿½ltipla;Interseï¿½ï¿½o de Vias;Sim;0;0
2025-11-22;sï¿½bado;13:40:00;RS;290;PORTO ALEGRE;Ausï¿½ncia de reaï¿½ï¿½o do condutor;Saï¿½da de leito carroï¿½ï¿½vel;Com Vï¿½timas Feridas;Pleno dia;Cï¿½u Claro;Dupla;Curva;Sim;0;0
2025-11-22;sï¿½bado;13:00:00;ES;262;VENDA NOVA DO IMIGRANTE;Acessar a via sem observar a presenï¿½a dos outros veï¿½culos;Colisï¿½o transversal;Com Vï¿½timas Feridas;Pleno dia;Cï¿½u Claro;Simples;Reta;Sim;0;0