data_inversa;dia_semana;horario;uf;br;municipio;causa_acidente;tipo_acidente;classificacao_acidente;fase_dia;condicao_metereologica;tipo_pista;tracado_via;uso_solo;mortos;acidente_fatal
2025-12-08;segunda-feira;11:30:00;SC;101;SAO JOSE;Acumulo de ï¿½leo sobre o pavimento;Tombamento;Com Vï¿½timas Feridas;Pleno dia;Cï¿½u Claro;Mï¿½ltipla;Interseï¿½ï¿½o de Vias;Sim;0;0
2025-12-08;segunda-feira;11:10:00;PR;116;CURITIBA;Reaï¿½ï¿½o tardia ou ineficiente do condutor;Colisï¿½o traseira;Com Vï¿½timas Feridas;Pleno dia;Cï¿½u Claro;Dupla;"Reta;Declive";Sim;0;0
2025-12-08;segunda-feira;09:40:00;MS;158;PARANAIBA;Ausï¿½ncia de reaï¿½ï¿½o do condutor;Tombamento;Com Vï¿½timas Feridas;Pleno dia;Garoa/Chuvisco;Simples;"Reta;Em Obras;Desvio Temporï¿½rio";Nï¿½o;0;0
2025-12-08;segunda-feira;11:30:00;BA;324;FEIRA DE SANTANA;Condutor deixou de manter distï¿½ncia do veï¿½culo da frente;Colisï¿½o traseira;Com Vï¿½timas Feridas;Pleno dia;Cï¿½u Claro;Simples;Reta;Sim;0;0
2025-12-08;segunda-feira;11:40:00;DF;20;BRASILIA;Trafegar com motocicleta (ou similar) entre as faixas;Queda de ocupante de veï¿½culo;Com Vï¿½timas Feridas;Pleno dia;Chuva;Dupla;"Reta;Declive";Sim;0;0
2025-12-08;segunda-feira;11:35:00;SC;101;SOMBRIO;Desrespeitar a preferï¿½ncia no cruzamento;Colisï¿½o transversal;Com Vï¿½timas Feridas;Pleno dia;Cï¿½u Claro;Simples;Interseï¿½ï¿½o de Vias;Nï¿½o;0;0
2025-12-08;segunda-feira;12:30:00;RJ;495;TERESOPOLIS;Conversï¿½o proibida;Colisï¿½o lateral mesmo sentido;Com Vï¿½timas Feridas;Pleno dia;Cï¿½u Claro;Simples;Reta;Sim;0;0
2025-12-08;segunda-feira;11:40:00;RJ;465;NOVA IGUACU;Manobra de mudanï¿½a de faixa;Colisï¿½o lateral mesmo sentido;Com Vï¿½timas Feridas;Pleno dia;Cï¿½u Claro;Simples;Reta;Sim;0;0
2025-12-08;segunda-feira;11:30:00;GO;60;ALEXANIA;Acessar a via sem observar a presenï¿½a dos outros veï¿½culos;Colisï¿½o transversal;Com Vï¿½timas Feridas;Pleno dia;Chuva;Dupla;Reta;Sim;0;0
2025-12-08;segunda-feira;14:50:00;SP;116;GUARULHOS;Ausï¿½ncia de reaï¿½ï¿½o do condutor;Tombamento;Com Vï¿½timas Feridas;Pleno dia;Chuva;Mï¿½ltipla;"Reta;Aclive";Sim;0;0
2025-12-08;segunda-feira;13:02:00;MG;40;FELIXLANDIA;Reaï¿½ï¿½o tardia ou ineficiente do condutor;Saï¿½da de leito carroï¿½ï¿½vel;Com Vï¿½timas Feridas;Pleno dia;Nublado;Simples;Reta;Nï¿½o;0;0
2025-12-08;segunda-feira;07:10:00;BA;116;VITORIA DA CONQUISTA;Condutor deixou de manter distï¿½ncia do veï¿½culo da frente;Colisï¿½o traseira;Com Vï¿½timas Feridas;Pleno dia;Cï¿½u Claro;Simples;Reta;Nï¿½o;0;0
2025-12-08;segunda-feira;13:00:00;PE;104;TAQUARITINGA DO NORTE;Conversï¿½o proibida;Colisï¿½o lateral mesmo sentido;Com Vï¿½timas Feridas;Pleno dia;Cï¿½u Claro;Dupla;Reta;Nï¿½o;0;0
2025-12-08;segunda-feira;14:10:00;MG;381;PERDOES;Velocidade Incompatï¿½vel;Saï¿½da de leito carroï¿½ï¿½vel;Com Vï¿½timas Feridas;Pleno dia;Chuva;Dupla;"Curva;Declive";Nï¿½o;0;0
2025-12-08;segunda-feira;11:10:00;BA;324;NOVA FATIMA;Reaï¿½ï¿½o tardia ou ineficiente do condutor;Capotamento;Com Vï¿½timas Feridas;Pleno dia;Sol;Simples;Reta;Nï¿½o;0;0
2025-12-08;segunda-feira;13:35:00;ES;101;SAO MATEUS;Reaï¿½ï¿½o tardia ou ineficiente do condutor;Colisï¿½o com objeto;Com Vï¿½timas Feridas;Pleno dia;Cï¿½u Claro;Simples;Reta;Nï¿½o;0;0
2025-12-08;segunda-feira;13:30:00;MG;153;FRUTAL;Chuva;Saï¿½da de leito carroï¿½ï¿½vel;Com Vï¿½timas Feridas;Pleno dia;Chuva;Simples;Reta;Nï¿½o;0;0
2025-12-08;segunda-feira;13:00:00;RN;226;CURRAIS NOVOS;Ausï¿½ncia de reaï¿½ï¿½o do condutor;Colisï¿½o traseira;Sem Vï¿½timas;Pleno dia;Cï¿½u Claro;Simples;Reta;Nï¿½o;0;0
2025-12-08;segunda-feira;13:15:00;PE;232;MORENO;Condutor usando celular;Colisï¿½o traseira;Com Vï¿½timas Feridas;Pleno dia;Cï¿½u Claro;Dupla;Curva;Nï¿½o;0;0
2025-12-08;segunda-feira;11:45:00;MG;381;ITAGUARA;Chuva;Saï¿½da de leito carroï¿½ï¿½vel;Com Vï¿½timas Feridas;Pleno dia;Chuva;Dupla;"Declive;Reta";Nï¿½o;0;0
2025-12-08;segunda-feira;13:45:00;PB;101;JOAO PESSOA;Acessar a via sem observar a presenï¿½a dos outros veï¿½culos;Colisï¿½o lateral mesmo sentido;Com Vï¿½timas Feridas;Pleno dia;Cï¿½u Claro;Dupla;Reta;Nï¿½o;0;0
2025-12-08;segunda-feira;14:20:00;SC;101;TUBARAO;Ausï¿½ncia de reaï¿½ï¿½o do condutor;Colisï¿½o traseira;Com Vï¿½timas Feridas;Pleno dia;Cï¿½u Claro;Mï¿½ltipla;Viaduto;Sim;0;0
2025-12-08;segunda-feira;10:00:00;BA;101;EUNAPOLIS;Velocidade Incompatï¿½vel;Colisï¿½o traseira;Com Vï¿½timas Feridas;Pleno dia;Cï¿½u Claro;Simples;"Declive;Reta";Nï¿½o;0;0
2025-12-08;segunda-feira;11:58:00;RO;174;VILHENA;Mal sï¿½bito do condutor;Saï¿½da de leito carroï¿½ï¿½vel;Sem Vï¿½timas;Pleno dia;Chuva;Simples;Reta;Nï¿½o;0;0
2025-12-08;segunda-feira;15:20:00;SP;381;BRAGANCA PAULISTA;Ausï¿½ncia de reaï¿½ï¿½o do condutor;Colisï¿½o traseira;Com Vï¿½timas Feridas;Pleno dia;Chuva;Dupla;"Aclive;Reta";Sim;0;0
2025-12-08;segunda-feira;15:15:00;GO;60;ABADIA DE GOIAS;Acumulo de ï¿½gua sobre o pavimento;Saï¿½da de leito carroï¿½ï¿½vel;Com Vï¿½timas Feridas;Pleno dia;Chuva;Dupla;Reta;Nï¿½o;0;0
2025-12-08;segunda-feira;14:55:00;PE;101;ABREU E LIMA;Ausï¿½ncia de reaï¿½ï¿½o do condutor;Colisï¿½o traseira;Com Vï¿½timas Feridas;Pleno dia;Cï¿½u Claro;Mï¿½ltipla;Reta;Sim;0;0
2025-12-08;segunda-feira;14:30:00;MT;163;MATUPA;Conversï¿½o proibida;Colisï¿½o lateral mesmo sentido;Com Vï¿½timas Feridas;Pleno dia;Nublado;Simples;Reta;Nï¿½o;0;0
2025-12-08;segunda-feira;16:22:00;SP;381;SAO PAULO;Velocidade Incompatï¿½vel;Saï¿½da de leito carroï¿½ï¿½vel;Com Vï¿½timas Feridas;Pleno dia;Chuva;Mï¿½ltipla;"Curva;Declive";Nï¿½o;0;0
2025-12-08;segunda-feira;07:30:00;RS;0;MACAMBARA;Velocidade Incompatï¿½vel;Colisï¿½o lateral sentido oposto;Sem Vï¿½timas;Pleno dia;Cï¿½u Claro;Simples;Reta;Nï¿½o;0;0
2025-12-08;segunda-feira;15:40:00;MG;116;MURIAE;Acessar a via sem observar a presenï¿½a dos outros veï¿½culos;Colisï¿½o transversal;Com Vï¿½timas Feridas;Pleno dia;Nublado;Simples;Interseï¿½ï¿½o de Vias;Sim;0;0
2025-12-08;segunda-feira;11:20:00;SP;116;GUARATINGUETA;Ausï¿½ncia de reaï¿½ï¿½o do condutor;Colisï¿½o com objeto;Com Vï¿½timas Feridas;Pleno dia;Nublado;Dupla;Reta;Nï¿½o;0;0
2025-12-08;segunda-feira;16:00:00;SC;116;PONTE ALTA;Ultrapassagem Indevida;Colisï¿½o com objeto;Com Vï¿½timas Feridas;Pleno dia;Cï¿½u Claro;Simples;"Reta;Aclive";Nï¿½o;0;0
2025-12-08;segunda-feira;16:10:00;RS;116;VACARIA;Demais falhas mecï¿½nicas ou elï¿½tricas;Eventos atï¿½picos;Com Vï¿½timas Feridas;Pleno dia;Cï¿½u Claro;Simples;Reta;Nï¿½o;0;0
2025-12-08;segunda-feira;16:00:00;SP;116;SAO JOSE DOS CAMPOS;Ausï¿½ncia de reaï¿½ï¿½o do condutor;Colisï¿½o traseira;Com Vï¿½timas Feridas;Pleno dia;Cï¿½u Claro;Dupla;Reta;Sim;0;0
2025-12-08;segunda-feira;16:20:00;SC;280;ARAQUARI;Conversï¿½o proibida;Colisï¿½o traseira;Com Vï¿½timas Feridas;Pleno dia;Cï¿½u Claro;Dupla;Reta;Sim;0;0
2025-09-07;domingo;10:00:00;BA;116;CANDIDO SALES;Ausï¿½ncia de reaï¿½ï¿½o do condutor;Engavetamento;Com Vï¿½timas Feridas;Pleno dia;Sol;Simples;Reta;Nï¿½o;0;0
2025-12-08;segunda-feira;15:00:00;SP;116;LORENA;Reaï¿½ï¿½o tardia ou ineficiente do condutor;Tombamento;Com Vï¿½timas Feridas;Pleno dia;Cï¿½u Claro;Dupla;Reta;Nï¿½o;0;0
2025-12-08;segunda-feira;16:32:00;SC;280;RIO NEGRINHO;Reaï¿½ï¿½o tardia ou ineficiente do condutor;Atropelamento de Pedestre;Com Vï¿½timas Feridas;Pleno dia;Cï¿½u Claro;Simples;Reta;Nï¿½o;0;0
2025-12-08;segunda-feira;15:15:00;MG;381;BETIM;Pista Escorregadia;Tombamento;Com Vï¿½timas Feridas;Pleno dia;Nublado;Simples;"Declive;Curva";Sim;0;0
2025-12-08;segunda-feira;16:55:00;RJ;101;ITABORAI;Mal sï¿½bito do condutor;Capotamento;Com Vï¿½timas Feridas;Pleno dia;Cï¿½u Claro;Dupla;"Curva;Aclive";Sim;0;0
2025-12-08;segunda-feira;17:10:00;RN;101;PARNAMIRIM;Acessar a via sem observar a presenï¿½a dos outros veï¿½culos;Colisï¿½o transversal;Com Vï¿½timas Feridas;Anoitecer;Cï¿½u Claro;Mï¿½ltipla;"Retorno Regulamentado;Reta;Viaduto";Sim;0;0
2025-12-08;segunda-feira;17:00:00;PE;423;GARANHUNS;Acessar a via sem observar a presenï¿½a dos outros veï¿½culos;Colisï¿½o transversal;Com Vï¿½timas Feridas;Pleno dia;Cï¿½u Claro;Simples;Reta;Nï¿½o;0;0
2025-12-08;segunda-feira;15:45:00;RJ;40;DUQUE DE CAXIAS;Reaï¿½ï¿½o tardia ou ineficiente do condutor;Queda de ocupante de veï¿½culo;Com Vï¿½timas Feridas;Pleno dia;Cï¿½u Claro;Dupla;Reta;Nï¿½o;0;0
2025-12-08;segunda-feira;16:17:00;PE;116;SALGUEIRO;Acesso irregular;Colisï¿½o transversal;Com Vï¿½timas Feridas;Pleno dia;Cï¿½u Claro;Simples;"Interseï¿½ï¿½o de Vias;Reta";Sim;0;0
2025-12-08;segunda-feira;17:20:00;GO;40;CRISTALINA;Acessar a via sem observar a presenï¿½a dos outros veï¿½culos;Colisï¿½o transversal;Com Vï¿½timas Feridas;Pleno dia;Cï¿½u Claro;Simples;Aclive;Sim;0;0
2025-12-08;segunda-feira;17:00:00;MT;163;SINOP;Conversï¿½o proibida;Colisï¿½o lateral mesmo sentido;Com Vï¿½timas Feridas;Anoitecer;Nublado;Dupla;Reta;Nï¿½o;0;0
2025-12-08;segunda-feira;16:20:00;GO;60;GUAPO;Condutor Dormindo;Saï¿½da de leito carroï¿½ï¿½vel;Com Vï¿½timas Feridas;Pleno dia;Chuva;Dupla;Reta;Nï¿½o;0;0
2025-12-08;segunda-feira;10:45:00;MA;135;SAO LUIS;Acessar a via sem observar a presenï¿½a dos outros veï¿½culos;Colisï¿½o transversal;Com Vï¿½timas Feridas;Pleno dia;Cï¿½u Claro;Dupla;"Reta;Retorno Regulamentado";Sim;0;0
2025-12-08;segunda-feira;14:30:00;MG;116;SANTANA DO PARAISO;Ausï¿½ncia de reaï¿½ï¿½o do condutor;Colisï¿½o transversal;Com Vï¿½timas Feridas;Pleno dia;Cï¿½u Claro;Simples;"Reta;Aclive";Nï¿½o;0;0
2025-12-08;segunda-feira;16:40:00;PI;316;CAMPO GRANDE DO PIAUI;Demais falhas mecï¿½nicas ou elï¿½tricas;Incï¿½ndio;Sem Vï¿½timas;Pleno dia;Sol;Simples;"Aclive;Reta";Nï¿½o;0;0
2025-12-08;segunda-feira;16:30:00;RO;364;ARIQUEMES;Ultrapassagem Indevida;Colisï¿½o frontal;Com Vï¿½timas Fatais;Pleno dia;Cï¿½u Claro;Simples;Reta;Nï¿½o;1;1
2025-12-08;segunda-feira;17:15:00;BA;415;ILHEUS;Pedestre andava na pista;Atropelamento de Pedestre;Com Vï¿½timas Feridas;Anoitecer;Cï¿½u Claro;Dupla;Reta;Nï¿½o;0;0
2025-12-08;segunda-feira;18:15:00;PR;376;CURITIBA;Reaï¿½ï¿½o tardia ou ineficiente do condutor;Tombamento;Com Vï¿½timas Feridas;Anoitecer;Chuva;Dupla;Reta;Sim;0;0
2025-12-08;segunda-feira;18:30:00;RN;101;PARNAMIRIM;Condutor deixou de manter distï¿½ncia do veï¿½culo da frente;Colisï¿½o lateral mesmo sentido;Com Vï¿½timas Feridas;Plena Noite;Cï¿½u Claro;Dupla;Reta;Nï¿½o;0;0
2025-12-08;segunda-feira;18:00:00;SC;470;GASPAR;Demais falhas mecï¿½nicas ou elï¿½tricas;Tombamento;Com Vï¿½timas Feridas;Pleno dia;Cï¿½u Claro;Dupla;Reta;Nï¿½o;0;0
2025-12-08;segunda-feira;18:20:00;PR;369;CORNELIO PROCOPIO;Ausï¿½ncia de reaï¿½ï¿½o do condutor;Saï¿½da de leito carroï¿½ï¿½vel;Com Vï¿½timas Feridas;Pleno dia;Cï¿½u Claro;Dupla;Curva;Sim;0;0
2025-12-08;segunda-feira;18:05:00;RN;110;MOSSORO;Condutor deixou de manter distï¿½ncia do veï¿½culo da frente;Colisï¿½o traseira;Com Vï¿½timas Feridas;Plena Noite;Cï¿½u Claro;Simples;Reta;Sim;0;0
2025-12-08;segunda-feira;18:00:00;TO;153;COLINAS DO TOCANTINS;Acumulo de ï¿½gua sobre o pavimento;Colisï¿½o frontal;Com Vï¿½timas Feridas;Anoitecer;Chuva;Simples;Reta;Nï¿½o;0;0
2025-12-08;segunda-feira;15:50:00;RN;226;TANGARA;Desrespeitar a preferï¿½ncia no cruzamento;Colisï¿½o transversal;Com Vï¿½timas Fatais;Pleno dia;Cï¿½u Claro;Simples;Reta;Sim;1;1
2025-12-08;segunda-feira;18:50:00;ES;262;VENDA NOVA DO IMIGRANTE;Acessar a via sem observar a presenï¿½a dos outros veï¿½culos;Colisï¿½o lateral mesmo sentido;Sem Vï¿½timas;Plena Noite;Cï¿½u Claro;Simples;Reta;Sim;0;0
2025-12-08;segunda-feira;18:20:00;PR;163;CAPITAO LEONIDAS MARQUES;Chuva;Saï¿½da de leito carroï¿½ï¿½vel;Com Vï¿½timas Feridas;Anoitecer;Chuva;Dupla;Curva;Nï¿½o;0;0
2025-12-08;segunda-feira;16:00:00;RJ;493;MAGE;Retorno proibido;Colisï¿½o transversal;Sem Vï¿½timas;Pleno dia;Cï¿½u Claro;Simples;Reta;Nï¿½o;0;0
2025-12-08;segunda-feira;16:26:00;RO;364;CACOAL;Manobra de mudanï¿½a de faixa;Colisï¿½o lateral mesmo sentido;Com Vï¿½timas Feridas;Pleno dia;Cï¿½u Claro;Simples;Reta;Sim;0;0
2025-12-08;segunda-feira;20:00:00;SC;101;PORTO BELO;Desrespeitar a preferï¿½ncia no cruzamento;Colisï¿½o transversal;Com Vï¿½timas Feridas;Plena Noite;Nublado;Simples;"Interseï¿½ï¿½o de Vias;Reta";Nï¿½o;0;0
2025-12-08;segunda-feira;18:00:00;MG;50;UBERABA;Demais falhas mecï¿½nicas ou elï¿½tricas;Incï¿½ndio;Sem Vï¿½timas;Amanhecer;Chuva;Dupla;"Aclive;Reta";Nï¿½o;0;0
2025-12-08;segunda-feira;19:00:00;PE;428;PETROLINA;Transitar na contramï¿½o;Colisï¿½o frontal;Com Vï¿½timas Feridas;Plena Noite;Cï¿½u Claro;Dupla;Reta;Nï¿½o;0;0
2025-12-08;segunda-feira;18:14:00;PI;316;TERESINA;Ingestï¿½o de ï¿½lcool pelo condutor;Colisï¿½o traseira;Com Vï¿½timas Feridas;Plena Noite;Cï¿½u Claro;Dupla;Reta;Sim;0;0
2025-12-08;segunda-feira;19:00:00;PR;116;CURITIBA;Trafegar com motocicleta (ou similar) entre as faixas;Colisï¿½o lateral mesmo sentido;Com Vï¿½timas Feridas;Plena Noite;Chuva;Dupla;Reta;Sim;0;0
2025-12-08;segunda-feira;19:00:00;RS;101;TORRES;Suicï¿½dio (presumido);Colisï¿½o com objeto;Com Vï¿½timas Feridas;Anoitecer;Nublado;Dupla;Reta;Sim;0;0
2025-12-08;segunda-feira;19:25:00;SP;116;CACAPAVA;Avarias e/ou desgaste excessivo no pneu;Tombamento;Com Vï¿½timas Feridas;Plena Noite;Cï¿½u Claro;Dupla;Reta;Nï¿½o;0;0
2025-12-08;segunda-feira;15:40:00;MA;135;SAO LUIS;Acessar a via sem observar a presenï¿½a dos outros veï¿½culos;Colisï¿½o transversal;Com Vï¿½timas Feridas;Pleno dia;Cï¿½u Claro;Dupla;Reta;Sim;0;0
2025-12-08;segunda-feira;14:20:00;SC;282;PONTE SERRADA;Acumulo de ï¿½gua sobre o pavimento;Capotamento;Com Vï¿½timas Feridas;Pleno dia;Chuva;Simples;Reta;Nï¿½o;0;0
2025-12-08;segunda-feira;12:45:00;RJ;101;RIO DE JANEIRO;Avarias e/ou desgaste excessivo no pneu;Tombamento;Com Vï¿½timas Feridas;Pleno dia;Cï¿½u Claro;Dupla;Ponte;Nï¿½o;0;0
2025-12-08;segunda-feira;20:30:00;PE;101;RECIFE;Acessar a via sem observar a presenï¿½a dos outros veï¿½culos;Colisï¿½o transversal;Com Vï¿½timas Feridas;Plena Noite;Cï¿½u Claro;Dupla;Retorno Regulamentado;Sim;0;0
2025-12-08;segunda-feira;20:00:00;PR;277;SAO JOSE DOS PINHAIS;Ausï¿½ncia de reaï¿½ï¿½o do condutor;Capotamento;Sem Vï¿½timas;Plena Noite;Nevoeiro/Neblina;Dupla;Reta;Sim;0;0
2025-12-08;segunda-feira;20:40:00;SC;101;PALHOCA;Ingestï¿½o de ï¿½lcool pelo condutor;Colisï¿½o lateral mesmo sentido;Com Vï¿½timas Feridas;Plena Noite;Cï¿½u Claro;Dupla;"Curva;Aclive";Nï¿½o;0;0
2025-12-08;segunda-feira;20:50:00;SC;101;TUBARAO;Desrespeitar a preferï¿½ncia no cruzamento;Colisï¿½o transversal;Com Vï¿½timas Feridas;Plena Noite;Cï¿½u Claro;Mï¿½ltipla;"Reta;Interseï¿½ï¿½o de Vias";Sim;0;0
2025-12-08;segunda-feira;17:45:00;GO;80;VILA PROPICIO;Ingestï¿½o de ï¿½lcool pelo condutor;Queda de ocupante de veï¿½culo;Com Vï¿½timas Feridas;Anoitecer;Chuva;Simples;"Interseï¿½ï¿½o de Vias;Reta";Nï¿½o;0;0
2025-12-08;segunda-feira;21:00:00;BA;324;SIMOES FILHO;Demais falhas mecï¿½nicas ou elï¿½tricas;Tombamento;Com Vï¿½timas Feridas;Plena Noite;Cï¿½u Claro;Dupla;Reta;Nï¿½o;0;0
2025-12-08;segunda-feira;20:35:00;MG;40;ITABIRITO;Retorno proibido;Colisï¿½o transversal;Com Vï¿½timas Feridas;Plena Noite;Nublado;Simples;Curva;Nï¿½o;0;0
2025-12-08;segunda-feira;16:28:00;RO;364;JI-PARANA;Reaï¿½ï¿½o tardia ou ineficiente do condutor;Colisï¿½o traseira;Sem Vï¿½timas;Pleno dia;Sol;Simples;Reta;Nï¿½o;0;0
2025-12-08;segunda-feira;21:25:00;RS;386;FREDERICO WESTPHALEN;Transitar na contramï¿½o;Colisï¿½o lateral sentido oposto;Sem Vï¿½timas;Plena Noite;Chuva;Simples;Reta;Sim;0;0
2025-12-08;segunda-feira;20:00:00;RJ;356;SAO JOAO DA BARRA;Ingestï¿½o de ï¿½lcool pelo condutor;Colisï¿½o transversal;Com Vï¿½timas Feridas;Plena Noite;Cï¿½u Claro;Simples;Reta;Sim;0;0
2025-12-08;segunda-feira;17:51:00;RO;364;PIMENTA BUENO;Manobra de mudanï¿½a de faixa;Colisï¿½o lateral mesmo sentido;Com Vï¿½timas Feridas;Pleno dia;Nublado;Simples;Reta;Sim;0;0
2025-12-08;segunda-feira;19:20:00;PR;116;ANTONINA;Velocidade Incompatï¿½vel;Saï¿½da de leito carroï¿½ï¿½vel;Com Vï¿½timas Feridas;Anoitecer;Chuva;Dupla;Curva;Nï¿½o;0;0
2025-12-08;segunda-feira;21:35:00;PB;230;SANTA RITA;Ausï¿½ncia de reaï¿½ï¿½o do condutor;Colisï¿½o lateral mesmo sentido;Com Vï¿½timas Feridas;Plena Noite;Cï¿½u Claro;Dupla;Reta;Sim;0;0
2025-12-08;segunda-feira;21:30:00;MA;135;SAO LUIS;Acessar a via sem observar a presenï¿½a dos outros veï¿½culos;Colisï¿½o transversal;Com Vï¿½timas Feridas;Plena Noite;Cï¿½u Claro;Mï¿½ltipla;Reta;Sim;0;0
2025-12-08;segunda-feira;22:10:00;SC;101;SAO JOSE;Demais falhas mecï¿½nicas ou elï¿½tricas;Tombamento;Com Vï¿½timas Feridas;Plena Noite;Cï¿½u Claro;Dupla;Reta;Sim;0;0
2025-12-08;segunda-feira;18:30:00;BA;101;ITAPEBI;Animais na Pista;Colisï¿½o lateral mesmo sentido;Com Vï¿½timas Feridas;Plena Noite;Cï¿½u Claro;Simples;"Aclive;Curva";Nï¿½o;0;0
2025-12-08;segunda-feira;22:30:00;SC;470;BLUMENAU;Transitar na contramï¿½o;Colisï¿½o frontal;Com Vï¿½timas Feridas;Plena Noite;Garoa/Chuvisco;Simples;"Reta;Em Obras";Sim;0;0
2025-12-08;segunda-feira;23:00:00;RJ;101;RIO DE JANEIRO;Frear bruscamente;Colisï¿½o traseira;Com Vï¿½timas Feridas;Plena Noite;Cï¿½u Claro;Dupla;Reta;Nï¿½o;0;0
2025-12-08;segunda-feira;23:20:00;SC;280;ARAQUARI;Acessar a via sem observar a presenï¿½a dos outros veï¿½culos;Colisï¿½o transversal;Com Vï¿½timas Feridas;Plena Noite;Nublado;Simples;"Curva;Interseï¿½ï¿½o de Vias";Sim;0;0
2025-12-08;segunda-feira;22:50:00;RJ;101;ITAGUAI;Mal sï¿½bito do condutor;Saï¿½da de leito carroï¿½ï¿½vel;Com Vï¿½timas Feridas;Plena Noite;Cï¿½u Claro;Dupla;Viaduto;Nï¿½o;0;0
2025-12-08;segunda-feira;23:40:00;SP;101;UBATUBA;Reaï¿½ï¿½o tardia ou ineficiente do condutor;Tombamento;Com Vï¿½timas Feridas;Plena Noite;Nublado;Simples;Declive;Nï¿½o;0;0
2025-12-08;segunda-feira;19:15:00;MG;116;CARATINGA;Ingestï¿½o de ï¿½lcool pelo condutor;Colisï¿½o transversal;Com Vï¿½timas Feridas;Plena Noite;Nublado;Simples;Reta;Sim;0;0
2025-12-08;segunda-feira;19:39:00;RN;304;MOSSORO;Ausï¿½ncia de reaï¿½ï¿½o do condutor;Saï¿½da de leito carroï¿½ï¿½vel;Com Vï¿½timas Feridas;Plena Noite;Cï¿½u Claro;Simples;"Interseï¿½ï¿½o de Vias;Rotatï¿½ria;Curva";Nï¿½o;0;0
2025-12-09;terï¿½a-feira;00:30:00;RS;116;CANOAS;Ausï¿½ncia de reaï¿½ï¿½o do condutor;Colisï¿½o traseira;Sem Vï¿½timas;Plena Noite;Chuva;Dupla;"Reta;Em Obras";Sim;0;0
2025-12-09;terï¿½a-feira;00:45:00;RJ;465;SEROPEDICA;Ausï¿½ncia de reaï¿½ï¿½o do condutor;Colisï¿½o traseira;Sem Vï¿½timas;Plena Noite;Cï¿½u Claro;Simples;Reta;Nï¿½o;0;0
2025-11-24;segunda-feira;11:49:00;MA;10;IMPERATRIZ;Acessar a via sem observar a presenï¿½a dos outros veï¿½culos;Colisï¿½o transversal;Com Vï¿½timas Feridas;Pleno dia;Nublado;Simples;Reta;Sim;0;0
2025-12-09;terï¿½a-feira;00:35:00;MG;381;CAMPANHA;Velocidade Incompatï¿½vel;Saï¿½da de leito carroï¿½ï¿½vel;Com Vï¿½timas Feridas;Plena Noite;Cï¿½u Claro;Dupla;"Declive;Curva";Nï¿½o;0;0
2025-12-09;terï¿½a-feira;00:20:00;MG;50;ARAGUARI;Chuva;Capotamento;Com Vï¿½timas Feridas;Plena Noite;Chuva;Dupla;Curva;Nï¿½o;0;0
2025-12-09;terï¿½a-feira;02:30:00;PE;101;GOIANA;Demais falhas mecï¿½nicas ou elï¿½tricas;Incï¿½ndio;Sem Vï¿½timas;Plena Noite;Cï¿½u Claro;Dupla;"Declive;Reta";Nï¿½o;0;0
2025-12-09;terï¿½a-feira;02:00:00;PR;376;ORTIGUEIRA;Demais falhas mecï¿½nicas ou elï¿½tricas;Incï¿½ndio;Sem Vï¿½timas;Plena Noite;Chuva;Simples;Curva;Nï¿½o;0;0
2025-12-08;segunda-feira;22:48:00;MT;70;VARZEA GRANDE;Acessar a via sem observar a presenï¿½a dos outros veï¿½culos;Colisï¿½o transversal;Com Vï¿½timas Feridas;Plena Noite;Garoa/Chuvisco;Simples;Declive;Nï¿½o;0;0
2025-12-09;terï¿½a-feira;03:20:00;TO;10;PORTO NACIONAL;Ausï¿½ncia de reaï¿½ï¿½o do condutor;Saï¿½da de leito carroï¿½ï¿½vel;Sem Vï¿½timas;Plena Noite;Chuva;Simples;Reta;Nï¿½o;0;0
2025-12-09;terï¿½a-feira;03:00:00;BA;242;MUQUEM DE SAO FRANCISCO;Acostamento em desnï¿½vel;Saï¿½da de leito carroï¿½ï¿½vel;Com Vï¿½timas Feridas;Amanhecer;Cï¿½u Claro;Simples;Reta;Nï¿½o;0;0
2025-12-04;quinta-feira;20:12:00;MT;163;NOVA MUTUM;Avarias e/ou desgaste excessivo no pneu;Saï¿½da de leito carroï¿½ï¿½vel;Sem Vï¿½timas;Plena Noite;Chuva;Simples;Reta;Nï¿½o;0;0
2025-12-09;terï¿½a-feira;06:00:00;SC;101;JOINVILLE;Chuva;Queda de ocupante de veï¿½culo;Com Vï¿½timas Feridas;Pleno dia;Chuva;Mï¿½ltipla;Reta;Sim;0;0
2025-12-09;terï¿½a-feira;06:15:00;SP;116;ITAPECERICA DA SERRA;Trafegar com motocicleta (ou similar) entre as faixas;Tombamento;Com Vï¿½timas Feridas;Amanhecer;Nublado;Simples;Aclive;Nï¿½o;0;0
2025-12-09;terï¿½a-feira;05:50:00;MG;40;PARACATU;Acessar a via sem observar a presenï¿½a dos outros veï¿½culos;Colisï¿½o transversal;Com Vï¿½timas Feridas;Amanhecer;Garoa/Chuvisco;Simples;"Interseï¿½ï¿½o de Vias;Declive;Reta;Rotatï¿½ria";Sim;0;0