data_inversa;dia_semana;horario;uf;br;municipio;causa_acidente;tipo_acidente;classificacao_acidente;fase_dia;condicao_metereologica;tipo_pista;tracado_via;uso_solo;mortos;acidente_fatal
2025-12-17;quarta-feira;09:10:00;SC;101;BARRA VELHA;Trafegar com motocicleta (ou similar) entre as faixas;Colisï¿½o lateral mesmo sentido;Com Vï¿½timas Feridas;Pleno dia;Cï¿½u Claro;Mï¿½ltipla;Reta;Nï¿½o;0;0
2025-12-17;quarta-feira;11:25:00;GO;50;CATALAO;Acesso irregular;Colisï¿½o lateral mesmo sentido;Com Vï¿½timas Feridas;Pleno dia;Nublado;Dupla;Rotatï¿½ria;Nï¿½o;0;0
2025-12-17;quarta-feira;11:00:00;GO;60;INDIARA;Condutor Dormindo;Saï¿½da de leito carroï¿½ï¿½vel;Com Vï¿½timas Feridas;Pleno dia;Cï¿½u Claro;Dupla;Reta;Nï¿½o;0;0
2025-12-11;quinta-feira;18:00:00;PI;316;PICOS;Acessar a via sem observar a presenï¿½a dos outros veï¿½culos;Colisï¿½o lateral mesmo sentido;Com Vï¿½timas Feridas;Plena Noite;Cï¿½u Claro;Simples;Reta;Nï¿½o;0;0
2025-12-17;quarta-feira;08:15:00;RJ;101;CAMPOS DOS GOYTACAZES;Chuva;Saï¿½da de leito carroï¿½ï¿½vel;Com Vï¿½timas Feridas;Pleno dia;Chuva;Simples;Curva;Nï¿½o;0;0
2025-12-17;quarta-feira;11:00:00;RJ;116;TERESOPOLIS;Chuva;Saï¿½da de leito carroï¿½ï¿½vel;Com Vï¿½timas Feridas;Pleno dia;Chuva;Simples;Curva;Nï¿½o;0;0
2025-12-07;domingo;19:00:00;PI;407;PICOS;Transitar no Acostamento;Atropelamento de Pedestre;Com Vï¿½timas Feridas;Plena Noite;Nublado;Simples;Reta;Sim;0;0
2025-12-17;quarta-feira;10:40:00;PI;343;TERESINA;Demais falhas mecï¿½nicas ou elï¿½tricas;Saï¿½da de leito carroï¿½ï¿½vel;Com Vï¿½timas Fatais;Pleno dia;Cï¿½u Claro;Dupla;Reta;Sim;1;1
2025-12-17;quarta-feira;09:50:00;MG;116;ITAOBIM;Ultrapassagem Indevida;Colisï¿½o frontal;Com Vï¿½timas Fatais;Pleno dia;Nublado;Simples;Reta;Nï¿½o;1;1
2025-12-08;segunda-feira;08:30:00;PR;116;CURITIBA;Trafegar com motocicleta (ou similar) entre as faixas;Colisï¿½o lateral mesmo sentido;Com Vï¿½timas Feridas;Pleno dia;Cï¿½u Claro;Dupla;Reta;Sim;0;0
2025-12-17;quarta-feira;12:17:00;PI;343;AGUA BRANCA;Ultrapassagem Indevida;Colisï¿½o frontal;Com Vï¿½timas Feridas;Pleno dia;Nublado;Simples;Reta;Nï¿½o;0;0
2025-12-17;quarta-feira;12:00:00;MG;40;BARBACENA;Reaï¿½ï¿½o tardia ou ineficiente do condutor;Saï¿½da de leito carroï¿½ï¿½vel;Com Vï¿½timas Feridas;Pleno dia;Nublado;Dupla;Curva;Nï¿½o;0;0
2025-12-17;quarta-feira;12:50:00;MA;226;BARRA DO CORDA;Acessar a via sem observar a presenï¿½a dos outros veï¿½culos;Colisï¿½o transversal;Com Vï¿½timas Feridas;Pleno dia;Cï¿½u Claro;Simples;Reta;Sim;0;0
2025-12-17;quarta-feira;11:30:00;GO;40;LUZIANIA;Condutor deixou de manter distï¿½ncia do veï¿½culo da frente;Colisï¿½o traseira;Com Vï¿½timas Feridas;Pleno dia;Nublado;Dupla;Reta;Sim;0;0
2025-12-17;quarta-feira;10:35:00;MG;381;ANTONIO DIAS;Acumulo de ï¿½gua sobre o pavimento;Saï¿½da de leito carroï¿½ï¿½vel;Com Vï¿½timas Feridas;Pleno dia;Chuva;Dupla;"Curva;Declive";Nï¿½o;0;0
2025-11-22;sï¿½bado;07:30:00;PR;369;LONDRINA;Condutor desrespeitou a iluminaï¿½ï¿½o vermelha do semï¿½foro;Colisï¿½o transversal;Com Vï¿½timas Feridas;Pleno dia;Cï¿½u Claro;Dupla;"Reta;Declive";Sim;0;0
2025-12-17;quarta-feira;10:20:00;MG;381;SANTO ANTONIO DO AMPARO;Velocidade Incompatï¿½vel;Colisï¿½o com objeto;Sem Vï¿½timas;Pleno dia;Chuva;Dupla;"Declive;Curva;Viaduto";Nï¿½o;0;0
2025-12-17;quarta-feira;13:40:00;RS;116;NOVO HAMBURGO;Objeto estï¿½tico sobre o leito carroï¿½ï¿½vel;Colisï¿½o com objeto;Com Vï¿½timas Feridas;Pleno dia;Cï¿½u Claro;Mï¿½ltipla;"Reta;Em Obras";Sim;0;0
2025-12-17;quarta-feira;10:35:00;MG;116;ENGENHEIRO CALDAS;Velocidade Incompatï¿½vel;Saï¿½da de leito carroï¿½ï¿½vel;Com Vï¿½timas Feridas;Pleno dia;Nublado;Simples;Curva;Nï¿½o;0;0
2025-12-17;quarta-feira;13:45:00;PB;230;MOGEIRO;Demais falhas mecï¿½nicas ou elï¿½tricas;Incï¿½ndio;Sem Vï¿½timas;Pleno dia;Cï¿½u Claro;Dupla;"Aclive;Reta";Nï¿½o;0;0
2025-12-17;quarta-feira;14:15:00;SC;101;SAO JOSE;Mal sï¿½bito do condutor;Saï¿½da de leito carroï¿½ï¿½vel;Com Vï¿½timas Feridas;Pleno dia;Sol;Mï¿½ltipla;Reta;Sim;0;0
2025-12-17;quarta-feira;14:00:00;BA;101;SANTO ANTONIO DE JESUS;Acessar a via sem observar a presenï¿½a dos outros veï¿½culos;Colisï¿½o transversal;Com Vï¿½timas Feridas;Pleno dia;Cï¿½u Claro;Simples;"Aclive;Retorno Regulamentado";Sim;0;0
2025-12-14;domingo;03:20:00;SC;282;CORDILHEIRA ALTA;Ingestï¿½o de ï¿½lcool pelo condutor;Saï¿½da de leito carroï¿½ï¿½vel;Sem Vï¿½timas;Plena Noite;Cï¿½u Claro;Simples;Curva;Nï¿½o;0;0
2025-12-17;quarta-feira;10:00:00;SC;280;ARAQUARI;Acessar a via sem observar a presenï¿½a dos outros veï¿½culos;Colisï¿½o transversal;Com Vï¿½timas Feridas;Pleno dia;Cï¿½u Claro;Simples;"Reta;Interseï¿½ï¿½o de Vias";Sim;0;0
2025-12-17;quarta-feira;10:00:00;MT;364;JACIARA;Acessar a via sem observar a presenï¿½a dos outros veï¿½culos;Colisï¿½o transversal;Com Vï¿½timas Feridas;Pleno dia;Cï¿½u Claro;Dupla;Retorno Regulamentado;Sim;0;0
2025-12-17;quarta-feira;14:40:00;RJ;116;BARRA MANSA;Demais falhas mecï¿½nicas ou elï¿½tricas;Incï¿½ndio;Sem Vï¿½timas;Pleno dia;Chuva;Dupla;"Reta;Aclive";Nï¿½o;0;0
2025-12-17;quarta-feira;13:45:00;MA;135;SANTA RITA;Animais na Pista;Colisï¿½o com objeto;Com Vï¿½timas Feridas;Pleno dia;Cï¿½u Claro;Dupla;Reta;Sim;0;0
2025-12-17;quarta-feira;13:00:00;MS;267;BATAGUASSU;Desrespeitar a preferï¿½ncia no cruzamento;Colisï¿½o lateral mesmo sentido;Com Vï¿½timas Feridas;Pleno dia;Cï¿½u Claro;Dupla;Reta;Sim;0;0
2025-12-17;quarta-feira;13:15:00;PE;104;PANELAS;Ultrapassagem Indevida;Colisï¿½o lateral mesmo sentido;Com Vï¿½timas Feridas;Pleno dia;Cï¿½u Claro;Simples;Aclive;Nï¿½o;0;0
2025-12-17;quarta-feira;14:45:00;MG;40;RESSAQUINHA;Ausï¿½ncia de reaï¿½ï¿½o do condutor;Colisï¿½o com objeto;Com Vï¿½timas Feridas;Pleno dia;Cï¿½u Claro;Simples;Curva;Nï¿½o;0;0
2025-12-17;quarta-feira;15:15:00;RS;116;PORTO ALEGRE;Manobra de mudanï¿½a de faixa;Colisï¿½o lateral mesmo sentido;Com Vï¿½timas Feridas;Pleno dia;Sol;Mï¿½ltipla;Reta;Sim;0;0
2025-12-17;quarta-feira;16:28:00;BA;324;SALVADOR;Avarias e/ou desgaste excessivo no pneu;Tombamento;Com Vï¿½timas Feridas;Pleno dia;Cï¿½u Claro;Dupla;Reta;Sim;0;0
2025-12-17;quarta-feira;14:45:00;PR;277;VIRMOND;Ingestï¿½o de ï¿½lcool pelo condutor;Colisï¿½o frontal;Com Vï¿½timas Feridas;Pleno dia;Cï¿½u Claro;Simples;"Reta;Declive";Nï¿½o;0;0
2025-12-17;quarta-feira;16:20:00;DF;70;BRASILIA;Manobra de mudanï¿½a de faixa;Colisï¿½o lateral mesmo sentido;Com Vï¿½timas Feridas;Pleno dia;Cï¿½u Claro;Dupla;Reta;Nï¿½o;0;0
2025-12-17;quarta-feira;16:15:00;RJ;40;DUQUE DE CAXIAS;Pista Escorregadia;Saï¿½da de leito carroï¿½ï¿½vel;Com Vï¿½timas Feridas;Pleno dia;Chuva;Simples;"Curva;Declive";Nï¿½o;0;0
2025-12-17;quarta-feira;16:45:00;PB;230;CABEDELO;Ausï¿½ncia de reaï¿½ï¿½o do condutor;Tombamento;Com Vï¿½timas Feridas;Anoitecer;Cï¿½u Claro;Dupla;Reta;Sim;0;0
2025-12-17;quarta-feira;14:40:00;RO;364;JI-PARANA;Ingestï¿½o de ï¿½lcool pelo condutor;Saï¿½da de leito carroï¿½ï¿½vel;Sem Vï¿½timas;Pleno dia;Cï¿½u Claro;Simples;Reta;Nï¿½o;0;0
2025-12-17;quarta-feira;16:35:00;MG;381;BETIM;Ausï¿½ncia de reaï¿½ï¿½o do condutor;Tombamento;Com Vï¿½timas Feridas;Plena Noite;Cï¿½u Claro;Dupla;Reta;Sim;0;0
2025-12-17;quarta-feira;16:10:00;PE;232;SERRA TALHADA;Acessar a via sem observar a presenï¿½a dos outros veï¿½culos;Colisï¿½o lateral mesmo sentido;Com Vï¿½timas Feridas;Pleno dia;Cï¿½u Claro;Simples;Reta;Nï¿½o;0;0
2025-12-17;quarta-feira;17:40:00;GO;60;ANAPOLIS;Animais na Pista;Atropelamento de Animal;Com Vï¿½timas Feridas;Pleno dia;Cï¿½u Claro;Dupla;"Reta;Declive";Sim;0;0
2025-12-17;quarta-feira;17:30:00;SC;101;ITAJAI;Manobra de mudanï¿½a de faixa;Colisï¿½o lateral mesmo sentido;Com Vï¿½timas Feridas;Pleno dia;Cï¿½u Claro;Mï¿½ltipla;Reta;Sim;0;0
2025-12-17;quarta-feira;16:55:00;SC;116;CAPAO ALTO;Manobra de mudanï¿½a de faixa;Colisï¿½o traseira;Com Vï¿½timas Feridas;Pleno dia;Cï¿½u Claro;Simples;Reta;Nï¿½o;0;0
2025-12-17;quarta-feira;17:00:00;GO;60;ANAPOLIS;Manobra de mudanï¿½a de faixa;Colisï¿½o lateral mesmo sentido;Com Vï¿½timas Feridas;Pleno dia;Cï¿½u Claro;Dupla;Reta;Sim;0;0
2025-12-17;quarta-feira;17:00:00;BA;101;ITABELA;Desrespeitar a preferï¿½ncia no cruzamento;Colisï¿½o transversal;Sem Vï¿½timas;Pleno dia;Sol;Simples;Reta;Nï¿½o;0;0
2025-12-17;quarta-feira;17:15:00;SC;101;ITAPEMA;Condutor deixou de manter distï¿½ncia do veï¿½culo da frente;Colisï¿½o traseira;Com Vï¿½timas Feridas;Pleno dia;Cï¿½u Claro;Dupla;Reta;Nï¿½o;0;0
2025-12-17;quarta-feira;17:20:00;AP;156;OIAPOQUE;Problema com o freio;Colisï¿½o com objeto;Com Vï¿½timas Feridas;Pleno dia;Nublado;Simples;"Curva;Declive";Nï¿½o;0;0
2025-12-17;quarta-feira;16:30:00;RJ;40;PETROPOLIS;Pista Escorregadia;Colisï¿½o com objeto;Com Vï¿½timas Feridas;Pleno dia;Chuva;Simples;Curva;Nï¿½o;0;0
2025-12-17;quarta-feira;17:50:00;PB;230;CABEDELO;Acessar a via sem observar a presenï¿½a dos outros veï¿½culos;Colisï¿½o transversal;Sem Vï¿½timas;Anoitecer;Cï¿½u Claro;Simples;Reta;Sim;0;0
2025-12-17;quarta-feira;18:10:00;RJ;101;SAO GONCALO;Mal sï¿½bito do condutor;Queda de ocupante de veï¿½culo;Com Vï¿½timas Feridas;Anoitecer;Chuva;Dupla;Reta;Sim;0;0
2025-12-17;quarta-feira;16:20:00;MT;70;BARRA DO GARCAS;Reaï¿½ï¿½o tardia ou ineficiente do condutor;Colisï¿½o lateral mesmo sentido;Com Vï¿½timas Feridas;Pleno dia;Garoa/Chuvisco;Simples;Reta;Sim;0;0
2025-12-17;quarta-feira;18:00:00;PR;116;CURITIBA;Trafegar com motocicleta (ou similar) entre as faixas;Colisï¿½o lateral mesmo sentido;Com Vï¿½timas Feridas;Anoitecer;Nublado;Dupla;Reta;Sim;0;0
2025-12-17;quarta-feira;17:18:00;PR;476;SAO MATEUS DO SUL;Reaï¿½ï¿½o tardia ou ineficiente do condutor;Engavetamento;Com Vï¿½timas Feridas;Pleno dia;Cï¿½u Claro;Simples;Reta;Nï¿½o;0;0
2025-12-17;quarta-feira;19:15:00;SC;101;SAO JOSE;Condutor deixou de manter distï¿½ncia do veï¿½culo da frente;Colisï¿½o traseira;Com Vï¿½timas Feridas;Plena Noite;Nublado;Mï¿½ltipla;Reta;Sim;0;0
2025-12-17;quarta-feira;16:40:00;PR;476;CONTENDA;Condutor deixou de manter distï¿½ncia do veï¿½culo da frente;Queda de ocupante de veï¿½culo;Com Vï¿½timas Feridas;Pleno dia;Nublado;Simples;Reta;Nï¿½o;0;0
2025-12-17;quarta-feira;19:30:00;RJ;116;MAGE;Velocidade Incompatï¿½vel;Colisï¿½o lateral mesmo sentido;Com Vï¿½timas Feridas;Plena Noite;Chuva;Dupla;Reta;Sim;0;0
2025-12-17;quarta-feira;19:30:00;PR;369;IBIPORA;Acessar a via sem observar a presenï¿½a dos outros veï¿½culos;Atropelamento de Pedestre;Com Vï¿½timas Feridas;Plena Noite;Cï¿½u Claro;Simples;"Aclive;Reta";Sim;0;0
2025-12-17;quarta-feira;18:40:00;RN;304;MACAIBA;Manobra de mudanï¿½a de faixa;Colisï¿½o lateral mesmo sentido;Com Vï¿½timas Feridas;Plena Noite;Cï¿½u Claro;Dupla;Reta;Nï¿½o;0;0
2025-12-17;quarta-feira;18:00:00;MG;153;CENTRALINA;Pista esburacada;Saï¿½da de leito carroï¿½ï¿½vel;Sem Vï¿½timas;Plena Noite;Nublado;Dupla;Reta;Nï¿½o;0;0
2025-12-17;quarta-feira;19:30:00;MG;262;FLORESTAL;Reaï¿½ï¿½o tardia ou ineficiente do condutor;Saï¿½da de leito carroï¿½ï¿½vel;Sem Vï¿½timas;Plena Noite;Chuva;Dupla;Reta;Nï¿½o;0;0
2025-10-22;quarta-feira;07:50:00;BA;101;SANTO ANTONIO DE JESUS;Desrespeitar a preferï¿½ncia no cruzamento;Colisï¿½o transversal;Com Vï¿½timas Feridas;Pleno dia;Sol;Simples;"Interseï¿½ï¿½o de Vias;Declive;Rotatï¿½ria;Curva";Sim;0;0
2025-12-17;quarta-feira;18:10:00;SC;101;ARARANGUA;Reaï¿½ï¿½o tardia ou ineficiente do condutor;Colisï¿½o traseira;Com Vï¿½timas Feridas;Anoitecer;Nublado;Simples;"Rotatï¿½ria;Reta";Sim;0;0
2025-12-17;quarta-feira;17:40:00;PR;277;CANTAGALO;Ausï¿½ncia de reaï¿½ï¿½o do condutor;Saï¿½da de leito carroï¿½ï¿½vel;Com Vï¿½timas Feridas;Pleno dia;Cï¿½u Claro;Simples;"Reta;Declive";Sim;0;0
2025-12-17;quarta-feira;18:25:00;AL;316;PALMEIRA DOS INDIOS;Pedestre andava na pista;Atropelamento de Pedestre;Com Vï¿½timas Feridas;Plena Noite;Cï¿½u Claro;Simples;Reta;Nï¿½o;0;0
2025-12-17;quarta-feira;18:15:00;RO;364;CACOAL;Condutor deixou de manter distï¿½ncia do veï¿½culo da frente;Colisï¿½o traseira;Com Vï¿½timas Feridas;Anoitecer;Cï¿½u Claro;Simples;"Reta;Declive";Sim;0;0
2025-12-17;quarta-feira;18:00:00;MG;153;CENTRALINA;Ausï¿½ncia de reaï¿½ï¿½o do condutor;Capotamento;Sem Vï¿½timas;Anoitecer;Nublado;Dupla;Reta;Nï¿½o;0;0
2025-12-17;quarta-feira;19:35:00;PI;316;DEMERVAL LOBAO;Acessar a via sem observar a presenï¿½a dos outros veï¿½culos;Colisï¿½o lateral sentido oposto;Com Vï¿½timas Feridas;Plena Noite;Nublado;Dupla;Reta;Sim;0;0
2025-12-17;quarta-feira;20:20:00;PR;116;CURITIBA;Manobra de mudanï¿½a de faixa;Colisï¿½o lateral mesmo sentido;Com Vï¿½timas Feridas;Plena Noite;Cï¿½u Claro;Dupla;Reta;Nï¿½o;0;0
2025-12-17;quarta-feira;19:59:00;RS;386;ESTRELA;Ausï¿½ncia de reaï¿½ï¿½o do condutor;Colisï¿½o com objeto;Com Vï¿½timas Feridas;Plena Noite;Cï¿½u Claro;Dupla;Curva;Nï¿½o;0;0
2025-12-17;quarta-feira;20:45:00;PR;376;MARINGA;Condutor deixou de manter distï¿½ncia do veï¿½culo da frente;Engavetamento;Com Vï¿½timas Feridas;Plena Noite;Cï¿½u Claro;Dupla;Reta;Nï¿½o;0;0
2025-12-17;quarta-feira;21:40:00;GO;40;VALPARAISO DE GOIAS;Acessar a via sem observar a presenï¿½a dos outros veï¿½culos;Colisï¿½o traseira;Com Vï¿½timas Feridas;Plena Noite;Chuva;Dupla;Reta;Sim;0;0
2025-12-17;quarta-feira;21:19:00;PE;101;JABOATAO DOS GUARARAPES;Ingestï¿½o de ï¿½lcool pelo condutor;Tombamento;Com Vï¿½timas Feridas;Plena Noite;Cï¿½u Claro;Dupla;Reta;Sim;0;0
2025-12-17;quarta-feira;21:40:00;PR;476;ARAUCARIA;Ausï¿½ncia de reaï¿½ï¿½o do condutor;Colisï¿½o transversal;Com Vï¿½timas Feridas;Plena Noite;Cï¿½u Claro;Dupla;Reta;Sim;0;0
2025-12-06;sï¿½bado;07:18:00;TO;153;PARAISO DO TOCANTINS;Acessar a via sem observar a presenï¿½a dos outros veï¿½culos;Colisï¿½o frontal;Com Vï¿½timas Feridas;Pleno dia;Nublado;Simples;Reta;Sim;0;0
2025-12-17;quarta-feira;17:30:00;SC;282;CUNHA PORA;Reaï¿½ï¿½o tardia ou ineficiente do condutor;Colisï¿½o frontal;Com Vï¿½timas Feridas;Pleno dia;Sol;Dupla;Reta;Nï¿½o;0;0
2025-12-17;quarta-feira;21:05:00;SC;470;INDAIAL;Desrespeitar a preferï¿½ncia no cruzamento;Colisï¿½o transversal;Com Vï¿½timas Feridas;Plena Noite;Ignorado;Simples;"Interseï¿½ï¿½o de Vias;Reta;Viaduto";Sim;0;0
2025-12-17;quarta-feira;21:30:00;RJ;0;RIO DE JANEIRO;Reaï¿½ï¿½o tardia ou ineficiente do condutor;Queda de ocupante de veï¿½culo;Com Vï¿½timas Feridas;Plena Noite;Garoa/Chuvisco;Dupla;Reta;Sim;0;0
2025-12-17;quarta-feira;18:30:00;PR;476;BOCAIUVA DO SUL;Reaï¿½ï¿½o tardia ou ineficiente do condutor;Colisï¿½o lateral sentido oposto;Sem Vï¿½timas;Anoitecer;Cï¿½u Claro;Simples;Reta;Sim;0;0
2025-12-17;quarta-feira;22:30:00;ES;101;SERRA;Ausï¿½ncia de reaï¿½ï¿½o do condutor;Colisï¿½o traseira;Com Vï¿½timas Feridas;Plena Noite;Nublado;Dupla;Reta;Sim;0;0
2025-12-17;quarta-feira;22:00:00;RN;110;MOSSORO;Ingestï¿½o de ï¿½lcool pelo condutor;Colisï¿½o traseira;Com Vï¿½timas Feridas;Plena Noite;Cï¿½u Claro;Simples;Reta;Sim;0;0
2025-12-17;quarta-feira;22:00:00;PR;158;PATO BRANCO;Condutor deixou de manter distï¿½ncia do veï¿½culo da frente;Colisï¿½o traseira;Sem Vï¿½timas;Plena Noite;Cï¿½u Claro;Simples;Reta;Nï¿½o;0;0
2025-12-17;quarta-feira;22:40:00;PA;163;TRAIRAO;Ausï¿½ncia de reaï¿½ï¿½o do condutor;Tombamento;Com Vï¿½timas Feridas;Plena Noite;Cï¿½u Claro;Simples;Curva;Nï¿½o;0;0
2025-12-17;quarta-feira;23:20:00;RJ;101;CAMPOS DOS GOYTACAZES;Demais falhas na via;Tombamento;Com Vï¿½timas Feridas;Plena Noite;Chuva;Dupla;Reta;Sim;0;0
2025-12-17;quarta-feira;21:40:00;PR;163;CASCAVEL;Velocidade Incompatï¿½vel;Saï¿½da de leito carroï¿½ï¿½vel;Com Vï¿½timas Feridas;Plena Noite;Cï¿½u Claro;Dupla;Reta;Nï¿½o;0;0
2025-12-17;quarta-feira;19:15:00;RO;364;PORTO VELHO;Ingestï¿½o de ï¿½lcool pelo condutor;Colisï¿½o com objeto;Sem Vï¿½timas;Plena Noite;Cï¿½u Claro;Dupla;Reta;Nï¿½o;0;0
2025-12-17;quarta-feira;21:00:00;SC;163;GUARACIABA;Velocidade Incompatï¿½vel;Saï¿½da de leito carroï¿½ï¿½vel;Sem Vï¿½timas;Plena Noite;Cï¿½u Claro;Dupla;Curva;Sim;0;0
2025-12-18;quinta-feira;00:10:00;RN;101;PARNAMIRIM;Ausï¿½ncia de reaï¿½ï¿½o do condutor;Colisï¿½o com objeto;Com Vï¿½timas Fatais;Plena Noite;Cï¿½u Claro;Simples;Reta;Sim;1;1
2025-12-18;quinta-feira;00:55:00;RS;290;ELDORADO DO SUL;Ausï¿½ncia de reaï¿½ï¿½o do condutor;Colisï¿½o com objeto;Com Vï¿½timas Feridas;Plena Noite;Cï¿½u Claro;Simples;Reta;Nï¿½o;0;0
2025-12-18;quinta-feira;01:50:00;RN;101;SAO JOSE DE MIPIBU;Animais na Pista;Atropelamento de Animal;Com Vï¿½timas Feridas;Plena Noite;Cï¿½u Claro;Dupla;Reta;Nï¿½o;0;0
2025-12-17;quarta-feira;19:15:00;PE;110;PETROLANDIA;Ingestï¿½o de ï¿½lcool pelo condutor;Colisï¿½o frontal;Com Vï¿½timas Fatais;Plena Noite;Cï¿½u Claro;Simples;Reta;Nï¿½o;1;1
2025-12-18;quinta-feira;02:30:00;SC;101;PALHOCA;Pedestre cruzava a pista fora da faixa;Atropelamento de Pedestre;Com Vï¿½timas Feridas;Plena Noite;Nublado;Dupla;Reta;Sim;0;0
2025-12-18;quinta-feira;02:40:00;RJ;101;NITEROI;Velocidade Incompatï¿½vel;Colisï¿½o com objeto;Sem Vï¿½timas;Plena Noite;Chuva;Dupla;Reta;Nï¿½o;0;0
2025-12-18;quinta-feira;04:40:00;MG;40;ESMERALDAS;Acessar a via sem observar a presenï¿½a dos outros veï¿½culos;Saï¿½da de leito carroï¿½ï¿½vel;Com Vï¿½timas Feridas;Pleno dia;Chuva;Dupla;"Reta;Declive";Nï¿½o;0;0
2025-12-18;quinta-feira;03:15:00;MT;163;DIAMANTINO;Reaï¿½ï¿½o tardia ou ineficiente do condutor;Colisï¿½o com objeto;Com Vï¿½timas Feridas;Plena Noite;Garoa/Chuvisco;Dupla;"Desvio Temporï¿½rio;Reta";Nï¿½o;0;0
2025-12-08;segunda-feira;17:10:00;PB;104;LAGOA SECA;Condutor Dormindo;Saï¿½da de leito carroï¿½ï¿½vel;Com Vï¿½timas Feridas;Anoitecer;Cï¿½u Claro;Simples;"Aclive;Reta";Nï¿½o;0;0
2025-12-18;quinta-feira;03:35:00;RO;319;PORTO VELHO;Ingestï¿½o de ï¿½lcool pelo condutor;Colisï¿½o transversal;Com Vï¿½timas Feridas;Plena Noite;Garoa/Chuvisco;Dupla;Interseï¿½ï¿½o de Vias;Sim;0;0
2025-12-18;quinta-feira;03:40:00;MA;316;PERITORO;Animais na Pista;Atropelamento de Animal;Com Vï¿½timas Feridas;Plena Noite;Nublado;Simples;Reta;Nï¿½o;0;0
2025-12-17;quarta-feira;21:30:00;SC;163;SAO MIGUEL DO OESTE;Acesso irregular;Tombamento;Com Vï¿½timas Feridas;Plena Noite;Cï¿½u Claro;Dupla;Reta;Sim;0;0
2025-12-18;quinta-feira;05:50:00;DF;20;BRASILIA;Condutor deixou de manter distï¿½ncia do veï¿½culo da frente;Colisï¿½o traseira;Com Vï¿½timas Feridas;Amanhecer;Chuva;Dupla;Reta;Sim;0;0
2025-12-18;quinta-feira;05:55:00;PR;163;SANTA LUCIA;Ingestï¿½o de ï¿½lcool pelo condutor;Saï¿½da de leito carroï¿½ï¿½vel;Com Vï¿½timas Feridas;Pleno dia;Cï¿½u Claro;Dupla;Curva;Nï¿½o;0;0
2025-12-18;quinta-feira;06:05:00;RS;392;RIO GRANDE;Velocidade Incompatï¿½vel;Saï¿½da de leito carroï¿½ï¿½vel;Com Vï¿½timas Feridas;Amanhecer;Cï¿½u Claro;Dupla;Curva;Sim;0;0
2025-12-18;quinta-feira;05:45:00;SC;101;PENHA;Ultrapassagem Indevida;Colisï¿½o lateral mesmo sentido;Com Vï¿½timas Feridas;Pleno dia;Cï¿½u Claro;Mï¿½ltipla;Reta;Nï¿½o;0;0
2025-12-18;quinta-feira;06:00:00;PR;376;MARINGA;Ausï¿½ncia de reaï¿½ï¿½o do condutor;Colisï¿½o traseira;Com Vï¿½timas Feridas;Pleno dia;Cï¿½u Claro;Dupla;Reta;Nï¿½o;0;0
2025-12-18;quinta-feira;00:30:00;MG;50;UBERABA;Velocidade Incompatï¿½vel;Queda de ocupante de veï¿½culo;Com Vï¿½timas Feridas;Plena Noite;Chuva;Dupla;Reta;Nï¿½o;0;0
2025-12-18;quinta-feira;05:45:00;SP;116;PINDAMONHANGABA;Reaï¿½ï¿½o tardia ou ineficiente do condutor;Colisï¿½o com objeto;Com Vï¿½timas Feridas;Pleno dia;Nublado;Dupla;Reta;Nï¿½o;0;0
2025-12-18;quinta-feira;07:00:00;ES;101;IBIRACU;Acesso irregular;Colisï¿½o lateral mesmo sentido;Com Vï¿½timas Feridas;Pleno dia;Sol;Simples;Reta;Nï¿½o;0;0
2025-12-17;quarta-feira;20:10:00;MT;70;CAMPO VERDE;Condutor deixou de manter distï¿½ncia do veï¿½culo da frente;Engavetamento;Sem Vï¿½timas;Plena Noite;Cï¿½u Claro;Simples;Reta;Sim;0;0
2025-12-18;quinta-feira;07:28:00;SC;282;PALHOCA;Desrespeitar a preferï¿½ncia no cruzamento;Colisï¿½o lateral mesmo sentido;Com Vï¿½timas Feridas;Pleno dia;Cï¿½u Claro;Simples;Reta;Sim;0;0
2025-12-18;quinta-feira;07:50:00;SP;116;GUARULHOS;Manobra de mudanï¿½a de faixa;Colisï¿½o traseira;Com Vï¿½timas Feridas;Pleno dia;Nublado;Mï¿½ltipla;"Reta;Aclive";Sim;0;0
2025-12-18;quinta-feira;06:45:00;SC;101;ITAJAI;Trafegar com motocicleta (ou similar) entre as faixas;Colisï¿½o lateral mesmo sentido;Com Vï¿½timas Feridas;Pleno dia;Nublado;Mï¿½ltipla;Reta;Sim;0;0
2025-12-18;quinta-feira;08:10:00;MA;135;SAO LUIS;Pista Escorregadia;Eventos atï¿½picos;Com Vï¿½timas Feridas;Pleno dia;Garoa/Chuvisco;Dupla;"Declive;Reta";Sim;0;0
2025-09-25;quinta-feira;11:45:00;PR;487;CIANORTE;Reaï¿½ï¿½o tardia ou ineficiente do condutor;Atropelamento de Pedestre;Com Vï¿½timas Feridas;Pleno dia;Cï¿½u Claro;Simples;"Em Obras;Reta;Declive";Nï¿½o;0;0
2025-12-18;quinta-feira;04:39:00;RO;364;VILHENA;Ausï¿½ncia de reaï¿½ï¿½o do condutor;Colisï¿½o com objeto;Sem Vï¿½timas;Amanhecer;Nublado;Simples;Curva;Sim;0;0