data_inversa;dia_semana;horario;uf;br;municipio;causa_acidente;tipo_acidente;classificacao_acidente;fase_dia;condicao_metereologica;tipo_pista;tracado_via;uso_solo;mortos;acidente_fatal
2025-10-10;sexta-feira;17:54:00;PR;158;PATO BRANCO;Desrespeitar a preferï¿½ncia no cruzamento;Queda de ocupante de veï¿½culo;Com Vï¿½timas Feridas;Anoitecer;Cï¿½u Claro;Simples;"Interseï¿½ï¿½o de Vias;Reta";Sim;0;0
2025-12-18;quinta-feira;07:40:00;PE;101;RECIFE;Manobra de mudanï¿½a de faixa;Colisï¿½o lateral mesmo sentido;Sem Vï¿½timas;Pleno dia;Cï¿½u Claro;Dupla;Reta;Sim;0;0
2025-11-02;domingo;16:41:00;PA;163;NOVO PROGRESSO;Ausï¿½ncia de reaï¿½ï¿½o do condutor;Queda de ocupante de veï¿½culo;Com Vï¿½timas Feridas;Pleno dia;Ignorado;Simples;Reta;Nï¿½o;0;0
2025-12-18;quinta-feira;05:25:00;MT;364;ALTO GARCAS;Animais na Pista;Saï¿½da de leito carroï¿½ï¿½vel;Com Vï¿½timas Feridas;Amanhecer;Cï¿½u Claro;Simples;Reta;Nï¿½o;0;0
2025-12-18;quinta-feira;07:40:00;MS;463;DOURADOS;Reaï¿½ï¿½o tardia ou ineficiente do condutor;Tombamento;Com Vï¿½timas Feridas;Pleno dia;Cï¿½u Claro;Simples;"Declive;Reta";Sim;0;0
2025-12-18;quinta-feira;08:00:00;RO;364;PORTO VELHO;Conversï¿½o proibida;Colisï¿½o traseira;Sem Vï¿½timas;Pleno dia;Nublado;Dupla;"Reta;Aclive";Nï¿½o;0;0
2025-12-10;quarta-feira;14:15:00;MG;50;UBERABA;Reaï¿½ï¿½o tardia ou ineficiente do condutor;Saï¿½da de leito carroï¿½ï¿½vel;Com Vï¿½timas Feridas;Pleno dia;Nublado;Dupla;"Retorno Regulamentado;Curva";Nï¿½o;0;0
2025-12-17;quarta-feira;21:20:00;RJ;393;VOLTA REDONDA;Ingestï¿½o de ï¿½lcool pelo condutor;Colisï¿½o com objeto;Com Vï¿½timas Feridas;Plena Noite;Cï¿½u Claro;Dupla;Interseï¿½ï¿½o de Vias;Nï¿½o;0;0
2025-12-18;quinta-feira;09:35:00;RN;304;MACAIBA;Acessar a via sem observar a presenï¿½a dos outros veï¿½culos;Colisï¿½o transversal;Com Vï¿½timas Feridas;Pleno dia;Sol;Dupla;"Interseï¿½ï¿½o de Vias;Reta";Nï¿½o;0;0
2025-12-18;quinta-feira;07:20:00;PR;476;COLOMBO;Desrespeitar a preferï¿½ncia no cruzamento;Colisï¿½o transversal;Com Vï¿½timas Feridas;Pleno dia;Sol;Simples;"Reta;Interseï¿½ï¿½o de Vias";Nï¿½o;0;0
2025-12-18;quinta-feira;07:50:00;PE;101;RECIFE;Manobra de mudanï¿½a de faixa;Colisï¿½o lateral mesmo sentido;Sem Vï¿½timas;Pleno dia;Cï¿½u Claro;Dupla;Reta;Sim;0;0
2025-12-18;quinta-feira;07:15:00;GO;60;ACREUNA;Pista Escorregadia;Saï¿½da de leito carroï¿½ï¿½vel;Com Vï¿½timas Feridas;Amanhecer;Chuva;Dupla;Reta;Nï¿½o;0;0
2025-12-18;quinta-feira;09:09:00;RN;101;SAO GONCALO DO AMARANTE;Condutor deixou de manter distï¿½ncia do veï¿½culo da frente;Colisï¿½o traseira;Com Vï¿½timas Feridas;Pleno dia;Cï¿½u Claro;Simples;Reta;Nï¿½o;0;0
2025-12-18;quinta-feira;05:30:00;PA;308;BRAGANCA;Acessar a via sem observar a presenï¿½a dos outros veï¿½culos;Colisï¿½o traseira;Com Vï¿½timas Fatais;Amanhecer;Cï¿½u Claro;Simples;Reta;Sim;1;1
2025-12-18;quinta-feira;10:20:00;PB;230;JOAO PESSOA;Ausï¿½ncia de reaï¿½ï¿½o do condutor;Colisï¿½o traseira;Com Vï¿½timas Feridas;Pleno dia;Cï¿½u Claro;Dupla;Reta;Sim;0;0
2025-11-18;terï¿½a-feira;10:52:00;PA;163;NOVO PROGRESSO;Falta de elemento de contenï¿½ï¿½o que evite a saï¿½da do leito carroï¿½ï¿½vel;Saï¿½da de leito carroï¿½ï¿½vel;Com Vï¿½timas Feridas;Pleno dia;Cï¿½u Claro;Simples;Reta;Nï¿½o;0;0
2025-12-18;quinta-feira;10:00:00;SC;101;SAO JOSE;Ausï¿½ncia de reaï¿½ï¿½o do condutor;Engavetamento;Sem Vï¿½timas;Pleno dia;Sol;Dupla;Reta;Sim;0;0
2025-12-18;quinta-feira;06:00:00;MS;463;DOURADOS;Reaï¿½ï¿½o tardia ou ineficiente do condutor;Capotamento;Sem Vï¿½timas;Pleno dia;Cï¿½u Claro;Simples;Reta;Nï¿½o;0;0
2025-12-18;quinta-feira;09:29:00;RN;101;NATAL;Demais falhas na via;Colisï¿½o lateral mesmo sentido;Com Vï¿½timas Feridas;Pleno dia;Cï¿½u Claro;Dupla;Reta;Sim;0;0
2025-12-15;segunda-feira;19:10:00;MG;381;JOAO MONLEVADE;Pista Escorregadia;Capotamento;Com Vï¿½timas Feridas;Plena Noite;Chuva;Simples;Curva;Nï¿½o;0;0
2025-12-18;quinta-feira;07:15:00;RJ;101;RIO DE JANEIRO;Ausï¿½ncia de reaï¿½ï¿½o do condutor;Tombamento;Com Vï¿½timas Feridas;Pleno dia;Cï¿½u Claro;Dupla;Reta;Nï¿½o;0;0
2025-12-14;domingo;02:40:00;GO;153;PANAMA;Condutor Dormindo;Saï¿½da de leito carroï¿½ï¿½vel;Com Vï¿½timas Feridas;Plena Noite;Chuva;Dupla;Interseï¿½ï¿½o de Vias;Nï¿½o;0;0
2025-12-08;segunda-feira;17:00:00;RN;0;MACAIBA;Objeto estï¿½tico sobre o leito carroï¿½ï¿½vel;Colisï¿½o com objeto;Sem Vï¿½timas;Anoitecer;Nublado;Simples;Interseï¿½ï¿½o de Vias;Sim;0;0
2025-12-18;quinta-feira;10:15:00;RJ;465;SEROPEDICA;Pedestre cruzava a pista fora da faixa;Atropelamento de Pedestre;Com Vï¿½timas Feridas;Pleno dia;Nublado;Simples;Reta;Nï¿½o;0;0
2025-12-18;quinta-feira;11:04:00;SC;282;FLORIANOPOLIS;Acessar a via sem observar a presenï¿½a dos outros veï¿½culos;Colisï¿½o transversal;Com Vï¿½timas Feridas;Pleno dia;Cï¿½u Claro;Simples;"Aclive;Interseï¿½ï¿½o de Vias";Sim;0;0
2025-12-18;quinta-feira;10:50:00;BA;135;BARREIRAS;Velocidade Incompatï¿½vel;Tombamento;Com Vï¿½timas Feridas;Pleno dia;Cï¿½u Claro;Simples;Reta;Nï¿½o;0;0
2025-12-18;quinta-feira;09:50:00;RS;101;TORRES;Reaï¿½ï¿½o tardia ou ineficiente do condutor;Colisï¿½o traseira;Sem Vï¿½timas;Pleno dia;Cï¿½u Claro;Dupla;Interseï¿½ï¿½o de Vias;Nï¿½o;0;0
2025-12-18;quinta-feira;09:30:00;MT;158;GENERAL CARNEIRO;Reaï¿½ï¿½o tardia ou ineficiente do condutor;Capotamento;Com Vï¿½timas Feridas;Pleno dia;Nublado;Simples;Declive;Nï¿½o;0;0
2025-12-18;quinta-feira;08:10:00;BA;324;FEIRA DE SANTANA;Retorno proibido;Colisï¿½o transversal;Com Vï¿½timas Feridas;Pleno dia;Sol;Mï¿½ltipla;Reta;Sim;0;0
2025-12-18;quinta-feira;08:30:00;RJ;101;SAO GONCALO;Reaï¿½ï¿½o tardia ou ineficiente do condutor;Tombamento;Com Vï¿½timas Feridas;Pleno dia;Garoa/Chuvisco;Dupla;Reta;Sim;0;0
2025-12-18;quinta-feira;10:30:00;SP;116;BARRA DO TURVO;Reaï¿½ï¿½o tardia ou ineficiente do condutor;Queda de ocupante de veï¿½culo;Com Vï¿½timas Feridas;Pleno dia;Cï¿½u Claro;Dupla;"Aclive;Curva";Nï¿½o;0;0
2025-12-18;quinta-feira;11:10:00;SC;282;PALHOCA;Trafegar com motocicleta (ou similar) entre as faixas;Colisï¿½o traseira;Com Vï¿½timas Feridas;Pleno dia;Cï¿½u Claro;Simples;Reta;Sim;0;0
2025-12-18;quinta-feira;10:03:00;TO;153;WANDERLANDIA;Acessar a via sem observar a presenï¿½a dos outros veï¿½culos;Capotamento;Com Vï¿½timas Feridas;Pleno dia;Chuva;Simples;Reta;Nï¿½o;0;0
2025-12-18;quinta-feira;10:35:00;PR;376;MAUA DA SERRA;Reaï¿½ï¿½o tardia ou ineficiente do condutor;Colisï¿½o com objeto;Com Vï¿½timas Feridas;Pleno dia;Sol;Dupla;Reta;Nï¿½o;0;0
2025-12-18;quinta-feira;08:35:00;MS;163;CAMPO GRANDE;Acessar a via sem observar a presenï¿½a dos outros veï¿½culos;Colisï¿½o transversal;Com Vï¿½timas Feridas;Pleno dia;Cï¿½u Claro;Simples;Reta;Sim;0;0
2025-12-18;quinta-feira;11:50:00;SC;470;BLUMENAU;Pedestre cruzava a pista fora da faixa;Atropelamento de Pedestre;Com Vï¿½timas Feridas;Pleno dia;Cï¿½u Claro;Simples;"Em Obras;Reta";Nï¿½o;0;0
2025-12-18;quinta-feira;10:30:00;GO;153;URUACU;Acessar a via sem observar a presenï¿½a dos outros veï¿½culos;Colisï¿½o transversal;Sem Vï¿½timas;Pleno dia;Cï¿½u Claro;Simples;Reta;Sim;0;0
2025-12-18;quinta-feira;11:50:00;RN;101;NATAL;Velocidade Incompatï¿½vel;Colisï¿½o traseira;Com Vï¿½timas Feridas;Pleno dia;Cï¿½u Claro;Dupla;Reta;Sim;0;0
2025-12-18;quinta-feira;08:40:00;PR;376;PONTA GROSSA;Ausï¿½ncia de reaï¿½ï¿½o do condutor;Saï¿½da de leito carroï¿½ï¿½vel;Sem Vï¿½timas;Pleno dia;Ignorado;Dupla;Curva;Nï¿½o;0;0
2025-12-18;quinta-feira;09:20:00;MG;40;CONSELHEIRO LAFAIETE;Conversï¿½o proibida;Colisï¿½o lateral mesmo sentido;Com Vï¿½timas Feridas;Pleno dia;Cï¿½u Claro;Simples;"Interseï¿½ï¿½o de Vias;Declive;Curva";Nï¿½o;0;0
2025-12-18;quinta-feira;11:35:00;PR;277;IRATI;Acessar a via sem observar a presenï¿½a dos outros veï¿½culos;Colisï¿½o transversal;Com Vï¿½timas Feridas;Pleno dia;Cï¿½u Claro;Simples;"Curva;Aclive";Sim;0;0
2025-12-18;quinta-feira;12:10:00;MG;50;UBERLANDIA;Acessar a via sem observar a presenï¿½a dos outros veï¿½culos;Colisï¿½o traseira;Com Vï¿½timas Feridas;Pleno dia;Cï¿½u Claro;Dupla;Reta;Nï¿½o;0;0
2025-11-24;segunda-feira;10:15:00;PR;116;CURITIBA;Condutor deixou de manter distï¿½ncia do veï¿½culo da frente;Colisï¿½o traseira;Com Vï¿½timas Feridas;Pleno dia;Cï¿½u Claro;Simples;Reta;Sim;0;0
2025-12-18;quinta-feira;08:30:00;ES;101;SOORETAMA;Ingestï¿½o de substï¿½ncias psicoativas pelo condutor;Tombamento;Com Vï¿½timas Feridas;Pleno dia;Cï¿½u Claro;Mï¿½ltipla;"Declive;Curva";Sim;0;0
2025-12-18;quinta-feira;12:00:00;ES;101;GUARAPARI;Condutor deixou de manter distï¿½ncia do veï¿½culo da frente;Queda de ocupante de veï¿½culo;Com Vï¿½timas Feridas;Pleno dia;Sol;Mï¿½ltipla;Reta;Nï¿½o;0;0
2025-12-14;domingo;13:00:00;RJ;101;NITEROI;Reaï¿½ï¿½o tardia ou ineficiente do condutor;Queda de ocupante de veï¿½culo;Com Vï¿½timas Feridas;Pleno dia;Cï¿½u Claro;Dupla;Reta;Nï¿½o;0;0
2025-12-18;quinta-feira;13:55:00;PE;101;ABREU E LIMA;Acessar a via sem observar a presenï¿½a dos outros veï¿½culos;Colisï¿½o transversal;Com Vï¿½timas Feridas;Pleno dia;Cï¿½u Claro;Mï¿½ltipla;"Retorno Regulamentado;Reta";Sim;0;0
2025-12-18;quinta-feira;09:00:00;MT;158;NOVA XAVANTINA;Reaï¿½ï¿½o tardia ou ineficiente do condutor;Capotamento;Com Vï¿½timas Feridas;Pleno dia;Nublado;Simples;Reta;Nï¿½o;0;0
2025-12-18;quinta-feira;11:56:00;GO;153;URUACU;Demais falhas mecï¿½nicas ou elï¿½tricas;Incï¿½ndio;Sem Vï¿½timas;Pleno dia;Cï¿½u Claro;Dupla;"Reta;Interseï¿½ï¿½o de Vias";Nï¿½o;0;0
2025-12-18;quinta-feira;13:10:00;PI;316;PICOS;Acessar a via sem observar a presenï¿½a dos outros veï¿½culos;Colisï¿½o transversal;Com Vï¿½timas Feridas;Pleno dia;Cï¿½u Claro;Simples;Reta;Sim;0;0
2025-12-18;quinta-feira;14:20:00;PE;232;CARUARU;Condutor deixou de manter distï¿½ncia do veï¿½culo da frente;Colisï¿½o traseira;Com Vï¿½timas Feridas;Pleno dia;Cï¿½u Claro;Dupla;Reta;Sim;0;0
2025-12-18;quinta-feira;14:20:00;RS;158;ITAARA;Reaï¿½ï¿½o tardia ou ineficiente do condutor;Saï¿½da de leito carroï¿½ï¿½vel;Com Vï¿½timas Feridas;Pleno dia;Cï¿½u Claro;Simples;Reta;Nï¿½o;0;0
2025-12-18;quinta-feira;14:00:00;DF;70;BRASILIA;Pedestre cruzava a pista fora da faixa;Colisï¿½o traseira;Com Vï¿½timas Feridas;Pleno dia;Garoa/Chuvisco;Dupla;Reta;Sim;0;0
2025-12-18;quinta-feira;14:51:00;RS;290;GRAVATAI;Manobra de mudanï¿½a de faixa;Colisï¿½o traseira;Com Vï¿½timas Feridas;Pleno dia;Cï¿½u Claro;Dupla;Reta;Nï¿½o;0;0
2025-11-26;quarta-feira;18:00:00;GO;364;SAO SIMAO;Ausï¿½ncia de reaï¿½ï¿½o do condutor;Colisï¿½o com objeto;Sem Vï¿½timas;Anoitecer;Cï¿½u Claro;Simples;Reta;Nï¿½o;0;0
2025-12-18;quinta-feira;13:35:00;RS;293;CAPAO DO LEAO;Problema na suspensï¿½o;Saï¿½da de leito carroï¿½ï¿½vel;Com Vï¿½timas Feridas;Pleno dia;Cï¿½u Claro;Simples;Reta;Nï¿½o;0;0
2025-12-15;segunda-feira;00:10:00;PA;163;NOVO PROGRESSO;Velocidade Incompatï¿½vel;Saï¿½da de leito carroï¿½ï¿½vel;Sem Vï¿½timas;Plena Noite;Chuva;Simples;Reta;Nï¿½o;0;0
2025-12-18;quinta-feira;03:00:00;RJ;101;SAO GONCALO;Animais na Pista;Atropelamento de Animal;Com Vï¿½timas Feridas;Plena Noite;Cï¿½u Claro;Dupla;Reta;Nï¿½o;0;0
2025-12-18;quinta-feira;10:40:00;RJ;40;DUQUE DE CAXIAS;Demais falhas mecï¿½nicas ou elï¿½tricas;Incï¿½ndio;Sem Vï¿½timas;Pleno dia;Garoa/Chuvisco;Simples;Reta;Nï¿½o;0;0
2025-12-18;quinta-feira;14:50:00;GO;60;RIO VERDE;Ausï¿½ncia de reaï¿½ï¿½o do condutor;Saï¿½da de leito carroï¿½ï¿½vel;Sem Vï¿½timas;Pleno dia;Chuva;Dupla;"Curva;Declive";Nï¿½o;0;0
2025-12-18;quinta-feira;14:50:00;SP;116;SAO JOSE DOS CAMPOS;Ingestï¿½o de ï¿½lcool pelo condutor;Colisï¿½o traseira;Com Vï¿½timas Feridas;Pleno dia;Garoa/Chuvisco;Mï¿½ltipla;"Em Obras;Reta";Sim;0;0
2025-12-18;quinta-feira;15:24:00;MG;381;CAMBUI;Ausï¿½ncia de reaï¿½ï¿½o do condutor;Saï¿½da de leito carroï¿½ï¿½vel;Com Vï¿½timas Feridas;Pleno dia;Cï¿½u Claro;Dupla;Reta;Nï¿½o;0;0
2025-12-18;quinta-feira;15:10:00;RS;386;CANOAS;Reaï¿½ï¿½o tardia ou ineficiente do condutor;Colisï¿½o traseira;Com Vï¿½timas Feridas;Pleno dia;Cï¿½u Claro;Dupla;Reta;Nï¿½o;0;0
2025-12-18;quinta-feira;13:20:00;MG;365;MONTES CLAROS;Acessar a via sem observar a presenï¿½a dos outros veï¿½culos;Colisï¿½o lateral mesmo sentido;Com Vï¿½timas Feridas;Pleno dia;Cï¿½u Claro;Simples;Reta;Nï¿½o;0;0
2025-12-18;quinta-feira;15:53:00;SP;116;SAO JOSE DOS CAMPOS;Ausï¿½ncia de reaï¿½ï¿½o do condutor;Colisï¿½o traseira;Com Vï¿½timas Feridas;Pleno dia;Nublado;Mï¿½ltipla;Reta;Sim;0;0
2025-12-18;quinta-feira;13:37:00;RS;290;URUGUAIANA;Condutor Dormindo;Saï¿½da de leito carroï¿½ï¿½vel;Com Vï¿½timas Feridas;Pleno dia;Cï¿½u Claro;Simples;Reta;Nï¿½o;0;0
2025-12-18;quinta-feira;16:20:00;RN;304;MACAIBA;Acessar a via sem observar a presenï¿½a dos outros veï¿½culos;Colisï¿½o transversal;Com Vï¿½timas Feridas;Pleno dia;Cï¿½u Claro;Mï¿½ltipla;"Retorno Regulamentado;Declive";Nï¿½o;0;0
2025-12-18;quinta-feira;16:25:00;MG;381;BETIM;Ausï¿½ncia de reaï¿½ï¿½o do condutor;Colisï¿½o com objeto;Sem Vï¿½timas;Pleno dia;Nublado;Dupla;Reta;Nï¿½o;0;0
2025-12-18;quinta-feira;14:36:00;RO;364;JI-PARANA;Reaï¿½ï¿½o tardia ou ineficiente do condutor;Colisï¿½o traseira;Sem Vï¿½timas;Pleno dia;Garoa/Chuvisco;Simples;Reta;Sim;0;0
2025-11-28;sexta-feira;21:40:00;RJ;116;NOVA IGUACU;Frear bruscamente;Queda de ocupante de veï¿½culo;Com Vï¿½timas Feridas;Plena Noite;Ignorado;Dupla;Reta;Sim;0;0
2025-12-18;quinta-feira;15:30:00;MG;153;CENTRALINA;Velocidade Incompatï¿½vel;Saï¿½da de leito carroï¿½ï¿½vel;Com Vï¿½timas Fatais;Pleno dia;Chuva;Dupla;Reta;Sim;1;1
2025-12-18;quinta-feira;16:00:00;PR;369;JATAIZINHO;Reaï¿½ï¿½o tardia ou ineficiente do condutor;Colisï¿½o com objeto;Com Vï¿½timas Feridas;Pleno dia;Cï¿½u Claro;Simples;Reta;Sim;0;0
2025-12-18;quinta-feira;14:00:00;AC;307;CRUZEIRO DO SUL;Transitar na contramï¿½o;Colisï¿½o traseira;Com Vï¿½timas Feridas;Pleno dia;Cï¿½u Claro;Dupla;"Ponte;Declive;Curva";Sim;0;0
2025-12-18;quinta-feira;17:00:00;PR;277;MORRETES;Condutor deixou de manter distï¿½ncia do veï¿½culo da frente;Colisï¿½o traseira;Sem Vï¿½timas;Pleno dia;Nublado;Dupla;"Curva;Aclive";Nï¿½o;0;0
2025-12-18;quinta-feira;16:40:00;PR;116;SAO JOSE DOS PINHAIS;Ausï¿½ncia de reaï¿½ï¿½o do condutor;Colisï¿½o lateral mesmo sentido;Com Vï¿½timas Feridas;Pleno dia;Cï¿½u Claro;Dupla;Reta;Nï¿½o;0;0
2025-12-18;quinta-feira;17:35:00;SC;280;ARAQUARI;Acessar a via sem observar a presenï¿½a dos outros veï¿½culos;Colisï¿½o transversal;Com Vï¿½timas Feridas;Pleno dia;Cï¿½u Claro;Simples;"Interseï¿½ï¿½o de Vias;Reta";Sim;0;0
2025-12-18;quinta-feira;17:30:00;PE;428;PETROLINA;Acessar a via sem observar a presenï¿½a dos outros veï¿½culos;Colisï¿½o transversal;Sem Vï¿½timas;Pleno dia;Cï¿½u Claro;Mï¿½ltipla;"Interseï¿½ï¿½o de Vias;Reta";Sim;0;0
2025-12-18;quinta-feira;17:45:00;RJ;116;RIO DE JANEIRO;Trafegar com motocicleta (ou similar) entre as faixas;Colisï¿½o lateral mesmo sentido;Com Vï¿½timas Feridas;Anoitecer;Chuva;Mï¿½ltipla;Reta;Sim;0;0
2025-12-18;quinta-feira;17:50:00;MG;365;UBERLANDIA;Manobra de mudanï¿½a de faixa;Colisï¿½o transversal;Com Vï¿½timas Feridas;Anoitecer;Nublado;Dupla;Interseï¿½ï¿½o de Vias;Sim;0;0
2025-12-18;quinta-feira;17:30:00;PR;369;IBIPORA;Condutor deixou de manter distï¿½ncia do veï¿½culo da frente;Colisï¿½o lateral mesmo sentido;Com Vï¿½timas Feridas;Pleno dia;Cï¿½u Claro;Simples;Reta;Sim;0;0
2025-12-18;quinta-feira;13:30:00;MG;262;MANHUACU;Acessar a via sem observar a presenï¿½a dos outros veï¿½culos;Colisï¿½o transversal;Com Vï¿½timas Feridas;Pleno dia;Nublado;Simples;Curva;Sim;0;0
2025-12-18;quinta-feira;17:35:00;MG;381;POUSO ALEGRE;Condutor deixou de manter distï¿½ncia do veï¿½culo da frente;Engavetamento;Com Vï¿½timas Feridas;Pleno dia;Nublado;Dupla;"Reta;Aclive";Nï¿½o;0;0
2025-12-18;quinta-feira;17:40:00;RJ;116;RIO DE JANEIRO;Trafegar com motocicleta (ou similar) entre as faixas;Colisï¿½o lateral mesmo sentido;Com Vï¿½timas Feridas;Anoitecer;Chuva;Dupla;Aclive;Sim;0;0
2025-12-18;quinta-feira;17:30:00;RJ;40;DUQUE DE CAXIAS;Reaï¿½ï¿½o tardia ou ineficiente do condutor;Saï¿½da de leito carroï¿½ï¿½vel;Com Vï¿½timas Feridas;Anoitecer;Garoa/Chuvisco;Dupla;Reta;Sim;0;0
2025-12-18;quinta-feira;18:30:00;RS;116;NOVO HAMBURGO;Ausï¿½ncia de reaï¿½ï¿½o do condutor;Tombamento;Com Vï¿½timas Feridas;Pleno dia;Cï¿½u Claro;Dupla;Reta;Sim;0;0
2025-12-18;quinta-feira;18:46:00;GO;60;ANAPOLIS;Demais falhas mecï¿½nicas ou elï¿½tricas;Tombamento;Com Vï¿½timas Feridas;Plena Noite;Nublado;Dupla;Declive;Nï¿½o;0;0
2025-12-18;quinta-feira;17:10:00;MG;354;ITAMONTE;Acessar a via sem observar a presenï¿½a dos outros veï¿½culos;Colisï¿½o transversal;Com Vï¿½timas Feridas;Pleno dia;Garoa/Chuvisco;Simples;Reta;Sim;0;0
2025-12-18;quinta-feira;19:00:00;SC;470;RIO DO SUL;Ausï¿½ncia de reaï¿½ï¿½o do condutor;Atropelamento de Pedestre;Com Vï¿½timas Feridas;Anoitecer;Cï¿½u Claro;Simples;"Interseï¿½ï¿½o de Vias;Reta";Sim;0;0
2025-12-18;quinta-feira;18:45:00;PB;101;ALHANDRA;Reaï¿½ï¿½o tardia ou ineficiente do condutor;Queda de ocupante de veï¿½culo;Com Vï¿½timas Feridas;Plena Noite;Cï¿½u Claro;Dupla;Declive;Nï¿½o;0;0
2025-12-18;quinta-feira;16:45:00;RJ;40;DUQUE DE CAXIAS;Reaï¿½ï¿½o tardia ou ineficiente do condutor;Colisï¿½o lateral mesmo sentido;Com Vï¿½timas Feridas;Pleno dia;Chuva;Dupla;Reta;Sim;0;0
2025-12-18;quinta-feira;18:50:00;SE;235;ITABAIANA;Acesso irregular;Colisï¿½o transversal;Sem Vï¿½timas;Plena Noite;Cï¿½u Claro;Simples;Reta;Nï¿½o;0;0
2025-12-18;quinta-feira;17:20:00;CE;222;TIANGUA;Acessar a via sem observar a presenï¿½a dos outros veï¿½culos;Colisï¿½o traseira;Com Vï¿½timas Feridas;Pleno dia;Nublado;Dupla;"Reta;Interseï¿½ï¿½o de Vias";Sim;0;0
2025-12-18;quinta-feira;18:30:00;RJ;101;ITAGUAI;Condutor deixou de manter distï¿½ncia do veï¿½culo da frente;Colisï¿½o traseira;Com Vï¿½timas Feridas;Plena Noite;Chuva;Dupla;Reta;Nï¿½o;0;0
2025-12-18;quinta-feira;20:10:00;SC;101;SAO JOSE;Acessar a via sem observar a presenï¿½a dos outros veï¿½culos;Colisï¿½o transversal;Com Vï¿½timas Feridas;Plena Noite;Cï¿½u Claro;Simples;Interseï¿½ï¿½o de Vias;Sim;0;0
2025-12-18;quinta-feira;19:05:00;AP;156;OIAPOQUE;Conversï¿½o proibida;Colisï¿½o lateral sentido oposto;Com Vï¿½timas Feridas;Plena Noite;Cï¿½u Claro;Simples;Reta;Sim;0;0
2025-12-15;segunda-feira;10:05:00;MT;158;AGUA BOA;Reaï¿½ï¿½o tardia ou ineficiente do condutor;Saï¿½da de leito carroï¿½ï¿½vel;Sem Vï¿½timas;Pleno dia;Cï¿½u Claro;Simples;Curva;Nï¿½o;0;0
2025-12-18;quinta-feira;19:40:00;PB;101;JOAO PESSOA;Pista Escorregadia;Tombamento;Com Vï¿½timas Feridas;Plena Noite;Cï¿½u Claro;Dupla;Curva;Nï¿½o;0;0
2025-12-18;quinta-feira;19:25:00;MG;40;JUIZ DE FORA;Velocidade Incompatï¿½vel;Saï¿½da de leito carroï¿½ï¿½vel;Com Vï¿½timas Feridas;Plena Noite;Chuva;Dupla;"Declive;Curva";Nï¿½o;0;0
2025-12-18;quinta-feira;17:25:00;GO;60;RIO VERDE;Acesso irregular;Colisï¿½o transversal;Com Vï¿½timas Feridas;Anoitecer;Chuva;Dupla;Curva;Sim;0;0
2025-12-18;quinta-feira;20:30:00;SC;470;AGRONOMICA;Manobra de mudanï¿½a de faixa;Colisï¿½o frontal;Com Vï¿½timas Fatais;Plena Noite;Cï¿½u Claro;Simples;Curva;Sim;1;1
2025-12-18;quinta-feira;19:30:00;RS;285;SAO LUIZ GONZAGA;Ingestï¿½o de ï¿½lcool pelo condutor;Colisï¿½o traseira;Com Vï¿½timas Feridas;Plena Noite;Cï¿½u Claro;Simples;Reta;Sim;0;0
2025-12-18;quinta-feira;20:40:00;RJ;393;VOLTA REDONDA;Acessar a via sem observar a presenï¿½a dos outros veï¿½culos;Colisï¿½o lateral mesmo sentido;Sem Vï¿½timas;Plena Noite;Chuva;Simples;Reta;Sim;0;0
2025-12-18;quinta-feira;19:40:00;RJ;116;NOVA IGUACU;Manobra de mudanï¿½a de faixa;Colisï¿½o traseira;Com Vï¿½timas Feridas;Plena Noite;Chuva;Dupla;Reta;Sim;0;0
2025-12-18;quinta-feira;20:00:00;SP;116;EMBU DAS ARTES;Ausï¿½ncia de reaï¿½ï¿½o do condutor;Tombamento;Com Vï¿½timas Feridas;Plena Noite;Cï¿½u Claro;Dupla;Reta;Nï¿½o;0;0
2025-12-18;quinta-feira;19:15:00;MT;70;CACERES;Reaï¿½ï¿½o tardia ou ineficiente do condutor;Queda de ocupante de veï¿½culo;Com Vï¿½timas Feridas;Plena Noite;Cï¿½u Claro;Simples;Reta;Nï¿½o;0;0
2025-12-18;quinta-feira;20:30:00;MG;40;FELIXLANDIA;Ausï¿½ncia de reaï¿½ï¿½o do condutor;Saï¿½da de leito carroï¿½ï¿½vel;Com Vï¿½timas Feridas;Plena Noite;Garoa/Chuvisco;Simples;"Reta;Interseï¿½ï¿½o de Vias";Nï¿½o;0;0
2025-12-18;quinta-feira;20:00:00;RJ;40;DUQUE DE CAXIAS;Iluminaï¿½ï¿½o deficiente;Colisï¿½o com objeto;Com Vï¿½timas Feridas;Plena Noite;Chuva;Simples;"Viaduto;Curva";Sim;0;0
2025-12-18;quinta-feira;17:50:00;RJ;101;ANGRA DOS REIS;Ausï¿½ncia de reaï¿½ï¿½o do condutor;Colisï¿½o traseira;Com Vï¿½timas Feridas;Pleno dia;Chuva;Simples;Reta;Nï¿½o;0;0
2025-12-18;quinta-feira;17:25:00;MT;70;BARRA DO GARCAS;Chuva;Saï¿½da de leito carroï¿½ï¿½vel;Sem Vï¿½timas;Pleno dia;Chuva;Simples;Curva;Nï¿½o;0;0