data_inversa;dia_semana;horario;uf;br;municipio;causa_acidente;tipo_acidente;classificacao_acidente;fase_dia;condicao_metereologica;tipo_pista;tracado_via;uso_solo;mortos;acidente_fatal
2025-12-22;segunda-feira;17:00:00;BA;101;UBAITABA;Velocidade Incompatï¿½vel;Saï¿½da de leito carroï¿½ï¿½vel;Com Vï¿½timas Feridas;Plena Noite;Cï¿½u Claro;Simples;Interseï¿½ï¿½o de Vias;Nï¿½o;0;0
2025-12-22;segunda-feira;19:35:00;MG;381;BETIM;Ausï¿½ncia de reaï¿½ï¿½o do condutor;Colisï¿½o traseira;Com Vï¿½timas Feridas;Plena Noite;Cï¿½u Claro;Dupla;Aclive;Nï¿½o;0;0
2025-12-22;segunda-feira;19:20:00;SC;101;SAO JOSE;Ausï¿½ncia de reaï¿½ï¿½o do condutor;Queda de ocupante de veï¿½culo;Com Vï¿½timas Feridas;Plena Noite;Cï¿½u Claro;Mï¿½ltipla;Reta;Sim;0;0
2025-12-22;segunda-feira;19:00:00;SC;101;ITAJAI;Trafegar com motocicleta (ou similar) entre as faixas;Colisï¿½o traseira;Com Vï¿½timas Feridas;Plena Noite;Nublado;Dupla;Reta;Sim;0;0
2025-12-22;segunda-feira;15:00:00;PR;163;CAPITAO LEONIDAS MARQUES;Velocidade Incompatï¿½vel;Saï¿½da de leito carroï¿½ï¿½vel;Com Vï¿½timas Feridas;Pleno dia;Cï¿½u Claro;Simples;Curva;Nï¿½o;0;0
2025-12-22;segunda-feira;19:00:00;SP;116;TAUBATE;Reaï¿½ï¿½o tardia ou ineficiente do condutor;Colisï¿½o traseira;Com Vï¿½timas Feridas;Plena Noite;Cï¿½u Claro;Dupla;Reta;Sim;0;0
2025-12-22;segunda-feira;20:00:00;SP;116;GUARULHOS;Manobra de mudanï¿½a de faixa;Colisï¿½o lateral mesmo sentido;Com Vï¿½timas Feridas;Plena Noite;Ignorado;Dupla;Reta;Sim;0;0
2025-12-22;segunda-feira;19:50:00;SC;101;BARRA VELHA;Pedestre cruzava a pista fora da faixa;Atropelamento de Pedestre;Com Vï¿½timas Feridas;Plena Noite;Nublado;Mï¿½ltipla;Reta;Nï¿½o;0;0
2025-12-22;segunda-feira;19:40:00;MS;163;MUNDO NOVO;Ausï¿½ncia de reaï¿½ï¿½o do condutor;Colisï¿½o traseira;Com Vï¿½timas Feridas;Plena Noite;Cï¿½u Claro;Simples;"Declive;Reta";Nï¿½o;0;0
2025-12-22;segunda-feira;19:56:00;RN;101;PARNAMIRIM;Acessar a via sem observar a presenï¿½a dos outros veï¿½culos;Atropelamento de Pedestre;Com Vï¿½timas Feridas;Plena Noite;Cï¿½u Claro;Dupla;Reta;Sim;0;0
2025-12-22;segunda-feira;19:29:00;MS;262;CAMPO GRANDE;Ausï¿½ncia de reaï¿½ï¿½o do condutor;Colisï¿½o frontal;Com Vï¿½timas Fatais;Plena Noite;Chuva;Simples;Curva;Nï¿½o;2;1
2025-12-22;segunda-feira;17:45:00;BA;415;ITABUNA;Acessar a via sem observar a presenï¿½a dos outros veï¿½culos;Colisï¿½o lateral mesmo sentido;Com Vï¿½timas Feridas;Plena Noite;Cï¿½u Claro;Simples;Reta;Sim;0;0
2025-12-22;segunda-feira;18:00:00;MT;163;SINOP;Chuva;Saï¿½da de leito carroï¿½ï¿½vel;Sem Vï¿½timas;Plena Noite;Chuva;Simples;Reta;Sim;0;0
2025-12-22;segunda-feira;20:40:00;SP;116;GUARULHOS;Reaï¿½ï¿½o tardia ou ineficiente do condutor;Colisï¿½o traseira;Com Vï¿½timas Feridas;Plena Noite;Cï¿½u Claro;Mï¿½ltipla;Reta;Sim;0;0
2025-12-22;segunda-feira;14:40:00;BA;101;TEIXEIRA DE FREITAS;Desrespeitar a preferï¿½ncia no cruzamento;Colisï¿½o transversal;Com Vï¿½timas Feridas;Pleno dia;Nublado;Simples;Interseï¿½ï¿½o de Vias;Sim;0;0
2025-12-22;segunda-feira;17:40:00;MG;153;COMENDADOR GOMES;Ingestï¿½o de ï¿½lcool pelo condutor;Saï¿½da de leito carroï¿½ï¿½vel;Com Vï¿½timas Feridas;Pleno dia;Cï¿½u Claro;Simples;Reta;Nï¿½o;0;0
2025-12-08;segunda-feira;17:30:00;PR;369;CAMBE;Condutor deixou de manter distï¿½ncia do veï¿½culo da frente;Engavetamento;Com Vï¿½timas Feridas;Anoitecer;Chuva;Dupla;Declive;Sim;0;0
2025-12-22;segunda-feira;13:50:00;MT;163;SORRISO;Chuva;Saï¿½da de leito carroï¿½ï¿½vel;Com Vï¿½timas Feridas;Pleno dia;Chuva;Dupla;Reta;Nï¿½o;0;0
2025-12-22;segunda-feira;20:55:00;SC;101;PALHOCA;Condutor deixou de manter distï¿½ncia do veï¿½culo da frente;Colisï¿½o traseira;Com Vï¿½timas Feridas;Plena Noite;Nublado;Dupla;Reta;Sim;0;0
2025-09-21;domingo;00:20:00;RJ;101;PARATY;Avarias e/ou desgaste excessivo no pneu;Colisï¿½o frontal;Sem Vï¿½timas;Plena Noite;Chuva;Simples;"Rotatï¿½ria;Curva";Nï¿½o;0;0
2025-12-22;segunda-feira;14:15:00;RN;427;CURRAIS NOVOS;Reaï¿½ï¿½o tardia ou ineficiente do condutor;Saï¿½da de leito carroï¿½ï¿½vel;Com Vï¿½timas Feridas;Pleno dia;Cï¿½u Claro;Simples;Reta;Nï¿½o;0;0
2025-12-05;sexta-feira;08:30:00;BA;116;VITORIA DA CONQUISTA;Ausï¿½ncia de reaï¿½ï¿½o do condutor;Saï¿½da de leito carroï¿½ï¿½vel;Com Vï¿½timas Feridas;Pleno dia;Chuva;Simples;Reta;Nï¿½o;0;0
2025-12-22;segunda-feira;19:10:00;SP;116;LORENA;Frear bruscamente;Colisï¿½o traseira;Sem Vï¿½timas;Anoitecer;Cï¿½u Claro;Dupla;Reta;Nï¿½o;0;0
2025-12-22;segunda-feira;21:00:00;PR;116;CURITIBA;Condutor deixou de manter distï¿½ncia do veï¿½culo da frente;Colisï¿½o traseira;Com Vï¿½timas Feridas;Plena Noite;Cï¿½u Claro;Dupla;Reta;Sim;0;0
2025-12-22;segunda-feira;17:45:00;MT;163;SINOP;Acessar a via sem observar a presenï¿½a dos outros veï¿½culos;Colisï¿½o traseira;Sem Vï¿½timas;Anoitecer;Cï¿½u Claro;Dupla;Reta;Sim;0;0
2025-12-22;segunda-feira;20:30:00;RN;101;EXTREMOZ;Acessar a via sem observar a presenï¿½a dos outros veï¿½culos;Colisï¿½o transversal;Com Vï¿½timas Feridas;Plena Noite;Cï¿½u Claro;Simples;Reta;Nï¿½o;0;0
2025-12-22;segunda-feira;19:05:00;PR;373;PONTA GROSSA;Demais falhas mecï¿½nicas ou elï¿½tricas;Incï¿½ndio;Sem Vï¿½timas;Plena Noite;Cï¿½u Claro;Dupla;Reta;Sim;0;0
2025-12-22;segunda-feira;20:00:00;AL;101;JUNQUEIRO;Ausï¿½ncia de reaï¿½ï¿½o do condutor;Saï¿½da de leito carroï¿½ï¿½vel;Com Vï¿½timas Feridas;Plena Noite;Cï¿½u Claro;Simples;Interseï¿½ï¿½o de Vias;Sim;0;0
2025-12-22;segunda-feira;22:19:00;SC;282;PALHOCA;Condutor deixou de manter distï¿½ncia do veï¿½culo da frente;Colisï¿½o transversal;Com Vï¿½timas Feridas;Plena Noite;Cï¿½u Claro;Simples;Reta;Nï¿½o;0;0
2025-12-22;segunda-feira;22:00:00;GO;153;APARECIDA DE GOIANIA;Manobra de mudanï¿½a de faixa;Colisï¿½o lateral mesmo sentido;Com Vï¿½timas Feridas;Plena Noite;Nublado;Dupla;Retorno Regulamentado;Sim;0;0
2025-12-22;segunda-feira;22:00:00;SC;101;PENHA;Velocidade Incompatï¿½vel;Atropelamento de Pedestre;Com Vï¿½timas Feridas;Pleno dia;Nublado;Dupla;Reta;Nï¿½o;0;0
2025-12-22;segunda-feira;22:20:00;GO;153;JARAGUA;Condutor deixou de manter distï¿½ncia do veï¿½culo da frente;Colisï¿½o traseira;Com Vï¿½timas Feridas;Plena Noite;Cï¿½u Claro;Simples;"Curva;Aclive";Nï¿½o;0;0
2025-12-22;segunda-feira;20:30:00;SC;480;CHAPECO;Desrespeitar a preferï¿½ncia no cruzamento;Colisï¿½o transversal;Com Vï¿½timas Feridas;Plena Noite;Chuva;Simples;Interseï¿½ï¿½o de Vias;Nï¿½o;0;0
2025-12-22;segunda-feira;23:00:00;MG;50;UBERLANDIA;Velocidade Incompatï¿½vel;Saï¿½da de leito carroï¿½ï¿½vel;Com Vï¿½timas Feridas;Plena Noite;Cï¿½u Claro;Dupla;"Reta;Declive";Nï¿½o;0;0
2025-12-22;segunda-feira;22:30:00;RO;364;VILHENA;Manobra de mudanï¿½a de faixa;Colisï¿½o lateral sentido oposto;Com Vï¿½timas Feridas;Plena Noite;Cï¿½u Claro;Simples;Reta;Nï¿½o;0;0
2025-12-22;segunda-feira;21:40:00;MA;316;CODO;Ingestï¿½o de ï¿½lcool pelo condutor;Colisï¿½o transversal;Sem Vï¿½timas;Plena Noite;Chuva;Simples;Reta;Nï¿½o;0;0
2025-12-22;segunda-feira;22:50:00;PR;376;APUCARANA;Velocidade Incompatï¿½vel;Capotamento;Com Vï¿½timas Feridas;Plena Noite;Cï¿½u Claro;Dupla;"Declive;Retorno Regulamentado";Nï¿½o;0;0
2025-12-22;segunda-feira;20:00:00;PI;135;CRISTINO CASTRO;Ausï¿½ncia de reaï¿½ï¿½o do condutor;Colisï¿½o traseira;Com Vï¿½timas Feridas;Plena Noite;Chuva;Simples;"Reta;Interseï¿½ï¿½o de Vias";Nï¿½o;0;0
2025-12-22;segunda-feira;21:40:00;AP;156;TARTARUGALZINHO;Conversï¿½o proibida;Colisï¿½o transversal;Com Vï¿½timas Feridas;Plena Noite;Nublado;Simples;Reta;Sim;0;0
2025-12-22;segunda-feira;23:20:00;RS;158;ITAARA;Reaï¿½ï¿½o tardia ou ineficiente do condutor;Colisï¿½o com objeto;Com Vï¿½timas Feridas;Plena Noite;Garoa/Chuvisco;Simples;Reta;Nï¿½o;0;0
2025-12-22;segunda-feira;21:33:00;MT;364;JUSCIMEIRA;Reaï¿½ï¿½o tardia ou ineficiente do condutor;Tombamento;Com Vï¿½timas Feridas;Plena Noite;Chuva;Dupla;"Declive;Reta";Nï¿½o;0;0
2025-12-23;terï¿½a-feira;00:15:00;RS;158;PANAMBI;Velocidade Incompatï¿½vel;Saï¿½da de leito carroï¿½ï¿½vel;Com Vï¿½timas Feridas;Plena Noite;Cï¿½u Claro;Simples;Reta;Nï¿½o;0;0
2025-12-23;terï¿½a-feira;00:30:00;SC;101;PENHA;Ausï¿½ncia de reaï¿½ï¿½o do condutor;Capotamento;Com Vï¿½timas Feridas;Plena Noite;Nublado;Simples;"Viaduto;Curva";Nï¿½o;0;0
2025-12-23;terï¿½a-feira;00:00:00;PE;408;PAUDALHO;Animais na Pista;Atropelamento de Animal;Com Vï¿½timas Fatais;Plena Noite;Cï¿½u Claro;Dupla;Reta;Nï¿½o;1;1
2025-12-23;terï¿½a-feira;00:00:00;RO;364;PRESIDENTE MEDICI;Ausï¿½ncia de reaï¿½ï¿½o do condutor;Queda de ocupante de veï¿½culo;Sem Vï¿½timas;Plena Noite;Garoa/Chuvisco;Dupla;"Interseï¿½ï¿½o de Vias;Reta";Sim;0;0
2025-12-23;terï¿½a-feira;02:00:00;SC;101;SAO JOSE;Ingestï¿½o de ï¿½lcool pelo condutor;Saï¿½da de leito carroï¿½ï¿½vel;Com Vï¿½timas Feridas;Plena Noite;Nublado;Mï¿½ltipla;Curva;Sim;0;0
2025-12-22;segunda-feira;19:00:00;MT;163;MATUPA;Acessar a via sem observar a presenï¿½a dos outros veï¿½culos;Colisï¿½o transversal;Com Vï¿½timas Feridas;Plena Noite;Cï¿½u Claro;Simples;Rotatï¿½ria;Sim;0;0
2025-12-23;terï¿½a-feira;02:41:00;TO;153;PARAISO DO TOCANTINS;Transitar na contramï¿½o;Colisï¿½o frontal;Com Vï¿½timas Fatais;Plena Noite;Garoa/Chuvisco;Simples;Reta;Nï¿½o;1;1
2025-12-22;segunda-feira;21:00:00;AL;316;DOIS RIACHOS;Participar de racha;Queda de ocupante de veï¿½culo;Com Vï¿½timas Fatais;Plena Noite;Ignorado;Simples;Reta;Nï¿½o;1;1
2025-12-23;terï¿½a-feira;03:30:00;MG;40;NOVA LIMA;Avarias e/ou desgaste excessivo no pneu;Tombamento;Com Vï¿½timas Feridas;Amanhecer;Cï¿½u Claro;Simples;"Declive;Curva";Nï¿½o;0;0
2025-12-23;terï¿½a-feira;03:00:00;RJ;40;DUQUE DE CAXIAS;Ausï¿½ncia de reaï¿½ï¿½o do condutor;Saï¿½da de leito carroï¿½ï¿½vel;Com Vï¿½timas Feridas;Pleno dia;Cï¿½u Claro;Mï¿½ltipla;Reta;Nï¿½o;0;0
2025-12-23;terï¿½a-feira;03:45:00;SP;116;EMBU DAS ARTES;Estacionar ou parar em local proibido;Colisï¿½o transversal;Com Vï¿½timas Feridas;Plena Noite;Cï¿½u Claro;Dupla;"Reta;Aclive";Sim;0;0
2025-12-23;terï¿½a-feira;03:30:00;RJ;101;CAMPOS DOS GOYTACAZES;Condutor Dormindo;Colisï¿½o com objeto;Com Vï¿½timas Feridas;Plena Noite;Cï¿½u Claro;Dupla;Reta;Nï¿½o;0;0
2025-12-23;terï¿½a-feira;04:35:00;MG;40;CONSELHEIRO LAFAIETE;Reaï¿½ï¿½o tardia ou ineficiente do condutor;Colisï¿½o frontal;Com Vï¿½timas Fatais;Amanhecer;Cï¿½u Claro;Simples;Reta;Nï¿½o;1;1
2025-12-23;terï¿½a-feira;05:35:00;GO;153;HIDROLANDIA;Ausï¿½ncia de reaï¿½ï¿½o do condutor;Saï¿½da de leito carroï¿½ï¿½vel;Com Vï¿½timas Feridas;Amanhecer;Cï¿½u Claro;Dupla;Reta;Nï¿½o;0;0
2025-12-03;quarta-feira;07:30:00;RS;290;ELDORADO DO SUL;Ausï¿½ncia de reaï¿½ï¿½o do condutor;Colisï¿½o traseira;Sem Vï¿½timas;Pleno dia;Cï¿½u Claro;Dupla;"Ponte;Aclive;Reta";Nï¿½o;0;0
2025-12-23;terï¿½a-feira;06:40:00;SC;101;ITAJAI;Desrespeitar a preferï¿½ncia no cruzamento;Colisï¿½o transversal;Com Vï¿½timas Feridas;Pleno dia;Nublado;Mï¿½ltipla;Interseï¿½ï¿½o de Vias;Sim;0;0
2025-12-23;terï¿½a-feira;07:00:00;RS;386;ESTRELA;Condutor deixou de manter distï¿½ncia do veï¿½culo da frente;Colisï¿½o traseira;Com Vï¿½timas Feridas;Pleno dia;Sol;Dupla;"Em Obras;Reta";Sim;0;0
2025-12-23;terï¿½a-feira;06:50:00;RJ;40;DUQUE DE CAXIAS;Objeto estï¿½tico sobre o leito carroï¿½ï¿½vel;Tombamento;Com Vï¿½timas Feridas;Pleno dia;Sol;Dupla;Reta;Nï¿½o;0;0
2025-12-23;terï¿½a-feira;07:00:00;DF;80;BRASILIA;Acessar a via sem observar a presenï¿½a dos outros veï¿½culos;Colisï¿½o transversal;Com Vï¿½timas Feridas;Pleno dia;Cï¿½u Claro;Simples;Reta;Sim;0;0
2025-12-23;terï¿½a-feira;07:05:00;CE;116;HORIZONTE;Reaï¿½ï¿½o tardia ou ineficiente do condutor;Colisï¿½o com objeto;Com Vï¿½timas Feridas;Pleno dia;Cï¿½u Claro;Mï¿½ltipla;Reta;Sim;0;0
2025-12-05;sexta-feira;21:07:00;MT;364;VARZEA GRANDE;Desrespeitar a preferï¿½ncia no cruzamento;Colisï¿½o transversal;Com Vï¿½timas Feridas;Plena Noite;Cï¿½u Claro;Simples;Rotatï¿½ria;Sim;0;0
2025-12-23;terï¿½a-feira;06:30:00;BA;101;ARATACA;Ausï¿½ncia de reaï¿½ï¿½o do condutor;Saï¿½da de leito carroï¿½ï¿½vel;Com Vï¿½timas Feridas;Amanhecer;Chuva;Simples;Curva;Nï¿½o;0;0
2025-12-23;terï¿½a-feira;07:50:00;SP;153;SAO JOSE DO RIO PRETO;Ausï¿½ncia de reaï¿½ï¿½o do condutor;Colisï¿½o lateral mesmo sentido;Com Vï¿½timas Feridas;Pleno dia;Sol;Dupla;Reta;Nï¿½o;0;0
2025-12-23;terï¿½a-feira;07:15:00;MG;381;POUSO ALEGRE;Reaï¿½ï¿½o tardia ou ineficiente do condutor;Colisï¿½o com objeto;Com Vï¿½timas Feridas;Pleno dia;Cï¿½u Claro;Dupla;"Reta;Interseï¿½ï¿½o de Vias";Sim;0;0
2025-12-23;terï¿½a-feira;08:10:00;MG;40;BELO HORIZONTE;Pista Escorregadia;Tombamento;Com Vï¿½timas Feridas;Pleno dia;Cï¿½u Claro;Dupla;"Reta;Declive";Sim;0;0
2025-12-23;terï¿½a-feira;07:50:00;SC;470;BLUMENAU;Manobra de mudanï¿½a de faixa;Colisï¿½o transversal;Com Vï¿½timas Feridas;Pleno dia;Cï¿½u Claro;Dupla;Reta;Sim;0;0
2025-12-23;terï¿½a-feira;08:20:00;MG;381;JOAO MONLEVADE;Transitar no Acostamento;Colisï¿½o transversal;Com Vï¿½timas Feridas;Pleno dia;Garoa/Chuvisco;Simples;Reta;Nï¿½o;0;0
2025-12-23;terï¿½a-feira;07:30:00;RS;290;CACHOEIRA DO SUL;Reaï¿½ï¿½o tardia ou ineficiente do condutor;Colisï¿½o frontal;Com Vï¿½timas Fatais;Pleno dia;Cï¿½u Claro;Simples;"Reta;Rotatï¿½ria";Nï¿½o;1;1
2025-12-20;sï¿½bado;03:50:00;RS;116;SAPUCAIA DO SUL;Reaï¿½ï¿½o tardia ou ineficiente do condutor;Saï¿½da de leito carroï¿½ï¿½vel;Com Vï¿½timas Feridas;Plena Noite;Cï¿½u Claro;Mï¿½ltipla;"Interseï¿½ï¿½o de Vias;Reta";Sim;0;0
2025-12-23;terï¿½a-feira;08:30:00;RJ;101;CAMPOS DOS GOYTACAZES;Ausï¿½ncia de reaï¿½ï¿½o do condutor;Colisï¿½o traseira;Com Vï¿½timas Feridas;Pleno dia;Cï¿½u Claro;Simples;Reta;Sim;0;0
2025-12-23;terï¿½a-feira;07:40:00;RJ;40;PETROPOLIS;Desrespeitar a preferï¿½ncia no cruzamento;Colisï¿½o lateral mesmo sentido;Sem Vï¿½timas;Pleno dia;Sol;Dupla;"Reta;Interseï¿½ï¿½o de Vias";Sim;0;0
2025-12-23;terï¿½a-feira;08:30:00;ES;101;SERRA;Manobra de mudanï¿½a de faixa;Colisï¿½o lateral mesmo sentido;Com Vï¿½timas Feridas;Pleno dia;Chuva;Dupla;Reta;Nï¿½o;0;0
2025-12-23;terï¿½a-feira;08:40:00;GO;153;ANAPOLIS;Avarias e/ou desgaste excessivo no pneu;Tombamento;Com Vï¿½timas Feridas;Pleno dia;Cï¿½u Claro;Dupla;Reta;Sim;0;0
2025-12-23;terï¿½a-feira;08:50:00;RS;386;LAJEADO;Manobra de mudanï¿½a de faixa;Colisï¿½o lateral mesmo sentido;Com Vï¿½timas Feridas;Pleno dia;Nublado;Dupla;Reta;Sim;0;0
2025-11-08;sï¿½bado;13:20:00;PR;476;COLOMBO;Desrespeitar a preferï¿½ncia no cruzamento;Colisï¿½o transversal;Com Vï¿½timas Feridas;Pleno dia;Sol;Simples;Reta;Nï¿½o;0;0
2025-12-23;terï¿½a-feira;06:36:00;RJ;40;DUQUE DE CAXIAS;Reaï¿½ï¿½o tardia ou ineficiente do condutor;Colisï¿½o lateral mesmo sentido;Com Vï¿½timas Feridas;Pleno dia;Cï¿½u Claro;Mï¿½ltipla;Reta;Sim;0;0
2025-12-11;quinta-feira;18:35:00;RN;101;PARNAMIRIM;Manobra de mudanï¿½a de faixa;Colisï¿½o traseira;Com Vï¿½timas Feridas;Plena Noite;Cï¿½u Claro;Mï¿½ltipla;"Curva;Aclive";Sim;0;0
2025-12-23;terï¿½a-feira;08:40:00;PR;277;MEDIANEIRA;Condutor deixou de manter distï¿½ncia do veï¿½culo da frente;Colisï¿½o traseira;Com Vï¿½timas Feridas;Pleno dia;Cï¿½u Claro;Dupla;Aclive;Nï¿½o;0;0
2025-11-07;sexta-feira;20:30:00;MG;40;PARACATU;Animais na Pista;Atropelamento de Animal;Sem Vï¿½timas;Plena Noite;Ignorado;Simples;Reta;Nï¿½o;0;0
2025-12-23;terï¿½a-feira;07:50:00;PB;230;CAMPINA GRANDE;Acessar a via sem observar a presenï¿½a dos outros veï¿½culos;Colisï¿½o lateral mesmo sentido;Com Vï¿½timas Feridas;Pleno dia;Nublado;Simples;Interseï¿½ï¿½o de Vias;Nï¿½o;0;0
2025-12-23;terï¿½a-feira;09:10:00;RS;285;MATO CASTELHANO;Condutor deixou de manter distï¿½ncia do veï¿½culo da frente;Colisï¿½o lateral mesmo sentido;Com Vï¿½timas Feridas;Pleno dia;Nublado;Simples;Reta;Sim;0;0
2025-12-23;terï¿½a-feira;09:45:00;SC;101;ARARANGUA;Desrespeitar a preferï¿½ncia no cruzamento;Colisï¿½o transversal;Com Vï¿½timas Feridas;Pleno dia;Cï¿½u Claro;Simples;Viaduto;Nï¿½o;0;0
2025-12-23;terï¿½a-feira;10:00:00;SC;101;ITAJAI;Reaï¿½ï¿½o tardia ou ineficiente do condutor;Colisï¿½o transversal;Com Vï¿½timas Feridas;Pleno dia;Cï¿½u Claro;Simples;Reta;Nï¿½o;0;0
2025-12-23;terï¿½a-feira;09:25:00;PE;101;IGARASSU;Reaï¿½ï¿½o tardia ou ineficiente do condutor;Colisï¿½o traseira;Sem Vï¿½timas;Pleno dia;Nublado;Dupla;"Retorno Regulamentado;Reta";Sim;0;0
2025-12-23;terï¿½a-feira;10:34:00;SP;116;PINDAMONHANGABA;Avarias e/ou desgaste excessivo no pneu;Queda de ocupante de veï¿½culo;Com Vï¿½timas Feridas;Pleno dia;Cï¿½u Claro;Dupla;Reta;Nï¿½o;0;0
2025-12-23;terï¿½a-feira;09:40:00;PI;343;BURITI DOS LOPES;Chuva;Capotamento;Com Vï¿½timas Feridas;Pleno dia;Chuva;Simples;Curva;Nï¿½o;0;0
2025-12-23;terï¿½a-feira;08:50:00;RS;285;SAO LUIZ GONZAGA;Chuva;Saï¿½da de leito carroï¿½ï¿½vel;Com Vï¿½timas Feridas;Pleno dia;Chuva;Simples;Reta;Nï¿½o;0;0
2025-12-23;terï¿½a-feira;10:05:00;BA;116;VITORIA DA CONQUISTA;Conversï¿½o proibida;Colisï¿½o traseira;Com Vï¿½timas Feridas;Pleno dia;Garoa/Chuvisco;Simples;Reta;Nï¿½o;0;0
2025-12-23;terï¿½a-feira;09:50:00;MG;262;UBERABA;Ausï¿½ncia de reaï¿½ï¿½o do condutor;Colisï¿½o traseira;Com Vï¿½timas Feridas;Pleno dia;Cï¿½u Claro;Dupla;Reta;Sim;0;0
2025-12-23;terï¿½a-feira;08:20:00;PR;280;FLOR DA SERRA DO SUL;Reaï¿½ï¿½o tardia ou ineficiente do condutor;Engavetamento;Com Vï¿½timas Feridas;Pleno dia;Nublado;Simples;Curva;Nï¿½o;0;0
2025-12-23;terï¿½a-feira;11:10:00;SC;101;SAO JOSE;Condutor deixou de manter distï¿½ncia do veï¿½culo da frente;Colisï¿½o lateral mesmo sentido;Com Vï¿½timas Feridas;Pleno dia;Cï¿½u Claro;Mï¿½ltipla;Reta;Sim;0;0
2025-12-23;terï¿½a-feira;11:00:00;BA;116;VITORIA DA CONQUISTA;Desrespeitar a preferï¿½ncia no cruzamento;Colisï¿½o transversal;Com Vï¿½timas Feridas;Pleno dia;Cï¿½u Claro;Simples;Reta;Nï¿½o;0;0
2025-12-23;terï¿½a-feira;10:25:00;SC;101;BALNEARIO PICARRAS;Reaï¿½ï¿½o tardia ou ineficiente do condutor;Saï¿½da de leito carroï¿½ï¿½vel;Com Vï¿½timas Feridas;Pleno dia;Cï¿½u Claro;Dupla;Curva;Nï¿½o;0;0
2025-12-23;terï¿½a-feira;11:30:00;BA;101;CARAVELAS;Ultrapassagem Indevida;Queda de ocupante de veï¿½culo;Com Vï¿½timas Feridas;Pleno dia;Nublado;Simples;Reta;Nï¿½o;0;0
2025-12-23;terï¿½a-feira;11:45:00;PE;101;RECIFE;Chuva;Queda de ocupante de veï¿½culo;Com Vï¿½timas Feridas;Pleno dia;Chuva;Dupla;Reta;Sim;0;0
2025-12-23;terï¿½a-feira;08:40:00;MG;116;MEDINA;Reaï¿½ï¿½o tardia ou ineficiente do condutor;Saï¿½da de leito carroï¿½ï¿½vel;Com Vï¿½timas Feridas;Pleno dia;Chuva;Simples;Curva;Nï¿½o;0;0
2025-12-23;terï¿½a-feira;11:40:00;PI;343;TERESINA;Ausï¿½ncia de reaï¿½ï¿½o do condutor;Colisï¿½o transversal;Com Vï¿½timas Feridas;Pleno dia;Cï¿½u Claro;Dupla;Reta;Sim;0;0
2025-12-23;terï¿½a-feira;11:55:00;TO;10;PALMAS;Condutor deixou de manter distï¿½ncia do veï¿½culo da frente;Colisï¿½o traseira;Com Vï¿½timas Feridas;Pleno dia;Cï¿½u Claro;Mï¿½ltipla;Reta;Sim;0;0
2025-12-23;terï¿½a-feira;12:15:00;ES;262;DOMINGOS MARTINS;Acessar a via sem observar a presenï¿½a dos outros veï¿½culos;Colisï¿½o transversal;Com Vï¿½timas Feridas;Pleno dia;Sol;Simples;Reta;Nï¿½o;0;0
2025-12-23;terï¿½a-feira;11:30:00;RS;470;LAGOA VERMELHA;Velocidade Incompatï¿½vel;Capotamento;Com Vï¿½timas Feridas;Pleno dia;Nublado;Simples;"Declive;Reta";Nï¿½o;0;0
2025-12-23;terï¿½a-feira;11:30:00;PE;423;LAJEDO;Acessar a via sem observar a presenï¿½a dos outros veï¿½culos;Colisï¿½o lateral mesmo sentido;Com Vï¿½timas Feridas;Pleno dia;Sol;Simples;Reta;Sim;0;0
2025-12-23;terï¿½a-feira;12:30:00;RS;386;ESTRELA;Acumulo de ï¿½gua sobre o pavimento;Colisï¿½o com objeto;Sem Vï¿½timas;Pleno dia;Chuva;Dupla;Reta;Sim;0;0
2025-12-23;terï¿½a-feira;11:00:00;BA;101;ITAMARAJU;Condutor deixou de manter distï¿½ncia do veï¿½culo da frente;Colisï¿½o traseira;Sem Vï¿½timas;Pleno dia;Chuva;Simples;Reta;Nï¿½o;0;0
2025-12-23;terï¿½a-feira;10:35:00;GO;153;GOIANIA;Manobra de mudanï¿½a de faixa;Colisï¿½o lateral mesmo sentido;Com Vï¿½timas Feridas;Pleno dia;Sol;Dupla;"Declive;Reta";Sim;0;0
2025-12-23;terï¿½a-feira;08:00:00;MA;316;PINDARE-MIRIM;Ausï¿½ncia de reaï¿½ï¿½o do condutor;Saï¿½da de leito carroï¿½ï¿½vel;Com Vï¿½timas Fatais;Pleno dia;Cï¿½u Claro;Simples;Reta;Nï¿½o;1;1
2025-12-23;terï¿½a-feira;12:30:00;SC;101;SAO JOSE;Condutor deixou de manter distï¿½ncia do veï¿½culo da frente;Colisï¿½o traseira;Com Vï¿½timas Feridas;Pleno dia;Cï¿½u Claro;Dupla;Reta;Sim;0;0
2025-12-23;terï¿½a-feira;07:15:00;MG;365;SAO GONCALO DO ABAETE;Demais falhas mecï¿½nicas ou elï¿½tricas;Colisï¿½o lateral sentido oposto;Com Vï¿½timas Feridas;Pleno dia;Cï¿½u Claro;Simples;Reta;Nï¿½o;0;0
2025-12-23;terï¿½a-feira;12:31:00;RS;290;SANTO ANTONIO DA PATRULHA;Reaï¿½ï¿½o tardia ou ineficiente do condutor;Saï¿½da de leito carroï¿½ï¿½vel;Com Vï¿½timas Fatais;Pleno dia;Cï¿½u Claro;Dupla;Reta;Nï¿½o;1;1
2025-12-23;terï¿½a-feira;12:01:00;SC;470;APIUNA;Condutor deixou de manter distï¿½ncia do veï¿½culo da frente;Colisï¿½o traseira;Com Vï¿½timas Feridas;Pleno dia;Cï¿½u Claro;Simples;Reta;Sim;0;0