data_inversa;dia_semana;horario;uf;br;municipio;causa_acidente;tipo_acidente;classificacao_acidente;fase_dia;condicao_metereologica;tipo_pista;tracado_via;uso_solo;mortos;acidente_fatal
2025-12-24;quarta-feira;11:00:00;AC;317;EPITACIOLANDIA;Ausï¿½ncia de reaï¿½ï¿½o do condutor;Saï¿½da de leito carroï¿½ï¿½vel;Com Vï¿½timas Feridas;Pleno dia;Cï¿½u Claro;Simples;Reta;Nï¿½o;0;0
2025-12-24;quarta-feira;16:00:00;PR;277;GUARAPUAVA;Ausï¿½ncia de reaï¿½ï¿½o do condutor;Saï¿½da de leito carroï¿½ï¿½vel;Com Vï¿½timas Fatais;Pleno dia;Cï¿½u Claro;Dupla;Reta;Nï¿½o;1;1
2025-12-24;quarta-feira;14:30:00;RJ;116;DUQUE DE CAXIAS;Trafegar com motocicleta (ou similar) entre as faixas;Colisï¿½o traseira;Com Vï¿½timas Feridas;Pleno dia;Cï¿½u Claro;Dupla;Reta;Sim;0;0
2025-12-24;quarta-feira;17:41:00;SC;101;BIGUACU;Reaï¿½ï¿½o tardia ou ineficiente do condutor;Saï¿½da de leito carroï¿½ï¿½vel;Com Vï¿½timas Feridas;Pleno dia;Chuva;Dupla;Curva;Nï¿½o;0;0
2025-12-24;quarta-feira;18:45:00;PR;277;CURITIBA;Ausï¿½ncia de reaï¿½ï¿½o do condutor;Saï¿½da de leito carroï¿½ï¿½vel;Sem Vï¿½timas;Anoitecer;Cï¿½u Claro;Dupla;"Reta;Declive";Sim;0;0
2025-12-24;quarta-feira;19:05:00;PB;230;JOAO PESSOA;Manobra de mudanï¿½a de faixa;Colisï¿½o lateral mesmo sentido;Com Vï¿½timas Feridas;Plena Noite;Cï¿½u Claro;Dupla;Reta;Sim;0;0
2025-12-24;quarta-feira;19:35:00;RS;116;SAO LEOPOLDO;Reaï¿½ï¿½o tardia ou ineficiente do condutor;Colisï¿½o traseira;Com Vï¿½timas Feridas;Anoitecer;Nublado;Mï¿½ltipla;Reta;Sim;0;0
2025-12-24;quarta-feira;18:20:00;PE;423;JUCATI;Ausï¿½ncia de reaï¿½ï¿½o do condutor;Queda de ocupante de veï¿½culo;Com Vï¿½timas Feridas;Plena Noite;Cï¿½u Claro;Simples;Aclive;Nï¿½o;0;0
2025-12-24;quarta-feira;09:55:00;RJ;101;SILVA JARDIM;Avarias e/ou desgaste excessivo no pneu;Queda de ocupante de veï¿½culo;Com Vï¿½timas Feridas;Pleno dia;Cï¿½u Claro;Dupla;Curva;Nï¿½o;0;0
2025-12-24;quarta-feira;19:45:00;MG;381;BETIM;Pedestre andava na pista;Atropelamento de Pedestre;Com Vï¿½timas Fatais;Plena Noite;Sol;Mï¿½ltipla;Reta;Sim;1;1
2025-12-24;quarta-feira;19:15:00;RN;406;SAO GONCALO DO AMARANTE;Manobra de mudanï¿½a de faixa;Colisï¿½o lateral mesmo sentido;Com Vï¿½timas Feridas;Plena Noite;Cï¿½u Claro;Dupla;Reta;Sim;0;0
2025-12-24;quarta-feira;19:30:00;PE;104;CARUARU;Condutor deixou de manter distï¿½ncia do veï¿½culo da frente;Colisï¿½o traseira;Com Vï¿½timas Feridas;Plena Noite;Cï¿½u Claro;Simples;"Declive;Reta";Sim;0;0
2025-12-24;quarta-feira;19:15:00;RJ;101;CAMPOS DOS GOYTACAZES;Reaï¿½ï¿½o tardia ou ineficiente do condutor;Tombamento;Com Vï¿½timas Feridas;Plena Noite;Cï¿½u Claro;Dupla;Reta;Nï¿½o;0;0
2025-12-24;quarta-feira;20:08:00;RN;304;MOSSORO;Reaï¿½ï¿½o tardia ou ineficiente do condutor;Colisï¿½o com objeto;Sem Vï¿½timas;Plena Noite;Cï¿½u Claro;Dupla;Reta;Sim;0;0
2025-12-24;quarta-feira;19:56:00;PR;376;MAUA DA SERRA;Pedestre andava na pista;Atropelamento de Pedestre;Com Vï¿½timas Fatais;Plena Noite;Cï¿½u Claro;Dupla;Reta;Nï¿½o;1;1
2025-12-24;quarta-feira;19:30:00;MG;381;BETIM;Ausï¿½ncia de reaï¿½ï¿½o do condutor;Colisï¿½o traseira;Com Vï¿½timas Feridas;Plena Noite;Cï¿½u Claro;Dupla;Curva;Nï¿½o;0;0
2025-12-19;sexta-feira;20:45:00;PB;361;PATOS;Objeto estï¿½tico sobre o leito carroï¿½ï¿½vel;Colisï¿½o com objeto;Com Vï¿½timas Feridas;Plena Noite;Cï¿½u Claro;Simples;"Declive;Reta";Nï¿½o;0;0
2025-12-24;quarta-feira;20:00:00;SP;153;GUAICARA;Ingestï¿½o de ï¿½lcool pelo condutor;Colisï¿½o traseira;Sem Vï¿½timas;Plena Noite;Cï¿½u Claro;Simples;Rotatï¿½ria;Nï¿½o;0;0
2025-12-24;quarta-feira;19:40:00;CE;116;HORIZONTE;Ultrapassagem Indevida;Tombamento;Com Vï¿½timas Feridas;Plena Noite;Cï¿½u Claro;Dupla;Reta;Sim;0;0
2025-12-24;quarta-feira;20:00:00;MG;365;ITUIUTABA;Ausï¿½ncia de reaï¿½ï¿½o do condutor;Colisï¿½o traseira;Com Vï¿½timas Fatais;Plena Noite;Cï¿½u Claro;Simples;Reta;Nï¿½o;1;1
2025-12-24;quarta-feira;20:10:00;RN;304;MOSSORO;Pedestre cruzava a pista fora da faixa;Atropelamento de Pedestre;Com Vï¿½timas Feridas;Plena Noite;Cï¿½u Claro;Dupla;Reta;Sim;0;0
2025-12-24;quarta-feira;19:50:00;RO;364;CACAULANDIA;Condutor deixou de manter distï¿½ncia do veï¿½culo da frente;Colisï¿½o traseira;Sem Vï¿½timas;Plena Noite;Garoa/Chuvisco;Simples;Curva;Nï¿½o;0;0
2025-12-24;quarta-feira;21:00:00;PE;232;RECIFE;Ausï¿½ncia de reaï¿½ï¿½o do condutor;Tombamento;Com Vï¿½timas Feridas;Plena Noite;Cï¿½u Claro;Mï¿½ltipla;Reta;Nï¿½o;0;0
2025-12-24;quarta-feira;21:10:00;GO;153;ANAPOLIS;Condutor deixou de manter distï¿½ncia do veï¿½culo da frente;Colisï¿½o com objeto;Com Vï¿½timas Feridas;Plena Noite;Cï¿½u Claro;Dupla;"Reta;Aclive";Sim;0;0
2025-12-24;quarta-feira;19:40:00;PA;163;SANTAREM;Condutor deixou de manter distï¿½ncia do veï¿½culo da frente;Colisï¿½o traseira;Com Vï¿½timas Feridas;Plena Noite;Garoa/Chuvisco;Simples;"Declive;Reta";Nï¿½o;0;0
2025-12-24;quarta-feira;19:40:00;RS;468;TRES PASSOS;Acessar a via sem observar a presenï¿½a dos outros veï¿½culos;Colisï¿½o transversal;Com Vï¿½timas Feridas;Plena Noite;Chuva;Simples;Interseï¿½ï¿½o de Vias;Sim;0;0
2025-12-24;quarta-feira;20:40:00;SP;116;MIRACATU;Entrada inopinada do pedestre;Atropelamento de Pedestre;Com Vï¿½timas Fatais;Plena Noite;Cï¿½u Claro;Dupla;Reta;Nï¿½o;1;1
2025-12-24;quarta-feira;21:30:00;RS;290;ELDORADO DO SUL;Pedestre cruzava a pista fora da faixa;Queda de ocupante de veï¿½culo;Com Vï¿½timas Feridas;Plena Noite;Cï¿½u Claro;Dupla;Reta;Sim;0;0
2025-12-24;quarta-feira;21:50:00;SP;116;EMBU DAS ARTES;Animais na Pista;Atropelamento de Animal;Sem Vï¿½timas;Plena Noite;Cï¿½u Claro;Dupla;Reta;Sim;0;0
2025-12-24;quarta-feira;20:30:00;PR;116;FAZENDA RIO GRANDE;Ingestï¿½o de ï¿½lcool pelo condutor;Colisï¿½o traseira;Com Vï¿½timas Feridas;Plena Noite;Cï¿½u Claro;Dupla;Reta;Sim;0;0
2025-12-24;quarta-feira;22:30:00;MG;381;SABARA;Afundamento ou ondulaï¿½ï¿½o no pavimento;Saï¿½da de leito carroï¿½ï¿½vel;Com Vï¿½timas Feridas;Plena Noite;Cï¿½u Claro;Simples;Reta;Sim;0;0
2025-12-24;quarta-feira;22:00:00;PR;376;SAO JOSE DOS PINHAIS;Chuva;Colisï¿½o com objeto;Com Vï¿½timas Feridas;Plena Noite;Chuva;Mï¿½ltipla;Reta;Sim;0;0
2025-12-24;quarta-feira;22:25:00;PR;376;TIBAGI;Reaï¿½ï¿½o tardia ou ineficiente do condutor;Queda de ocupante de veï¿½culo;Com Vï¿½timas Feridas;Plena Noite;Cï¿½u Claro;Dupla;Reta;Nï¿½o;0;0
2025-12-24;quarta-feira;13:50:00;RJ;101;RIO DE JANEIRO;Reaï¿½ï¿½o tardia ou ineficiente do condutor;Atropelamento de Pedestre;Com Vï¿½timas Feridas;Pleno dia;Cï¿½u Claro;Dupla;Ponte;Nï¿½o;0;0
2025-12-24;quarta-feira;18:00:00;AC;364;CAPIXABA;Ingestï¿½o de ï¿½lcool pelo condutor;Colisï¿½o lateral sentido oposto;Sem Vï¿½timas;Plena Noite;Chuva;Simples;Reta;Nï¿½o;0;0
2025-12-24;quarta-feira;21:50:00;PB;230;JOAO PESSOA;Reaï¿½ï¿½o tardia ou ineficiente do condutor;Colisï¿½o lateral mesmo sentido;Sem Vï¿½timas;Plena Noite;Nublado;Dupla;Reta;Sim;0;0
2025-12-24;quarta-feira;21:35:00;PR;163;LINDOESTE;Ausï¿½ncia de reaï¿½ï¿½o do condutor;Colisï¿½o com objeto;Com Vï¿½timas Feridas;Plena Noite;Cï¿½u Claro;Dupla;"Curva;Declive";Nï¿½o;0;0
2025-12-24;quarta-feira;13:25:00;MT;70;BARRA DO GARCAS;Reaï¿½ï¿½o tardia ou ineficiente do condutor;Colisï¿½o transversal;Com Vï¿½timas Feridas;Pleno dia;Cï¿½u Claro;Dupla;Reta;Sim;0;0
2025-12-24;quarta-feira;23:15:00;PE;232;ARCOVERDE;Reaï¿½ï¿½o tardia ou ineficiente do condutor;Colisï¿½o traseira;Sem Vï¿½timas;Plena Noite;Cï¿½u Claro;Simples;Reta;Nï¿½o;0;0
2025-12-24;quarta-feira;23:05:00;PE;101;ABREU E LIMA;Pedestre cruzava a pista fora da faixa;Atropelamento de Pedestre;Com Vï¿½timas Feridas;Plena Noite;Cï¿½u Claro;Mï¿½ltipla;Reta;Sim;0;0
2025-12-24;quarta-feira;23:00:00;SP;116;JACAREI;Pedestre cruzava a pista fora da faixa;Atropelamento de Pedestre;Com Vï¿½timas Fatais;Plena Noite;Cï¿½u Claro;Dupla;"Declive;Reta";Sim;1;1
2025-12-24;quarta-feira;21:40:00;RJ;40;COMENDADOR LEVY GASPARIAN;Animais na Pista;Atropelamento de Animal;Com Vï¿½timas Feridas;Plena Noite;Ignorado;Dupla;Reta;Nï¿½o;0;0
2025-12-24;quarta-feira;20:00:00;RO;435;CEREJEIRAS;Reaï¿½ï¿½o tardia ou ineficiente do condutor;Saï¿½da de leito carroï¿½ï¿½vel;Com Vï¿½timas Feridas;Plena Noite;Cï¿½u Claro;Simples;Reta;Nï¿½o;0;0
2025-12-24;quarta-feira;23:20:00;MG;381;SANTANA DO PARAISO;Ingestï¿½o de ï¿½lcool pelo condutor;Colisï¿½o lateral mesmo sentido;Com Vï¿½timas Feridas;Plena Noite;Cï¿½u Claro;Simples;Reta;Nï¿½o;0;0
2025-12-25;quinta-feira;01:00:00;MG;40;SETE LAGOAS;Reaï¿½ï¿½o tardia ou ineficiente do condutor;Queda de ocupante de veï¿½culo;Com Vï¿½timas Feridas;Plena Noite;Cï¿½u Claro;Dupla;"Curva;Declive";Sim;0;0
2025-12-24;quarta-feira;23:21:00;MT;163;CLAUDIA;Demais falhas mecï¿½nicas ou elï¿½tricas;Saï¿½da de leito carroï¿½ï¿½vel;Sem Vï¿½timas;Plena Noite;Nublado;Simples;Reta;Nï¿½o;0;0
2025-12-25;quinta-feira;00:57:00;SC;101;PALHOCA;Reaï¿½ï¿½o tardia ou ineficiente do condutor;Colisï¿½o traseira;Sem Vï¿½timas;Plena Noite;Cï¿½u Claro;Mï¿½ltipla;"Reta;Aclive";Sim;0;0
2025-12-25;quinta-feira;01:00:00;PR;277;PARANAGUA;Ingestï¿½o de ï¿½lcool pelo condutor;Colisï¿½o frontal;Com Vï¿½timas Feridas;Plena Noite;Garoa/Chuvisco;Mï¿½ltipla;Rotatï¿½ria;Sim;0;0
2025-12-25;quinta-feira;01:05:00;PB;230;JOAO PESSOA;Ausï¿½ncia de reaï¿½ï¿½o do condutor;Tombamento;Com Vï¿½timas Feridas;Plena Noite;Cï¿½u Claro;Dupla;Reta;Sim;0;0
2025-12-25;quinta-feira;00:50:00;SC;480;CHAPECO;Reaï¿½ï¿½o tardia ou ineficiente do condutor;Saï¿½da de leito carroï¿½ï¿½vel;Sem Vï¿½timas;Plena Noite;Nublado;Simples;Reta;Sim;0;0
2025-12-25;quinta-feira;00:56:00;PR;376;ORTIGUEIRA;Demais falhas mecï¿½nicas ou elï¿½tricas;Incï¿½ndio;Sem Vï¿½timas;Plena Noite;Cï¿½u Claro;Simples;Reta;Nï¿½o;0;0
2025-12-25;quinta-feira;01:45:00;MG;116;TEOFILO OTONI;Desrespeitar a preferï¿½ncia no cruzamento;Colisï¿½o transversal;Com Vï¿½timas Feridas;Plena Noite;Nublado;Simples;"Reta;Interseï¿½ï¿½o de Vias";Sim;0;0
2025-12-25;quinta-feira;01:00:00;SP;381;SAO PAULO;Pedestre andava na pista;Atropelamento de Pedestre;Com Vï¿½timas Fatais;Plena Noite;Cï¿½u Claro;Mï¿½ltipla;"Viaduto;Declive;Reta";Sim;1;1
2025-12-25;quinta-feira;01:30:00;MG;40;CONTAGEM;Demais falhas mecï¿½nicas ou elï¿½tricas;Incï¿½ndio;Sem Vï¿½timas;Plena Noite;Cï¿½u Claro;Dupla;Reta;Nï¿½o;0;0
2025-12-25;quinta-feira;00:30:00;MG;262;SACRAMENTO;Ausï¿½ncia de reaï¿½ï¿½o do condutor;Capotamento;Com Vï¿½timas Feridas;Plena Noite;Cï¿½u Claro;Dupla;"Rotatï¿½ria;Curva;Interseï¿½ï¿½o de Vias";Nï¿½o;0;0
2025-12-25;quinta-feira;03:15:00;RN;226;MACAIBA;Animais na Pista;Atropelamento de Animal;Com Vï¿½timas Fatais;Plena Noite;Cï¿½u Claro;Simples;Reta;Nï¿½o;1;1
2025-12-25;quinta-feira;02:40:00;RS;116;CANOAS;Ausï¿½ncia de reaï¿½ï¿½o do condutor;Colisï¿½o com objeto;Sem Vï¿½timas;Plena Noite;Nublado;Mï¿½ltipla;Reta;Sim;0;0
2025-12-25;quinta-feira;02:50:00;SC;282;ERVAL VELHO;Avarias e/ou desgaste excessivo no pneu;Saï¿½da de leito carroï¿½ï¿½vel;Sem Vï¿½timas;Plena Noite;Nublado;Simples;"Reta;Declive";Nï¿½o;0;0
2025-12-25;quinta-feira;04:00:00;PR;116;SAO JOSE DOS PINHAIS;Ausï¿½ncia de reaï¿½ï¿½o do condutor;Saï¿½da de leito carroï¿½ï¿½vel;Sem Vï¿½timas;Amanhecer;Cï¿½u Claro;Dupla;Reta;Nï¿½o;0;0
2025-12-25;quinta-feira;02:40:00;MG;116;GOVERNADOR VALADARES;Ingestï¿½o de ï¿½lcool pelo condutor;Colisï¿½o com objeto;Sem Vï¿½timas;Plena Noite;Ignorado;Dupla;Reta;Sim;0;0
2025-12-25;quinta-feira;01:50:00;MG;262;NOVA SERRANA;Ingestï¿½o de ï¿½lcool pelo condutor;Colisï¿½o com objeto;Sem Vï¿½timas;Plena Noite;Cï¿½u Claro;Dupla;Reta;Sim;0;0
2025-12-25;quinta-feira;04:00:00;RS;392;CANGUCU;Ausï¿½ncia de reaï¿½ï¿½o do condutor;Saï¿½da de leito carroï¿½ï¿½vel;Com Vï¿½timas Feridas;Plena Noite;Cï¿½u Claro;Simples;"Reta;Aclive";Nï¿½o;0;0
2025-12-25;quinta-feira;03:30:00;GO;50;CATALAO;Condutor desrespeitou a iluminaï¿½ï¿½o vermelha do semï¿½foro;Colisï¿½o transversal;Com Vï¿½timas Feridas;Plena Noite;Cï¿½u Claro;Dupla;"Interseï¿½ï¿½o de Vias;Reta";Sim;0;0
2025-12-25;quinta-feira;04:30:00;RJ;116;NOVA IGUACU;Reaï¿½ï¿½o tardia ou ineficiente do condutor;Atropelamento de Animal;Com Vï¿½timas Feridas;Pleno dia;Cï¿½u Claro;Dupla;Reta;Nï¿½o;0;0
2025-12-25;quinta-feira;02:24:00;RO;364;CACOAL;Condutor deixou de manter distï¿½ncia do veï¿½culo da frente;Colisï¿½o traseira;Sem Vï¿½timas;Plena Noite;Chuva;Simples;Reta;Sim;0;0
2025-12-24;quarta-feira;21:30:00;RJ;116;NOVA IGUACU;Ausï¿½ncia de reaï¿½ï¿½o do condutor;Queda de ocupante de veï¿½culo;Com Vï¿½timas Feridas;Plena Noite;Cï¿½u Claro;Dupla;Reta;Sim;0;0
2025-12-25;quinta-feira;00:20:00;SC;470;BLUMENAU;Animais na Pista;Colisï¿½o traseira;Com Vï¿½timas Feridas;Plena Noite;Nublado;Simples;Reta;Sim;0;0
2025-12-25;quinta-feira;04:20:00;PR;277;CASCAVEL;Velocidade Incompatï¿½vel;Saï¿½da de leito carroï¿½ï¿½vel;Sem Vï¿½timas;Plena Noite;Cï¿½u Claro;Mï¿½ltipla;Interseï¿½ï¿½o de Vias;Sim;0;0
2025-12-25;quinta-feira;01:00:00;MS;163;NOVA ALVORADA DO SUL;Ausï¿½ncia de reaï¿½ï¿½o do condutor;Saï¿½da de leito carroï¿½ï¿½vel;Com Vï¿½timas Feridas;Plena Noite;Chuva;Simples;Reta;Nï¿½o;0;0
2025-12-25;quinta-feira;03:00:00;SC;101;ITAJAI;Reaï¿½ï¿½o tardia ou ineficiente do condutor;Capotamento;Com Vï¿½timas Feridas;Plena Noite;Nublado;Mï¿½ltipla;Reta;Sim;0;0
2025-12-25;quinta-feira;06:30:00;PE;232;RECIFE;Condutor Dormindo;Colisï¿½o traseira;Com Vï¿½timas Feridas;Pleno dia;Cï¿½u Claro;Mï¿½ltipla;Reta;Sim;0;0
2025-12-25;quinta-feira;01:30:00;MG;262;UBERABA;Ingestï¿½o de ï¿½lcool pelo condutor;Saï¿½da de leito carroï¿½ï¿½vel;Sem Vï¿½timas;Plena Noite;Cï¿½u Claro;Simples;Reta;Nï¿½o;0;0
2025-12-25;quinta-feira;06:10:00;BA;367;PORTO SEGURO;Reaï¿½ï¿½o tardia ou ineficiente do condutor;Saï¿½da de leito carroï¿½ï¿½vel;Com Vï¿½timas Feridas;Pleno dia;Cï¿½u Claro;Simples;Curva;Nï¿½o;0;0
2025-12-25;quinta-feira;05:35:00;MS;163;MUNDO NOVO;Ausï¿½ncia de reaï¿½ï¿½o do condutor;Colisï¿½o com objeto;Sem Vï¿½timas;Pleno dia;Sol;Simples;Reta;Nï¿½o;0;0
2025-12-25;quinta-feira;05:30:00;MG;381;ESTIVA;Ingestï¿½o de ï¿½lcool pelo condutor;Colisï¿½o com objeto;Com Vï¿½timas Feridas;Amanhecer;Cï¿½u Claro;Dupla;Curva;Nï¿½o;0;0
2025-12-25;quinta-feira;07:30:00;TO;230;LUZINOPOLIS;Objeto estï¿½tico sobre o leito carroï¿½ï¿½vel;Colisï¿½o com objeto;Com Vï¿½timas Fatais;Amanhecer;Chuva;Simples;Reta;Nï¿½o;1;1
2025-12-25;quinta-feira;06:50:00;SP;116;GUARULHOS;Ingestï¿½o de ï¿½lcool pelo condutor;Colisï¿½o com objeto;Com Vï¿½timas Feridas;Pleno dia;Sol;Mï¿½ltipla;Reta;Sim;0;0
2025-12-24;quarta-feira;21:20:00;RJ;465;SEROPEDICA;Conversï¿½o proibida;Colisï¿½o frontal;Com Vï¿½timas Feridas;Plena Noite;Cï¿½u Claro;Simples;Reta;Sim;0;0
2025-12-25;quinta-feira;05:55:00;MS;163;CAMPO GRANDE;Ausï¿½ncia de reaï¿½ï¿½o do condutor;Colisï¿½o com objeto;Com Vï¿½timas Feridas;Amanhecer;Cï¿½u Claro;Simples;Reta;Nï¿½o;0;0
2025-12-25;quinta-feira;07:00:00;GO;414;COCALZINHO DE GOIAS;Ingestï¿½o de ï¿½lcool pelo condutor;Saï¿½da de leito carroï¿½ï¿½vel;Sem Vï¿½timas;Pleno dia;Sol;Simples;Curva;Nï¿½o;0;0
2025-12-25;quinta-feira;07:30:00;RJ;101;MANGARATIBA;Ultrapassagem Indevida;Colisï¿½o lateral mesmo sentido;Com Vï¿½timas Feridas;Pleno dia;Cï¿½u Claro;Simples;Reta;Nï¿½o;0;0
2025-12-25;quinta-feira;07:40:00;SP;381;GUARULHOS;Reaï¿½ï¿½o tardia ou ineficiente do condutor;Colisï¿½o com objeto;Com Vï¿½timas Fatais;Pleno dia;Nublado;Dupla;Curva;Sim;1;1
2025-12-24;quarta-feira;23:30:00;SP;381;ATIBAIA;Reaï¿½ï¿½o tardia ou ineficiente do condutor;Colisï¿½o traseira;Com Vï¿½timas Fatais;Plena Noite;Cï¿½u Claro;Dupla;Reta;Nï¿½o;1;1
2025-12-25;quinta-feira;07:45:00;SC;470;BLUMENAU;Ultrapassagem Indevida;Colisï¿½o traseira;Com Vï¿½timas Feridas;Pleno dia;Cï¿½u Claro;Mï¿½ltipla;"Reta;Em Obras";Sim;0;0
2025-12-24;quarta-feira;23:00:00;MG;381;SANTANA DO PARAISO;Desrespeitar a preferï¿½ncia no cruzamento;Colisï¿½o lateral mesmo sentido;Com Vï¿½timas Feridas;Plena Noite;Ignorado;Simples;Reta;Nï¿½o;0;0
2025-12-23;terï¿½a-feira;22:00:00;SC;280;IRINEOPOLIS;Ausï¿½ncia de reaï¿½ï¿½o do condutor;Saï¿½da de leito carroï¿½ï¿½vel;Com Vï¿½timas Feridas;Plena Noite;Cï¿½u Claro;Simples;Reta;Nï¿½o;0;0
2025-12-25;quinta-feira;07:20:00;RS;285;VACARIA;Ingestï¿½o de ï¿½lcool pelo condutor;Saï¿½da de leito carroï¿½ï¿½vel;Com Vï¿½timas Feridas;Pleno dia;Cï¿½u Claro;Simples;Reta;Sim;0;0
2025-12-25;quinta-feira;07:35:00;SC;470;BLUMENAU;Ausï¿½ncia de reaï¿½ï¿½o do condutor;Tombamento;Com Vï¿½timas Feridas;Pleno dia;Cï¿½u Claro;Simples;"Viaduto;Curva";Sim;0;0
2025-12-25;quinta-feira;08:40:00;PE;101;RECIFE;Ausï¿½ncia de reaï¿½ï¿½o do condutor;Colisï¿½o traseira;Com Vï¿½timas Feridas;Pleno dia;Cï¿½u Claro;Mï¿½ltipla;Reta;Sim;0;0
2025-12-25;quinta-feira;05:30:00;CE;116;PACAJUS;Ingestï¿½o de ï¿½lcool pelo condutor;Saï¿½da de leito carroï¿½ï¿½vel;Sem Vï¿½timas;Amanhecer;Cï¿½u Claro;Simples;Reta;Nï¿½o;0;0
2025-12-25;quinta-feira;07:20:00;MG;40;PARACATU;Reaï¿½ï¿½o tardia ou ineficiente do condutor;Saï¿½da de leito carroï¿½ï¿½vel;Com Vï¿½timas Feridas;Pleno dia;Cï¿½u Claro;Simples;Curva;Nï¿½o;0;0
2025-12-25;quinta-feira;07:50:00;MA;135;SAO LUIS;Ausï¿½ncia de reaï¿½ï¿½o do condutor;Tombamento;Com Vï¿½timas Fatais;Pleno dia;Cï¿½u Claro;Dupla;"Retorno Regulamentado;Reta";Sim;2;1
2025-12-25;quinta-feira;09:00:00;PR;163;PEROLA DOESTE;Ausï¿½ncia de reaï¿½ï¿½o do condutor;Saï¿½da de leito carroï¿½ï¿½vel;Com Vï¿½timas Feridas;Pleno dia;Cï¿½u Claro;Simples;Curva;Nï¿½o;0;0
2025-12-25;quinta-feira;09:15:00;SC;153;CONCORDIA;Acessar a via sem observar a presenï¿½a dos outros veï¿½culos;Colisï¿½o transversal;Com Vï¿½timas Feridas;Pleno dia;Cï¿½u Claro;Simples;Reta;Nï¿½o;0;0
2025-12-25;quinta-feira;10:00:00;TO;242;GURUPI;Condutor Dormindo;Saï¿½da de leito carroï¿½ï¿½vel;Com Vï¿½timas Feridas;Pleno dia;Cï¿½u Claro;Simples;Reta;Nï¿½o;0;0
2025-12-25;quinta-feira;06:30:00;RO;364;ARIQUEMES;Velocidade Incompatï¿½vel;Saï¿½da de leito carroï¿½ï¿½vel;Com Vï¿½timas Feridas;Amanhecer;Nublado;Simples;Reta;Nï¿½o;0;0
2025-12-25;quinta-feira;09:20:00;RJ;101;CAMPOS DOS GOYTACAZES;Transitar na contramï¿½o;Colisï¿½o lateral sentido oposto;Com Vï¿½timas Feridas;Pleno dia;Cï¿½u Claro;Simples;Reta;Nï¿½o;0;0
2025-12-25;quinta-feira;06:10:00;PR;163;CAPITAO LEONIDAS MARQUES;Ingestï¿½o de ï¿½lcool pelo condutor;Saï¿½da de leito carroï¿½ï¿½vel;Com Vï¿½timas Feridas;Pleno dia;Sol;Dupla;Curva;Nï¿½o;0;0
2025-12-25;quinta-feira;08:50:00;AL;424;MARECHAL DEODORO;Transitar na contramï¿½o;Colisï¿½o frontal;Sem Vï¿½timas;Pleno dia;Cï¿½u Claro;Simples;"Declive;Reta";Nï¿½o;0;0
2025-12-25;quinta-feira;09:35:00;RJ;101;SAO GONCALO;Demais falhas mecï¿½nicas ou elï¿½tricas;Eventos atï¿½picos;Com Vï¿½timas Feridas;Pleno dia;Cï¿½u Claro;Dupla;Reta;Sim;0;0
2025-12-25;quinta-feira;06:03:00;SP;116;GUARULHOS;Reaï¿½ï¿½o tardia ou ineficiente do condutor;Atropelamento de Pedestre;Com Vï¿½timas Feridas;Pleno dia;Cï¿½u Claro;Mï¿½ltipla;Reta;Sim;0;0
2025-12-25;quinta-feira;08:20:00;RS;290;URUGUAIANA;Avarias e/ou desgaste excessivo no pneu;Saï¿½da de leito carroï¿½ï¿½vel;Com Vï¿½timas Feridas;Pleno dia;Nublado;Simples;Reta;Nï¿½o;0;0
2025-12-24;quarta-feira;22:30:00;RS;293;CERRITO;Reaï¿½ï¿½o tardia ou ineficiente do condutor;Saï¿½da de leito carroï¿½ï¿½vel;Sem Vï¿½timas;Plena Noite;Ignorado;Simples;Reta;Nï¿½o;0;0
2025-12-25;quinta-feira;09:30:00;SC;101;ITAJAI;Velocidade Incompatï¿½vel;Saï¿½da de leito carroï¿½ï¿½vel;Com Vï¿½timas Feridas;Pleno dia;Cï¿½u Claro;Mï¿½ltipla;"Declive;Rotatï¿½ria;Curva";Sim;0;0
2025-12-25;quinta-feira;10:00:00;BA;101;PRADO;Ultrapassagem Indevida;Colisï¿½o frontal;Com Vï¿½timas Fatais;Pleno dia;Cï¿½u Claro;Simples;"Declive;Curva";Nï¿½o;1;1
2025-12-25;quinta-feira;07:00:00;SC;116;SANTA CECILIA;Acesso irregular;Colisï¿½o traseira;Sem Vï¿½timas;Pleno dia;Cï¿½u Claro;Simples;Reta;Nï¿½o;0;0
2025-12-25;quinta-feira;10:55:00;RS;386;ESTRELA;Acumulo de ï¿½gua sobre o pavimento;Capotamento;Com Vï¿½timas Feridas;Pleno dia;Chuva;Dupla;"Curva;Aclive";Sim;0;0
2025-12-25;quinta-feira;10:35:00;ES;101;GUARAPARI;Avarias e/ou desgaste excessivo no pneu;Tombamento;Com Vï¿½timas Feridas;Pleno dia;Cï¿½u Claro;Dupla;Curva;Nï¿½o;0;0
2025-12-25;quinta-feira;08:50:00;PI;135;BOM JESUS;Ausï¿½ncia de reaï¿½ï¿½o do condutor;Colisï¿½o traseira;Com Vï¿½timas Feridas;Pleno dia;Cï¿½u Claro;Simples;Reta;Nï¿½o;0;0
2025-12-25;quinta-feira;10:00:00;BA;110;INHAMBUPE;Acessar a via sem observar a presenï¿½a dos outros veï¿½culos;Colisï¿½o lateral mesmo sentido;Com Vï¿½timas Feridas;Pleno dia;Cï¿½u Claro;Simples;Reta;Nï¿½o;0;0
2025-12-25;quinta-feira;11:15:00;GO;40;LUZIANIA;Ultrapassagem Indevida;Colisï¿½o traseira;Com Vï¿½timas Feridas;Pleno dia;Cï¿½u Claro;Simples;"Aclive;Curva";Nï¿½o;0;0
2025-12-25;quinta-feira;11:30:00;CE;116;ITAITINGA;Reaï¿½ï¿½o tardia ou ineficiente do condutor;Colisï¿½o traseira;Com Vï¿½timas Feridas;Pleno dia;Cï¿½u Claro;Dupla;Reta;Sim;0;0