data_inversa;dia_semana;horario;uf;br;municipio;causa_acidente;tipo_acidente;classificacao_acidente;fase_dia;condicao_metereologica;tipo_pista;tracado_via;uso_solo;mortos;acidente_fatal
2025-12-31;quarta-feira;03:55:00;MG;40;EWBANK DA CAMARA;Demais falhas mecï¿½nicas ou elï¿½tricas;Tombamento;Com Vï¿½timas Feridas;Plena Noite;Chuva;Simples;"Declive;Curva";Nï¿½o;0;0
2025-12-31;quarta-feira;04:10:00;RS;158;DILERMANDO DE AGUIAR;Ausï¿½ncia de reaï¿½ï¿½o do condutor;Tombamento;Com Vï¿½timas Feridas;Plena Noite;Cï¿½u Claro;Simples;Reta;Nï¿½o;0;0
2025-12-31;quarta-feira;04:00:00;PR;277;MORRETES;Avarias e/ou desgaste excessivo no pneu;Queda de ocupante de veï¿½culo;Com Vï¿½timas Feridas;Plena Noite;Garoa/Chuvisco;Dupla;Reta;Nï¿½o;0;0
2025-12-31;quarta-feira;04:40:00;SC;470;BLUMENAU;Ingestï¿½o de ï¿½lcool pelo condutor;Colisï¿½o com objeto;Com Vï¿½timas Feridas;Amanhecer;Cï¿½u Claro;Simples;"Reta;Em Obras";Sim;0;0
2025-12-31;quarta-feira;03:20:00;BA;116;SANTO ESTEVAO;Ausï¿½ncia de reaï¿½ï¿½o do condutor;Colisï¿½o traseira;Com Vï¿½timas Fatais;Plena Noite;Cï¿½u Claro;Dupla;Reta;Nï¿½o;1;1
2025-12-31;quarta-feira;05:03:00;RS;101;TORRES;Reaï¿½ï¿½o tardia ou ineficiente do condutor;Colisï¿½o traseira;Com Vï¿½timas Fatais;Amanhecer;Nublado;Mï¿½ltipla;Curva;Sim;1;1
2025-12-31;quarta-feira;03:50:00;MG;262;ARAXA;Ausï¿½ncia de reaï¿½ï¿½o do condutor;Colisï¿½o com objeto;Com Vï¿½timas Fatais;Plena Noite;Cï¿½u Claro;Simples;"Ponte;Reta;Declive";Nï¿½o;1;1
2025-12-31;quarta-feira;04:30:00;RJ;101;SILVA JARDIM;Condutor Dormindo;Saï¿½da de leito carroï¿½ï¿½vel;Com Vï¿½timas Feridas;Plena Noite;Cï¿½u Claro;Dupla;Reta;Nï¿½o;0;0
2025-12-30;terï¿½a-feira;23:30:00;SC;280;RIO NEGRINHO;Condutor Dormindo;Colisï¿½o com objeto;Com Vï¿½timas Feridas;Plena Noite;Nublado;Dupla;Reta;Sim;0;0
2025-12-31;quarta-feira;00:25:00;SC;101;MARACAJA;Ausï¿½ncia de reaï¿½ï¿½o do condutor;Colisï¿½o com objeto;Sem Vï¿½timas;Plena Noite;Chuva;Mï¿½ltipla;Reta;Sim;0;0
2025-12-31;quarta-feira;07:00:00;ES;101;LINHARES;Condutor deixou de manter distï¿½ncia do veï¿½culo da frente;Queda de ocupante de veï¿½culo;Com Vï¿½timas Feridas;Pleno dia;Cï¿½u Claro;Mï¿½ltipla;Reta;Sim;0;0
2025-12-30;terï¿½a-feira;17:50:00;RJ;495;TERESOPOLIS;Acessar a via sem observar a presenï¿½a dos outros veï¿½culos;Colisï¿½o lateral mesmo sentido;Com Vï¿½timas Feridas;Pleno dia;Cï¿½u Claro;Simples;Reta;Sim;0;0
2025-12-31;quarta-feira;07:45:00;SP;101;UBATUBA;Acessar a via sem observar a presenï¿½a dos outros veï¿½culos;Atropelamento de Pedestre;Com Vï¿½timas Feridas;Pleno dia;Cï¿½u Claro;Simples;Curva;Sim;0;0
2025-12-31;quarta-feira;05:00:00;RJ;40;DUQUE DE CAXIAS;Reaï¿½ï¿½o tardia ou ineficiente do condutor;Colisï¿½o com objeto;Com Vï¿½timas Feridas;Amanhecer;Nublado;Mï¿½ltipla;Reta;Nï¿½o;0;0
2025-12-31;quarta-feira;07:40:00;PE;101;RECIFE;Reaï¿½ï¿½o tardia ou ineficiente do condutor;Colisï¿½o com objeto;Sem Vï¿½timas;Pleno dia;Cï¿½u Claro;Dupla;Reta;Sim;0;0
2025-12-31;quarta-feira;07:10:00;MG;381;LAVRAS;Chuva;Saï¿½da de leito carroï¿½ï¿½vel;Sem Vï¿½timas;Pleno dia;Chuva;Dupla;"Curva;Aclive";Nï¿½o;0;0
2025-12-31;quarta-feira;08:05:00;SC;282;NOVA ERECHIM;Conversï¿½o proibida;Colisï¿½o transversal;Com Vï¿½timas Feridas;Pleno dia;Sol;Simples;"Curva;Aclive";Nï¿½o;0;0
2025-12-31;quarta-feira;08:03:00;CE;116;HORIZONTE;Condutor deixou de manter distï¿½ncia do veï¿½culo da frente;Colisï¿½o traseira;Com Vï¿½timas Feridas;Pleno dia;Cï¿½u Claro;Dupla;Reta;Sim;0;0
2025-12-31;quarta-feira;07:04:00;MT;364;CAMPO VERDE;Reaï¿½ï¿½o tardia ou ineficiente do condutor;Saï¿½da de leito carroï¿½ï¿½vel;Com Vï¿½timas Feridas;Pleno dia;Cï¿½u Claro;Dupla;Curva;Nï¿½o;0;0
2025-12-31;quarta-feira;08:40:00;ES;101;JAGUARE;Condutor deixou de manter distï¿½ncia do veï¿½culo da frente;Colisï¿½o traseira;Com Vï¿½timas Feridas;Pleno dia;Sol;Simples;Reta;Nï¿½o;0;0
2025-12-31;quarta-feira;09:11:00;TO;153;ARAGUAINA;Acessar a via sem observar a presenï¿½a dos outros veï¿½culos;Colisï¿½o transversal;Com Vï¿½timas Feridas;Pleno dia;Cï¿½u Claro;Dupla;Rotatï¿½ria;Sim;0;0
2025-12-28;domingo;00:40:00;BA;116;JEQUIE;Ausï¿½ncia de reaï¿½ï¿½o do condutor;Colisï¿½o lateral mesmo sentido;Sem Vï¿½timas;Plena Noite;Cï¿½u Claro;Simples;Reta;Nï¿½o;0;0
2025-12-31;quarta-feira;08:50:00;MG;381;SANTO ANTONIO DO AMPARO;Ausï¿½ncia de reaï¿½ï¿½o do condutor;Colisï¿½o com objeto;Com Vï¿½timas Feridas;Pleno dia;Chuva;Dupla;Curva;Nï¿½o;0;0
2025-12-31;quarta-feira;09:00:00;BA;324;FEIRA DE SANTANA;Reaï¿½ï¿½o tardia ou ineficiente do condutor;Colisï¿½o traseira;Com Vï¿½timas Feridas;Pleno dia;Cï¿½u Claro;Dupla;Reta;Sim;0;0
2025-12-31;quarta-feira;09:50:00;MG;459;IPUIUNA;Avarias e/ou desgaste excessivo no pneu;Saï¿½da de leito carroï¿½ï¿½vel;Com Vï¿½timas Feridas;Pleno dia;Chuva;Simples;"Declive;Curva";Nï¿½o;0;0
2025-12-31;quarta-feira;07:20:00;MG;116;CARATINGA;Ausï¿½ncia de reaï¿½ï¿½o do condutor;Saï¿½da de leito carroï¿½ï¿½vel;Com Vï¿½timas Feridas;Pleno dia;Nublado;Simples;"Curva;Aclive";Sim;0;0
2025-09-03;quarta-feira;00:25:00;RJ;101;SAO GONCALO;Animais na Pista;Atropelamento de Animal;Com Vï¿½timas Feridas;Plena Noite;Cï¿½u Claro;Dupla;Reta;Sim;0;0
2025-12-31;quarta-feira;06:55:00;RS;287;JAGUARI;Ingestï¿½o de ï¿½lcool pelo condutor;Colisï¿½o frontal;Com Vï¿½timas Fatais;Amanhecer;Cï¿½u Claro;Simples;Reta;Nï¿½o;1;1
2025-12-31;quarta-feira;07:15:00;RS;290;GLORINHA;Ausï¿½ncia de reaï¿½ï¿½o do condutor;Colisï¿½o traseira;Com Vï¿½timas Feridas;Pleno dia;Cï¿½u Claro;Dupla;"Declive;Reta";Nï¿½o;0;0
2025-12-31;quarta-feira;07:50:00;SC;282;SAO MIGUEL DO OESTE;Reaï¿½ï¿½o tardia ou ineficiente do condutor;Saï¿½da de leito carroï¿½ï¿½vel;Com Vï¿½timas Feridas;Pleno dia;Nublado;Simples;Curva;Nï¿½o;0;0
2025-12-31;quarta-feira;10:00:00;SC;282;CHAPECO;Velocidade Incompatï¿½vel;Tombamento;Com Vï¿½timas Feridas;Pleno dia;Nublado;Simples;"Curva;Retorno Regulamentado;Interseï¿½ï¿½o de Vias";Nï¿½o;0;0
2025-12-31;quarta-feira;10:30:00;PE;101;RECIFE;Acesso irregular;Colisï¿½o transversal;Com Vï¿½timas Feridas;Pleno dia;Cï¿½u Claro;Dupla;Reta;Sim;0;0
2025-12-31;quarta-feira;10:30:00;RJ;101;ITABORAI;Acesso irregular;Atropelamento de Pedestre;Com Vï¿½timas Feridas;Pleno dia;Cï¿½u Claro;Dupla;Reta;Sim;0;0
2025-12-31;quarta-feira;10:25:00;RS;116;SENTINELA DO SUL;Ultrapassagem Indevida;Colisï¿½o lateral mesmo sentido;Com Vï¿½timas Feridas;Pleno dia;Cï¿½u Claro;Simples;Rotatï¿½ria;Nï¿½o;0;0
2025-11-30;domingo;15:00:00;PB;104;REMIGIO;Acessar a via sem observar a presenï¿½a dos outros veï¿½culos;Colisï¿½o transversal;Sem Vï¿½timas;Pleno dia;Sol;Simples;"Declive;Curva";Sim;0;0
2025-12-31;quarta-feira;10:30:00;DF;20;BRASILIA;Reaï¿½ï¿½o tardia ou ineficiente do condutor;Tombamento;Com Vï¿½timas Feridas;Pleno dia;Cï¿½u Claro;Dupla;Declive;Sim;0;0
2025-12-31;quarta-feira;10:20:00;PB;104;LAGOA SECA;Ausï¿½ncia de reaï¿½ï¿½o do condutor;Queda de ocupante de veï¿½culo;Com Vï¿½timas Feridas;Pleno dia;Cï¿½u Claro;Simples;"Reta;Declive";Sim;0;0
2025-12-31;quarta-feira;11:00:00;BA;324;CANDEIAS;Ausï¿½ncia de reaï¿½ï¿½o do condutor;Queda de ocupante de veï¿½culo;Com Vï¿½timas Feridas;Pleno dia;Cï¿½u Claro;Mï¿½ltipla;Reta;Nï¿½o;0;0
2025-12-31;quarta-feira;05:50:00;MG;251;AGUAS VERMELHAS;Ausï¿½ncia de reaï¿½ï¿½o do condutor;Saï¿½da de leito carroï¿½ï¿½vel;Com Vï¿½timas Feridas;Amanhecer;Nublado;Simples;Reta;Nï¿½o;0;0
2025-12-31;quarta-feira;11:25:00;ES;0;SERRA;Reaï¿½ï¿½o tardia ou ineficiente do condutor;Colisï¿½o com objeto;Com Vï¿½timas Feridas;Pleno dia;Cï¿½u Claro;Dupla;Reta;Sim;0;0
2025-12-31;quarta-feira;07:40:00;MA;135;SAO LUIS;Manobra de mudanï¿½a de faixa;Colisï¿½o lateral mesmo sentido;Com Vï¿½timas Feridas;Pleno dia;Cï¿½u Claro;Dupla;Declive;Sim;0;0
2025-12-31;quarta-feira;11:30:00;PE;232;VITORIA DE SANTO ANTAO;Trafegar com motocicleta (ou similar) entre as faixas;Colisï¿½o lateral mesmo sentido;Com Vï¿½timas Feridas;Pleno dia;Cï¿½u Claro;Dupla;Reta;Nï¿½o;0;0
2025-12-31;quarta-feira;11:30:00;GO;452;RIO VERDE;Acessar a via sem observar a presenï¿½a dos outros veï¿½culos;Colisï¿½o traseira;Com Vï¿½timas Feridas;Pleno dia;Nublado;Mï¿½ltipla;"Curva;Retorno Regulamentado;Declive";Sim;0;0
2025-12-31;quarta-feira;08:45:00;RS;101;MAQUINE;Velocidade Incompatï¿½vel;Saï¿½da de leito carroï¿½ï¿½vel;Com Vï¿½timas Feridas;Pleno dia;Cï¿½u Claro;Dupla;Curva;Nï¿½o;0;0
2025-12-31;quarta-feira;10:40:00;MT;364;RONDONOPOLIS;Transitar na contramï¿½o;Colisï¿½o frontal;Com Vï¿½timas Feridas;Pleno dia;Sol;Simples;Curva;Sim;0;0
2025-12-31;quarta-feira;11:40:00;SP;381;ATIBAIA;Demais falhas mecï¿½nicas ou elï¿½tricas;Capotamento;Com Vï¿½timas Feridas;Pleno dia;Cï¿½u Claro;Dupla;Reta;Sim;0;0
2025-12-31;quarta-feira;11:23:00;SP;116;JACUPIRANGA;Ausï¿½ncia de reaï¿½ï¿½o do condutor;Tombamento;Com Vï¿½timas Feridas;Pleno dia;Cï¿½u Claro;Dupla;Reta;Nï¿½o;0;0
2025-12-31;quarta-feira;12:51:00;PE;101;RECIFE;Reaï¿½ï¿½o tardia ou ineficiente do condutor;Colisï¿½o traseira;Com Vï¿½timas Feridas;Pleno dia;Sol;Mï¿½ltipla;Reta;Sim;0;0
2025-12-31;quarta-feira;12:10:00;RJ;40;PETROPOLIS;Acessar a via sem observar a presenï¿½a dos outros veï¿½culos;Colisï¿½o frontal;Com Vï¿½timas Feridas;Pleno dia;Cï¿½u Claro;Simples;Viaduto;Nï¿½o;0;0
2025-12-31;quarta-feira;13:40:00;ES;101;LINHARES;Ausï¿½ncia de reaï¿½ï¿½o do condutor;Tombamento;Sem Vï¿½timas;Pleno dia;Cï¿½u Claro;Simples;Reta;Sim;0;0
2025-12-31;quarta-feira;11:30:00;MG;116;MURIAE;Acesso irregular;Colisï¿½o traseira;Com Vï¿½timas Feridas;Pleno dia;Cï¿½u Claro;Simples;Curva;Sim;0;0
2025-12-31;quarta-feira;11:40:00;RS;470;VERANOPOLIS;Avarias e/ou desgaste excessivo no pneu;Queda de ocupante de veï¿½culo;Com Vï¿½timas Feridas;Pleno dia;Cï¿½u Claro;Simples;"Aclive;Curva";Nï¿½o;0;0
2025-12-31;quarta-feira;13:30:00;MG;40;CRISTIANO OTONI;Mal sï¿½bito do condutor;Tombamento;Com Vï¿½timas Feridas;Pleno dia;Cï¿½u Claro;Simples;Reta;Nï¿½o;0;0
2025-11-25;terï¿½a-feira;06:40:00;RJ;101;ANGRA DOS REIS;Ausï¿½ncia de reaï¿½ï¿½o do condutor;Tombamento;Com Vï¿½timas Feridas;Pleno dia;Cï¿½u Claro;Simples;Curva;Nï¿½o;0;0
2025-12-31;quarta-feira;13:05:00;SC;282;CAMPOS NOVOS;Acessar a via sem observar a presenï¿½a dos outros veï¿½culos;Colisï¿½o transversal;Com Vï¿½timas Feridas;Pleno dia;Nublado;Simples;"Reta;Declive";Nï¿½o;0;0
2025-12-31;quarta-feira;14:00:00;ES;101;SERRA;Acessar a via sem observar a presenï¿½a dos outros veï¿½culos;Colisï¿½o lateral mesmo sentido;Com Vï¿½timas Feridas;Pleno dia;Cï¿½u Claro;Dupla;Reta;Sim;0;0
2025-12-31;quarta-feira;14:10:00;PR;116;CAMPINA GRANDE DO SUL;Velocidade Incompatï¿½vel;Tombamento;Com Vï¿½timas Feridas;Pleno dia;Chuva;Dupla;Curva;Nï¿½o;0;0
2025-12-31;quarta-feira;11:30:00;PB;101;RIO TINTO;Suicï¿½dio (presumido);Saï¿½da de leito carroï¿½ï¿½vel;Com Vï¿½timas Fatais;Pleno dia;Cï¿½u Claro;Dupla;"Reta;Declive";Nï¿½o;1;1
2025-12-31;quarta-feira;12:40:00;PR;373;CHOPINZINHO;Velocidade Incompatï¿½vel;Saï¿½da de leito carroï¿½ï¿½vel;Com Vï¿½timas Feridas;Pleno dia;Nublado;Simples;"Curva;Aclive";Nï¿½o;0;0
2025-12-31;quarta-feira;06:20:00;ES;101;SERRA;Acesso irregular;Colisï¿½o lateral mesmo sentido;Com Vï¿½timas Feridas;Amanhecer;Cï¿½u Claro;Dupla;Reta;Nï¿½o;0;0
2025-12-31;quarta-feira;11:00:00;MT;70;CACERES;Reaï¿½ï¿½o tardia ou ineficiente do condutor;Saï¿½da de leito carroï¿½ï¿½vel;Com Vï¿½timas Feridas;Pleno dia;Nublado;Simples;Curva;Nï¿½o;0;0
2025-12-31;quarta-feira;14:45:00;DF;70;BRASILIA;Acumulo de ï¿½gua sobre o pavimento;Colisï¿½o traseira;Sem Vï¿½timas;Pleno dia;Chuva;Dupla;Reta;Sim;0;0
2025-12-31;quarta-feira;15:30:00;PR;116;CAMPINA GRANDE DO SUL;Reaï¿½ï¿½o tardia ou ineficiente do condutor;Saï¿½da de leito carroï¿½ï¿½vel;Com Vï¿½timas Feridas;Pleno dia;Chuva;Dupla;Reta;Nï¿½o;0;0
2025-12-31;quarta-feira;11:50:00;GO;364;CACHOEIRA ALTA;Demais falhas mecï¿½nicas ou elï¿½tricas;Incï¿½ndio;Sem Vï¿½timas;Pleno dia;Cï¿½u Claro;Simples;"Aclive;Reta";Nï¿½o;0;0
2025-12-31;quarta-feira;14:00:00;PR;369;LONDRINA;Velocidade Incompatï¿½vel;Colisï¿½o traseira;Com Vï¿½timas Feridas;Pleno dia;Cï¿½u Claro;Dupla;Reta;Sim;0;0
2025-12-31;quarta-feira;15:29:00;RS;116;SAO LOURENCO DO SUL;Ausï¿½ncia de reaï¿½ï¿½o do condutor;Tombamento;Com Vï¿½timas Feridas;Pleno dia;Cï¿½u Claro;Dupla;Reta;Nï¿½o;0;0
2025-12-31;quarta-feira;16:00:00;RJ;101;SAO GONCALO;Condutor deixou de manter distï¿½ncia do veï¿½culo da frente;Colisï¿½o traseira;Com Vï¿½timas Feridas;Pleno dia;Cï¿½u Claro;Dupla;Reta;Sim;0;0
2025-12-31;quarta-feira;15:45:00;DF;70;BRASILIA;Pista Escorregadia;Saï¿½da de leito carroï¿½ï¿½vel;Com Vï¿½timas Fatais;Pleno dia;Garoa/Chuvisco;Dupla;Reta;Sim;1;1
2025-12-31;quarta-feira;16:30:00;SE;235;ITABAIANA;Demais falhas mecï¿½nicas ou elï¿½tricas;Queda de ocupante de veï¿½culo;Com Vï¿½timas Feridas;Pleno dia;Cï¿½u Claro;Simples;Reta;Nï¿½o;0;0
2025-12-31;quarta-feira;12:00:00;MG;116;ITAMBACURI;Condutor Dormindo;Capotamento;Com Vï¿½timas Feridas;Pleno dia;Cï¿½u Claro;Simples;Reta;Nï¿½o;0;0
2025-12-31;quarta-feira;16:40:00;ES;262;DOMINGOS MARTINS;Ausï¿½ncia de reaï¿½ï¿½o do condutor;Colisï¿½o com objeto;Com Vï¿½timas Feridas;Pleno dia;Cï¿½u Claro;Simples;"Curva;Declive";Nï¿½o;0;0
2025-12-31;quarta-feira;14:10:00;RJ;116;DUQUE DE CAXIAS;Reaï¿½ï¿½o tardia ou ineficiente do condutor;Colisï¿½o com objeto;Com Vï¿½timas Feridas;Pleno dia;Cï¿½u Claro;Mï¿½ltipla;Reta;Nï¿½o;0;0
2025-12-31;quarta-feira;17:20:00;RN;101;PARNAMIRIM;Ausï¿½ncia de reaï¿½ï¿½o do condutor;Colisï¿½o traseira;Com Vï¿½timas Feridas;Anoitecer;Cï¿½u Claro;Mï¿½ltipla;Reta;Sim;0;0
2025-12-31;quarta-feira;17:00:00;SP;381;GUARULHOS;Condutor deixou de manter distï¿½ncia do veï¿½culo da frente;Colisï¿½o lateral mesmo sentido;Com Vï¿½timas Feridas;Pleno dia;Cï¿½u Claro;Mï¿½ltipla;Curva;Sim;0;0
2025-12-31;quarta-feira;16:48:00;MG;116;CARATINGA;Acessar a via sem observar a presenï¿½a dos outros veï¿½culos;Colisï¿½o transversal;Com Vï¿½timas Feridas;Pleno dia;Nublado;Simples;"Interseï¿½ï¿½o de Vias;Reta";Sim;0;0
2025-12-31;quarta-feira;17:30:00;SP;381;GUARULHOS;Ausï¿½ncia de reaï¿½ï¿½o do condutor;Colisï¿½o traseira;Sem Vï¿½timas;Pleno dia;Nublado;Dupla;Reta;Sim;0;0
2025-12-31;quarta-feira;16:45:00;PR;376;TIJUCAS DO SUL;Avarias e/ou desgaste excessivo no pneu;Saï¿½da de leito carroï¿½ï¿½vel;Sem Vï¿½timas;Pleno dia;Nublado;Dupla;Reta;Nï¿½o;0;0
2025-12-31;quarta-feira;16:50:00;MA;135;SAO LUIS;Falta de elemento de contenï¿½ï¿½o que evite a saï¿½da do leito carroï¿½ï¿½vel;Saï¿½da de leito carroï¿½ï¿½vel;Com Vï¿½timas Feridas;Pleno dia;Cï¿½u Claro;Dupla;Reta;Sim;0;0
2025-12-31;quarta-feira;18:20:00;SP;116;CACAPAVA;Avarias e/ou desgaste excessivo no pneu;Tombamento;Com Vï¿½timas Feridas;Anoitecer;Cï¿½u Claro;Dupla;Reta;Nï¿½o;0;0
2025-12-31;quarta-feira;15:10:00;RJ;101;MANGARATIBA;Retorno proibido;Colisï¿½o transversal;Sem Vï¿½timas;Pleno dia;Sol;Simples;Curva;Nï¿½o;0;0
2025-12-31;quarta-feira;17:25:00;RO;364;PIMENTA BUENO;Avarias e/ou desgaste excessivo no pneu;Tombamento;Com Vï¿½timas Feridas;Pleno dia;Cï¿½u Claro;Simples;Reta;Nï¿½o;0;0
2025-12-31;quarta-feira;13:30:00;PB;230;JUAZEIRINHO;Ausï¿½ncia de reaï¿½ï¿½o do condutor;Saï¿½da de leito carroï¿½ï¿½vel;Sem Vï¿½timas;Pleno dia;Cï¿½u Claro;Simples;Reta;Nï¿½o;0;0
2025-12-31;quarta-feira;18:45:00;RS;285;PANAMBI;Chuva;Saï¿½da de leito carroï¿½ï¿½vel;Com Vï¿½timas Feridas;Anoitecer;Chuva;Simples;Reta;Nï¿½o;0;0
2025-12-31;quarta-feira;16:30:00;MG;381;BETIM;Ultrapassagem Indevida;Colisï¿½o com objeto;Com Vï¿½timas Feridas;Pleno dia;Cï¿½u Claro;Dupla;"Aclive;Reta";Sim;0;0
2025-12-31;quarta-feira;12:00:00;PR;153;CONSELHEIRO MAIRINCK;Ausï¿½ncia de reaï¿½ï¿½o do condutor;Saï¿½da de leito carroï¿½ï¿½vel;Sem Vï¿½timas;Pleno dia;Cï¿½u Claro;Simples;Reta;Nï¿½o;0;0
2025-12-31;quarta-feira;18:24:00;RN;101;NATAL;Pedestre cruzava a pista fora da faixa;Atropelamento de Pedestre;Com Vï¿½timas Feridas;Plena Noite;Cï¿½u Claro;Dupla;Reta;Sim;0;0
2025-12-31;quarta-feira;17:30:00;SC;470;BLUMENAU;Transitar na contramï¿½o;Colisï¿½o frontal;Com Vï¿½timas Feridas;Pleno dia;Nublado;Simples;"Declive;Reta";Sim;0;0
2025-12-31;quarta-feira;18:40:00;RN;101;NATAL;Reaï¿½ï¿½o tardia ou ineficiente do condutor;Colisï¿½o com objeto;Com Vï¿½timas Fatais;Plena Noite;Cï¿½u Claro;Simples;Tï¿½nel;Sim;1;1
2025-12-31;quarta-feira;19:12:00;PE;116;SALGUEIRO;Animais na Pista;Atropelamento de Animal;Com Vï¿½timas Feridas;Plena Noite;Cï¿½u Claro;Simples;Curva;Nï¿½o;0;0
2025-12-31;quarta-feira;18:00:00;SC;101;BALNEARIO PICARRAS;Acumulo de ï¿½gua sobre o pavimento;Saï¿½da de leito carroï¿½ï¿½vel;Com Vï¿½timas Feridas;Plena Noite;Chuva;Mï¿½ltipla;"Declive;Reta";Nï¿½o;0;0
2025-12-31;quarta-feira;19:00:00;SC;101;BARRA VELHA;Velocidade Incompatï¿½vel;Colisï¿½o com objeto;Sem Vï¿½timas;Anoitecer;Chuva;Mï¿½ltipla;"Declive;Curva";Sim;0;0
2025-12-31;quarta-feira;19:30:00;GO;414;ANAPOLIS;Ingestï¿½o de ï¿½lcool pelo condutor;Colisï¿½o lateral sentido oposto;Com Vï¿½timas Feridas;Plena Noite;Cï¿½u Claro;Simples;"Reta;Declive";Sim;0;0
2025-12-31;quarta-feira;19:50:00;PR;376;MANDAGUARI;Acumulo de ï¿½gua sobre o pavimento;Capotamento;Com Vï¿½timas Feridas;Plena Noite;Chuva;Dupla;"Reta;Declive";Nï¿½o;0;0
2025-12-31;quarta-feira;16:00:00;MG;365;CLARO DOS POCOES;Chuva;Tombamento;Com Vï¿½timas Feridas;Pleno dia;Chuva;Simples;"Declive;Curva";Nï¿½o;0;0
2025-12-31;quarta-feira;09:55:00;PR;277;CANDOI;Velocidade Incompatï¿½vel;Saï¿½da de leito carroï¿½ï¿½vel;Com Vï¿½timas Feridas;Pleno dia;Cï¿½u Claro;Simples;Curva;Nï¿½o;0;0
2025-12-31;quarta-feira;20:00:00;SP;488;APARECIDA;Ausï¿½ncia de reaï¿½ï¿½o do condutor;Colisï¿½o traseira;Com Vï¿½timas Feridas;Plena Noite;Cï¿½u Claro;Dupla;"Retorno Regulamentado;Reta";Sim;0;0
2025-12-31;quarta-feira;19:30:00;PR;369;ARAPONGAS;Reaï¿½ï¿½o tardia ou ineficiente do condutor;Colisï¿½o transversal;Com Vï¿½timas Feridas;Plena Noite;Chuva;Simples;Reta;Sim;0;0
2025-12-31;quarta-feira;17:50:00;AP;156;OIAPOQUE;Demais falhas na via;Colisï¿½o frontal;Sem Vï¿½timas;Pleno dia;Sol;Simples;"Reta;Declive";Nï¿½o;0;0
2025-12-31;quarta-feira;20:45:00;PR;376;TIJUCAS DO SUL;Reaï¿½ï¿½o tardia ou ineficiente do condutor;Capotamento;Com Vï¿½timas Feridas;Plena Noite;Chuva;Dupla;"Curva;Declive";Nï¿½o;0;0
2025-12-31;quarta-feira;20:15:00;RJ;101;ITABORAI;Ausï¿½ncia de reaï¿½ï¿½o do condutor;Saï¿½da de leito carroï¿½ï¿½vel;Sem Vï¿½timas;Plena Noite;Cï¿½u Claro;Dupla;Reta;Sim;0;0
2025-12-31;quarta-feira;18:30:00;ES;101;VIANA;Acessar a via sem observar a presenï¿½a dos outros veï¿½culos;Colisï¿½o traseira;Com Vï¿½timas Feridas;Plena Noite;Cï¿½u Claro;Dupla;Reta;Nï¿½o;0;0
2025-12-31;quarta-feira;16:48:00;MT;174;JAURU;Reaï¿½ï¿½o tardia ou ineficiente do condutor;Tombamento;Com Vï¿½timas Feridas;Pleno dia;Nublado;Simples;Curva;Nï¿½o;0;0
2025-12-31;quarta-feira;11:00:00;PE;423;ITAIBA;Reaï¿½ï¿½o tardia ou ineficiente do condutor;Tombamento;Com Vï¿½timas Feridas;Pleno dia;Cï¿½u Claro;Simples;"Reta;Aclive";Nï¿½o;0;0
2025-12-31;quarta-feira;10:30:00;MG;381;SAO GONCALO DO RIO ABAIXO;Acessar a via sem observar a presenï¿½a dos outros veï¿½culos;Colisï¿½o lateral sentido oposto;Com Vï¿½timas Feridas;Pleno dia;Cï¿½u Claro;Simples;Curva;Sim;0;0
2025-12-29;segunda-feira;19:05:00;MA;222;ACAILANDIA;Condutor deixou de manter distï¿½ncia do veï¿½culo da frente;Colisï¿½o traseira;Com Vï¿½timas Feridas;Plena Noite;Nublado;Simples;Reta;Sim;0;0
2025-12-31;quarta-feira;20:25:00;AL;316;MINADOR DO NEGRAO;Ausï¿½ncia de reaï¿½ï¿½o do condutor;Colisï¿½o traseira;Com Vï¿½timas Feridas;Plena Noite;Cï¿½u Claro;Simples;"Reta;Aclive";Nï¿½o;0;0
2025-12-31;quarta-feira;20:00:00;RS;101;MAQUINE;Entrada inopinada do pedestre;Atropelamento de Pedestre;Com Vï¿½timas Feridas;Plena Noite;Cï¿½u Claro;Dupla;Reta;Nï¿½o;0;0
2025-12-31;quarta-feira;18:30:00;MA;10;IMPERATRIZ;Manobra de mudanï¿½a de faixa;Colisï¿½o lateral mesmo sentido;Com Vï¿½timas Feridas;Anoitecer;Cï¿½u Claro;Mï¿½ltipla;Reta;Sim;0;0
2025-12-31;quarta-feira;21:15:00;RS;116;NOVO HAMBURGO;Entrada inopinada do pedestre;Atropelamento de Pedestre;Com Vï¿½timas Feridas;Plena Noite;Cï¿½u Claro;Mï¿½ltipla;Reta;Nï¿½o;0;0
2025-12-31;quarta-feira;20:45:00;SC;101;JOINVILLE;Ingestï¿½o de ï¿½lcool pelo condutor;Colisï¿½o com objeto;Sem Vï¿½timas;Plena Noite;Garoa/Chuvisco;Dupla;Reta;Nï¿½o;0;0
2025-12-31;quarta-feira;19:10:00;MG;116;ENGENHEIRO CALDAS;Reaï¿½ï¿½o tardia ou ineficiente do condutor;Saï¿½da de leito carroï¿½ï¿½vel;Com Vï¿½timas Feridas;Plena Noite;Cï¿½u Claro;Simples;Reta;Nï¿½o;0;0
2025-12-31;quarta-feira;20:45:00;MG;262;MANHUACU;Conversï¿½o proibida;Colisï¿½o transversal;Com Vï¿½timas Feridas;Plena Noite;Cï¿½u Claro;Simples;Reta;Sim;0;0